behavior_id,user_id,product_id,product_name,category_id,category_name,behavior,datetime,price,quantity,channel,device,province,city,user_segment,page_type,session_id,is_new_user,campaign_id,source_keyword,order_id
B000001,U000038,P000030,轻氧家居日用套装,C04,家居日用,buy,2026-01-01 22:14:00,106.00,1,jd,windows,四川省,成都市,high_value,checkout,S000002,0,C202606,轻氧家居,O000001
B000002,U000075,P000168,轻氧服饰升级版,C03,服饰,buy,2026-01-01 19:23:00,368.00,1,search,mac,江苏省,南京市,high_value,checkout,S000003,0,C202604,轻氧服饰,O000002
B000003,U000112,P000045,云感食品饮料套装,C02,食品饮料,buy,2026-01-01 17:30:00,67.00,1,douyin,ios,广东省,深圳市,high_value,checkout,S000004,0,C202606,云感食品,O000003
B000004,U000149,P000041,轻盈家居日用旗舰款,C04,家居日用,buy,2026-01-01 18:34:00,166.00,1,douyin,windows,北京市,北京市,member,checkout,S000005,0,C202606,轻盈家居,O000004
B000005,U000186,P000081,云感数码配件旗舰款,C05,数码配件,buy,2026-01-01 08:06:00,152.00,2,douyin,mac,上海市,上海市,member,checkout,S000006,0,C202605,云感数码,O000005
B000006,U000223,P000079,悦活服饰日常款,C03,服饰,buy,2026-01-01 09:55:00,452.00,1,offline,ios,北京市,北京市,member,checkout,S000007,0,C202604,悦活服饰,O000006
B000007,U000260,P000056,臻选旅行用品旗舰款,C10,旅行用品,buy,2026-01-01 18:38:00,443.00,1,offline,android,上海市,上海市,member,checkout,S000008,0,C202602,臻选旅行,O000007
B000008,U000297,P000123,云感宠物用品升级版,C08,宠物用品,buy,2026-01-01 18:43:00,83.00,4,search,mac,江苏省,南京市,member,checkout,S000009,0,C202604,云感宠物,O000008
B000009,U000334,P000090,轻氧旅行用品套装,C10,旅行用品,buy,2026-01-01 16:55:00,170.00,1,douyin,windows,福建省,厦门市,member,checkout,S000010,0,C202606,轻氧旅行,O000009
B000010,U000371,P000025,悦活宠物用品套装,C08,宠物用品,buy,2026-01-01 20:35:00,105.00,2,jd,windows,上海市,上海市,member,checkout,S000011,0,C202601,悦活宠物,O000010
B000011,U000408,P000039,云感生鲜日常款,C09,生鲜,buy,2026-01-01 23:12:00,109.00,1,douyin,windows,北京市,北京市,member,checkout,S000012,0,C202606,云感生鲜,O000011
B000012,U000445,P000161,轻盈家居日用旗舰款,C04,家居日用,buy,2026-01-02 15:20:00,160.00,2,jd,mac,福建省,厦门市,regular,checkout,S000013,0,C202602,轻盈家居,O000012
B000013,U000482,P000088,原野家居日用升级版,C04,家居日用,buy,2026-01-02 13:19:00,89.00,1,taobao,ios,北京市,北京市,regular,checkout,S000014,0,C202605,原野家居,O000013
B000014,U000519,P000151,悦活美妆个护旗舰款,C01,美妆个护,buy,2026-01-02 17:33:00,38.00,1,taobao,android,广东省,深圳市,regular,checkout,S000015,0,C202604,悦活美妆,O000014
B000015,U000556,P000119,轻盈宠物用品日常款,C08,宠物用品,buy,2026-01-02 13:09:00,99.00,4,taobao,android,广东省,深圳市,regular,checkout,S000016,0,C202605,轻盈宠物,O000015
B000016,U000593,P000033,云感美妆个护升级版,C01,美妆个护,buy,2026-01-02 08:17:00,88.00,1,douyin,mac,湖北省,武汉市,regular,checkout,S000017,0,C202602,云感美妆,O000016
B000017,U000630,P000107,轻盈运动户外便携装,C07,运动户外,buy,2026-01-02 23:36:00,176.00,1,douyin,windows,湖北省,武汉市,regular,checkout,S000018,0,C202601,轻盈运动,O000017
B000018,U000667,P000050,臻选生鲜套装,C09,生鲜,buy,2026-01-02 19:52:00,108.00,1,douyin,windows,江苏省,南京市,regular,checkout,S000019,0,C202602,臻选生鲜,O000018
B000019,U000704,P000066,轻氧母婴用品旗舰款,C06,母婴用品,buy,2026-01-02 21:45:00,76.00,1,jd,mac,江苏省,南京市,regular,checkout,S000020,0,C202605,轻氧母婴,O000019
B000020,U000741,P000013,悦活食品饮料升级版,C02,食品饮料,buy,2026-01-02 08:59:00,91.00,1,offline,android,福建省,厦门市,regular,checkout,S000021,0,C202605,悦活食品,O000020
B000021,U000778,P000120,轻氧宠物用品套装,C08,宠物用品,buy,2026-01-02 12:46:00,58.00,1,wechat,windows,浙江省,杭州市,regular,checkout,S000022,0,C202605,轻氧宠物,O000021
B000022,U000815,P000112,原野生鲜便携装,C09,生鲜,buy,2026-01-02 08:07:00,113.00,1,jd,mac,河南省,郑州市,regular,checkout,S000023,0,C202606,原野生鲜,O000022
B000023,U000852,P000132,轻氧家居日用便携装,C04,家居日用,buy,2026-01-03 12:52:00,91.00,1,wechat,ios,四川省,成都市,new,checkout,S000024,1,C202604,轻氧家居,O000023
B000024,U000889,P000129,云感服饰日常款,C03,服饰,buy,2026-01-03 18:14:00,307.00,1,wechat,android,广东省,深圳市,new,checkout,S000025,1,C202605,云感服饰,O000024
B000025,U000026,P000089,轻盈美妆个护日常款,C01,美妆个护,buy,2026-01-03 09:44:00,69.00,1,offline,windows,上海市,上海市,high_value,checkout,S000026,0,C202604,轻盈美妆,O000025
B000026,U000063,P000159,云感旅行用品日常款,C10,旅行用品,buy,2026-01-03 18:16:00,514.00,1,search,mac,湖北省,武汉市,high_value,checkout,S000027,0,C202601,云感旅行,O000026
B000027,U000100,P000064,原野宠物用品日常款,C08,宠物用品,buy,2026-01-03 18:33:00,140.00,1,offline,android,浙江省,杭州市,high_value,checkout,S000028,0,C202602,原野宠物,O000027
B000028,U000137,P000011,轻盈旅行用品旗舰款,C10,旅行用品,buy,2026-01-03 18:48:00,224.00,1,douyin,android,湖北省,武汉市,member,checkout,S000029,0,C202606,轻盈旅行,O000028
B000029,U000174,P000039,云感生鲜日常款,C09,生鲜,buy,2026-01-03 09:05:00,109.00,1,search,mac,上海市,上海市,member,checkout,S000030,0,C202605,云感生鲜,O000029
B000030,U000211,P000093,云感生鲜升级版,C09,生鲜,buy,2026-01-03 20:51:00,39.00,4,wechat,windows,江苏省,南京市,member,checkout,S000031,0,C202601,云感生鲜,O000030
B000031,U000248,P000154,原野生鲜日常款,C09,生鲜,buy,2026-01-03 23:09:00,103.00,1,offline,windows,浙江省,杭州市,member,checkout,S000032,0,C202602,原野生鲜,O000031
B000032,U000285,P000075,云感母婴用品套装,C06,母婴用品,buy,2026-01-03 12:27:00,82.00,1,offline,mac,浙江省,杭州市,member,checkout,S000033,0,C202602,云感母婴,O000032
B000033,U000322,P000102,轻氧母婴用品便携装,C06,母婴用品,buy,2026-01-03 14:36:00,104.00,4,jd,ios,广东省,深圳市,member,checkout,S000034,0,C202605,轻氧母婴,O000033
B000034,U000359,P000025,悦活宠物用品套装,C08,宠物用品,buy,2026-01-04 08:37:00,105.00,1,jd,android,山东省,青岛市,member,checkout,S000035,0,C202605,悦活宠物,O000034
B000035,U000396,P000025,悦活宠物用品套装,C08,宠物用品,buy,2026-01-04 23:14:00,105.00,1,douyin,windows,浙江省,杭州市,member,checkout,S000036,0,C202602,悦活宠物,O000035
B000036,U000433,P000165,云感生鲜套装,C09,生鲜,buy,2026-01-04 20:30:00,43.00,1,douyin,android,北京市,北京市,regular,checkout,S000037,0,C202603,云感生鲜,O000036
B000037,U000470,P000139,悦活运动户外日常款,C07,运动户外,buy,2026-01-04 18:30:00,358.00,1,douyin,windows,湖北省,武汉市,regular,checkout,S000038,0,C202603,悦活运动,O000037
B000038,U000507,P000048,轻氧宠物用品升级版,C08,宠物用品,购买,2026-01-04 19:15:00,142.00,1,jd,windows,广东省,深圳市,regular,checkout,S000039,0,C202604,轻氧宠物,O000038
B000039,U000544,P000160,原野旅行用品套装,C10,旅行用品,buy,2026-01-04 14:40:00,231.00,1,taobao,ios,江苏省,南京市,regular,checkout,S000040,0,C202605,原野旅行,O000039
B000040,U000581,P000074,臻选美妆个护日常款,C01,美妆个护,buy,2026-01-04 23:54:00,71.00,1,taobao,windows,上海市,上海市,regular,checkout,S000041,0,C202603,臻选美妆,O000040
B000041,U000618,P000030,轻氧家居日用套装,C04,家居日用,buy,2026-01-04 11:49:00,106.00,1,wechat,windows,福建省,厦门市,regular,checkout,S000042,0,C202605,轻氧家居,O000041
B000042,U000655,P000166,原野服饰旗舰款,C03,服饰,buy,2026-01-04 19:15:00,378.00,1,jd,windows,福建省,厦门市,regular,checkout,S000043,0,C202606,原野服饰,O000042
B000043,U000692,P000066,轻氧母婴用品旗舰款,C06,母婴用品,buy,2026-01-04 17:40:00,76.00,1,search,android,河南省,郑州市,regular,checkout,S000044,0,C202605,轻氧母婴,O000043
B000044,U000729,P000070,原野宠物用品套装,C08,宠物用品,buy,2026-01-04 15:06:00,147.00,1,search,mac,福建省,厦门市,regular,checkout,S000045,0,C202604,原野宠物,O000044
B000045,U000766,P000060,轻氧数码配件套装,C05,数码配件,buy,2026-01-05 17:30:00,269.00,1,taobao,android,山东省,青岛市,regular,checkout,S000046,0,C202603,轻氧数码,O000045
B000046,U000803,P000020,臻选数码配件套装,C05,数码配件,buy,2026-01-05 17:13:00,252.00,1,wechat,windows,广东省,深圳市,regular,checkout,S000047,0,C202602,臻选数码,O000046
B000047,U000840,P000163,悦活生鲜升级版,C09,生鲜,buy,2026-01-05 22:51:00,69.00,1,taobao,mac,江苏省,南京市,new,checkout,S000048,1,C202603,悦活生鲜,O000047
B000048,U000877,P000010,原野旅行用品套装,C10,旅行用品,buy,2026-01-05 08:51:00,302.00,1,jd,windows,湖北省,武汉市,new,checkout,S000049,1,C202605,原野旅行,O000048
B000049,U000014,P000046,原野食品饮料旗舰款,C02,食品饮料,buy,2026-01-05 10:45:00,69.00,1,taobao,ios,湖北省,武汉市,high_value,checkout,S000050,0,C202604,原野食品,O000049
B000050,U000051,P000126,轻氧旅行用品旗舰款,C10,旅行用品,buy,2026-01-05 20:33:00,248.00,1,search,windows,山东省,青岛市,high_value,checkout,S000051,0,C202606,轻氧旅行,O000050
B000051,U000088,P000161,轻盈家居日用旗舰款,C04,家居日用,buy,2026-01-05 08:33:00,160.00,1,douyin,mac,北京市,北京市,high_value,checkout,S000052,0,C202603,轻盈家居,O000051
B000052,U000125,P000070,原野宠物用品套装,C08,宠物用品,buy,2026-01-05 14:26:00,147.00,1,search,windows,四川省,成都市,member,checkout,S000053,0,C202606,原野宠物,O000052
B000053,U000162,P000145,悦活宠物用品套装,C08,宠物用品,buy,2026-01-05 19:23:00,42.00,3,search,mac,浙江省,杭州市,member,checkout,S000054,0,C202604,悦活宠物,O000053
B000054,U000199,P000092,臻选服饰便携装,C03,服饰,buy,2026-01-05 23:30:00,291.00,1,taobao,mac,山东省,青岛市,member,checkout,S000055,0,C202601,臻选服饰,O000054
B000055,U000236,P000045,云感食品饮料套装,C02,食品饮料,buy,2026-01-05 20:35:00,67.00,1,douyin,ios,湖北省,武汉市,member,checkout,S000056,0,C202603,云感食品,O000055
B000056,U000273,P000026,臻选生鲜旗舰款,C09,生鲜,buy,2026-01-06 10:23:00,88.00,1,douyin,android,湖北省,武汉市,member,checkout,S000057,0,C202603,臻选生鲜,O000056
B000057,U000310,P000105,云感运动户外套装,C07,运动户外,buy,2026-01-06 22:59:00,142.00,3,taobao,mac,江苏省,南京市,member,checkout,S000058,0,C202603,云感运动,O000057
B000058,U000347,P000119,轻盈宠物用品日常款,C08,宠物用品,buy,2026-01-06 08:04:00,99.00,2,taobao,mac,河南省,郑州市,member,checkout,S000059,0,C202604,轻盈宠物,O000058
B000059,U000384,P000016,原野运动户外旗舰款,C07,运动户外,buy,2026-01-06 12:28:00,164.00,4,search,ios,河南省,郑州市,member,checkout,S000060,0,C202603,原野运动,O000059
B000060,U000421,P000145,悦活宠物用品套装,C08,宠物用品,buy,2026-01-06 18:41:00,42.00,1,offline,android,北京市,北京市,regular,checkout,S000061,0,C202603,悦活宠物,O000060
B000061,U000458,P000089,轻盈美妆个护日常款,C01,美妆个护,buy,2026-01-06 12:16:00,69.00,1,search,android,湖北省,武汉市,regular,checkout,S000062,0,C202605,轻盈美妆,O000061
B000062,U000495,P000113,轻盈旅行用品升级版,C10,旅行用品,buy,2026-01-06 08:40:00,483.00,1,search,android,北京市,北京市,regular,checkout,S000063,0,C202606,轻盈旅行,O000062
B000063,U000532,P000100,原野运动户外套装,C07,运动户外,buy,2026-01-06 19:23:00,235.00,1,offline,android,山东省,青岛市,regular,checkout,S000064,0,C202605,原野运动,O000063
B000064,U000569,P000083,轻盈运动户外升级版,C07,运动户外,buy,2026-01-06 23:37:00,227.00,1,wechat,windows,上海市,上海市,regular,checkout,S000065,0,C202606,轻盈运动,O000064
B000065,U000606,P000042,轻氧美妆个护便携装,C01,美妆个护,buy,2026-01-06 21:18:00,69.00,4,jd,android,四川省,成都市,regular,checkout,S000066,0,C202601,轻氧美妆,O000065
B000066,U000643,P000083,轻盈运动户外升级版,C07,运动户外,buy,2026-01-06 10:02:00,227.00,1,search,mac,四川省,成都市,regular,checkout,S000067,0,C202606,轻盈运动,O000066
B000067,U000680,P000121,悦活运动户外旗舰款,C07,运动户外,buy,2026-01-07 16:46:00,291.00,1,wechat,mac,福建省,厦门市,regular,checkout,S000068,0,C202606,悦活运动,O000067
B000068,U000717,P000135,云感数码配件套装,C05,数码配件,buy,2026-01-07 15:22:00,182.00,1,douyin,mac,北京市,北京市,regular,checkout,S000069,0,C202604,云感数码,O000068
B000069,U000754,P000121,悦活运动户外旗舰款,C07,运动户外,buy,2026-01-07 21:51:00,291.00,1,wechat,mac,四川省,成都市,regular,checkout,S000070,0,C202605,悦活运动,O000069
B000070,U000791,P000116,臻选数码配件旗舰款,C05,数码配件,buy,2026-01-07 08:15:00,228.00,1,search,windows,上海市,上海市,regular,checkout,S000071,0,C202601,臻选数码,O000070
B000071,U000828,P000062,臻选旅行用品便携装,C10,旅行用品,buy,2026-01-07 10:53:00,226.00,2,wechat,android,浙江省,杭州市,new,checkout,S000072,1,C202602,臻选旅行,O000071
B000072,U000865,P000134,臻选数码配件日常款,C05,数码配件,buy,2026-01-07 19:31:00,120.00,1,wechat,android,江苏省,南京市,new,checkout,S000073,1,C202603,臻选数码,O000072
B000073,U000002,P000039,云感生鲜日常款,C09,生鲜,buy,2026-01-07 22:58:00,109.00,1,offline,android,浙江省,杭州市,high_value,checkout,S000074,0,C202603,云感生鲜,O000073
B000074,U000039,P000043,悦活服饰升级版,C03,服饰,buy,2026-01-07 09:01:00,237.00,1,taobao,mac,福建省,厦门市,high_value,checkout,S000075,0,C202604,悦活服饰,O000074
B000075,U000076,P000106,原野母婴用品旗舰款,C06,母婴用品,buy,2026-01-07 13:53:00,102.00,1,offline,ios,河南省,郑州市,high_value,checkout,S000076,0,C202602,原野母婴,O000075
B000076,U000113,P000017,轻盈食品饮料便携装,C02,食品饮料,buy,2026-01-07 13:15:00,71.00,1,wechat,windows,江苏省,南京市,high_value,checkout,S000077,0,C202605,轻盈食品,O000076
B000077,U000150,P000080,臻选家居日用套装,C04,家居日用,buy,2026-01-07 21:52:00,148.00,1,jd,windows,江苏省,南京市,member,checkout,S000078,0,C202603,臻选家居,O000077
B000078,U000187,P000028,原野数码配件升级版,C05,数码配件,buy,2026-01-08 20:23:00,158.00,4,jd,windows,湖北省,武汉市,member,checkout,S000079,0,C202603,原野数码,O000078
B000079,U000224,P000047,轻盈服饰便携装,C03,服饰,buy,2026-01-08 08:39:00,154.00,1,taobao,android,浙江省,杭州市,member,checkout,S000080,0,C202601,轻盈服饰,O000079
B000080,U000261,P000122,臻选运动户外便携装,C07,运动户外,buy,2026-01-08 11:16:00,212.00,1,wechat,mac,浙江省,杭州市,member,checkout,S000081,0,C202603,臻选运动,O000080
B000081,U000298,P000045,云感食品饮料套装,C02,食品饮料,buy,2026-01-08 16:06:00,67.00,4,jd,ios,江苏省,南京市,member,checkout,S000082,0,C202606,云感食品,O000081
B000082,U000335,P000054,轻氧美妆个护日常款,C01,美妆个护,buy,2026-01-08 09:45:00,138.00,1,douyin,windows,北京市,北京市,member,checkout,S000083,0,C202604,轻氧美妆,O000082
B000083,U000372,P000046,原野食品饮料旗舰款,C02,食品饮料,buy,2026-01-08 18:41:00,69.00,1,wechat,ios,河南省,郑州市,member,checkout,S000084,0,C202601,原野食品,O000083
B000084,U000409,P000071,轻盈宠物用品旗舰款,C08,宠物用品,buy,2026-01-08 23:02:00,144.00,1,offline,android,四川省,成都市,member,checkout,S000085,0,C202605,轻盈宠物,O000084
B000085,U000446,P000012,轻氧母婴用品便携装,C06,母婴用品,buy,2026-01-08 11:31:00,128.00,3,taobao,ios,四川省,成都市,regular,checkout,S000086,0,C202601,轻氧母婴,O000085
B000086,U000483,P000012,轻氧母婴用品便携装,C06,母婴用品,buy,2026-01-08 11:43:00,128.00,1,taobao,android,浙江省,杭州市,regular,checkout,S000087,0,C202604,轻氧母婴,O000086
B000087,U000520,P000157,悦活旅行用品便携装,C10,旅行用品,buy,2026-01-08 22:15:00,436.00,1,wechat,windows,山东省,青岛市,regular,checkout,S000088,0,C202604,悦活旅行,O000087
B000088,U000557,P000041,轻盈家居日用旗舰款,C04,家居日用,buy,2026-01-08 20:20:00,166.00,4,taobao,android,河南省,郑州市,regular,checkout,S000089,0,C202603,轻盈家居,O000088
B000089,U000594,P000027,云感宠物用品便携装,C08,宠物用品,buy,2026-01-09 10:05:00,96.00,1,offline,ios,广东省,深圳市,regular,checkout,S000090,0,C202602,云感宠物,O000089
B000090,U000631,P000030,轻氧家居日用套装,C04,家居日用,buy,2026-01-09 13:28:00,106.00,1,wechat,ios,浙江省,杭州市,regular,checkout,S000091,0,C202601,轻氧家居,O000090
B000091,U000668,P000169,悦活生鲜日常款,C09,生鲜,buy,2026-01-09 20:07:00,42.00,4,wechat,windows,上海市,上海市,regular,checkout,S000092,0,C202606,悦活生鲜,O000091
B000092,U000705,P000099,云感服饰日常款,C03,服饰,buy,2026-01-09 09:00:00,230.00,1,search,android,北京市,北京市,regular,checkout,S000093,0,C202603,云感服饰,O000092
B000093,U000742,P000166,原野服饰旗舰款,C03,服饰,buy,2026-01-09 15:50:00,378.00,1,douyin,ios,河南省,郑州市,regular,checkout,S000094,0,C202605,原野服饰,O000093
B000094,U000779,P000130,原野服饰套装,C03,服饰,buy,2026-01-09 16:26:00,194.00,1,offline,windows,上海市,上海市,regular,checkout,S000095,0,C202602,原野服饰,O000094
B000095,U000816,P000034,原野生鲜日常款,C09,生鲜,buy,2026-01-09 16:08:00,71.00,2,jd,mac,上海市,上海市,regular,checkout,S000096,0,C202601,原野生鲜,O000095
B000096,U000853,P000129,云感服饰日常款,C03,服饰,buy,2026-01-09 18:59:00,307.00,3,taobao,android,北京市,北京市,new,checkout,S000097,1,C202606,云感服饰,O000096
B000097,U000890,P000006,轻氧母婴用品旗舰款,C06,母婴用品,buy,2026-01-09 08:19:00,161.00,2,search,windows,浙江省,杭州市,new,checkout,S000098,1,C202601,轻氧母婴,O000097
B000098,U000027,P000063,云感母婴用品升级版,C06,母婴用品,buy,2026-01-09 17:35:00,165.00,1,jd,mac,浙江省,杭州市,high_value,checkout,S000099,0,C202602,云感母婴,O000098
B000099,U000064,P000129,云感服饰日常款,C03,服饰,buy,2026-01-09 12:40:00,307.00,2,jd,windows,山东省,青岛市,high_value,checkout,S000100,0,C202604,云感服饰,O000099
B000100,U000101,P000085,悦活家居日用套装,C04,家居日用,buy,2026-01-10 15:28:00,70.00,1,taobao,windows,江苏省,南京市,high_value,checkout,S000101,0,C202602,悦活家居,O000100
B000101,U000138,P000048,轻氧宠物用品升级版,C08,宠物用品,buy,2026-01-10 10:41:00,142.00,1,offline,ios,湖北省,武汉市,member,checkout,S000102,0,C202605,轻氧宠物,O000101
B000102,U000175,P000162,轻氧食品饮料便携装,C02,食品饮料,buy,2026-01-10 09:47:00,73.00,1,taobao,android,福建省,厦门市,member,checkout,S000103,0,C202603,轻氧食品,O000102
B000103,U000212,P000089,轻盈美妆个护日常款,C01,美妆个护,buy,2026-01-10 12:02:00,69.00,1,wechat,windows,四川省,成都市,member,checkout,S000104,0,C202606,轻盈美妆,O000103
B000104,U000249,P000087,云感旅行用品便携装,C10,旅行用品,buy,2026-01-10 22:03:00,609.00,4,search,android,江苏省,南京市,member,checkout,S000105,0,C202603,云感旅行,O000104
B000105,U000286,P000126,轻氧旅行用品旗舰款,C10,旅行用品,buy,2026-01-10 14:57:00,248.00,1,search,mac,山东省,青岛市,member,checkout,S000106,0,C202606,轻氧旅行,O000105
B000106,U000323,P000014,臻选食品饮料日常款,C02,食品饮料,buy,2026-01-10 10:47:00,60.00,1,douyin,android,湖北省,武汉市,member,checkout,S000107,0,C202601,臻选食品,O000106
B000107,U000360,P000138,轻氧数码配件升级版,C05,数码配件,buy,2026-01-10 23:30:00,150.00,1,wechat,android,山东省,青岛市,member,checkout,S000108,0,C202606,轻氧数码,O000107
B000108,U000397,P000130,原野服饰套装,C03,服饰,buy,2026-01-10 21:05:00,194.00,1,douyin,mac,江苏省,南京市,member,checkout,S000109,0,C202602,原野服饰,O000108
B000109,U000434,P000024,轻氧食品饮料日常款,C02,食品饮料,buy,2026-01-10 09:56:00,55.00,1,wechat,mac,北京市,北京市,regular,checkout,S000110,0,C202603,轻氧食品,O000109
B000110,U000471,P000117,云感食品饮料便携装,C02,食品饮料,buy,2026-01-10 19:33:00,54.00,1,jd,mac,上海市,上海市,regular,checkout,S000111,0,C202605,云感食品,O000110
B000111,U000508,P000099,云感服饰日常款,C03,服饰,buy,2026-01-11 12:42:00,230.00,1,offline,android,河南省,郑州市,regular,checkout,S000112,0,C202606,云感服饰,O000111
B000112,U000545,P000107,轻盈运动户外便携装,C07,运动户外,buy,2026-01-11 20:33:00,176.00,1,douyin,windows,四川省,成都市,regular,checkout,S000113,0,C202603,轻盈运动,O000112
B000113,U000582,P000164,臻选食品饮料日常款,C02,食品饮料,buy,2026-01-11 23:10:00,73.00,1,taobao,windows,福建省,厦门市,regular,checkout,S000114,0,C202604,臻选食品,O000113
B000114,U000619,P000062,臻选旅行用品便携装,C10,旅行用品,buy,2026-01-11 18:28:00,226.00,1,douyin,mac,上海市,上海市,regular,checkout,S000115,0,C202603,臻选旅行,O000114
B000115,U000656,P000170,臻选生鲜套装,C09,生鲜,buy,2026-01-11 16:15:00,77.00,1,taobao,windows,四川省,成都市,regular,checkout,S000116,0,C202605,臻选生鲜,O000115
B000116,U000693,P000104,臻选旅行用品日常款,C10,旅行用品,buy,2026-01-11 20:55:00,352.00,1,taobao,mac,浙江省,杭州市,regular,checkout,S000117,0,C202601,臻选旅行,O000116
B000117,U000730,P000084,轻氧服饰日常款,C03,服饰,buy,2026-01-11 10:18:00,130.00,2,douyin,android,四川省,成都市,regular,checkout,S000118,0,C202606,轻氧服饰,O000117
B000118,U000767,P000042,轻氧美妆个护便携装,C01,美妆个护,buy,2026-01-11 19:37:00,69.00,1,jd,windows,湖北省,武汉市,regular,checkout,S000119,0,C202603,轻氧美妆,O000118
B000119,U000804,P000157,悦活旅行用品便携装,C10,旅行用品,buy,2026-01-11 13:46:00,436.00,1,wechat,mac,上海市,上海市,regular,checkout,S000120,0,C202602,悦活旅行,O000119
B000120,U000841,P000161,轻盈家居日用旗舰款,C04,家居日用,buy,2026-01-11 08:12:00,160.00,1,search,android,江苏省,南京市,new,checkout,S000121,1,C202605,轻盈家居,O000120
B000121,U000878,P000116,臻选数码配件旗舰款,C05,数码配件,buy,2026-01-11 10:32:00,228.00,1,douyin,mac,福建省,厦门市,new,checkout,S000122,1,C202605,臻选数码,O000121
B000122,U000015,P000016,原野运动户外旗舰款,C07,运动户外,buy,2026-01-12 16:57:00,164.00,1,search,mac,湖北省,武汉市,high_value,checkout,S000123,0,C202604,原野运动,O000122
B000123,U000052,P000153,云感美妆个护升级版,C01,美妆个护,buy,2026-01-12 18:46:00,48.00,3,offline,android,北京市,北京市,high_value,checkout,S000124,0,C202602,云感美妆,O000123
B000124,U000089,P000047,轻盈服饰便携装,C03,服饰,buy,2026-01-12 22:51:00,154.00,1,jd,ios,湖北省,武汉市,high_value,checkout,S000125,0,C202601,轻盈服饰,O000124
B000125,U000126,P000165,云感生鲜套装,C09,生鲜,buy,2026-01-12 14:20:00,43.00,1,search,android,浙江省,杭州市,member,checkout,S000126,0,C202606,云感生鲜,O000125
B000126,U000163,P000075,云感母婴用品套装,C06,母婴用品,buy,2026-01-12 15:25:00,82.00,2,wechat,mac,江苏省,南京市,member,checkout,S000127,0,C202604,云感母婴,O000126
B000127,U000200,P000116,臻选数码配件旗舰款,C05,数码配件,buy,2026-01-12 10:19:00,228.00,1,search,ios,浙江省,杭州市,member,checkout,S000128,0,C202601,臻选数码,O000127
B000128,U000237,P000157,悦活旅行用品便携装,C10,旅行用品,buy,2026-01-12 10:28:00,436.00,1,douyin,ios,江苏省,南京市,member,checkout,S000129,0,C202602,悦活旅行,O000128
B000129,U000274,P000125,轻盈生鲜套装,C09,生鲜,buy,2026-01-12 08:14:00,62.00,4,search,android,广东省,深圳市,member,checkout,S000130,0,C202603,轻盈生鲜,O000129
B000130,U000311,P000114,轻氧母婴用品日常款,C06,母婴用品,buy,2026-01-12 20:41:00,142.00,1,jd,ios,上海市,上海市,member,checkout,S000131,0,C202604,轻氧母婴,O000130
B000131,U000348,P000151,悦活美妆个护旗舰款,C01,美妆个护,buy,2026-01-12 17:41:00,38.00,1,jd,ios,北京市,北京市,member,checkout,S000132,0,C202606,悦活美妆,O000131
B000132,U000385,P000019,悦活家居日用日常款,C04,家居日用,buy,2026-01-12 19:46:00,71.00,1,search,ios,北京市,北京市,member,checkout,S000133,0,C202606,悦活家居,O000132
B000133,U000422,P000106,原野母婴用品旗舰款,C06,母婴用品,buy,2026-01-13 22:28:00,102.00,1,douyin,windows,湖北省,武汉市,regular,checkout,S000134,0,C202601,原野母婴,O000133
B000134,U000459,P000025,悦活宠物用品套装,C08,宠物用品,buy,2026-01-13 20:05:00,105.00,1,search,ios,湖北省,武汉市,regular,checkout,S000135,0,C202606,悦活宠物,O000134
B000135,U000496,P000117,云感食品饮料便携装,C02,食品饮料,buy,2026-01-13 19:38:00,54.00,1,jd,mac,湖北省,武汉市,regular,checkout,S000136,0,C202605,云感食品,O000135
B000136,U000533,P000091,悦活母婴用品旗舰款,C06,母婴用品,buy,2026-01-13 10:24:00,87.00,3,wechat,ios,四川省,成都市,regular,checkout,S000137,0,C202602,悦活母婴,O000136
B000137,U000570,P000081,云感数码配件旗舰款,C05,数码配件,buy,2026-01-13 09:44:00,152.00,2,offline,ios,江苏省,南京市,regular,checkout,S000138,0,C202602,云感数码,O000137
B000138,U000607,P000058,原野生鲜升级版,C09,生鲜,buy,2026-01-13 15:51:00,44.00,1,jd,windows,湖北省,武汉市,regular,checkout,S000139,0,C202606,原野生鲜,O000138
B000139,U000644,P000126,轻氧旅行用品旗舰款,C10,旅行用品,buy,2026-01-13 17:03:00,248.00,1,search,mac,山东省,青岛市,regular,checkout,S000140,0,C202601,轻氧旅行,O000139
B000140,U000681,P000158,臻选母婴用品升级版,C06,母婴用品,buy,2026-01-13 21:30:00,121.00,4,search,windows,江苏省,南京市,regular,checkout,S000141,0,C202604,臻选母婴,O000140
B000141,U000718,P000039,云感生鲜日常款,C09,生鲜,buy,2026-01-13 13:30:00,109.00,1,offline,mac,河南省,郑州市,regular,checkout,S000142,0,C202603,云感生鲜,O000141
B000142,U000755,P000062,臻选旅行用品便携装,C10,旅行用品,buy,2026-01-13 17:56:00,226.00,1,jd,windows,浙江省,杭州市,regular,checkout,S000143,0,C202601,臻选旅行,O000142
B000143,U000792,P000079,悦活服饰日常款,C03,服饰,buy,2026-01-13 12:17:00,452.00,3,taobao,android,山东省,青岛市,regular,checkout,S000144,0,C202603,悦活服饰,O000143
B000144,U000829,P000060,轻氧数码配件套装,C05,数码配件,buy,2026-01-14 14:31:00,269.00,1,jd,windows,江苏省,南京市,new,checkout,S000145,1,C202601,轻氧数码,O000144
B000145,U000866,P000056,臻选旅行用品旗舰款,C10,旅行用品,buy,2026-01-14 09:22:00,443.00,1,jd,android,湖北省,武汉市,new,checkout,S000146,1,C202601,臻选旅行,O000145
B000146,U000003,P000112,原野生鲜便携装,C09,生鲜,buy,2026-01-14 08:16:00,113.00,4,jd,ios,山东省,青岛市,high_value,checkout,S000147,0,C202602,原野生鲜,O000146
B000147,U000040,P000115,悦活美妆个护套装,C01,美妆个护,buy,2026-01-14 23:01:00,86.00,1,wechat,windows,北京市,北京市,high_value,checkout,S000148,0,C202602,悦活美妆,O000147
B000148,U000077,P000114,轻氧母婴用品日常款,C06,母婴用品,buy,2026-01-14 22:12:00,142.00,1,search,android,福建省,厦门市,high_value,checkout,S000149,0,C202606,轻氧母婴,O000148
B000149,U000114,P000143,轻盈美妆个护升级版,C01,美妆个护,buy,2026-01-14 15:49:00,53.00,1,wechat,windows,江苏省,南京市,high_value,checkout,S000150,0,C202605,轻盈美妆,O000149
B000150,U000151,P000033,云感美妆个护升级版,C01,美妆个护,buy,2026-01-14 13:25:00,88.00,1,jd,mac,福建省,厦门市,member,checkout,S000151,0,C202602,云感美妆,O000150
B000151,U000188,P000022,原野母婴用品便携装,C06,母婴用品,buy,2026-01-14 08:54:00,190.00,1,search,android,浙江省,杭州市,member,checkout,S000152,0,C202604,原野母婴,O000151
B000152,U000225,P000010,原野旅行用品套装,C10,旅行用品,buy,2026-01-14 11:08:00,302.00,1,offline,ios,广东省,深圳市,member,checkout,S000153,0,C202601,原野旅行,O000152
B000153,U000262,P000119,轻盈宠物用品日常款,C08,宠物用品,buy,2026-01-14 20:47:00,99.00,1,search,mac,广东省,深圳市,member,checkout,S000154,0,C202604,轻盈宠物,O000153
B000154,U000299,P000149,轻盈家居日用日常款,C04,家居日用,buy,2026-01-14 16:55:00,110.00,1,taobao,ios,广东省,深圳市,member,checkout,S000155,0,C202606,轻盈家居,O000154
B000155,U000336,P000019,悦活家居日用日常款,C04,家居日用,buy,2026-01-15 16:47:00,71.00,1,search,mac,山东省,青岛市,member,checkout,S000156,0,C202605,悦活家居,O000155
B000156,U000373,P000089,轻盈美妆个护日常款,C01,美妆个护,buy,2026-01-15 15:53:00,69.00,1,douyin,ios,福建省,厦门市,member,checkout,S000157,0,C202603,轻盈美妆,O000156
B000157,U000410,P000142,原野母婴用品便携装,C06,母婴用品,buy,2026-01-15 13:12:00,161.00,1,douyin,mac,江苏省,南京市,member,checkout,S000158,0,C202601,原野母婴,O000157
B000158,U000447,P000037,悦活运动户外便携装,C07,运动户外,buy,2026-01-15 11:26:00,152.00,1,search,ios,上海市,上海市,regular,checkout,S000159,0,C202602,悦活运动,O000158
B000159,U000484,P000125,轻盈生鲜套装,C09,生鲜,buy,2026-01-15 15:14:00,62.00,1,jd,windows,河南省,郑州市,regular,checkout,S000160,0,C202601,轻盈生鲜,O000159
B000160,U000521,P000049,悦活数码配件日常款,C05,数码配件,buy,2026-01-15 10:50:00,141.00,1,taobao,mac,上海市,上海市,regular,checkout,S000161,0,C202605,悦活数码,O000160
B000161,U000558,P000036,轻氧食品饮料旗舰款,C02,食品饮料,buy,2026-01-15 09:48:00,73.00,1,wechat,android,湖北省,武汉市,regular,checkout,S000162,0,C202606,轻氧食品,O000161
B000162,U000595,P000058,原野生鲜升级版,C09,生鲜,buy,2026-01-15 18:47:00,44.00,3,taobao,mac,福建省,厦门市,regular,checkout,S000163,0,C202604,原野生鲜,O000162
B000163,U000632,P000156,轻氧母婴用品旗舰款,C06,母婴用品,buy,2026-01-15 19:51:00,153.00,1,wechat,android,广东省,深圳市,regular,checkout,S000164,0,C202604,轻氧母婴,O000163
B000164,U000669,P000050,臻选生鲜套装,C09,生鲜,buy,2026-01-15 10:56:00,108.00,1,douyin,windows,北京市,北京市,regular,checkout,S000165,0,C202604,臻选生鲜,O000164
B000165,U000706,P000167,轻盈美妆个护便携装,C01,美妆个护,buy,2026-01-15 21:33:00,119.00,1,douyin,mac,福建省,厦门市,regular,checkout,S000166,0,C202602,轻盈美妆,O000165
B000166,U000743,P000122,臻选运动户外便携装,C07,运动户外,buy,2026-01-16 16:43:00,212.00,1,jd,android,上海市,上海市,regular,checkout,S000167,0,C202601,臻选运动,O000166
B000167,U000780,P000150,轻氧母婴用品套装,C06,母婴用品,buy,2026-01-16 21:51:00,76.00,1,search,android,浙江省,杭州市,regular,checkout,S000168,0,C202606,轻氧母婴,O000167
B000168,U000817,P000164,臻选食品饮料日常款,C02,食品饮料,buy,2026-01-16 20:58:00,73.00,1,offline,windows,四川省,成都市,regular,checkout,S000169,0,C202603,臻选食品,O000168
B000169,U000854,P000082,原野旅行用品便携装,C10,旅行用品,buy,2026-01-16 14:07:00,253.00,1,douyin,android,河南省,郑州市,new,checkout,S000170,1,C202605,原野旅行,O000169
B000170,U000891,P000066,轻氧母婴用品旗舰款,C06,母婴用品,buy,2026-01-16 19:52:00,76.00,2,jd,mac,北京市,北京市,new,checkout,S000171,1,C202601,轻氧母婴,O000170
B000171,U000028,P000081,云感数码配件旗舰款,C05,数码配件,buy,2026-01-16 20:45:00,152.00,2,taobao,windows,四川省,成都市,high_value,checkout,S000172,0,C202604,云感数码,O000171
B000172,U000065,P000116,臻选数码配件旗舰款,C05,数码配件,buy,2026-01-16 09:54:00,228.00,1,offline,windows,北京市,北京市,high_value,checkout,S000173,0,C202603,臻选数码,O000172
B000173,U000102,P000079,悦活服饰日常款,C03,服饰,buy,2026-01-16 15:11:00,452.00,1,douyin,mac,北京市,北京市,high_value,checkout,S000174,0,C202605,悦活服饰,O000173
B000174,U000139,P000101,轻盈生鲜旗舰款,C09,生鲜,buy,2026-01-16 20:50:00,111.00,1,wechat,windows,山东省,青岛市,member,checkout,S000175,0,C202601,轻盈生鲜,O000174
B000175,U000176,P000159,云感旅行用品日常款,C10,旅行用品,buy,2026-01-16 22:40:00,514.00,1,offline,android,湖北省,武汉市,member,checkout,S000176,0,C202604,云感旅行,O000175
B000176,U000213,P000009,云感数码配件日常款,C05,数码配件,buy,2026-01-16 10:50:00,295.00,1,douyin,ios,浙江省,杭州市,member,checkout,S000177,0,C202601,云感数码,O000176
B000177,U000250,P000099,云感服饰日常款,C03,服饰,buy,2026-01-17 08:42:00,230.00,1,taobao,mac,上海市,上海市,member,checkout,S000178,0,C202606,云感服饰,O000177
B000178,U000287,P000004,原野旅行用品日常款,C10,旅行用品,buy,2026-01-17 21:38:00,271.00,1,taobao,ios,河南省,郑州市,member,checkout,S000179,0,C202604,原野旅行,O000178
B000179,U000324,P000159,云感旅行用品日常款,C10,旅行用品,buy,2026-01-17 11:13:00,514.00,2,search,android,福建省,厦门市,member,checkout,S000180,0,C202606,云感旅行,O000179
B000180,U000361,P000092,臻选服饰便携装,C03,服饰,buy,2026-01-17 22:11:00,291.00,1,search,windows,北京市,北京市,member,checkout,S000181,0,C202603,臻选服饰,O000180
B000181,U000398,P000024,轻氧食品饮料日常款,C02,食品饮料,buy,2026-01-17 19:59:00,55.00,1,douyin,mac,河南省,郑州市,member,checkout,S000182,0,C202603,轻氧食品,O000181
B000182,U000435,P000040,原野数码配件套装,C05,数码配件,buy,2026-01-17 09:42:00,162.00,1,taobao,android,河南省,郑州市,regular,checkout,S000183,0,C202603,原野数码,O000182
B000183,U000472,P000136,原野运动户外旗舰款,C07,运动户外,buy,2026-01-17 16:14:00,169.00,2,douyin,ios,广东省,深圳市,regular,checkout,S000184,0,C202603,原野运动,O000183
B000184,U000509,P000155,轻盈生鲜套装,C09,生鲜,buy,2026-01-17 21:15:00,106.00,1,wechat,android,山东省,青岛市,regular,checkout,S000185,0,C202604,轻盈生鲜,O000184
B000185,U000546,P000087,云感旅行用品便携装,C10,旅行用品,buy,2026-01-17 14:35:00,609.00,3,wechat,mac,福建省,厦门市,regular,checkout,S000186,0,C202605,云感旅行,O000185
B000186,U000583,P000040,原野数码配件套装,C05,数码配件,buy,2026-01-17 15:21:00,162.00,1,wechat,windows,江苏省,南京市,regular,checkout,S000187,0,C202601,原野数码,O000186
B000187,U000620,P000154,原野生鲜日常款,C09,生鲜,buy,2026-01-17 22:36:00,103.00,1,taobao,windows,北京市,北京市,regular,checkout,S000188,0,C202603,原野生鲜,O000187
B000188,U000657,P000104,臻选旅行用品日常款,C10,旅行用品,buy,2026-01-18 19:57:00,352.00,3,taobao,android,福建省,厦门市,regular,checkout,S000189,0,C202604,臻选旅行,O000188
B000189,U000694,P000066,轻氧母婴用品旗舰款,C06,母婴用品,buy,2026-01-18 23:41:00,76.00,1,wechat,ios,浙江省,杭州市,regular,checkout,S000190,0,C202606,轻氧母婴,O000189
B000190,U000731,P000001,悦活家居日用旗舰款,C04,家居日用,buy,2026-01-18 22:30:00,141.00,1,taobao,android,北京市,北京市,regular,checkout,S000191,0,C202602,悦活家居,O000190
B000191,U000768,P000013,悦活食品饮料升级版,C02,食品饮料,buy,2026-01-18 08:49:00,91.00,4,search,ios,河南省,郑州市,regular,checkout,S000192,0,C202603,悦活食品,O000191
B000192,U000805,P000166,原野服饰旗舰款,C03,服饰,buy,2026-01-18 19:00:00,378.00,1,search,mac,浙江省,杭州市,regular,checkout,S000193,0,C202601,原野服饰,O000192
B000193,U000842,P000027,云感宠物用品便携装,C08,宠物用品,buy,2026-01-18 13:07:00,96.00,1,taobao,windows,广东省,深圳市,new,checkout,S000194,1,C202601,云感宠物,O000193
B000194,U000879,P000061,悦活家居日用旗舰款,C04,家居日用,buy,2026-01-18 22:21:00,157.00,2,douyin,android,广东省,深圳市,new,checkout,S000195,1,C202605,悦活家居,O000194
B000195,U000016,P000151,悦活美妆个护旗舰款,C01,美妆个护,buy,2026-01-18 23:21:00,38.00,1,offline,ios,江苏省,南京市,high_value,checkout,S000196,0,C202604,悦活美妆,O000195
B000196,U000053,P000135,云感数码配件套装,C05,数码配件,buy,2026-01-18 22:42:00,182.00,1,search,ios,浙江省,杭州市,high_value,checkout,S000197,0,C202606,云感数码,O000196
B000197,U000090,P000043,悦活服饰升级版,C03,服饰,buy,2026-01-18 22:41:00,237.00,1,jd,android,北京市,北京市,high_value,checkout,S000198,0,C202606,悦活服饰,O000197
B000198,U000127,P000048,轻氧宠物用品升级版,C08,宠物用品,buy,2026-01-18 22:45:00,142.00,1,wechat,windows,广东省,深圳市,member,checkout,S000199,0,C202602,轻氧宠物,O000198
B000199,U000164,P000052,原野数码配件便携装,C05,数码配件,buy,2026-01-19 14:54:00,173.00,2,douyin,ios,上海市,上海市,member,checkout,S000200,0,C202602,原野数码,O000199
B000200,U000201,P000148,原野数码配件升级版,C05,数码配件,buy,2026-01-19 23:41:00,136.00,1,wechat,mac,上海市,上海市,member,checkout,S000201,0,C202602,原野数码,O000200
B000201,U000238,P000126,轻氧旅行用品旗舰款,C10,旅行用品,buy,2026-01-19 19:25:00,248.00,1,douyin,ios,四川省,成都市,member,checkout,S000202,0,C202602,轻氧旅行,O000201
B000202,U000275,P000052,原野数码配件便携装,C05,数码配件,buy,2026-01-19 08:18:00,173.00,1,offline,windows,北京市,北京市,member,checkout,S000203,0,C202605,原野数码,O000202
B000203,U000312,P000034,原野生鲜日常款,C09,生鲜,buy,2026-01-19 16:27:00,71.00,1,offline,android,湖北省,武汉市,member,checkout,S000204,0,C202606,原野生鲜,O000203
B000204,U000349,P000079,悦活服饰日常款,C03,服饰,buy,2026-01-19 08:40:00,452.00,1,offline,ios,浙江省,杭州市,member,checkout,S000205,0,C202601,悦活服饰,O000204
B000205,U000386,P000023,轻盈食品饮料升级版,C02,食品饮料,buy,2026-01-19 14:07:00,79.00,1,taobao,windows,福建省,厦门市,member,checkout,S000206,0,C202603,轻盈食品,O000205
B000206,U000423,P000119,轻盈宠物用品日常款,C08,宠物用品,buy,2026-01-19 08:15:00,99.00,1,taobao,windows,浙江省,杭州市,regular,checkout,S000207,0,C202602,轻盈宠物,O000206
B000207,U000460,P000043,悦活服饰升级版,C03,服饰,buy,2026-01-19 15:11:00,237.00,1,douyin,ios,上海市,上海市,regular,checkout,S000208,0,C202603,悦活服饰,O000207
B000208,U000497,P000137,轻盈数码配件便携装,C05,数码配件,buy,2026-01-19 17:19:00,216.00,1,taobao,android,江苏省,南京市,regular,checkout,S000209,0,C202602,轻盈数码,O000208
B000209,U000534,P000045,云感食品饮料套装,C02,食品饮料,buy,2026-01-19 23:33:00,67.00,1,search,ios,上海市,上海市,regular,checkout,S000210,0,C202604,云感食品,O000209
B000210,U000571,P000046,原野食品饮料旗舰款,C02,食品饮料,buy,2026-01-20 20:14:00,69.00,1,douyin,mac,浙江省,杭州市,regular,checkout,S000211,0,C202602,原野食品,O000210
B000211,U000608,P000162,轻氧食品饮料便携装,C02,食品饮料,buy,2026-01-20 11:45:00,73.00,1,wechat,android,河南省,郑州市,regular,checkout,S000212,0,C202602,轻氧食品,O000211
B000212,U000645,P000163,悦活生鲜升级版,C09,生鲜,buy,2026-01-20 20:14:00,69.00,1,wechat,android,山东省,青岛市,regular,checkout,S000213,0,C202602,悦活生鲜,O000212
B000213,U000682,P000096,轻氧数码配件旗舰款,C05,数码配件,buy,2026-01-20 22:31:00,88.00,1,search,windows,上海市,上海市,regular,checkout,S000214,0,C202601,轻氧数码,O000213
B000214,U000719,P000052,原野数码配件便携装,C05,数码配件,buy,2026-01-20 10:08:00,173.00,1,search,android,上海市,上海市,regular,checkout,S000215,0,C202605,原野数码,O000214
B000215,U000756,P000078,轻氧运动户外升级版,C07,运动户外,buy,2026-01-20 10:58:00,332.00,1,offline,windows,福建省,厦门市,regular,checkout,S000216,0,C202602,轻氧运动,O000215
B000216,U000793,P000044,臻选食品饮料日常款,C02,食品饮料,buy,2026-01-20 14:51:00,28.00,1,jd,ios,河南省,郑州市,regular,checkout,S000217,0,C202604,臻选食品,O000216
B000217,U000830,P000144,轻氧美妆个护日常款,C01,美妆个护,buy,2026-01-20 18:16:00,118.00,2,jd,windows,浙江省,杭州市,new,checkout,S000218,1,C202603,轻氧美妆,O000217
B000218,U000867,P000110,臻选美妆个护套装,C01,美妆个护,buy,2026-01-20 18:34:00,81.00,1,douyin,android,江苏省,南京市,new,checkout,S000219,1,C202606,臻选美妆,O000218
B000219,U000004,P000146,臻选生鲜旗舰款,C09,生鲜,buy,2026-01-20 18:33:00,112.00,4,wechat,ios,四川省,成都市,high_value,checkout,S000220,0,C202605,臻选生鲜,O000219
B000220,U000041,P000061,悦活家居日用旗舰款,C04,家居日用,buy,2026-01-20 19:01:00,157.00,1,taobao,mac,广东省,深圳市,high_value,checkout,S000221,0,C202602,悦活家居,O000220
B000221,U000078,P000172,原野宠物用品便携装,C08,宠物用品,buy,2026-01-21 13:50:00,99.00,1,search,mac,湖北省,武汉市,high_value,checkout,S000222,0,C202603,原野宠物,O000221
B000222,U000115,P000114,轻氧母婴用品日常款,C06,母婴用品,buy,2026-01-21 19:36:00,142.00,1,wechat,windows,江苏省,南京市,high_value,checkout,S000223,0,C202603,轻氧母婴,O000222
B000223,U000152,P000118,原野美妆个护升级版,C01,美妆个护,buy,2026-01-21 21:43:00,133.00,1,offline,mac,湖北省,武汉市,member,checkout,S000224,0,C202601,原野美妆,O000223
B000224,U000189,P000141,云感数码配件旗舰款,C05,数码配件,buy,2026-01-21 15:51:00,220.00,1,wechat,windows,上海市,上海市,member,checkout,S000225,0,C202601,云感数码,O000224
B000225,U000226,P000041,轻盈家居日用旗舰款,C04,家居日用,buy,2026-01-21 08:54:00,166.00,1,search,mac,四川省,成都市,member,checkout,S000226,0,C202604,轻盈家居,O000225
B000226,U000263,P000012,轻氧母婴用品便携装,C06,母婴用品,buy,2026-01-21 18:23:00,128.00,1,wechat,mac,山东省,青岛市,member,checkout,S000227,0,C202601,轻氧母婴,O000226
B000227,U000300,P000009,云感数码配件日常款,C05,数码配件,buy,2026-01-21 12:05:00,295.00,1,search,android,湖北省,武汉市,member,checkout,S000228,0,C202605,云感数码,O000227
B000228,U000337,P000064,原野宠物用品日常款,C08,宠物用品,buy,2026-01-21 09:59:00,140.00,1,offline,mac,福建省,厦门市,member,checkout,S000229,0,C202604,原野宠物,O000228
B000229,U000374,P000165,云感生鲜套装,C09,生鲜,buy,2026-01-21 19:06:00,43.00,1,douyin,android,山东省,青岛市,member,checkout,S000230,0,C202606,云感生鲜,O000229
B000230,U000411,P000010,原野旅行用品套装,C10,旅行用品,buy,2026-01-21 08:26:00,302.00,1,douyin,mac,江苏省,南京市,member,checkout,S000231,0,C202602,原野旅行,O000230
B000231,U000448,P000035,轻盈家居日用套装,C04,家居日用,buy,2026-01-21 10:39:00,116.00,1,taobao,ios,江苏省,南京市,regular,checkout,S000232,0,C202601,轻盈家居,O000231
B000232,U000485,P000170,臻选生鲜套装,C09,生鲜,buy,2026-01-22 09:55:00,77.00,1,search,windows,山东省,青岛市,regular,checkout,S000233,0,C202603,臻选生鲜,O000232
B000233,U000522,P000136,原野运动户外旗舰款,C07,运动户外,buy,2026-01-22 10:27:00,169.00,1,taobao,mac,河南省,郑州市,regular,checkout,S000234,0,C202604,原野运动,O000233
B000234,U000559,P000089,轻盈美妆个护日常款,C01,美妆个护,buy,2026-01-22 19:22:00,69.00,1,search,mac,山东省,青岛市,regular,checkout,S000235,0,C202605,轻盈美妆,O000234
B000235,U000596,P000007,悦活服饰便携装,C03,服饰,buy,2026-01-22 10:32:00,344.00,1,offline,mac,北京市,北京市,regular,checkout,S000236,0,C202606,悦活服饰,O000235
B000236,U000633,P000114,轻氧母婴用品日常款,C06,母婴用品,buy,2026-01-22 11:36:00,142.00,4,search,ios,山东省,青岛市,regular,checkout,S000237,0,C202602,轻氧母婴,O000236
B000237,U000670,P000015,云感母婴用品套装,C06,母婴用品,buy,2026-01-22 13:20:00,128.00,1,wechat,android,福建省,厦门市,regular,checkout,S000238,0,C202603,云感母婴,O000237
B000238,U000707,P000054,轻氧美妆个护日常款,C01,美妆个护,buy,2026-01-22 22:04:00,138.00,1,wechat,ios,浙江省,杭州市,regular,checkout,S000239,0,C202603,轻氧美妆,O000238
B000239,U000744,P000020,臻选数码配件套装,C05,数码配件,buy,2026-01-22 23:16:00,252.00,1,offline,windows,浙江省,杭州市,regular,checkout,S000240,0,C202604,臻选数码,O000239
B000240,U000781,P000142,原野母婴用品便携装,C06,母婴用品,buy,2026-01-22 14:10:00,161.00,4,wechat,android,广东省,深圳市,regular,checkout,S000241,0,C202606,原野母婴,O000240
B000241,U000818,P000035,轻盈家居日用套装,C04,家居日用,buy,2026-01-22 19:26:00,116.00,4,jd,mac,河南省,郑州市,regular,checkout,S000242,0,C202602,轻盈家居,O000241
B000242,U000855,P000096,轻氧数码配件旗舰款,C05,数码配件,buy,2026-01-22 18:57:00,88.00,1,douyin,mac,四川省,成都市,new,checkout,S000243,1,C202603,轻氧数码,O000242
B000243,U000892,P000116,臻选数码配件旗舰款,C05,数码配件,buy,2026-01-23 22:59:00,228.00,1,jd,windows,广东省,深圳市,new,checkout,S000244,1,C202602,臻选数码,O000243
B000244,U000029,P000172,原野宠物用品便携装,C08,宠物用品,buy,2026-01-23 19:02:00,99.00,1,wechat,windows,四川省,成都市,high_value,checkout,S000245,0,C202604,原野宠物,O000244
B000245,U000066,P000096,轻氧数码配件旗舰款,C05,数码配件,buy,2026-01-23 15:47:00,88.00,1,search,android,河南省,郑州市,high_value,checkout,S000246,0,C202601,轻氧数码,O000245
B000246,U000103,P000135,云感数码配件套装,C05,数码配件,buy,2026-01-23 14:47:00,182.00,1,wechat,ios,上海市,上海市,high_value,checkout,S000247,0,C202606,云感数码,O000246
B000247,U000140,P000063,云感母婴用品升级版,C06,母婴用品,buy,2026-01-23 22:16:00,165.00,2,offline,ios,广东省,深圳市,member,checkout,S000248,0,C202601,云感母婴,O000247
B000248,U000177,P000114,轻氧母婴用品日常款,C06,母婴用品,buy,2026-01-23 20:41:00,142.00,1,offline,mac,北京市,北京市,member,checkout,S000249,0,C202606,轻氧母婴,O000248
B000249,U000214,P000075,云感母婴用品套装,C06,母婴用品,buy,2026-01-23 15:14:00,82.00,1,douyin,ios,上海市,上海市,member,checkout,S000250,0,C202603,云感母婴,O000249
B000250,U000251,P000076,原野美妆个护旗舰款,C01,美妆个护,buy,2026-01-23 09:32:00,77.00,1,douyin,android,福建省,厦门市,member,checkout,S000251,0,C202606,原野美妆,O000250
B000251,U000288,P000085,悦活家居日用套装,C04,家居日用,buy,2026-01-23 14:28:00,70.00,3,douyin,windows,湖北省,武汉市,member,checkout,S000252,0,C202604,悦活家居,O000251
B000252,U000325,P000160,原野旅行用品套装,C10,旅行用品,buy,2026-01-23 20:03:00,231.00,1,taobao,mac,福建省,厦门市,member,checkout,S000253,0,C202601,原野旅行,O000252
B000253,U000362,P000030,轻氧家居日用套装,C04,家居日用,buy,2026-01-23 11:58:00,106.00,1,taobao,ios,广东省,深圳市,member,checkout,S000254,0,C202605,轻氧家居,O000253
B000254,U000399,P000128,臻选旅行用品升级版,C10,旅行用品,buy,2026-01-24 19:49:00,514.00,1,offline,mac,江苏省,南京市,member,checkout,S000255,0,C202605,臻选旅行,O000254
B000255,U000436,P000005,轻盈数码配件套装,C05,数码配件,buy,2026-01-24 19:30:00,256.00,1,search,ios,河南省,郑州市,regular,checkout,S000256,0,C202601,轻盈数码,O000255
B000256,U000473,P000110,臻选美妆个护套装,C01,美妆个护,buy,2026-01-24 21:23:00,81.00,1,douyin,android,河南省,郑州市,regular,checkout,S000257,0,C202601,臻选美妆,O000256
B000257,U000510,P000032,臻选生鲜便携装,C09,生鲜,buy,2026-01-24 19:46:00,71.00,1,douyin,ios,北京市,北京市,regular,checkout,S000258,0,C202602,臻选生鲜,O000257
B000258,U000547,P000139,悦活运动户外日常款,C07,运动户外,buy,2026-01-24 16:35:00,358.00,1,search,android,湖北省,武汉市,regular,checkout,S000259,0,C202604,悦活运动,O000258
B000259,U000584,P000116,臻选数码配件旗舰款,C05,数码配件,buy,2026-01-24 17:31:00,228.00,1,search,ios,江苏省,南京市,regular,checkout,S000260,0,C202606,臻选数码,O000259
B000260,U000621,P000015,云感母婴用品套装,C06,母婴用品,buy,2026-01-24 12:20:00,128.00,1,jd,android,上海市,上海市,regular,checkout,S000261,0,C202603,云感母婴,O000260
B000261,U000658,P000133,悦活美妆个护升级版,C01,美妆个护,buy,2026-01-24 14:50:00,47.00,1,search,android,江苏省,南京市,regular,checkout,S000262,0,C202605,悦活美妆,O000261
B000262,U000695,P000011,轻盈旅行用品旗舰款,C10,旅行用品,buy,2026-01-24 12:36:00,224.00,1,wechat,mac,山东省,青岛市,regular,checkout,S000263,0,C202601,轻盈旅行,O000262
B000263,U000732,P000135,云感数码配件套装,C05,数码配件,buy,2026-01-24 17:36:00,182.00,1,jd,android,河南省,郑州市,regular,checkout,S000264,0,C202602,云感数码,O000263
B000264,U000769,P000059,轻盈美妆个护日常款,C01,美妆个护,buy,2026-01-24 22:38:00,52.00,2,taobao,ios,广东省,深圳市,regular,checkout,S000265,0,C202602,轻盈美妆,O000264
B000265,U000806,P000144,轻氧美妆个护日常款,C01,美妆个护,buy,2026-01-25 13:51:00,118.00,4,jd,android,河南省,郑州市,regular,checkout,S000266,0,C202605,轻氧美妆,O000265
B000266,U000843,P000168,轻氧服饰升级版,C03,服饰,buy,2026-01-25 13:06:00,368.00,3,wechat,mac,福建省,厦门市,new,checkout,S000267,1,C202601,轻氧服饰,O000266
B000267,U000880,P000028,原野数码配件升级版,C05,数码配件,buy,2026-01-25 13:32:00,158.00,1,search,windows,四川省,成都市,new,checkout,S000268,1,C202603,原野数码,O000267
B000268,U000017,P000166,原野服饰旗舰款,C03,服饰,buy,2026-01-25 18:38:00,378.00,1,search,mac,河南省,郑州市,high_value,checkout,S000269,0,C202604,原野服饰,O000268
B000269,U000054,P000071,轻盈宠物用品旗舰款,C08,宠物用品,buy,2026-01-25 23:17:00,144.00,1,wechat,mac,福建省,厦门市,high_value,checkout,S000270,0,C202602,轻盈宠物,O000269
B000270,U000091,P000071,轻盈宠物用品旗舰款,C08,宠物用品,buy,2026-01-25 22:08:00,144.00,1,taobao,mac,福建省,厦门市,high_value,checkout,S000271,0,C202606,轻盈宠物,O000270
B000271,U000128,P000166,原野服饰旗舰款,C03,服饰,buy,2026-01-25 14:37:00,378.00,1,wechat,ios,江苏省,南京市,member,checkout,S000272,0,C202606,原野服饰,O000271
B000272,U000165,P000010,原野旅行用品套装,C10,旅行用品,buy,2026-01-25 15:59:00,302.00,1,offline,ios,浙江省,杭州市,member,checkout,S000273,0,C202601,原野旅行,O000272
B000273,U000202,P000070,原野宠物用品套装,C08,宠物用品,buy,2026-01-25 19:30:00,147.00,1,search,mac,山东省,青岛市,member,checkout,S000274,0,C202602,原野宠物,O000273
B000274,U000239,P000105,云感运动户外套装,C07,运动户外,buy,2026-01-25 15:21:00,142.00,1,offline,windows,山东省,青岛市,member,checkout,S000275,0,C202605,云感运动,O000274
B000275,U000276,P000134,臻选数码配件日常款,C05,数码配件,buy,2026-01-25 16:53:00,120.00,1,taobao,ios,四川省,成都市,member,checkout,S000276,0,C202603,臻选数码,O000275
B000276,U000313,P000071,轻盈宠物用品旗舰款,C08,宠物用品,buy,2026-01-26 20:22:00,144.00,1,douyin,ios,上海市,上海市,member,checkout,S000277,0,C202603,轻盈宠物,O000276
B000277,U000350,P000163,悦活生鲜升级版,C09,生鲜,buy,2026-01-26 23:27:00,69.00,1,taobao,windows,福建省,厦门市,member,checkout,S000278,0,C202605,悦活生鲜,O000277
B000278,U000387,P000043,悦活服饰升级版,C03,服饰,buy,2026-01-26 17:05:00,237.00,1,jd,mac,河南省,郑州市,member,checkout,S000279,0,C202606,悦活服饰,O000278
B000279,U000424,P000038,臻选母婴用品升级版,C06,母婴用品,buy,2026-01-26 13:09:00,188.00,1,jd,mac,上海市,上海市,regular,checkout,S000280,0,C202606,臻选母婴,O000279
B000280,U000461,P000041,轻盈家居日用旗舰款,C04,家居日用,buy,2026-01-26 10:52:00,166.00,1,offline,ios,福建省,厦门市,regular,checkout,S000281,0,C202601,轻盈家居,O000280
B000281,U000498,P000075,云感母婴用品套装,C06,母婴用品,buy,2026-01-26 10:42:00,82.00,1,jd,windows,山东省,青岛市,regular,checkout,S000282,0,C202604,云感母婴,O000281
B000282,U000535,P000149,轻盈家居日用日常款,C04,家居日用,buy,2026-01-26 14:38:00,110.00,1,offline,android,上海市,上海市,regular,checkout,S000283,0,C202604,轻盈家居,O000282
B000283,U000572,P000031,悦活运动户外旗舰款,C07,运动户外,buy,2026-01-26 20:39:00,98.00,1,search,ios,四川省,成都市,regular,checkout,S000284,0,C202604,悦活运动,O000283
B000284,U000609,P000091,悦活母婴用品旗舰款,C06,母婴用品,buy,2026-01-26 16:59:00,87.00,1,offline,windows,浙江省,杭州市,regular,checkout,S000285,0,C202605,悦活母婴,O000284
B000285,U000646,P000152,臻选数码配件便携装,C05,数码配件,buy,2026-01-26 23:38:00,302.00,1,search,mac,浙江省,杭州市,regular,checkout,S000286,0,C202601,臻选数码,O000285
B000286,U000683,P000172,原野宠物用品便携装,C08,宠物用品,buy,2026-01-26 13:48:00,99.00,1,offline,windows,湖北省,武汉市,regular,checkout,S000287,0,C202602,原野宠物,O000286
B000287,U000720,P000017,轻盈食品饮料便携装,C02,食品饮料,buy,2026-01-27 20:31:00,71.00,1,wechat,ios,福建省,厦门市,regular,checkout,S000288,0,C202603,轻盈食品,O000287
B000288,U000757,P000159,云感旅行用品日常款,C10,旅行用品,buy,2026-01-27 22:41:00,514.00,1,taobao,windows,广东省,深圳市,regular,checkout,S000289,0,C202606,云感旅行,O000288
B000289,U000794,P000049,悦活数码配件日常款,C05,数码配件,buy,2026-01-27 21:06:00,141.00,1,taobao,ios,北京市,北京市,regular,checkout,S000290,0,C202603,悦活数码,O000289
B000290,U000831,P000152,臻选数码配件便携装,C05,数码配件,buy,2026-01-27 08:11:00,302.00,3,douyin,windows,浙江省,杭州市,new,checkout,S000291,1,C202605,臻选数码,O000290
B000291,U000868,P000041,轻盈家居日用旗舰款,C04,家居日用,buy,2026-01-27 14:54:00,166.00,1,wechat,android,上海市,上海市,new,checkout,S000292,1,C202603,轻盈家居,O000291
B000292,U000005,P000096,轻氧数码配件旗舰款,C05,数码配件,buy,2026-01-27 20:51:00,88.00,1,wechat,mac,上海市,上海市,high_value,checkout,S000293,0,C202601,轻氧数码,O000292
B000293,U000042,P000113,轻盈旅行用品升级版,C10,旅行用品,buy,2026-01-27 21:52:00,483.00,1,douyin,ios,湖北省,武汉市,high_value,checkout,S000294,0,C202603,轻盈旅行,O000293
B000294,U000079,P000150,轻氧母婴用品套装,C06,母婴用品,buy,2026-01-27 19:17:00,76.00,1,douyin,ios,上海市,上海市,high_value,checkout,S000295,0,C202605,轻氧母婴,O000294
B000295,U000116,P000041,轻盈家居日用旗舰款,C04,家居日用,buy,2026-01-27 22:56:00,166.00,1,taobao,windows,河南省,郑州市,high_value,checkout,S000296,0,C202604,轻盈家居,O000295
B000296,U000153,P000096,轻氧数码配件旗舰款,C05,数码配件,buy,2026-01-27 21:35:00,88.00,1,douyin,windows,河南省,郑州市,member,checkout,S000297,0,C202605,轻氧数码,O000296
B000297,U000190,P000044,臻选食品饮料日常款,C02,食品饮料,buy,2026-01-27 22:18:00,28.00,1,wechat,android,河南省,郑州市,member,checkout,S000298,0,C202605,臻选食品,O000297
B000298,U000227,P000126,轻氧旅行用品旗舰款,C10,旅行用品,buy,2026-01-28 11:44:00,248.00,1,offline,android,山东省,青岛市,member,checkout,S000299,0,C202602,轻氧旅行,O000298
B000299,U000264,P000159,云感旅行用品日常款,C10,旅行用品,buy,2026-01-28 21:39:00,514.00,1,taobao,mac,江苏省,南京市,member,checkout,S000300,0,C202602,云感旅行,O000299
B000300,U000301,P000015,云感母婴用品套装,C06,母婴用品,buy,2026-01-28 14:00:00,128.00,3,wechat,mac,湖北省,武汉市,member,checkout,S000301,0,C202604,云感母婴,O000300
B000301,U000338,P000108,轻氧母婴用品升级版,C06,母婴用品,buy,2026-01-28 21:42:00,86.00,1,taobao,android,上海市,上海市,member,checkout,S000302,0,C202601,轻氧母婴,O000301
B000302,U000375,P000025,悦活宠物用品套装,C08,宠物用品,buy,2026-01-28 10:21:00,105.00,1,taobao,ios,浙江省,杭州市,member,checkout,S000303,0,C202603,悦活宠物,O000302
B000303,U000412,P000117,云感食品饮料便携装,C02,食品饮料,buy,2026-01-28 12:50:00,54.00,1,search,android,山东省,青岛市,member,checkout,S000304,0,C202603,云感食品,O000303
B000304,U000449,P000133,悦活美妆个护升级版,C01,美妆个护,buy,2026-01-28 14:35:00,47.00,1,wechat,android,上海市,上海市,regular,checkout,S000305,0,C202605,悦活美妆,O000304
B000305,U000486,P000123,云感宠物用品升级版,C08,宠物用品,buy,2026-01-28 16:59:00,83.00,1,jd,android,山东省,青岛市,regular,checkout,S000306,0,C202601,云感宠物,O000305
B000306,U000523,P000122,臻选运动户外便携装,C07,运动户外,buy,2026-01-28 11:21:00,212.00,1,taobao,windows,江苏省,南京市,regular,checkout,S000307,0,C202602,臻选运动,O000306
B000307,U000560,P000091,悦活母婴用品旗舰款,C06,母婴用品,buy,2026-01-28 14:45:00,87.00,1,wechat,ios,山东省,青岛市,regular,checkout,S000308,0,C202605,悦活母婴,O000307
B000308,U000597,P000085,悦活家居日用套装,C04,家居日用,buy,2026-01-28 18:22:00,70.00,1,jd,ios,四川省,成都市,regular,checkout,S000309,0,C202606,悦活家居,O000308
B000309,U000634,P000027,云感宠物用品便携装,C08,宠物用品,buy,2026-01-29 08:37:00,96.00,1,taobao,mac,广东省,深圳市,regular,checkout,S000310,0,C202601,云感宠物,O000309
B000310,U000671,P000120,轻氧宠物用品套装,C08,宠物用品,buy,2026-01-29 21:23:00,58.00,1,jd,ios,河南省,郑州市,regular,checkout,S000311,0,C202604,轻氧宠物,O000310
B000311,U000708,P000072,轻氧美妆个护便携装,C01,美妆个护,buy,2026-01-29 10:51:00,122.00,1,taobao,windows,北京市,北京市,regular,checkout,S000312,0,C202601,轻氧美妆,O000311
B000312,U000745,P000120,轻氧宠物用品套装,C08,宠物用品,buy,2026-01-29 19:31:00,58.00,1,taobao,windows,四川省,成都市,regular,checkout,S000313,0,C202605,轻氧宠物,O000312
B000313,U000782,P000121,悦活运动户外旗舰款,C07,运动户外,buy,2026-01-29 23:57:00,291.00,1,taobao,mac,湖北省,武汉市,regular,checkout,S000314,0,C202605,悦活运动,O000313
B000314,U000819,P000016,原野运动户外旗舰款,C07,运动户外,buy,2026-01-29 21:48:00,164.00,1,wechat,ios,广东省,深圳市,regular,checkout,S000315,0,C202604,原野运动,O000314
B000315,U000856,P000106,原野母婴用品旗舰款,C06,母婴用品,buy,2026-01-29 12:05:00,102.00,1,wechat,windows,北京市,北京市,new,checkout,S000316,1,C202606,原野母婴,O000315
B000316,U000893,P000115,悦活美妆个护套装,C01,美妆个护,buy,2026-01-29 16:13:00,86.00,1,offline,windows,浙江省,杭州市,new,checkout,S000317,1,C202604,悦活美妆,O000316
B000317,U000030,P000108,轻氧母婴用品升级版,C06,母婴用品,buy,2026-01-29 18:57:00,86.00,3,wechat,windows,福建省,厦门市,high_value,checkout,S000318,0,C202603,轻氧母婴,O000317
B000318,U000067,P000085,悦活家居日用套装,C04,家居日用,buy,2026-01-29 19:23:00,70.00,1,jd,mac,江苏省,南京市,high_value,checkout,S000319,0,C202603,悦活家居,O000318
B000319,U000104,P000023,轻盈食品饮料升级版,C02,食品饮料,buy,2026-01-29 20:55:00,79.00,1,wechat,android,福建省,厦门市,high_value,checkout,S000320,0,C202602,轻盈食品,O000319
B000320,U000141,P000024,轻氧食品饮料日常款,C02,食品饮料,buy,2026-01-30 12:13:00,55.00,4,taobao,ios,湖北省,武汉市,member,checkout,S000321,0,C202606,轻氧食品,O000320
B000321,U000178,P000083,轻盈运动户外升级版,C07,运动户外,buy,2026-01-30 10:59:00,227.00,1,offline,android,浙江省,杭州市,member,checkout,S000322,0,C202605,轻盈运动,O000321
B000322,U000215,P000010,原野旅行用品套装,C10,旅行用品,buy,2026-01-30 19:18:00,302.00,1,taobao,mac,浙江省,杭州市,member,checkout,S000323,0,C202604,原野旅行,O000322
B000323,U000252,P000146,臻选生鲜旗舰款,C09,生鲜,buy,2026-01-30 10:53:00,112.00,1,search,ios,湖北省,武汉市,member,checkout,S000324,0,C202602,臻选生鲜,O000323
B000324,U000289,P000021,云感宠物用品旗舰款,C08,宠物用品,buy,2026-01-30 10:42:00,160.00,2,douyin,mac,河南省,郑州市,member,checkout,S000325,0,C202604,云感宠物,O000324
B000325,U000326,P000059,轻盈美妆个护日常款,C01,美妆个护,buy,2026-01-30 11:49:00,52.00,4,search,windows,河南省,郑州市,member,checkout,S000326,0,C202605,轻盈美妆,O000325
B000326,U000363,P000121,悦活运动户外旗舰款,C07,运动户外,buy,2026-01-30 16:17:00,291.00,1,wechat,ios,山东省,青岛市,member,checkout,S000327,0,C202601,悦活运动,O000326
B000327,U000400,P000105,云感运动户外套装,C07,运动户外,buy,2026-01-30 20:25:00,142.00,1,wechat,mac,广东省,深圳市,member,checkout,S000328,0,C202604,云感运动,O000327
B000328,U000437,P000144,轻氧美妆个护日常款,C01,美妆个护,buy,2026-01-30 10:26:00,118.00,1,wechat,windows,北京市,北京市,regular,checkout,S000329,0,C202604,轻氧美妆,O000328
B000329,U000474,P000141,云感数码配件旗舰款,C05,数码配件,buy,2026-01-30 20:51:00,220.00,1,search,ios,山东省,青岛市,regular,checkout,S000330,0,C202606,云感数码,O000329
B000330,U000511,P000014,臻选食品饮料日常款,C02,食品饮料,buy,2026-01-30 10:19:00,60.00,1,offline,ios,江苏省,南京市,regular,checkout,S000331,0,C202601,臻选食品,O000330
B000331,U000548,P000156,轻氧母婴用品旗舰款,C06,母婴用品,buy,2026-01-31 14:47:00,153.00,1,douyin,windows,浙江省,杭州市,regular,checkout,S000332,0,C202602,轻氧母婴,O000331
B000332,U000585,P000096,轻氧数码配件旗舰款,C05,数码配件,buy,2026-01-31 18:36:00,88.00,1,taobao,android,山东省,青岛市,regular,checkout,S000333,0,C202606,轻氧数码,O000332
B000333,U000622,P000115,悦活美妆个护套装,C01,美妆个护,buy,2026-01-31 12:03:00,86.00,1,taobao,ios,河南省,郑州市,regular,checkout,S000334,0,C202606,悦活美妆,O000333
B000334,U000659,P000094,原野运动户外日常款,C07,运动户外,buy,2026-01-31 08:09:00,136.00,4,taobao,mac,浙江省,杭州市,regular,checkout,S000335,0,C202604,原野运动,O000334
B000335,U000696,P000030,轻氧家居日用套装,C04,家居日用,buy,2026-01-31 13:21:00,106.00,1,search,ios,江苏省,南京市,regular,checkout,S000336,0,C202606,轻氧家居,O000335
B000336,U000733,P000110,臻选美妆个护套装,C01,美妆个护,buy,2026-01-31 15:07:00,81.00,1,offline,mac,福建省,厦门市,regular,checkout,S000337,0,C202605,臻选美妆,O000336
B000337,U000770,P000106,原野母婴用品旗舰款,C06,母婴用品,buy,2026-01-31 20:08:00,102.00,1,search,windows,江苏省,南京市,regular,checkout,S000338,0,C202605,原野母婴,O000337
B000338,U000807,P000027,云感宠物用品便携装,C08,宠物用品,buy,2026-01-31 15:48:00,96.00,1,wechat,windows,上海市,上海市,regular,checkout,S000339,0,C202603,云感宠物,O000338
B000339,U000844,P000105,云感运动户外套装,C07,运动户外,buy,2026-01-31 17:21:00,142.00,1,taobao,ios,北京市,北京市,new,checkout,S000340,1,C202602,云感运动,O000339
B000340,U000881,P000050,臻选生鲜套装,C09,生鲜,buy,2026-01-31 19:21:00,108.00,1,offline,android,北京市,北京市,new,checkout,S000341,1,C202606,臻选生鲜,O000340
B000341,U000018,P000046,原野食品饮料旗舰款,C02,食品饮料,buy,2026-01-31 23:05:00,69.00,1,wechat,android,山东省,青岛市,high_value,checkout,S000342,0,C202605,原野食品,O000341
B000342,U000055,P000065,轻盈生鲜套装,C09,生鲜,buy,2026-02-01 15:07:00,41.00,1,offline,windows,广东省,深圳市,high_value,checkout,S000343,0,C202604,轻盈生鲜,O000342
B000343,U000092,P000154,原野生鲜日常款,C09,生鲜,buy,2026-02-01 16:56:00,103.00,1,search,mac,浙江省,杭州市,high_value,checkout,S000344,0,C202603,原野生鲜,O000343
B000344,U000129,P000013,悦活食品饮料升级版,C02,食品饮料,buy,2026-02-01 22:35:00,91.00,4,douyin,android,河南省,郑州市,member,checkout,S000345,0,C202606,悦活食品,O000344
B000345,U000166,P000094,原野运动户外日常款,C07,运动户外,buy,2026-02-01 17:43:00,136.00,1,taobao,mac,北京市,北京市,member,checkout,S000346,0,C202605,原野运动,O000345
B000346,U000203,P000086,臻选数码配件旗舰款,C05,数码配件,buy,2026-02-01 17:02:00,150.00,1,offline,windows,浙江省,杭州市,member,checkout,S000347,0,C202606,臻选数码,O000346
B000347,U000240,P000157,悦活旅行用品便携装,C10,旅行用品,buy,2026-02-01 17:26:00,436.00,1,taobao,windows,河南省,郑州市,member,checkout,S000348,0,C202604,悦活旅行,O000347
B000348,U000277,P000004,原野旅行用品日常款,C10,旅行用品,buy,2026-02-01 12:04:00,271.00,1,taobao,ios,福建省,厦门市,member,checkout,S000349,0,C202603,原野旅行,O000348
B000349,U000314,P000116,臻选数码配件旗舰款,C05,数码配件,buy,2026-02-01 11:19:00,228.00,1,douyin,android,浙江省,杭州市,member,checkout,S000350,0,C202602,臻选数码,O000349
B000350,U000351,P000155,轻盈生鲜套装,C09,生鲜,buy,2026-02-01 16:26:00,106.00,1,jd,windows,河南省,郑州市,member,checkout,S000351,0,C202604,轻盈生鲜,O000350
B000351,U000388,P000097,悦活母婴用品便携装,C06,母婴用品,buy,2026-02-01 22:01:00,123.00,1,offline,windows,河南省,郑州市,member,checkout,S000352,0,C202602,悦活母婴,O000351
B000352,U000425,P000065,轻盈生鲜套装,C09,生鲜,buy,2026-02-01 11:18:00,41.00,1,wechat,android,四川省,成都市,regular,checkout,S000353,0,C202605,轻盈生鲜,O000352
B000353,U000462,P000016,原野运动户外旗舰款,C07,运动户外,buy,2026-02-02 21:19:00,164.00,1,douyin,ios,北京市,北京市,regular,checkout,S000354,0,C202603,原野运动,O000353
B000354,U000499,P000124,原野食品饮料日常款,C02,食品饮料,buy,2026-02-02 23:12:00,60.00,1,wechat,mac,河南省,郑州市,regular,checkout,S000355,0,C202604,原野食品,O000354
B000355,U000536,P000090,轻氧旅行用品套装,C10,旅行用品,buy,2026-02-02 21:39:00,170.00,1,taobao,windows,江苏省,南京市,regular,checkout,S000356,0,C202604,轻氧旅行,O000355
B000356,U000573,P000039,云感生鲜日常款,C09,生鲜,buy,2026-02-02 20:46:00,109.00,1,wechat,mac,北京市,北京市,regular,checkout,S000357,0,C202603,云感生鲜,O000356
B000357,U000610,P000029,轻盈食品饮料日常款,C02,食品饮料,buy,2026-02-02 20:03:00,91.00,1,wechat,windows,湖北省,武汉市,regular,checkout,S000358,0,C202604,轻盈食品,O000357
B000358,U000647,P000079,悦活服饰日常款,C03,服饰,buy,2026-02-02 21:12:00,452.00,2,taobao,android,北京市,北京市,regular,checkout,S000359,0,C202606,悦活服饰,O000358
B000359,U000684,P000001,悦活家居日用旗舰款,C04,家居日用,buy,2026-02-02 12:04:00,141.00,1,search,windows,浙江省,杭州市,regular,checkout,S000360,0,C202606,悦活家居,O000359
B000360,U000721,P000118,原野美妆个护升级版,C01,美妆个护,buy,2026-02-02 11:24:00,133.00,4,douyin,android,四川省,成都市,regular,checkout,S000361,0,C202604,原野美妆,O000360
B000361,U000758,P000139,悦活运动户外日常款,C07,运动户外,buy,2026-02-02 08:33:00,358.00,1,taobao,ios,四川省,成都市,regular,checkout,S000362,0,C202604,悦活运动,O000361
B000362,U000795,P000129,云感服饰日常款,C03,服饰,buy,2026-02-02 08:18:00,307.00,1,taobao,windows,湖北省,武汉市,regular,checkout,S000363,0,C202601,云感服饰,O000362
B000363,U000832,P000012,轻氧母婴用品便携装,C06,母婴用品,buy,2026-02-02 19:59:00,128.00,1,jd,mac,四川省,成都市,new,checkout,S000364,1,C202605,轻氧母婴,O000363
B000364,U000869,P000068,臻选旅行用品升级版,C10,旅行用品,buy,2026-02-03 23:54:00,202.00,1,offline,windows,四川省,成都市,new,checkout,S000365,1,C202601,臻选旅行,O000364
B000365,U000006,P000016,原野运动户外旗舰款,C07,运动户外,buy,2026-02-03 13:26:00,164.00,1,wechat,windows,江苏省,南京市,high_value,checkout,S000366,0,C202603,原野运动,O000365
B000366,U000043,P000088,原野家居日用升级版,C04,家居日用,buy,2026-02-03 19:16:00,89.00,1,search,ios,河南省,郑州市,high_value,checkout,S000367,0,C202606,原野家居,O000366
B000367,U000080,P000094,原野运动户外日常款,C07,运动户外,buy,2026-02-03 20:32:00,136.00,1,jd,android,广东省,深圳市,high_value,checkout,S000368,0,C202605,原野运动,O000367
B000368,U000117,P000075,云感母婴用品套装,C06,母婴用品,buy,2026-02-03 21:48:00,82.00,1,jd,mac,四川省,成都市,high_value,checkout,S000369,0,C202603,云感母婴,O000368
B000369,U000154,P000007,悦活服饰便携装,C03,服饰,buy,2026-02-03 10:03:00,344.00,4,taobao,android,浙江省,杭州市,member,checkout,S000370,0,C202603,悦活服饰,O000369
B000370,U000191,P000066,轻氧母婴用品旗舰款,C06,母婴用品,buy,2026-02-03 21:15:00,76.00,1,taobao,ios,河南省,郑州市,member,checkout,S000371,0,C202606,轻氧母婴,O000370
B000371,U000228,P000097,悦活母婴用品便携装,C06,母婴用品,buy,2026-02-03 10:59:00,123.00,1,search,mac,广东省,深圳市,member,checkout,S000372,0,C202604,悦活母婴,O000371
B000372,U000265,P000156,轻氧母婴用品旗舰款,C06,母婴用品,buy,2026-02-03 18:45:00,153.00,2,taobao,android,山东省,青岛市,member,checkout,S000373,0,C202605,轻氧母婴,O000372
B000373,U000302,P000132,轻氧家居日用便携装,C04,家居日用,buy,2026-02-03 23:55:00,91.00,1,search,windows,浙江省,杭州市,member,checkout,S000374,0,C202601,轻氧家居,O000373
B000374,U000339,P000108,轻氧母婴用品升级版,C06,母婴用品,buy,2026-02-03 16:44:00,86.00,1,wechat,mac,山东省,青岛市,member,checkout,S000375,0,C202605,轻氧母婴,O000374
B000375,U000376,P000007,悦活服饰便携装,C03,服饰,buy,2026-02-04 21:39:00,344.00,2,wechat,windows,北京市,北京市,member,checkout,S000376,0,C202601,悦活服饰,O000375
B000376,U000413,P000010,原野旅行用品套装,C10,旅行用品,buy,2026-02-04 11:06:00,302.00,1,wechat,mac,四川省,成都市,member,checkout,S000377,0,C202606,原野旅行,O000376
B000377,U000450,P000058,原野生鲜升级版,C09,生鲜,buy,2026-02-04 10:55:00,44.00,1,wechat,windows,四川省,成都市,regular,checkout,S000378,0,C202602,原野生鲜,O000377
B000378,U000487,P000004,原野旅行用品日常款,C10,旅行用品,buy,2026-02-04 18:35:00,271.00,3,wechat,windows,广东省,深圳市,regular,checkout,S000379,0,C202601,原野旅行,O000378
B000379,U000524,P000044,臻选食品饮料日常款,C02,食品饮料,buy,2026-02-04 22:08:00,28.00,1,offline,android,湖北省,武汉市,regular,checkout,S000380,0,C202604,臻选食品,O000379
B000380,U000561,P000134,臻选数码配件日常款,C05,数码配件,buy,2026-02-04 22:55:00,120.00,4,jd,windows,北京市,北京市,regular,checkout,S000381,0,C202605,臻选数码,O000380
B000381,U000598,P000151,悦活美妆个护旗舰款,C01,美妆个护,buy,2026-02-04 16:30:00,38.00,1,taobao,windows,福建省,厦门市,regular,checkout,S000382,0,C202605,悦活美妆,O000381
B000382,U000635,P000115,悦活美妆个护套装,C01,美妆个护,buy,2026-02-04 17:23:00,86.00,1,jd,windows,湖北省,武汉市,regular,checkout,S000383,0,C202603,悦活美妆,O000382
B000383,U000672,P000103,悦活美妆个护升级版,C01,美妆个护,buy,2026-02-04 18:07:00,76.00,1,search,windows,上海市,上海市,regular,checkout,S000384,0,C202604,悦活美妆,O000383
B000384,U000709,P000169,悦活生鲜日常款,C09,生鲜,buy,2026-02-04 14:24:00,42.00,1,offline,ios,江苏省,南京市,regular,checkout,S000385,0,C202601,悦活生鲜,O000384
B000385,U000746,P000126,轻氧旅行用品旗舰款,C10,旅行用品,buy,2026-02-04 08:49:00,248.00,1,taobao,windows,上海市,上海市,regular,checkout,S000386,0,C202601,轻氧旅行,O000385
B000386,U000783,P000059,轻盈美妆个护日常款,C01,美妆个护,buy,2026-02-05 13:26:00,52.00,1,search,windows,江苏省,南京市,regular,checkout,S000387,0,C202603,轻盈美妆,O000386
B000387,U000820,P000121,悦活运动户外旗舰款,C07,运动户外,buy,2026-02-05 08:24:00,291.00,1,douyin,windows,上海市,上海市,regular,checkout,S000388,0,C202606,悦活运动,O000387
B000388,U000857,P000045,云感食品饮料套装,C02,食品饮料,buy,2026-02-05 18:10:00,67.00,4,douyin,ios,山东省,青岛市,new,checkout,S000389,1,C202605,云感食品,O000388
B000389,U000894,P000146,臻选生鲜旗舰款,C09,生鲜,buy,2026-02-05 21:42:00,112.00,3,jd,windows,山东省,青岛市,new,checkout,S000390,1,C202604,臻选生鲜,O000389
B000390,U000031,P000091,悦活母婴用品旗舰款,C06,母婴用品,buy,2026-02-05 13:17:00,87.00,1,douyin,mac,江苏省,南京市,high_value,checkout,S000391,0,C202601,悦活母婴,O000390
B000391,U000068,P000091,悦活母婴用品旗舰款,C06,母婴用品,buy,2026-02-05 08:43:00,87.00,1,taobao,windows,四川省,成都市,high_value,checkout,S000392,0,C202605,悦活母婴,O000391
B000392,U000105,P000092,臻选服饰便携装,C03,服饰,buy,2026-02-05 22:35:00,291.00,1,douyin,mac,四川省,成都市,high_value,checkout,S000393,0,C202606,臻选服饰,O000392
B000393,U000142,P000121,悦活运动户外旗舰款,C07,运动户外,buy,2026-02-05 09:53:00,291.00,1,wechat,ios,湖北省,武汉市,member,checkout,S000394,0,C202601,悦活运动,O000393
B000394,U000179,P000139,悦活运动户外日常款,C07,运动户外,buy,2026-02-05 14:32:00,358.00,1,douyin,windows,四川省,成都市,member,checkout,S000395,0,C202604,悦活运动,O000394
B000395,U000216,P000132,轻氧家居日用便携装,C04,家居日用,buy,2026-02-05 22:59:00,91.00,1,jd,ios,山东省,青岛市,member,checkout,S000396,0,C202604,轻氧家居,O000395
B000396,U000253,P000078,轻氧运动户外升级版,C07,运动户外,buy,2026-02-05 21:00:00,332.00,1,taobao,ios,上海市,上海市,member,checkout,S000397,0,C202606,轻氧运动,O000396
B000397,U000290,P000010,原野旅行用品套装,C10,旅行用品,buy,2026-02-06 08:39:00,302.00,1,offline,android,福建省,厦门市,member,checkout,S000398,0,C202605,原野旅行,O000397
B000398,U000327,P000032,臻选生鲜便携装,C09,生鲜,buy,2026-02-06 15:16:00,71.00,1,wechat,mac,北京市,北京市,member,checkout,S000399,0,C202604,臻选生鲜,O000398
B000399,U000364,P000067,悦活旅行用品便携装,C10,旅行用品,buy,2026-02-06 10:38:00,195.00,3,wechat,mac,江苏省,南京市,member,checkout,S000400,0,C202604,悦活旅行,O000399
B000400,U000401,P000025,悦活宠物用品套装,C08,宠物用品,buy,2026-02-06 18:30:00,105.00,1,offline,android,浙江省,杭州市,member,checkout,S000401,0,C202606,悦活宠物,O000400
B000401,U000438,P000172,原野宠物用品便携装,C08,宠物用品,buy,2026-02-06 21:04:00,99.00,1,douyin,windows,福建省,厦门市,regular,checkout,S000402,0,C202604,原野宠物,O000401
B000402,U000475,P000168,轻氧服饰升级版,C03,服饰,buy,2026-02-06 20:21:00,368.00,1,offline,ios,福建省,厦门市,regular,checkout,S000403,0,C202606,轻氧服饰,O000402
B000403,U000512,P000051,云感宠物用品旗舰款,C08,宠物用品,buy,2026-02-06 15:31:00,64.00,4,taobao,ios,浙江省,杭州市,regular,checkout,S000404,0,C202603,云感宠物,O000403
B000404,U000549,P000154,原野生鲜日常款,C09,生鲜,buy,2026-02-06 09:20:00,103.00,1,douyin,windows,福建省,厦门市,regular,checkout,S000405,0,C202602,原野生鲜,O000404
B000405,U000586,P000048,轻氧宠物用品升级版,C08,宠物用品,buy,2026-02-06 10:35:00,142.00,3,jd,ios,山东省,青岛市,regular,checkout,S000406,0,C202602,轻氧宠物,O000405
B000406,U000623,P000013,悦活食品饮料升级版,C02,食品饮料,buy,2026-02-06 15:23:00,91.00,2,wechat,android,江苏省,南京市,regular,checkout,S000407,0,C202601,悦活食品,O000406
B000407,U000660,P000006,轻氧母婴用品旗舰款,C06,母婴用品,buy,2026-02-06 08:44:00,161.00,3,jd,mac,上海市,上海市,regular,checkout,S000408,0,C202604,轻氧母婴,O000407
B000408,U000697,P000114,轻氧母婴用品日常款,C06,母婴用品,buy,2026-02-07 15:53:00,142.00,1,jd,ios,山东省,青岛市,regular,checkout,S000409,0,C202606,轻氧母婴,O000408
B000409,U000734,P000142,原野母婴用品便携装,C06,母婴用品,buy,2026-02-07 19:13:00,161.00,4,jd,mac,江苏省,南京市,regular,checkout,S000410,0,C202606,原野母婴,O000409
B000410,U000771,P000056,臻选旅行用品旗舰款,C10,旅行用品,buy,2026-02-07 12:41:00,443.00,1,offline,ios,四川省,成都市,regular,checkout,S000411,0,C202606,臻选旅行,O000410
B000411,U000808,P000163,悦活生鲜升级版,C09,生鲜,buy,2026-02-07 19:01:00,69.00,1,douyin,windows,江苏省,南京市,regular,checkout,S000412,0,C202601,悦活生鲜,O000411
B000412,U000845,P000171,云感生鲜旗舰款,C09,生鲜,buy,2026-02-07 17:24:00,30.00,1,search,mac,上海市,上海市,new,checkout,S000413,1,C202603,云感生鲜,O000412
B000413,U000882,P000145,悦活宠物用品套装,C08,宠物用品,buy,2026-02-07 10:09:00,42.00,2,jd,mac,上海市,上海市,new,checkout,S000414,1,C202606,悦活宠物,O000413
B000414,U000019,P000139,悦活运动户外日常款,C07,运动户外,buy,2026-02-07 19:13:00,358.00,1,taobao,android,浙江省,杭州市,high_value,checkout,S000415,0,C202604,悦活运动,O000414
B000415,U000056,P000081,云感数码配件旗舰款,C05,数码配件,buy,2026-02-07 16:13:00,152.00,1,search,android,浙江省,杭州市,high_value,checkout,S000416,0,C202602,云感数码,O000415
B000416,U000093,P000093,云感生鲜升级版,C09,生鲜,buy,2026-02-07 19:36:00,39.00,1,taobao,windows,湖北省,武汉市,high_value,checkout,S000417,0,C202601,云感生鲜,O000416
B000417,U000130,P000044,臻选食品饮料日常款,C02,食品饮料,buy,2026-02-07 20:19:00,28.00,3,douyin,android,北京市,北京市,member,checkout,S000418,0,C202601,臻选食品,O000417
B000418,U000167,P000073,悦活家居日用升级版,C04,家居日用,buy,2026-02-07 18:02:00,147.00,2,search,mac,广东省,深圳市,member,checkout,S000419,0,C202601,悦活家居,O000418
B000419,U000204,P000005,轻盈数码配件套装,C05,数码配件,buy,2026-02-08 22:36:00,256.00,1,offline,ios,湖北省,武汉市,member,checkout,S000420,0,C202602,轻盈数码,O000419
B000420,U000241,P000146,臻选生鲜旗舰款,C09,生鲜,buy,2026-02-08 21:46:00,112.00,1,search,mac,江苏省,南京市,member,checkout,S000421,0,C202602,臻选生鲜,O000420
B000421,U000278,P000023,轻盈食品饮料升级版,C02,食品饮料,buy,2026-02-08 17:23:00,79.00,1,jd,android,湖北省,武汉市,member,checkout,S000422,0,C202602,轻盈食品,O000421
B000422,U000315,P000035,轻盈家居日用套装,C04,家居日用,buy,2026-02-08 08:43:00,116.00,1,douyin,android,江苏省,南京市,member,checkout,S000423,0,C202604,轻盈家居,O000422
B000423,U000352,P000006,轻氧母婴用品旗舰款,C06,母婴用品,buy,2026-02-08 23:01:00,161.00,2,taobao,android,四川省,成都市,member,checkout,S000424,0,C202601,轻氧母婴,O000423
B000424,U000389,P000034,原野生鲜日常款,C09,生鲜,buy,2026-02-08 13:46:00,71.00,3,jd,ios,广东省,深圳市,member,checkout,S000425,0,C202606,原野生鲜,O000424
B000425,U000426,P000053,轻盈服饰升级版,C03,服饰,buy,2026-02-08 14:07:00,262.00,1,search,windows,广东省,深圳市,regular,checkout,S000426,0,C202602,轻盈服饰,O000425
B000426,U000463,P000163,悦活生鲜升级版,C09,生鲜,buy,2026-02-08 14:58:00,69.00,2,offline,ios,浙江省,杭州市,regular,checkout,S000427,0,C202605,悦活生鲜,O000426
B000427,U000500,P000163,悦活生鲜升级版,C09,生鲜,buy,2026-02-08 15:14:00,69.00,4,taobao,ios,河南省,郑州市,regular,checkout,S000428,0,C202602,悦活生鲜,O000427
B000428,U000537,P000010,原野旅行用品套装,C10,旅行用品,buy,2026-02-08 17:55:00,302.00,1,taobao,android,山东省,青岛市,regular,checkout,S000429,0,C202601,原野旅行,O000428
B000429,U000574,P000117,云感食品饮料便携装,C02,食品饮料,buy,2026-02-08 20:57:00,54.00,1,search,ios,广东省,深圳市,regular,checkout,S000430,0,C202601,云感食品,O000429
B000430,U000611,P000131,轻盈生鲜旗舰款,C09,生鲜,buy,2026-02-09 21:09:00,85.00,1,douyin,windows,河南省,郑州市,regular,checkout,S000431,0,C202603,轻盈生鲜,O000430
B000431,U000648,P000093,云感生鲜升级版,C09,生鲜,buy,2026-02-09 23:49:00,39.00,1,search,mac,湖北省,武汉市,regular,checkout,S000432,0,C202604,云感生鲜,O000431
B000432,U000685,P000086,臻选数码配件旗舰款,C05,数码配件,buy,2026-02-09 17:54:00,150.00,1,offline,mac,山东省,青岛市,regular,checkout,S000433,0,C202603,臻选数码,O000432
B000433,U000722,P000047,轻盈服饰便携装,C03,服饰,buy,2026-02-09 17:10:00,154.00,1,douyin,android,浙江省,杭州市,regular,checkout,S000434,0,C202606,轻盈服饰,O000433
B000434,U000759,P000167,轻盈美妆个护便携装,C01,美妆个护,buy,2026-02-09 12:08:00,119.00,1,search,windows,河南省,郑州市,regular,checkout,S000435,0,C202601,轻盈美妆,O000434
B000435,U000796,P000119,轻盈宠物用品日常款,C08,宠物用品,buy,2026-02-09 10:20:00,99.00,1,offline,android,浙江省,杭州市,regular,checkout,S000436,0,C202603,轻盈宠物,O000435
B000436,U000833,P000164,臻选食品饮料日常款,C02,食品饮料,buy,2026-02-09 11:38:00,73.00,1,search,mac,福建省,厦门市,new,checkout,S000437,1,C202605,臻选食品,O000436
B000437,U000870,P000039,云感生鲜日常款,C09,生鲜,buy,2026-02-09 13:54:00,109.00,4,wechat,ios,江苏省,南京市,new,checkout,S000438,1,C202601,云感生鲜,O000437
B000438,U000007,P000113,轻盈旅行用品升级版,C10,旅行用品,buy,2026-02-09 23:54:00,483.00,2,search,ios,江苏省,南京市,high_value,checkout,S000439,0,C202606,轻盈旅行,O000438
B000439,U000044,P000003,云感生鲜升级版,C09,生鲜,buy,2026-02-09 23:10:00,73.00,1,wechat,android,浙江省,杭州市,high_value,checkout,S000440,0,C202603,云感生鲜,O000439
B000440,U000081,P000042,轻氧美妆个护便携装,C01,美妆个护,buy,2026-02-09 12:38:00,69.00,1,search,android,广东省,深圳市,high_value,checkout,S000441,0,C202606,轻氧美妆,O000440
B000441,U000118,P000127,悦活食品饮料便携装,C02,食品饮料,buy,2026-02-10 08:11:00,39.00,1,offline,ios,广东省,深圳市,high_value,checkout,S000442,0,C202604,悦活食品,O000441
B000442,U000155,P000003,云感生鲜升级版,C09,生鲜,buy,2026-02-10 11:25:00,73.00,4,wechat,windows,四川省,成都市,member,checkout,S000443,0,C202604,云感生鲜,O000442
B000443,U000192,P000050,臻选生鲜套装,C09,生鲜,buy,2026-02-10 18:53:00,108.00,1,jd,mac,山东省,青岛市,member,checkout,S000444,0,C202603,臻选生鲜,O000443
B000444,U000229,P000012,轻氧母婴用品便携装,C06,母婴用品,buy,2026-02-10 14:47:00,128.00,1,douyin,ios,江苏省,南京市,member,checkout,S000445,0,C202605,轻氧母婴,O000444
B000445,U000266,P000024,轻氧食品饮料日常款,C02,食品饮料,buy,2026-02-10 11:05:00,55.00,1,search,windows,湖北省,武汉市,member,checkout,S000446,0,C202603,轻氧食品,O000445
B000446,U000303,P000060,轻氧数码配件套装,C05,数码配件,buy,2026-02-10 18:21:00,269.00,1,offline,android,北京市,北京市,member,checkout,S000447,0,C202606,轻氧数码,O000446
B000447,U000340,P000145,悦活宠物用品套装,C08,宠物用品,buy,2026-02-10 14:17:00,42.00,1,offline,windows,江苏省,南京市,member,checkout,S000448,0,C202603,悦活宠物,O000447
B000448,U000377,P000010,原野旅行用品套装,C10,旅行用品,buy,2026-02-10 09:06:00,302.00,2,taobao,windows,四川省,成都市,member,checkout,S000449,0,C202602,原野旅行,O000448
B000449,U000414,P000158,臻选母婴用品升级版,C06,母婴用品,buy,2026-02-10 22:06:00,121.00,1,douyin,android,四川省,成都市,member,checkout,S000450,0,C202605,臻选母婴,O000449
B000450,U000451,P000113,轻盈旅行用品升级版,C10,旅行用品,buy,2026-02-10 22:30:00,483.00,1,jd,mac,湖北省,武汉市,regular,checkout,S000451,0,C202602,轻盈旅行,O000450
B000451,U000488,P000043,悦活服饰升级版,C03,服饰,buy,2026-02-10 09:18:00,237.00,1,taobao,ios,北京市,北京市,regular,checkout,S000452,0,C202604,悦活服饰,O000451
B000452,U000525,P000042,轻氧美妆个护便携装,C01,美妆个护,buy,2026-02-11 20:11:00,69.00,1,taobao,mac,广东省,深圳市,regular,checkout,S000453,0,C202606,轻氧美妆,O000452
B000453,U000562,P000030,轻氧家居日用套装,C04,家居日用,buy,2026-02-11 08:39:00,106.00,1,offline,windows,四川省,成都市,regular,checkout,S000454,0,C202605,轻氧家居,O000453
B000454,U000599,P000012,轻氧母婴用品便携装,C06,母婴用品,buy,2026-02-11 12:07:00,128.00,1,wechat,android,北京市,北京市,regular,checkout,S000455,0,C202606,轻氧母婴,O000454
B000455,U000636,P000049,悦活数码配件日常款,C05,数码配件,buy,2026-02-11 22:42:00,141.00,1,offline,ios,北京市,北京市,regular,checkout,S000456,0,C202605,悦活数码,O000455
B000456,U000673,P000095,轻盈旅行用品套装,C10,旅行用品,buy,2026-02-11 17:29:00,577.00,1,taobao,windows,广东省,深圳市,regular,checkout,S000457,0,C202602,轻盈旅行,O000456
B000457,U000710,P000159,云感旅行用品日常款,C10,旅行用品,buy,2026-02-11 15:29:00,514.00,1,search,mac,四川省,成都市,regular,checkout,S000458,0,C202604,云感旅行,O000457
B000458,U000747,P000002,臻选服饰便携装,C03,服饰,buy,2026-02-11 08:05:00,332.00,1,search,windows,福建省,厦门市,regular,checkout,S000459,0,C202601,臻选服饰,O000458
B000459,U000784,P000004,原野旅行用品日常款,C10,旅行用品,buy,2026-02-11 20:20:00,271.00,1,search,android,江苏省,南京市,regular,checkout,S000460,0,C202606,原野旅行,O000459
B000460,U000821,P000061,悦活家居日用旗舰款,C04,家居日用,buy,2026-02-11 12:45:00,157.00,1,douyin,ios,山东省,青岛市,new,checkout,S000461,1,C202606,悦活家居,O000460
B000461,U000858,P000077,轻盈服饰便携装,C03,服饰,buy,2026-02-11 13:36:00,279.00,3,offline,android,上海市,上海市,new,checkout,S000462,1,C202602,轻盈服饰,O000461
B000462,U000895,P000123,云感宠物用品升级版,C08,宠物用品,buy,2026-02-11 13:26:00,83.00,2,douyin,windows,江苏省,南京市,new,checkout,S000463,1,C202605,云感宠物,O000462
B000463,U000032,P000061,悦活家居日用旗舰款,C04,家居日用,buy,2026-02-12 19:17:00,157.00,4,offline,android,四川省,成都市,high_value,checkout,S000464,0,C202606,悦活家居,O000463
B000464,U000069,P000006,轻氧母婴用品旗舰款,C06,母婴用品,buy,2026-02-12 21:40:00,161.00,1,wechat,android,河南省,郑州市,high_value,checkout,S000465,0,C202604,轻氧母婴,O000464
B000465,U000106,P000118,原野美妆个护升级版,C01,美妆个护,buy,2026-02-12 11:22:00,133.00,1,offline,android,广东省,深圳市,high_value,checkout,S000466,0,C202604,原野美妆,O000465
B000466,U000143,P000159,云感旅行用品日常款,C10,旅行用品,buy,2026-02-12 14:55:00,514.00,1,offline,windows,北京市,北京市,member,checkout,S000467,0,C202603,云感旅行,O000466
B000467,U000180,P000088,原野家居日用升级版,C04,家居日用,buy,2026-02-12 15:15:00,89.00,1,taobao,windows,河南省,郑州市,member,checkout,S000468,0,C202606,原野家居,O000467
B000468,U000217,P000023,轻盈食品饮料升级版,C02,食品饮料,buy,2026-02-12 22:32:00,79.00,1,offline,android,广东省,深圳市,member,checkout,S000469,0,C202601,轻盈食品,O000468
B000469,U000254,P000008,臻选美妆个护升级版,C01,美妆个护,buy,2026-02-12 17:04:00,69.00,2,jd,ios,上海市,上海市,member,checkout,S000470,0,C202606,臻选美妆,O000469
B000470,U000291,P000078,轻氧运动户外升级版,C07,运动户外,buy,2026-02-12 21:31:00,332.00,1,jd,mac,四川省,成都市,member,checkout,S000471,0,C202602,轻氧运动,O000470
B000471,U000328,P000171,云感生鲜旗舰款,C09,生鲜,buy,2026-02-12 13:13:00,30.00,1,jd,mac,湖北省,武汉市,member,checkout,S000472,0,C202605,云感生鲜,O000471
B000472,U000365,P000105,云感运动户外套装,C07,运动户外,buy,2026-02-12 23:24:00,142.00,2,wechat,ios,四川省,成都市,member,checkout,S000473,0,C202606,云感运动,O000472
B000473,U000402,P000135,云感数码配件套装,C05,数码配件,buy,2026-02-12 08:55:00,182.00,1,search,mac,福建省,厦门市,member,checkout,S000474,0,C202604,云感数码,O000473
B000474,U000439,P000084,轻氧服饰日常款,C03,服饰,buy,2026-02-13 17:35:00,130.00,2,wechat,mac,福建省,厦门市,regular,checkout,S000475,0,C202605,轻氧服饰,O000474
B000475,U000476,P000159,云感旅行用品日常款,C10,旅行用品,buy,2026-02-13 13:15:00,514.00,1,jd,windows,浙江省,杭州市,regular,checkout,S000476,0,C202605,云感旅行,O000475
B000476,U000513,P000047,轻盈服饰便携装,C03,服饰,buy,2026-02-13 23:46:00,154.00,2,douyin,windows,四川省,成都市,regular,checkout,S000477,0,C202606,轻盈服饰,O000476
B000477,U000550,P000054,轻氧美妆个护日常款,C01,美妆个护,buy,2026-02-13 16:25:00,138.00,1,offline,android,河南省,郑州市,regular,checkout,S000478,0,C202603,轻氧美妆,O000477
B000478,U000587,P000017,轻盈食品饮料便携装,C02,食品饮料,buy,2026-02-13 15:09:00,71.00,1,wechat,ios,湖北省,武汉市,regular,checkout,S000479,0,C202603,轻盈食品,O000478
B000479,U000624,P000165,云感生鲜套装,C09,生鲜,buy,2026-02-13 21:19:00,43.00,1,taobao,mac,湖北省,武汉市,regular,checkout,S000480,0,C202603,云感生鲜,O000479
B000480,U000661,P000040,原野数码配件套装,C05,数码配件,buy,2026-02-13 15:24:00,162.00,1,search,windows,福建省,厦门市,regular,checkout,S000481,0,C202601,原野数码,O000480
B000481,U000698,P000145,悦活宠物用品套装,C08,宠物用品,buy,2026-02-13 21:58:00,42.00,2,taobao,android,山东省,青岛市,regular,checkout,S000482,0,C202601,悦活宠物,O000481
B000482,U000735,P000056,臻选旅行用品旗舰款,C10,旅行用品,buy,2026-02-13 13:23:00,443.00,1,wechat,ios,山东省,青岛市,regular,checkout,S000483,0,C202605,臻选旅行,O000482
B000483,U000772,P000052,原野数码配件便携装,C05,数码配件,buy,2026-02-13 12:18:00,173.00,1,search,windows,福建省,厦门市,regular,checkout,S000484,0,C202606,原野数码,O000483
B000484,U000809,P000112,原野生鲜便携装,C09,生鲜,buy,2026-02-13 14:26:00,113.00,1,douyin,ios,福建省,厦门市,regular,checkout,S000485,0,C202603,原野生鲜,O000484
B000485,U000846,P000105,云感运动户外套装,C07,运动户外,buy,2026-02-14 18:35:00,142.00,1,offline,mac,山东省,青岛市,new,checkout,S000486,1,C202605,云感运动,O000485
B000486,U000883,P000124,原野食品饮料日常款,C02,食品饮料,buy,2026-02-14 08:44:00,60.00,1,jd,ios,湖北省,武汉市,new,checkout,S000487,1,C202601,原野食品,O000486
B000487,U000020,P000001,悦活家居日用旗舰款,C04,家居日用,buy,2026-02-14 10:03:00,141.00,1,douyin,ios,江苏省,南京市,high_value,checkout,S000488,0,C202606,悦活家居,O000487
B000488,U000057,P000085,悦活家居日用套装,C04,家居日用,buy,2026-02-14 20:45:00,70.00,1,douyin,android,北京市,北京市,high_value,checkout,S000489,0,C202604,悦活家居,O000488
B000489,U000094,P000072,轻氧美妆个护便携装,C01,美妆个护,buy,2026-02-14 13:41:00,122.00,1,wechat,ios,上海市,上海市,high_value,checkout,S000490,0,C202605,轻氧美妆,O000489
B000490,U000131,P000066,轻氧母婴用品旗舰款,C06,母婴用品,buy,2026-02-14 22:10:00,76.00,1,taobao,mac,湖北省,武汉市,member,checkout,S000491,0,C202602,轻氧母婴,O000490
B000491,U000168,P000097,悦活母婴用品便携装,C06,母婴用品,buy,2026-02-14 22:45:00,123.00,1,offline,android,上海市,上海市,member,checkout,S000492,0,C202606,悦活母婴,O000491
B000492,U000205,P000127,悦活食品饮料便携装,C02,食品饮料,buy,2026-02-14 09:02:00,39.00,3,search,windows,山东省,青岛市,member,checkout,S000493,0,C202604,悦活食品,O000492
B000493,U000242,P000089,轻盈美妆个护日常款,C01,美妆个护,buy,2026-02-14 17:10:00,69.00,4,offline,ios,山东省,青岛市,member,checkout,S000494,0,C202605,轻盈美妆,O000493
B000494,U000279,P000039,云感生鲜日常款,C09,生鲜,buy,2026-02-14 10:56:00,109.00,1,offline,android,浙江省,杭州市,member,checkout,S000495,0,C202605,云感生鲜,O000494
B000495,U000316,P000073,悦活家居日用升级版,C04,家居日用,buy,2026-02-14 09:56:00,147.00,1,taobao,mac,河南省,郑州市,member,checkout,S000496,0,C202601,悦活家居,O000495
B000496,U000353,P000143,轻盈美妆个护升级版,C01,美妆个护,buy,2026-02-15 09:28:00,53.00,1,wechat,windows,河南省,郑州市,member,checkout,S000497,0,C202601,轻盈美妆,O000496
B000497,U000390,P000122,臻选运动户外便携装,C07,运动户外,buy,2026-02-15 13:20:00,212.00,1,jd,android,上海市,上海市,member,checkout,S000498,0,C202604,臻选运动,O000497
B000498,U000427,P000138,轻氧数码配件升级版,C05,数码配件,buy,2026-02-15 22:58:00,150.00,1,search,ios,福建省,厦门市,regular,checkout,S000499,0,C202602,轻氧数码,O000498
B000499,U000464,P000103,悦活美妆个护升级版,C01,美妆个护,buy,2026-02-15 12:19:00,76.00,1,search,android,浙江省,杭州市,regular,checkout,S000500,0,C202603,悦活美妆,O000499
B000500,U000501,P000088,原野家居日用升级版,C04,家居日用,buy,2026-02-15 17:10:00,89.00,1,wechat,ios,浙江省,杭州市,regular,checkout,S000501,0,C202605,原野家居,O000500
B000501,U000538,P000063,云感母婴用品升级版,C06,母婴用品,buy,2026-02-15 23:51:00,165.00,1,offline,android,山东省,青岛市,regular,checkout,S000502,0,C202606,云感母婴,O000501
B000502,U000575,P000085,悦活家居日用套装,C04,家居日用,buy,2026-02-15 16:35:00,70.00,1,wechat,windows,上海市,上海市,regular,checkout,S000503,0,C202604,悦活家居,O000502
B000503,U000612,P000037,悦活运动户外便携装,C07,运动户外,buy,2026-02-15 15:17:00,152.00,1,search,windows,四川省,成都市,regular,checkout,S000504,0,C202602,悦活运动,O000503
B000504,U000649,P000094,原野运动户外日常款,C07,运动户外,buy,2026-02-15 22:56:00,136.00,1,wechat,windows,福建省,厦门市,regular,checkout,S000505,0,C202601,原野运动,O000504
B000505,U000686,P000158,臻选母婴用品升级版,C06,母婴用品,buy,2026-02-15 22:45:00,121.00,3,taobao,windows,四川省,成都市,regular,checkout,S000506,0,C202604,臻选母婴,O000505
B000506,U000723,P000142,原野母婴用品便携装,C06,母婴用品,buy,2026-02-15 15:16:00,161.00,3,taobao,mac,上海市,上海市,regular,checkout,S000507,0,C202604,原野母婴,O000506
B000507,U000760,P000062,臻选旅行用品便携装,C10,旅行用品,buy,2026-02-16 09:58:00,226.00,1,search,windows,北京市,北京市,regular,checkout,S000508,0,C202605,臻选旅行,O000507
B000508,U000797,P000069,云感运动户外日常款,C07,运动户外,buy,2026-02-16 15:17:00,268.00,1,taobao,windows,山东省,青岛市,regular,checkout,S000509,0,C202602,云感运动,O000508
B000509,U000834,P000163,悦活生鲜升级版,C09,生鲜,buy,2026-02-16 18:39:00,69.00,2,offline,mac,山东省,青岛市,new,checkout,S000510,1,C202602,悦活生鲜,O000509
B000510,U000871,P000036,轻氧食品饮料旗舰款,C02,食品饮料,buy,2026-02-16 22:28:00,73.00,1,wechat,windows,广东省,深圳市,new,checkout,S000511,1,C202602,轻氧食品,O000510
B000511,U000008,P000096,轻氧数码配件旗舰款,C05,数码配件,buy,2026-02-16 21:21:00,88.00,1,wechat,mac,江苏省,南京市,high_value,checkout,S000512,0,C202602,轻氧数码,O000511
B000512,U000045,P000147,云感数码配件便携装,C05,数码配件,buy,2026-02-16 08:30:00,281.00,3,search,windows,福建省,厦门市,high_value,checkout,S000513,0,C202604,云感数码,O000512
B000513,U000082,P000158,臻选母婴用品升级版,C06,母婴用品,buy,2026-02-16 12:58:00,121.00,1,offline,windows,上海市,上海市,high_value,checkout,S000514,0,C202605,臻选母婴,O000513
B000514,U000119,P000145,悦活宠物用品套装,C08,宠物用品,buy,2026-02-16 16:31:00,42.00,1,wechat,windows,河南省,郑州市,high_value,checkout,S000515,0,C202601,悦活宠物,O000514
B000515,U000156,P000122,臻选运动户外便携装,C07,运动户外,buy,2026-02-16 19:31:00,212.00,1,douyin,mac,浙江省,杭州市,member,checkout,S000516,0,C202602,臻选运动,O000515
B000516,U000193,P000017,轻盈食品饮料便携装,C02,食品饮料,buy,2026-02-16 23:48:00,71.00,1,offline,ios,江苏省,南京市,member,checkout,S000517,0,C202605,轻盈食品,O000516
B000517,U000230,P000041,轻盈家居日用旗舰款,C04,家居日用,buy,2026-02-16 19:47:00,166.00,1,search,ios,山东省,青岛市,member,checkout,S000518,0,C202602,轻盈家居,O000517
B000518,U000267,P000082,原野旅行用品便携装,C10,旅行用品,buy,2026-02-17 08:39:00,253.00,1,jd,android,四川省,成都市,member,checkout,S000519,0,C202605,原野旅行,O000518
B000519,U000304,P000092,臻选服饰便携装,C03,服饰,buy,2026-02-17 18:45:00,291.00,1,offline,mac,湖北省,武汉市,member,checkout,S000520,0,C202604,臻选服饰,O000519
B000520,U000341,P000014,臻选食品饮料日常款,C02,食品饮料,buy,2026-02-17 20:18:00,60.00,1,search,ios,江苏省,南京市,member,checkout,S000521,0,C202603,臻选食品,O000520
B000521,U000378,P000045,云感食品饮料套装,C02,食品饮料,buy,2026-02-17 10:33:00,67.00,1,jd,ios,浙江省,杭州市,member,checkout,S000522,0,C202601,云感食品,O000521
B000522,U000415,P000163,悦活生鲜升级版,C09,生鲜,buy,2026-02-17 11:04:00,69.00,1,search,windows,浙江省,杭州市,member,checkout,S000523,0,C202604,悦活生鲜,O000522
B000523,U000452,P000120,轻氧宠物用品套装,C08,宠物用品,buy,2026-02-17 23:45:00,58.00,1,douyin,mac,江苏省,南京市,regular,checkout,S000524,0,C202605,轻氧宠物,O000523
B000524,U000489,P000003,云感生鲜升级版,C09,生鲜,buy,2026-02-17 21:19:00,73.00,1,search,mac,浙江省,杭州市,regular,checkout,S000525,0,C202604,云感生鲜,O000524
B000525,U000526,P000095,轻盈旅行用品套装,C10,旅行用品,buy,2026-02-17 22:05:00,577.00,1,search,android,浙江省,杭州市,regular,checkout,S000526,0,C202603,轻盈旅行,O000525
B000526,U000563,P000141,云感数码配件旗舰款,C05,数码配件,buy,2026-02-17 23:18:00,220.00,1,taobao,android,山东省,青岛市,regular,checkout,S000527,0,C202601,云感数码,O000526
B000527,U000600,P000169,悦活生鲜日常款,C09,生鲜,buy,2026-02-17 20:36:00,42.00,1,offline,mac,上海市,上海市,regular,checkout,S000528,0,C202602,悦活生鲜,O000527
B000528,U000637,P000047,轻盈服饰便携装,C03,服饰,buy,2026-02-17 22:11:00,154.00,1,jd,windows,江苏省,南京市,regular,checkout,S000529,0,C202606,轻盈服饰,O000528
B000529,U000674,P000143,轻盈美妆个护升级版,C01,美妆个护,buy,2026-02-18 17:25:00,53.00,1,douyin,mac,江苏省,南京市,regular,checkout,S000530,0,C202601,轻盈美妆,O000529
B000530,U000711,P000018,轻氧生鲜升级版,C09,生鲜,buy,2026-02-18 08:58:00,81.00,1,douyin,windows,上海市,上海市,regular,checkout,S000531,0,C202602,轻氧生鲜,O000530
B000531,U000748,P000101,轻盈生鲜旗舰款,C09,生鲜,buy,2026-02-18 13:10:00,111.00,1,search,windows,江苏省,南京市,regular,checkout,S000532,0,C202602,轻盈生鲜,O000531
B000532,U000785,P000087,云感旅行用品便携装,C10,旅行用品,buy,2026-02-18 10:21:00,609.00,1,douyin,ios,江苏省,南京市,regular,checkout,S000533,0,C202604,云感旅行,O000532
B000533,U000822,P000019,悦活家居日用日常款,C04,家居日用,buy,2026-02-18 23:12:00,71.00,1,taobao,mac,四川省,成都市,new,checkout,S000534,1,C202602,悦活家居,O000533
B000534,U000859,P000150,轻氧母婴用品套装,C06,母婴用品,buy,2026-02-18 08:57:00,76.00,1,offline,ios,广东省,深圳市,new,checkout,S000535,1,C202604,轻氧母婴,O000534
B000535,U000896,P000071,轻盈宠物用品旗舰款,C08,宠物用品,buy,2026-02-18 16:00:00,144.00,1,search,android,湖北省,武汉市,new,checkout,S000536,1,C202602,轻盈宠物,O000535
B000536,U000033,P000120,轻氧宠物用品套装,C08,宠物用品,buy,2026-02-18 16:36:00,58.00,1,offline,mac,北京市,北京市,high_value,checkout,S000537,0,C202606,轻氧宠物,O000536
B000537,U000070,P000154,原野生鲜日常款,C09,生鲜,buy,2026-02-18 12:31:00,103.00,1,search,ios,广东省,深圳市,high_value,checkout,S000538,0,C202601,原野生鲜,O000537
B000538,U000107,P000164,臻选食品饮料日常款,C02,食品饮料,buy,2026-02-18 16:11:00,73.00,1,douyin,android,北京市,北京市,high_value,checkout,S000539,0,C202602,臻选食品,O000538
B000539,U000144,P000007,悦活服饰便携装,C03,服饰,buy,2026-02-18 10:24:00,344.00,2,search,windows,广东省,深圳市,member,checkout,S000540,0,C202604,悦活服饰,O000539
B000540,U000181,P000133,悦活美妆个护升级版,C01,美妆个护,buy,2026-02-19 15:24:00,47.00,1,taobao,android,四川省,成都市,member,checkout,S000541,0,C202604,悦活美妆,O000540
B000541,U000218,P000148,原野数码配件升级版,C05,数码配件,buy,2026-02-19 21:39:00,136.00,1,search,android,湖北省,武汉市,member,checkout,S000542,0,C202603,原野数码,O000541
B000542,U000255,P000013,悦活食品饮料升级版,C02,食品饮料,buy,2026-02-19 13:34:00,91.00,1,taobao,mac,湖北省,武汉市,member,checkout,S000543,0,C202606,悦活食品,O000542
B000543,U000292,P000157,悦活旅行用品便携装,C10,旅行用品,buy,2026-02-19 22:22:00,436.00,1,douyin,android,福建省,厦门市,member,checkout,S000544,0,C202606,悦活旅行,O000543
B000544,U000329,P000089,轻盈美妆个护日常款,C01,美妆个护,buy,2026-02-19 16:03:00,69.00,1,wechat,ios,上海市,上海市,member,checkout,S000545,0,C202605,轻盈美妆,O000544
B000545,U000366,P000157,悦活旅行用品便携装,C10,旅行用品,buy,2026-02-19 11:29:00,436.00,1,taobao,android,上海市,上海市,member,checkout,S000546,0,C202603,悦活旅行,O000545
B000546,U000403,P000043,悦活服饰升级版,C03,服饰,buy,2026-02-19 19:06:00,237.00,3,search,windows,湖北省,武汉市,member,checkout,S000547,0,C202604,悦活服饰,O000546
B000547,U000440,P000129,云感服饰日常款,C03,服饰,buy,2026-02-19 17:40:00,307.00,4,offline,android,河南省,郑州市,regular,checkout,S000548,0,C202606,云感服饰,O000547
B000548,U000477,P000139,悦活运动户外日常款,C07,运动户外,buy,2026-02-19 20:02:00,358.00,1,search,windows,广东省,深圳市,regular,checkout,S000549,0,C202606,悦活运动,O000548
B000549,U000514,P000052,原野数码配件便携装,C05,数码配件,buy,2026-02-19 10:33:00,173.00,1,taobao,mac,山东省,青岛市,regular,checkout,S000550,0,C202606,原野数码,O000549
B000550,U000551,P000017,轻盈食品饮料便携装,C02,食品饮料,buy,2026-02-19 12:13:00,71.00,2,search,android,湖北省,武汉市,regular,checkout,S000551,0,C202604,轻盈食品,O000550
B000551,U000588,P000060,轻氧数码配件套装,C05,数码配件,buy,2026-02-20 22:08:00,269.00,1,search,android,上海市,上海市,regular,checkout,S000552,0,C202604,轻氧数码,O000551
B000552,U000625,P000044,臻选食品饮料日常款,C02,食品饮料,buy,2026-02-20 23:05:00,28.00,1,search,android,上海市,上海市,regular,checkout,S000553,0,C202606,臻选食品,O000552
B000553,U000662,P000124,原野食品饮料日常款,C02,食品饮料,buy,2026-02-20 16:35:00,60.00,1,offline,mac,湖北省,武汉市,regular,checkout,S000554,0,C202602,原野食品,O000553
B000554,U000699,P000146,臻选生鲜旗舰款,C09,生鲜,buy,2026-02-20 18:52:00,112.00,1,douyin,android,北京市,北京市,regular,checkout,S000555,0,C202605,臻选生鲜,O000554
B000555,U000736,P000074,臻选美妆个护日常款,C01,美妆个护,buy,2026-02-20 15:56:00,71.00,1,taobao,android,河南省,郑州市,regular,checkout,S000556,0,C202606,臻选美妆,O000555
B000556,U000773,P000156,轻氧母婴用品旗舰款,C06,母婴用品,buy,2026-02-20 12:58:00,153.00,1,jd,android,上海市,上海市,regular,checkout,S000557,0,C202604,轻氧母婴,O000556
B000557,U000810,P000143,轻盈美妆个护升级版,C01,美妆个护,buy,2026-02-20 10:03:00,53.00,1,taobao,ios,四川省,成都市,regular,checkout,S000558,0,C202603,轻盈美妆,O000557
B000558,U000847,P000098,臻选家居日用升级版,C04,家居日用,buy,2026-02-20 13:45:00,90.00,1,wechat,android,浙江省,杭州市,new,checkout,S000559,1,C202602,臻选家居,O000558
B000559,U000884,P000020,臻选数码配件套装,C05,数码配件,buy,2026-02-20 22:11:00,252.00,1,jd,mac,福建省,厦门市,new,checkout,S000560,1,C202605,臻选数码,O000559
B000560,U000021,P000021,云感宠物用品旗舰款,C08,宠物用品,buy,2026-02-20 23:14:00,160.00,1,wechat,ios,山东省,青岛市,high_value,checkout,S000561,0,C202603,云感宠物,O000560
B000561,U000058,P000047,轻盈服饰便携装,C03,服饰,buy,2026-02-20 12:46:00,154.00,3,offline,windows,四川省,成都市,high_value,checkout,S000562,0,C202604,轻盈服饰,O000561
B000562,U000095,P000158,臻选母婴用品升级版,C06,母婴用品,buy,2026-02-21 10:45:00,121.00,1,douyin,ios,广东省,深圳市,high_value,checkout,S000563,0,C202604,臻选母婴,O000562
B000563,U000132,P000031,悦活运动户外旗舰款,C07,运动户外,buy,2026-02-21 21:05:00,98.00,3,search,android,广东省,深圳市,member,checkout,S000564,0,C202605,悦活运动,O000563
B000564,U000169,P000040,原野数码配件套装,C05,数码配件,buy,2026-02-21 14:14:00,162.00,1,wechat,ios,福建省,厦门市,member,checkout,S000565,0,C202606,原野数码,O000564
B000565,U000206,P000032,臻选生鲜便携装,C09,生鲜,buy,2026-02-21 20:14:00,71.00,4,douyin,mac,江苏省,南京市,member,checkout,S000566,0,C202601,臻选生鲜,O000565
B000566,U000243,P000065,轻盈生鲜套装,C09,生鲜,buy,2026-02-21 16:24:00,41.00,1,taobao,ios,广东省,深圳市,member,checkout,S000567,0,C202606,轻盈生鲜,O000566
B000567,U000280,P000126,轻氧旅行用品旗舰款,C10,旅行用品,buy,2026-02-21 18:45:00,248.00,4,wechat,windows,江苏省,南京市,member,checkout,S000568,0,C202601,轻氧旅行,O000567
B000568,U000317,P000065,轻盈生鲜套装,C09,生鲜,buy,2026-02-21 18:39:00,41.00,1,offline,ios,广东省,深圳市,member,checkout,S000569,0,C202603,轻盈生鲜,O000568
B000569,U000354,P000070,原野宠物用品套装,C08,宠物用品,buy,2026-02-21 18:35:00,147.00,1,douyin,mac,上海市,上海市,member,checkout,S000570,0,C202604,原野宠物,O000569
B000570,U000391,P000054,轻氧美妆个护日常款,C01,美妆个护,buy,2026-02-21 14:00:00,138.00,1,search,mac,江苏省,南京市,member,checkout,S000571,0,C202604,轻氧美妆,O000570
B000571,U000428,P000052,原野数码配件便携装,C05,数码配件,buy,2026-02-21 15:42:00,173.00,1,search,mac,浙江省,杭州市,regular,checkout,S000572,0,C202601,原野数码,O000571
B000572,U000465,P000083,轻盈运动户外升级版,C07,运动户外,buy,2026-02-21 15:21:00,227.00,1,search,android,山东省,青岛市,regular,checkout,S000573,0,C202605,轻盈运动,O000572
B000573,U000502,P000039,云感生鲜日常款,C09,生鲜,buy,2026-02-22 19:51:00,109.00,1,offline,android,浙江省,杭州市,regular,checkout,S000574,0,C202604,云感生鲜,O000573
B000574,U000539,P000151,悦活美妆个护旗舰款,C01,美妆个护,buy,2026-02-22 16:38:00,38.00,1,taobao,ios,北京市,北京市,regular,checkout,S000575,0,C202603,悦活美妆,O000574
B000575,U000576,P000153,云感美妆个护升级版,C01,美妆个护,buy,2026-02-22 09:58:00,48.00,1,offline,android,福建省,厦门市,regular,checkout,S000576,0,C202605,云感美妆,O000575
B000576,U000613,P000160,原野旅行用品套装,C10,旅行用品,buy,2026-02-22 17:36:00,231.00,4,search,windows,江苏省,南京市,regular,checkout,S000577,0,C202603,原野旅行,O000576
B000577,U000650,P000155,轻盈生鲜套装,C09,生鲜,buy,2026-02-22 15:48:00,106.00,1,search,android,上海市,上海市,regular,checkout,S000578,0,C202604,轻盈生鲜,O000577
B000578,U000687,P000056,臻选旅行用品旗舰款,C10,旅行用品,buy,2026-02-22 23:30:00,443.00,1,taobao,android,北京市,北京市,regular,checkout,S000579,0,C202604,臻选旅行,O000578
B000579,U000724,P000143,轻盈美妆个护升级版,C01,美妆个护,buy,2026-02-22 16:40:00,53.00,1,douyin,mac,河南省,郑州市,regular,checkout,S000580,0,C202601,轻盈美妆,O000579
B000580,U000761,P000160,原野旅行用品套装,C10,旅行用品,buy,2026-02-22 15:43:00,231.00,1,jd,windows,福建省,厦门市,regular,checkout,S000581,0,C202604,原野旅行,O000580
B000581,U000798,P000132,轻氧家居日用便携装,C04,家居日用,buy,2026-02-22 18:13:00,91.00,1,douyin,ios,江苏省,南京市,regular,checkout,S000582,0,C202601,轻氧家居,O000581
B000582,U000835,P000172,原野宠物用品便携装,C08,宠物用品,buy,2026-02-22 12:14:00,99.00,1,search,ios,四川省,成都市,new,checkout,S000583,1,C202602,原野宠物,O000582
B000583,U000872,P000157,悦活旅行用品便携装,C10,旅行用品,buy,2026-02-22 13:47:00,436.00,1,jd,android,浙江省,杭州市,new,checkout,S000584,1,C202606,悦活旅行,O000583
B000584,U000009,P000145,悦活宠物用品套装,C08,宠物用品,buy,2026-02-23 18:46:00,42.00,1,taobao,ios,江苏省,南京市,high_value,checkout,S000585,0,C202606,悦活宠物,O000584
B000585,U000046,P000027,云感宠物用品便携装,C08,宠物用品,buy,2026-02-23 10:52:00,96.00,1,search,mac,湖北省,武汉市,high_value,checkout,S000586,0,C202605,云感宠物,O000585
B000586,U000083,P000101,轻盈生鲜旗舰款,C09,生鲜,buy,2026-02-23 12:35:00,111.00,1,douyin,windows,浙江省,杭州市,high_value,checkout,S000587,0,C202603,轻盈生鲜,O000586
B000587,U000120,P000026,臻选生鲜旗舰款,C09,生鲜,buy,2026-02-23 13:28:00,88.00,1,jd,windows,广东省,深圳市,high_value,checkout,S000588,0,C202606,臻选生鲜,O000587
B000588,U000157,P000168,轻氧服饰升级版,C03,服饰,buy,2026-02-23 22:22:00,368.00,1,wechat,ios,上海市,上海市,member,checkout,S000589,0,C202603,轻氧服饰,O000588
B000589,U000194,P000101,轻盈生鲜旗舰款,C09,生鲜,buy,2026-02-23 21:10:00,111.00,1,wechat,mac,河南省,郑州市,member,checkout,S000590,0,C202601,轻盈生鲜,O000589
B000590,U000231,P000031,悦活运动户外旗舰款,C07,运动户外,buy,2026-02-23 21:58:00,98.00,1,taobao,android,福建省,厦门市,member,checkout,S000591,0,C202606,悦活运动,O000590
B000591,U000268,P000078,轻氧运动户外升级版,C07,运动户外,buy,2026-02-23 12:21:00,332.00,1,douyin,android,江苏省,南京市,member,checkout,S000592,0,C202606,轻氧运动,O000591
B000592,U000305,P000136,原野运动户外旗舰款,C07,运动户外,buy,2026-02-23 10:45:00,169.00,1,douyin,ios,上海市,上海市,member,checkout,S000593,0,C202601,原野运动,O000592
B000593,U000342,P000098,臻选家居日用升级版,C04,家居日用,buy,2026-02-23 20:17:00,90.00,1,wechat,mac,福建省,厦门市,member,checkout,S000594,0,C202602,臻选家居,O000593
B000594,U000379,P000103,悦活美妆个护升级版,C01,美妆个护,buy,2026-02-23 09:55:00,76.00,1,search,mac,江苏省,南京市,member,checkout,S000595,0,C202605,悦活美妆,O000594
B000595,U000416,P000146,臻选生鲜旗舰款,C09,生鲜,buy,2026-02-24 14:30:00,112.00,1,search,ios,浙江省,杭州市,member,checkout,S000596,0,C202605,臻选生鲜,O000595
B000596,U000453,P000093,云感生鲜升级版,C09,生鲜,buy,2026-02-24 21:37:00,39.00,1,douyin,android,四川省,成都市,regular,checkout,S000597,0,C202605,云感生鲜,O000596
B000597,U000490,P000038,臻选母婴用品升级版,C06,母婴用品,buy,2026-02-24 16:21:00,188.00,1,search,mac,山东省,青岛市,regular,checkout,S000598,0,C202602,臻选母婴,O000597
B000598,U000527,P000046,原野食品饮料旗舰款,C02,食品饮料,buy,2026-02-24 09:55:00,69.00,1,wechat,android,江苏省,南京市,regular,checkout,S000599,0,C202602,原野食品,O000598
B000599,U000564,P000095,轻盈旅行用品套装,C10,旅行用品,buy,2026-02-24 17:59:00,577.00,1,search,ios,北京市,北京市,regular,checkout,S000600,0,C202601,轻盈旅行,O000599
B000600,U000601,P000063,云感母婴用品升级版,C06,母婴用品,buy,2026-02-24 14:41:00,165.00,1,douyin,ios,江苏省,南京市,regular,checkout,S000601,0,C202604,云感母婴,O000600
B000601,U000638,P000063,云感母婴用品升级版,C06,母婴用品,buy,2026-02-24 14:32:00,165.00,3,search,windows,上海市,上海市,regular,checkout,S000602,0,C202602,云感母婴,O000601
B000602,U000675,P000041,轻盈家居日用旗舰款,C04,家居日用,buy,2026-02-24 13:38:00,166.00,1,search,windows,北京市,北京市,regular,checkout,S000603,0,C202601,轻盈家居,O000602
B000603,U000712,P000024,轻氧食品饮料日常款,C02,食品饮料,buy,2026-02-24 12:04:00,55.00,2,search,mac,江苏省,南京市,regular,checkout,S000604,0,C202604,轻氧食品,O000603
B000604,U000749,P000054,轻氧美妆个护日常款,C01,美妆个护,buy,2026-02-24 10:37:00,138.00,1,offline,windows,山东省,青岛市,regular,checkout,S000605,0,C202602,轻氧美妆,O000604
B000605,U000786,P000107,轻盈运动户外便携装,C07,运动户外,buy,2026-02-24 18:34:00,176.00,1,douyin,windows,浙江省,杭州市,regular,checkout,S000606,0,C202605,轻盈运动,O000605
B000606,U000823,P000006,轻氧母婴用品旗舰款,C06,母婴用品,buy,2026-02-25 18:26:00,161.00,1,search,ios,广东省,深圳市,new,checkout,S000607,1,C202605,轻氧母婴,O000606
B000607,U000860,P000079,悦活服饰日常款,C03,服饰,buy,2026-02-25 18:24:00,452.00,1,wechat,android,江苏省,南京市,new,checkout,S000608,1,C202606,悦活服饰,O000607
B000608,U000897,P000160,原野旅行用品套装,C10,旅行用品,buy,2026-02-25 20:38:00,231.00,1,jd,mac,福建省,厦门市,new,checkout,S000609,1,C202605,原野旅行,O000608
B000609,U000034,P000164,臻选食品饮料日常款,C02,食品饮料,buy,2026-02-25 17:25:00,73.00,1,taobao,windows,北京市,北京市,high_value,checkout,S000610,0,C202602,臻选食品,O000609
B000610,U000071,P000104,臻选旅行用品日常款,C10,旅行用品,buy,2026-02-25 18:52:00,352.00,1,search,android,北京市,北京市,high_value,checkout,S000611,0,C202603,臻选旅行,O000610
B000611,U000108,P000128,臻选旅行用品升级版,C10,旅行用品,buy,2026-02-25 08:12:00,514.00,1,douyin,mac,福建省,厦门市,high_value,checkout,S000612,0,C202602,臻选旅行,O000611
B000612,U000145,P000031,悦活运动户外旗舰款,C07,运动户外,buy,2026-02-25 15:47:00,98.00,1,jd,ios,江苏省,南京市,member,checkout,S000613,0,C202601,悦活运动,O000612
B000613,U000182,P000151,悦活美妆个护旗舰款,C01,美妆个护,buy,2026-02-25 17:18:00,38.00,1,taobao,android,河南省,郑州市,member,checkout,S000614,0,C202601,悦活美妆,O000613
B000614,U000219,P000057,云感数码配件便携装,C05,数码配件,buy,2026-02-25 09:51:00,79.00,1,offline,mac,湖北省,武汉市,member,checkout,S000615,0,C202605,云感数码,O000614
B000615,U000256,P000004,原野旅行用品日常款,C10,旅行用品,buy,2026-02-25 12:09:00,271.00,1,search,android,湖北省,武汉市,member,checkout,S000616,0,C202606,原野旅行,O000615
B000616,U000293,P000008,臻选美妆个护升级版,C01,美妆个护,buy,2026-02-25 15:37:00,69.00,1,wechat,android,广东省,深圳市,member,checkout,S000617,0,C202602,臻选美妆,O000616
B000617,U000330,P000003,云感生鲜升级版,C09,生鲜,buy,2026-02-26 08:23:00,73.00,1,offline,ios,河南省,郑州市,member,checkout,S000618,0,C202605,云感生鲜,O000617
B000618,U000367,P000053,轻盈服饰升级版,C03,服饰,buy,2026-02-26 09:50:00,262.00,1,douyin,ios,江苏省,南京市,member,checkout,S000619,0,C202603,轻盈服饰,O000618
B000619,U000404,P000169,悦活生鲜日常款,C09,生鲜,buy,2026-02-26 13:49:00,42.00,1,taobao,mac,广东省,深圳市,member,checkout,S000620,0,C202605,悦活生鲜,O000619
B000620,U000441,P000142,原野母婴用品便携装,C06,母婴用品,buy,2026-02-26 10:22:00,161.00,1,taobao,android,江苏省,南京市,regular,checkout,S000621,0,C202605,原野母婴,O000620
B000621,U000478,P000162,轻氧食品饮料便携装,C02,食品饮料,buy,2026-02-26 16:38:00,73.00,1,jd,android,北京市,北京市,regular,checkout,S000622,0,C202606,轻氧食品,O000621
B000622,U000515,P000154,原野生鲜日常款,C09,生鲜,buy,2026-02-26 14:59:00,103.00,3,taobao,ios,上海市,上海市,regular,checkout,S000623,0,C202601,原野生鲜,O000622
B000623,U000552,P000123,云感宠物用品升级版,C08,宠物用品,buy,2026-02-26 14:10:00,83.00,1,taobao,windows,四川省,成都市,regular,checkout,S000624,0,C202601,云感宠物,O000623
B000624,U000589,P000056,臻选旅行用品旗舰款,C10,旅行用品,buy,2026-02-26 20:59:00,443.00,3,taobao,windows,河南省,郑州市,regular,checkout,S000625,0,C202606,臻选旅行,O000624
B000625,U000626,P000098,臻选家居日用升级版,C04,家居日用,buy,2026-02-26 17:41:00,90.00,1,taobao,windows,上海市,上海市,regular,checkout,S000626,0,C202605,臻选家居,O000625
B000626,U000663,P000053,轻盈服饰升级版,C03,服饰,buy,2026-02-26 16:18:00,262.00,1,jd,mac,上海市,上海市,regular,checkout,S000627,0,C202606,轻盈服饰,O000626
B000627,U000700,P000111,云感宠物用品旗舰款,C08,宠物用品,buy,2026-02-26 11:45:00,117.00,3,taobao,ios,广东省,深圳市,regular,checkout,S000628,0,C202604,云感宠物,O000627
B000628,U000737,P000166,原野服饰旗舰款,C03,服饰,buy,2026-02-27 13:27:00,378.00,4,taobao,ios,上海市,上海市,regular,checkout,S000629,0,C202604,原野服饰,O000628
B000629,U000774,P000136,原野运动户外旗舰款,C07,运动户外,buy,2026-02-27 13:33:00,169.00,1,search,mac,湖北省,武汉市,regular,checkout,S000630,0,C202602,原野运动,O000629
B000630,U000811,P000086,臻选数码配件旗舰款,C05,数码配件,buy,2026-02-27 08:05:00,150.00,1,taobao,mac,四川省,成都市,regular,checkout,S000631,0,C202605,臻选数码,O000630
B000631,U000848,P000008,臻选美妆个护升级版,C01,美妆个护,buy,2026-02-27 09:21:00,69.00,1,wechat,android,江苏省,南京市,new,checkout,S000632,1,C202601,臻选美妆,O000631
B000632,U000885,P000164,臻选食品饮料日常款,C02,食品饮料,buy,2026-02-27 22:09:00,73.00,1,taobao,mac,江苏省,南京市,new,checkout,S000633,1,C202605,臻选食品,O000632
B000633,U000022,P000148,原野数码配件升级版,C05,数码配件,buy,2026-02-27 23:35:00,136.00,1,jd,ios,江苏省,南京市,high_value,checkout,S000634,0,C202605,原野数码,O000633
B000634,U000059,P000107,轻盈运动户外便携装,C07,运动户外,buy,2026-02-27 13:01:00,176.00,1,search,mac,湖北省,武汉市,high_value,checkout,S000635,0,C202606,轻盈运动,O000634
B000635,U000096,P000161,轻盈家居日用旗舰款,C04,家居日用,buy,2026-02-27 08:35:00,160.00,3,douyin,mac,四川省,成都市,high_value,checkout,S000636,0,C202602,轻盈家居,O000635
B000636,U000133,P000078,轻氧运动户外升级版,C07,运动户外,buy,2026-02-27 14:07:00,332.00,2,douyin,ios,广东省,深圳市,member,checkout,S000637,0,C202601,轻氧运动,O000636
B000637,U000170,P000097,悦活母婴用品便携装,C06,母婴用品,buy,2026-02-27 11:10:00,123.00,1,jd,android,山东省,青岛市,member,checkout,S000638,0,C202606,悦活母婴,O000637
B000638,U000207,P000028,原野数码配件升级版,C05,数码配件,buy,2026-02-27 19:54:00,158.00,1,taobao,mac,四川省,成都市,member,checkout,S000639,0,C202602,原野数码,O000638
B000639,U000244,P000108,轻氧母婴用品升级版,C06,母婴用品,buy,2026-02-28 10:56:00,86.00,2,douyin,mac,河南省,郑州市,member,checkout,S000640,0,C202602,轻氧母婴,O000639
B000640,U000281,P000045,云感食品饮料套装,C02,食品饮料,buy,2026-02-28 15:05:00,67.00,1,wechat,android,湖北省,武汉市,member,checkout,S000641,0,C202602,云感食品,O000640
B000641,U000318,P000093,云感生鲜升级版,C09,生鲜,buy,2026-02-28 08:04:00,39.00,4,douyin,windows,四川省,成都市,member,checkout,S000642,0,C202603,云感生鲜,O000641
B000642,U000355,P000021,云感宠物用品旗舰款,C08,宠物用品,buy,2026-02-28 14:46:00,160.00,1,taobao,windows,浙江省,杭州市,member,checkout,S000643,0,C202601,云感宠物,O000642
B000643,U000392,P000014,臻选食品饮料日常款,C02,食品饮料,buy,2026-02-28 17:59:00,60.00,1,offline,mac,河南省,郑州市,member,checkout,S000644,0,C202604,臻选食品,O000643
B000644,U000429,P000095,轻盈旅行用品套装,C10,旅行用品,buy,2026-02-28 23:51:00,577.00,1,jd,mac,四川省,成都市,regular,checkout,S000645,0,C202601,轻盈旅行,O000644
B000645,U000466,P000062,臻选旅行用品便携装,C10,旅行用品,buy,2026-02-28 08:49:00,226.00,2,offline,mac,河南省,郑州市,regular,checkout,S000646,0,C202604,臻选旅行,O000645
B000646,U000503,P000047,轻盈服饰便携装,C03,服饰,buy,2026-02-28 14:18:00,154.00,1,douyin,windows,浙江省,杭州市,regular,checkout,S000647,0,C202602,轻盈服饰,O000646
B000647,U000540,P000021,云感宠物用品旗舰款,C08,宠物用品,buy,2026-02-28 18:46:00,160.00,1,search,android,河南省,郑州市,regular,checkout,S000648,0,C202601,云感宠物,O000647
B000648,U000577,P000151,悦活美妆个护旗舰款,C01,美妆个护,buy,2026-02-28 09:41:00,38.00,1,search,android,湖北省,武汉市,regular,checkout,S000649,0,C202602,悦活美妆,O000648
B000649,U000614,P000154,原野生鲜日常款,C09,生鲜,buy,2026-02-28 23:16:00,103.00,1,jd,android,北京市,北京市,regular,checkout,S000650,0,C202604,原野生鲜,O000649
B000650,U000651,P000164,臻选食品饮料日常款,C02,食品饮料,buy,2026-03-01 16:21:00,73.00,1,jd,android,江苏省,南京市,regular,checkout,S000651,0,C202601,臻选食品,O000650
B000651,U000688,P000045,云感食品饮料套装,C02,食品饮料,buy,2026-03-01 08:47:00,67.00,1,wechat,ios,福建省,厦门市,regular,checkout,S000652,0,C202605,云感食品,O000651
B000652,U000725,P000017,轻盈食品饮料便携装,C02,食品饮料,buy,2026-03-01 12:15:00,71.00,1,offline,ios,山东省,青岛市,regular,checkout,S000653,0,C202603,轻盈食品,O000652
B000653,U000762,P000168,轻氧服饰升级版,C03,服饰,buy,2026-03-01 15:05:00,368.00,2,taobao,windows,湖北省,武汉市,regular,checkout,S000654,0,C202604,轻氧服饰,O000653
B000654,U000799,P000007,悦活服饰便携装,C03,服饰,buy,2026-03-01 12:59:00,344.00,1,douyin,mac,湖北省,武汉市,regular,checkout,S000655,0,C202605,悦活服饰,O000654
B000655,U000836,P000154,原野生鲜日常款,C09,生鲜,buy,2026-03-01 22:48:00,103.00,1,taobao,windows,上海市,上海市,new,checkout,S000656,1,C202601,原野生鲜,O000655
B000656,U000873,P000024,轻氧食品饮料日常款,C02,食品饮料,buy,2026-03-01 19:26:00,55.00,1,wechat,ios,四川省,成都市,new,checkout,S000657,1,C202606,轻氧食品,O000656
B000657,U000010,P000021,云感宠物用品旗舰款,C08,宠物用品,buy,2026-03-01 18:59:00,160.00,1,taobao,android,浙江省,杭州市,high_value,checkout,S000658,0,C202606,云感宠物,O000657
B000658,U000047,P000138,轻氧数码配件升级版,C05,数码配件,buy,2026-03-01 23:40:00,150.00,1,search,ios,河南省,郑州市,high_value,checkout,S000659,0,C202606,轻氧数码,O000658
B000659,U000084,P000052,原野数码配件便携装,C05,数码配件,buy,2026-03-01 08:54:00,173.00,1,taobao,windows,河南省,郑州市,high_value,checkout,S000660,0,C202602,原野数码,O000659
B000660,U000121,P000033,云感美妆个护升级版,C01,美妆个护,buy,2026-03-01 09:03:00,88.00,1,jd,windows,上海市,上海市,member,checkout,S000661,0,C202603,云感美妆,O000660
B000661,U000158,P000051,云感宠物用品旗舰款,C08,宠物用品,buy,2026-03-02 19:28:00,64.00,1,taobao,windows,四川省,成都市,member,checkout,S000662,0,C202601,云感宠物,O000661
B000662,U000195,P000036,轻氧食品饮料旗舰款,C02,食品饮料,buy,2026-03-02 13:09:00,73.00,1,offline,android,四川省,成都市,member,checkout,S000663,0,C202604,轻氧食品,O000662
B000663,U000232,P000026,臻选生鲜旗舰款,C09,生鲜,buy,2026-03-02 21:51:00,88.00,4,jd,ios,江苏省,南京市,member,checkout,S000664,0,C202606,臻选生鲜,O000663
B000664,U000269,P000122,臻选运动户外便携装,C07,运动户外,buy,2026-03-02 13:09:00,212.00,1,douyin,windows,山东省,青岛市,member,checkout,S000665,0,C202603,臻选运动,O000664
B000665,U000306,P000037,悦活运动户外便携装,C07,运动户外,buy,2026-03-02 09:44:00,152.00,1,douyin,ios,福建省,厦门市,member,checkout,S000666,0,C202602,悦活运动,O000665
B000666,U000343,P000018,轻氧生鲜升级版,C09,生鲜,buy,2026-03-02 16:20:00,81.00,1,offline,android,江苏省,南京市,member,checkout,S000667,0,C202603,轻氧生鲜,O000666
B000667,U000380,P000056,臻选旅行用品旗舰款,C10,旅行用品,buy,2026-03-02 18:02:00,443.00,1,offline,windows,湖北省,武汉市,member,checkout,S000668,0,C202603,臻选旅行,O000667
B000668,U000417,P000081,云感数码配件旗舰款,C05,数码配件,buy,2026-03-02 22:20:00,152.00,3,wechat,ios,北京市,北京市,member,checkout,S000669,0,C202601,云感数码,O000668
B000669,U000454,P000099,云感服饰日常款,C03,服饰,buy,2026-03-02 10:31:00,230.00,1,douyin,mac,河南省,郑州市,regular,checkout,S000670,0,C202604,云感服饰,O000669
B000670,U000491,P000001,悦活家居日用旗舰款,C04,家居日用,buy,2026-03-02 12:46:00,141.00,1,offline,windows,浙江省,杭州市,regular,checkout,S000671,0,C202606,悦活家居,O000670
B000671,U000528,P000063,云感母婴用品升级版,C06,母婴用品,buy,2026-03-02 14:11:00,165.00,1,offline,mac,广东省,深圳市,regular,checkout,S000672,0,C202602,云感母婴,O000671
B000672,U000565,P000007,悦活服饰便携装,C03,服饰,buy,2026-03-03 10:10:00,344.00,1,wechat,windows,河南省,郑州市,regular,checkout,S000673,0,C202604,悦活服饰,O000672
B000673,U000602,P000121,悦活运动户外旗舰款,C07,运动户外,buy,2026-03-03 13:45:00,291.00,1,jd,windows,湖北省,武汉市,regular,checkout,S000674,0,C202601,悦活运动,O000673
B000674,U000639,P000094,原野运动户外日常款,C07,运动户外,buy,2026-03-03 23:45:00,136.00,1,offline,ios,上海市,上海市,regular,checkout,S000675,0,C202606,原野运动,O000674
B000675,U000676,P000032,臻选生鲜便携装,C09,生鲜,buy,2026-03-03 22:15:00,71.00,1,jd,android,河南省,郑州市,regular,checkout,S000676,0,C202601,臻选生鲜,O000675
B000676,U000713,P000139,悦活运动户外日常款,C07,运动户外,buy,2026-03-03 11:37:00,358.00,1,taobao,android,广东省,深圳市,regular,checkout,S000677,0,C202604,悦活运动,O000676
B000677,U000750,P000123,云感宠物用品升级版,C08,宠物用品,buy,2026-03-03 10:22:00,83.00,1,search,windows,福建省,厦门市,regular,checkout,S000678,0,C202604,云感宠物,O000677
B000678,U000787,P000118,原野美妆个护升级版,C01,美妆个护,buy,2026-03-03 23:16:00,133.00,1,taobao,mac,江苏省,南京市,regular,checkout,S000679,0,C202604,原野美妆,O000678
B000679,U000824,P000006,轻氧母婴用品旗舰款,C06,母婴用品,buy,2026-03-03 17:49:00,161.00,1,offline,windows,上海市,上海市,new,checkout,S000680,1,C202604,轻氧母婴,O000679
B000680,U000861,P000171,云感生鲜旗舰款,C09,生鲜,buy,2026-03-03 21:23:00,30.00,2,jd,android,湖北省,武汉市,new,checkout,S000681,1,C202603,云感生鲜,O000680
B000681,U000898,P000051,云感宠物用品旗舰款,C08,宠物用品,buy,2026-03-03 17:58:00,64.00,1,offline,ios,山东省,青岛市,new,checkout,S000682,1,C202605,云感宠物,O000681
B000682,U000035,P000025,悦活宠物用品套装,C08,宠物用品,buy,2026-03-03 11:47:00,105.00,1,wechat,android,山东省,青岛市,high_value,checkout,S000683,0,C202606,悦活宠物,O000682
B000683,U000072,P000125,轻盈生鲜套装,C09,生鲜,buy,2026-03-04 23:00:00,62.00,1,wechat,ios,四川省,成都市,high_value,checkout,S000684,0,C202601,轻盈生鲜,O000683
B000684,U000109,P000002,臻选服饰便携装,C03,服饰,buy,2026-03-04 19:59:00,332.00,4,search,mac,上海市,上海市,high_value,checkout,S000685,0,C202602,臻选服饰,O000684
B000685,U000146,P000078,轻氧运动户外升级版,C07,运动户外,buy,2026-03-04 22:09:00,332.00,1,search,mac,浙江省,杭州市,member,checkout,S000686,0,C202601,轻氧运动,O000685
B000686,U000183,P000053,轻盈服饰升级版,C03,服饰,buy,2026-03-04 20:44:00,262.00,1,taobao,android,山东省,青岛市,member,checkout,S000687,0,C202606,轻盈服饰,O000686
B000687,U000220,P000092,臻选服饰便携装,C03,服饰,buy,2026-03-04 15:05:00,291.00,2,douyin,mac,广东省,深圳市,member,checkout,S000688,0,C202601,臻选服饰,O000687
B000688,U000257,P000078,轻氧运动户外升级版,C07,运动户外,buy,2026-03-04 08:07:00,332.00,1,taobao,mac,河南省,郑州市,member,checkout,S000689,0,C202603,轻氧运动,O000688
B000689,U000294,P000058,原野生鲜升级版,C09,生鲜,buy,2026-03-04 18:12:00,44.00,1,taobao,android,广东省,深圳市,member,checkout,S000690,0,C202602,原野生鲜,O000689
B000690,U000331,P000122,臻选运动户外便携装,C07,运动户外,buy,2026-03-04 11:26:00,212.00,4,search,ios,福建省,厦门市,member,checkout,S000691,0,C202606,臻选运动,O000690
B000691,U000368,P000138,轻氧数码配件升级版,C05,数码配件,buy,2026-03-04 09:06:00,150.00,1,taobao,mac,广东省,深圳市,member,checkout,S000692,0,C202602,轻氧数码,O000691
B000692,U000405,P000042,轻氧美妆个护便携装,C01,美妆个护,buy,2026-03-04 22:56:00,69.00,1,jd,windows,福建省,厦门市,member,checkout,S000693,0,C202604,轻氧美妆,O000692
B000693,U000442,P000047,轻盈服饰便携装,C03,服饰,buy,2026-03-04 23:40:00,154.00,1,wechat,ios,湖北省,武汉市,regular,checkout,S000694,0,C202601,轻盈服饰,O000693
B000694,U000479,P000051,云感宠物用品旗舰款,C08,宠物用品,buy,2026-03-05 09:08:00,64.00,1,taobao,windows,湖北省,武汉市,regular,checkout,S000695,0,C202606,云感宠物,O000694
B000695,U000516,P000165,云感生鲜套装,C09,生鲜,buy,2026-03-05 15:53:00,43.00,1,wechat,windows,广东省,深圳市,regular,checkout,S000696,0,C202601,云感生鲜,O000695
B000696,U000553,P000100,原野运动户外套装,C07,运动户外,buy,2026-03-05 18:21:00,235.00,4,search,windows,四川省,成都市,regular,checkout,S000697,0,C202604,原野运动,O000696
B000697,U000590,P000027,云感宠物用品便携装,C08,宠物用品,buy,2026-03-05 17:50:00,96.00,3,search,windows,江苏省,南京市,regular,checkout,S000698,0,C202606,云感宠物,O000697
B000698,U000627,P000017,轻盈食品饮料便携装,C02,食品饮料,buy,2026-03-05 19:39:00,71.00,1,taobao,android,福建省,厦门市,regular,checkout,S000699,0,C202604,轻盈食品,O000698
B000699,U000664,P000027,云感宠物用品便携装,C08,宠物用品,buy,2026-03-05 11:54:00,96.00,1,offline,mac,山东省,青岛市,regular,checkout,S000700,0,C202603,云感宠物,O000699
B000700,U000701,P000148,原野数码配件升级版,C05,数码配件,buy,2026-03-05 20:00:00,136.00,1,jd,ios,福建省,厦门市,regular,checkout,S000701,0,C202604,原野数码,O000700
B000701,U000738,P000036,轻氧食品饮料旗舰款,C02,食品饮料,buy,2026-03-05 20:22:00,73.00,1,wechat,mac,浙江省,杭州市,regular,checkout,S000702,0,C202601,轻氧食品,O000701
B000702,U000775,P000045,云感食品饮料套装,C02,食品饮料,buy,2026-03-05 12:08:00,67.00,1,taobao,mac,江苏省,南京市,regular,checkout,S000703,0,C202606,云感食品,O000702
B000703,U000812,P000069,云感运动户外日常款,C07,运动户外,buy,2026-03-05 12:50:00,268.00,1,douyin,android,湖北省,武汉市,regular,checkout,S000704,0,C202604,云感运动,O000703
B000704,U000849,P000080,臻选家居日用套装,C04,家居日用,buy,2026-03-05 19:33:00,148.00,1,taobao,windows,四川省,成都市,new,checkout,S000705,1,C202605,臻选家居,O000704
B000705,U000886,P000133,悦活美妆个护升级版,C01,美妆个护,buy,2026-03-06 10:33:00,47.00,1,offline,android,山东省,青岛市,new,checkout,S000706,1,C202601,悦活美妆,O000705
B000706,U000023,P000138,轻氧数码配件升级版,C05,数码配件,buy,2026-03-06 10:07:00,150.00,1,jd,windows,湖北省,武汉市,high_value,checkout,S000707,0,C202602,轻氧数码,O000706
B000707,U000060,P000074,臻选美妆个护日常款,C01,美妆个护,buy,2026-03-06 16:05:00,71.00,1,wechat,android,上海市,上海市,high_value,checkout,S000708,0,C202604,臻选美妆,O000707
B000708,U000097,P000076,原野美妆个护旗舰款,C01,美妆个护,buy,2026-03-06 21:37:00,77.00,2,taobao,ios,福建省,厦门市,high_value,checkout,S000709,0,C202604,原野美妆,O000708
B000709,U000134,P000018,轻氧生鲜升级版,C09,生鲜,buy,2026-03-06 14:27:00,81.00,2,jd,ios,山东省,青岛市,member,checkout,S000710,0,C202605,轻氧生鲜,O000709
B000710,U000171,P000057,云感数码配件便携装,C05,数码配件,buy,2026-03-06 19:59:00,79.00,1,offline,mac,四川省,成都市,member,checkout,S000711,0,C202603,云感数码,O000710
B000711,U000208,P000057,云感数码配件便携装,C05,数码配件,buy,2026-03-06 22:48:00,79.00,3,offline,ios,山东省,青岛市,member,checkout,S000712,0,C202603,云感数码,O000711
B000712,U000245,P000115,悦活美妆个护套装,C01,美妆个护,buy,2026-03-06 21:44:00,86.00,1,search,mac,北京市,北京市,member,checkout,S000713,0,C202603,悦活美妆,O000712
B000713,U000282,P000166,原野服饰旗舰款,C03,服饰,buy,2026-03-06 13:14:00,378.00,1,taobao,windows,湖北省,武汉市,member,checkout,S000714,0,C202602,原野服饰,O000713
B000714,U000319,P000037,悦活运动户外便携装,C07,运动户外,buy,2026-03-06 22:58:00,152.00,1,wechat,mac,四川省,成都市,member,checkout,S000715,0,C202603,悦活运动,O000714
B000715,U000356,P000147,云感数码配件便携装,C05,数码配件,buy,2026-03-06 22:32:00,281.00,1,offline,ios,福建省,厦门市,member,checkout,S000716,0,C202602,云感数码,O000715
B000716,U000393,P000153,云感美妆个护升级版,C01,美妆个护,buy,2026-03-07 20:33:00,48.00,1,douyin,mac,湖北省,武汉市,member,checkout,S000717,0,C202605,云感美妆,O000716
B000717,U000430,P000018,轻氧生鲜升级版,C09,生鲜,buy,2026-03-07 16:15:00,81.00,3,taobao,ios,福建省,厦门市,regular,checkout,S000718,0,C202605,轻氧生鲜,O000717
B000718,U000467,P000029,轻盈食品饮料日常款,C02,食品饮料,buy,2026-03-07 18:37:00,91.00,4,wechat,mac,湖北省,武汉市,regular,checkout,S000719,0,C202602,轻盈食品,O000718
B000719,U000504,P000162,轻氧食品饮料便携装,C02,食品饮料,buy,2026-03-07 20:51:00,73.00,1,offline,mac,四川省,成都市,regular,checkout,S000720,0,C202604,轻氧食品,O000719
B000720,U000541,P000066,轻氧母婴用品旗舰款,C06,母婴用品,buy,2026-03-07 19:01:00,76.00,1,jd,ios,浙江省,杭州市,regular,checkout,S000721,0,C202602,轻氧母婴,O000720
B000721,U000578,P000153,云感美妆个护升级版,C01,美妆个护,buy,2026-03-07 21:35:00,48.00,2,offline,windows,浙江省,杭州市,regular,checkout,S000722,0,C202605,云感美妆,O000721
B000722,U000615,P000019,悦活家居日用日常款,C04,家居日用,buy,2026-03-07 08:50:00,71.00,1,jd,windows,浙江省,杭州市,regular,checkout,S000723,0,C202605,悦活家居,O000722
B000723,U000652,P000168,轻氧服饰升级版,C03,服饰,buy,2026-03-07 18:24:00,368.00,1,search,mac,河南省,郑州市,regular,checkout,S000724,0,C202605,轻氧服饰,O000723
B000724,U000689,P000095,轻盈旅行用品套装,C10,旅行用品,buy,2026-03-07 09:59:00,577.00,1,douyin,windows,北京市,北京市,regular,checkout,S000725,0,C202602,轻盈旅行,O000724
B000725,U000726,P000140,臻选食品饮料套装,C02,食品饮料,buy,2026-03-07 11:09:00,71.00,1,jd,windows,江苏省,南京市,regular,checkout,S000726,0,C202603,臻选食品,O000725
B000726,U000763,P000136,原野运动户外旗舰款,C07,运动户外,buy,2026-03-07 23:59:00,169.00,1,offline,windows,山东省,青岛市,regular,checkout,S000727,0,C202601,原野运动,O000726
B000727,U000800,P000155,轻盈生鲜套装,C09,生鲜,buy,2026-03-08 08:43:00,106.00,1,search,android,上海市,上海市,regular,checkout,S000728,0,C202602,轻盈生鲜,O000727
B000728,U000837,P000138,轻氧数码配件升级版,C05,数码配件,buy,2026-03-08 12:39:00,150.00,4,taobao,android,上海市,上海市,new,checkout,S000729,1,C202603,轻氧数码,O000728
B000729,U000874,P000152,臻选数码配件便携装,C05,数码配件,buy,2026-03-08 20:51:00,302.00,1,wechat,windows,上海市,上海市,new,checkout,S000730,1,C202602,臻选数码,O000729
B000730,U000011,P000016,原野运动户外旗舰款,C07,运动户外,buy,2026-03-08 13:03:00,164.00,1,douyin,mac,浙江省,杭州市,high_value,checkout,S000731,0,C202603,原野运动,O000730
B000731,U000048,P000137,轻盈数码配件便携装,C05,数码配件,buy,2026-03-08 10:08:00,216.00,2,offline,ios,河南省,郑州市,high_value,checkout,S000732,0,C202605,轻盈数码,O000731
B000732,U000085,P000091,悦活母婴用品旗舰款,C06,母婴用品,buy,2026-03-08 13:32:00,87.00,1,wechat,ios,四川省,成都市,high_value,checkout,S000733,0,C202606,悦活母婴,O000732
B000733,U000122,P000120,轻氧宠物用品套装,C08,宠物用品,buy,2026-03-08 14:03:00,58.00,1,search,mac,四川省,成都市,member,checkout,S000734,0,C202603,轻氧宠物,O000733
B000734,U000159,P000107,轻盈运动户外便携装,C07,运动户外,buy,2026-03-08 12:01:00,176.00,4,search,windows,河南省,郑州市,member,checkout,S000735,0,C202601,轻盈运动,O000734
B000735,U000196,P000079,悦活服饰日常款,C03,服饰,buy,2026-03-08 16:12:00,452.00,2,douyin,ios,河南省,郑州市,member,checkout,S000736,0,C202604,悦活服饰,O000735
B000736,U000233,P000156,轻氧母婴用品旗舰款,C06,母婴用品,buy,2026-03-08 17:07:00,153.00,1,taobao,mac,四川省,成都市,member,checkout,S000737,0,C202602,轻氧母婴,O000736
B000737,U000270,P000144,轻氧美妆个护日常款,C01,美妆个护,buy,2026-03-08 23:44:00,118.00,1,douyin,ios,山东省,青岛市,member,checkout,S000738,0,C202603,轻氧美妆,O000737
B000738,U000307,P000136,原野运动户外旗舰款,C07,运动户外,buy,2026-03-09 18:02:00,169.00,1,taobao,windows,四川省,成都市,member,checkout,S000739,0,C202603,原野运动,O000738
B000739,U000344,P000129,云感服饰日常款,C03,服饰,buy,2026-03-09 09:39:00,307.00,1,taobao,windows,湖北省,武汉市,member,checkout,S000740,0,C202603,云感服饰,O000739
B000740,U000381,P000086,臻选数码配件旗舰款,C05,数码配件,buy,2026-03-09 08:21:00,150.00,1,offline,windows,广东省,深圳市,member,checkout,S000741,0,C202601,臻选数码,O000740
B000741,U000418,P000082,原野旅行用品便携装,C10,旅行用品,buy,2026-03-09 17:03:00,253.00,1,offline,android,山东省,青岛市,member,checkout,S000742,0,C202603,原野旅行,O000741
B000742,U000455,P000020,臻选数码配件套装,C05,数码配件,buy,2026-03-09 15:23:00,252.00,1,jd,android,湖北省,武汉市,regular,checkout,S000743,0,C202601,臻选数码,O000742
B000743,U000492,P000038,臻选母婴用品升级版,C06,母婴用品,buy,2026-03-09 20:20:00,188.00,1,taobao,android,北京市,北京市,regular,checkout,S000744,0,C202604,臻选母婴,O000743
B000744,U000529,P000085,悦活家居日用套装,C04,家居日用,buy,2026-03-09 19:01:00,70.00,1,douyin,android,北京市,北京市,regular,checkout,S000745,0,C202602,悦活家居,O000744
B000745,U000566,P000045,云感食品饮料套装,C02,食品饮料,buy,2026-03-09 11:53:00,67.00,1,jd,android,福建省,厦门市,regular,checkout,S000746,0,C202604,云感食品,O000745
B000746,U000603,P000122,臻选运动户外便携装,C07,运动户外,buy,2026-03-09 08:09:00,212.00,4,jd,windows,上海市,上海市,regular,checkout,S000747,0,C202603,臻选运动,O000746
B000747,U000640,P000132,轻氧家居日用便携装,C04,家居日用,buy,2026-03-09 13:20:00,91.00,1,jd,android,浙江省,杭州市,regular,checkout,S000748,0,C202606,轻氧家居,O000747
B000748,U000677,P000121,悦活运动户外旗舰款,C07,运动户外,buy,2026-03-09 21:01:00,291.00,3,offline,android,上海市,上海市,regular,checkout,S000749,0,C202602,悦活运动,O000748
B000749,U000714,P000133,悦活美妆个护升级版,C01,美妆个护,buy,2026-03-10 17:37:00,47.00,1,jd,android,江苏省,南京市,regular,checkout,S000750,0,C202603,悦活美妆,O000749
B000750,U000751,P000110,臻选美妆个护套装,C01,美妆个护,buy,2026-03-10 20:14:00,81.00,1,jd,android,福建省,厦门市,regular,checkout,S000751,0,C202606,臻选美妆,O000750
B000751,U000788,P000077,轻盈服饰便携装,C03,服饰,buy,2026-03-10 10:24:00,279.00,4,taobao,windows,河南省,郑州市,regular,checkout,S000752,0,C202601,轻盈服饰,O000751
B000752,U000825,P000098,臻选家居日用升级版,C04,家居日用,buy,2026-03-10 21:16:00,90.00,1,douyin,windows,北京市,北京市,new,checkout,S000753,1,C202606,臻选家居,O000752
B000753,U000862,P000134,臻选数码配件日常款,C05,数码配件,buy,2026-03-10 11:04:00,120.00,1,search,windows,北京市,北京市,new,checkout,S000754,1,C202606,臻选数码,O000753
B000754,U000899,P000087,云感旅行用品便携装,C10,旅行用品,buy,2026-03-10 14:47:00,609.00,1,douyin,windows,北京市,北京市,new,checkout,S000755,1,C202606,云感旅行,O000754
B000755,U000036,P000096,轻氧数码配件旗舰款,C05,数码配件,buy,2026-03-10 10:53:00,88.00,1,taobao,ios,北京市,北京市,high_value,checkout,S000756,0,C202603,轻氧数码,O000755
B000756,U000073,P000081,云感数码配件旗舰款,C05,数码配件,buy,2026-03-10 14:20:00,152.00,1,douyin,android,广东省,深圳市,high_value,checkout,S000757,0,C202604,云感数码,O000756
B000757,U000110,P000121,悦活运动户外旗舰款,C07,运动户外,buy,2026-03-10 15:00:00,291.00,1,douyin,mac,福建省,厦门市,high_value,checkout,S000758,0,C202605,悦活运动,O000757
B000758,U000147,P000167,轻盈美妆个护便携装,C01,美妆个护,buy,2026-03-10 20:57:00,119.00,1,wechat,windows,湖北省,武汉市,member,checkout,S000759,0,C202605,轻盈美妆,O000758
B000759,U000184,P000005,轻盈数码配件套装,C05,数码配件,buy,2026-03-10 23:26:00,256.00,1,wechat,android,浙江省,杭州市,member,checkout,S000760,0,C202603,轻盈数码,O000759
B000760,U000221,P000009,云感数码配件日常款,C05,数码配件,buy,2026-03-11 08:53:00,295.00,1,taobao,windows,河南省,郑州市,member,checkout,S000761,0,C202602,云感数码,O000760
B000761,U000258,P000037,悦活运动户外便携装,C07,运动户外,buy,2026-03-11 10:58:00,152.00,1,taobao,windows,浙江省,杭州市,member,checkout,S000762,0,C202601,悦活运动,O000761
B000762,U000295,P000149,轻盈家居日用日常款,C04,家居日用,buy,2026-03-11 18:21:00,110.00,1,search,android,福建省,厦门市,member,checkout,S000763,0,C202606,轻盈家居,O000762
B000763,U000332,P000150,轻氧母婴用品套装,C06,母婴用品,buy,2026-03-11 21:47:00,76.00,1,taobao,windows,广东省,深圳市,member,checkout,S000764,0,C202605,轻氧母婴,O000763
B000764,U000369,P000051,云感宠物用品旗舰款,C08,宠物用品,buy,2026-03-11 15:43:00,64.00,4,jd,ios,江苏省,南京市,member,checkout,S000765,0,C202605,云感宠物,O000764
B000765,U000406,P000004,原野旅行用品日常款,C10,旅行用品,buy,2026-03-11 11:19:00,271.00,1,douyin,ios,上海市,上海市,member,checkout,S000766,0,C202601,原野旅行,O000765
B000766,U000443,P000058,原野生鲜升级版,C09,生鲜,buy,2026-03-11 23:39:00,44.00,1,douyin,android,上海市,上海市,regular,checkout,S000767,0,C202605,原野生鲜,O000766
B000767,U000480,P000130,原野服饰套装,C03,服饰,buy,2026-03-11 16:43:00,194.00,1,offline,windows,福建省,厦门市,regular,checkout,S000768,0,C202604,原野服饰,O000767
B000768,U000517,P000020,臻选数码配件套装,C05,数码配件,buy,2026-03-11 22:05:00,252.00,1,search,ios,北京市,北京市,regular,checkout,S000769,0,C202603,臻选数码,O000768
B000769,U000554,P000171,云感生鲜旗舰款,C09,生鲜,buy,2026-03-11 21:36:00,30.00,1,offline,mac,四川省,成都市,regular,checkout,S000770,0,C202606,云感生鲜,O000769
B000770,U000591,P000159,云感旅行用品日常款,C10,旅行用品,buy,2026-03-11 09:00:00,514.00,1,wechat,android,上海市,上海市,regular,checkout,S000771,0,C202604,云感旅行,O000770
B000771,U000628,P000106,原野母婴用品旗舰款,C06,母婴用品,buy,2026-03-12 17:41:00,102.00,1,wechat,android,河南省,郑州市,regular,checkout,S000772,0,C202606,原野母婴,O000771
B000772,U000665,P000117,云感食品饮料便携装,C02,食品饮料,buy,2026-03-12 09:46:00,54.00,1,douyin,mac,广东省,深圳市,regular,checkout,S000773,0,C202601,云感食品,O000772
B000773,U000702,P000089,轻盈美妆个护日常款,C01,美妆个护,buy,2026-03-12 10:35:00,69.00,2,wechat,ios,上海市,上海市,regular,checkout,S000774,0,C202602,轻盈美妆,O000773
B000774,U000739,P000131,轻盈生鲜旗舰款,C09,生鲜,buy,2026-03-12 15:59:00,85.00,1,douyin,ios,湖北省,武汉市,regular,checkout,S000775,0,C202602,轻盈生鲜,O000774
B000775,U000776,P000009,云感数码配件日常款,C05,数码配件,buy,2026-03-12 11:30:00,295.00,1,douyin,windows,湖北省,武汉市,regular,checkout,S000776,0,C202604,云感数码,O000775
B000776,U000813,P000007,悦活服饰便携装,C03,服饰,buy,2026-03-12 12:27:00,344.00,1,taobao,ios,河南省,郑州市,regular,checkout,S000777,0,C202603,悦活服饰,O000776
B000777,U000850,P000017,轻盈食品饮料便携装,C02,食品饮料,buy,2026-03-12 20:52:00,71.00,2,taobao,windows,湖北省,武汉市,new,checkout,S000778,1,C202604,轻盈食品,O000777
B000778,U000887,P000068,臻选旅行用品升级版,C10,旅行用品,buy,2026-03-12 22:29:00,202.00,1,offline,android,福建省,厦门市,new,checkout,S000779,1,C202602,臻选旅行,O000778
B000779,U000024,P000129,云感服饰日常款,C03,服饰,buy,2026-03-12 19:10:00,307.00,1,jd,ios,湖北省,武汉市,high_value,checkout,S000780,0,C202603,云感服饰,O000779
B000780,U000061,P000055,悦活宠物用品套装,C08,宠物用品,buy,2026-03-12 19:18:00,100.00,1,search,windows,北京市,北京市,high_value,checkout,S000781,0,C202602,悦活宠物,O000780
B000781,U000098,P000069,云感运动户外日常款,C07,运动户外,buy,2026-03-12 20:09:00,268.00,1,taobao,windows,福建省,厦门市,high_value,checkout,S000782,0,C202606,云感运动,O000781
B000782,U000135,P000170,臻选生鲜套装,C09,生鲜,buy,2026-03-13 18:46:00,77.00,1,douyin,windows,山东省,青岛市,member,checkout,S000783,0,C202604,臻选生鲜,O000782
B000783,U000172,P000079,悦活服饰日常款,C03,服饰,buy,2026-03-13 23:31:00,452.00,1,taobao,android,河南省,郑州市,member,checkout,S000784,0,C202606,悦活服饰,O000783
B000784,U000209,P000046,原野食品饮料旗舰款,C02,食品饮料,buy,2026-03-13 17:00:00,69.00,1,jd,ios,河南省,郑州市,member,checkout,S000785,0,C202601,原野食品,O000784
B000785,U000246,P000037,悦活运动户外便携装,C07,运动户外,buy,2026-03-13 13:25:00,152.00,1,offline,ios,福建省,厦门市,member,checkout,S000786,0,C202601,悦活运动,O000785
B000786,U000283,P000167,轻盈美妆个护便携装,C01,美妆个护,buy,2026-03-13 13:24:00,119.00,1,search,windows,湖北省,武汉市,member,checkout,S000787,0,C202603,轻盈美妆,O000786
B000787,U000320,P000119,轻盈宠物用品日常款,C08,宠物用品,buy,2026-03-13 13:23:00,99.00,1,wechat,android,四川省,成都市,member,checkout,S000788,0,C202603,轻盈宠物,O000787
B000788,U000357,P000066,轻氧母婴用品旗舰款,C06,母婴用品,buy,2026-03-13 21:35:00,76.00,3,wechat,ios,北京市,北京市,member,checkout,S000789,0,C202601,轻氧母婴,O000788
B000789,U000394,P000039,云感生鲜日常款,C09,生鲜,buy,2026-03-13 14:51:00,109.00,1,taobao,mac,广东省,深圳市,member,checkout,S000790,0,C202606,云感生鲜,O000789
B000790,U000431,P000135,云感数码配件套装,C05,数码配件,buy,2026-03-13 17:01:00,182.00,1,taobao,ios,山东省,青岛市,regular,checkout,S000791,0,C202604,云感数码,O000790
B000791,U000468,P000067,悦活旅行用品便携装,C10,旅行用品,buy,2026-03-13 22:16:00,195.00,3,offline,mac,福建省,厦门市,regular,checkout,S000792,0,C202601,悦活旅行,O000791
B000792,U000505,P000129,云感服饰日常款,C03,服饰,buy,2026-03-13 15:41:00,307.00,1,search,mac,浙江省,杭州市,regular,checkout,S000793,0,C202605,云感服饰,O000792
B000793,U000542,P000147,云感数码配件便携装,C05,数码配件,buy,2026-03-14 08:00:00,281.00,1,taobao,android,河南省,郑州市,regular,checkout,S000794,0,C202605,云感数码,O000793
B000794,U000579,P000068,臻选旅行用品升级版,C10,旅行用品,buy,2026-03-14 20:56:00,202.00,2,wechat,windows,北京市,北京市,regular,checkout,S000795,0,C202605,臻选旅行,O000794
B000795,U000616,P000164,臻选食品饮料日常款,C02,食品饮料,buy,2026-03-14 18:13:00,73.00,1,jd,windows,广东省,深圳市,regular,checkout,S000796,0,C202602,臻选食品,O000795
B000796,U000653,P000129,云感服饰日常款,C03,服饰,buy,2026-03-14 12:15:00,307.00,1,offline,windows,北京市,北京市,regular,checkout,S000797,0,C202605,云感服饰,O000796
B000797,U000690,P000037,悦活运动户外便携装,C07,运动户外,buy,2026-03-14 17:48:00,152.00,1,wechat,ios,北京市,北京市,regular,checkout,S000798,0,C202604,悦活运动,O000797
B000798,U000727,P000012,轻氧母婴用品便携装,C06,母婴用品,buy,2026-03-14 16:06:00,128.00,1,jd,ios,四川省,成都市,regular,checkout,S000799,0,C202604,轻氧母婴,O000798
B000799,U000764,P000046,原野食品饮料旗舰款,C02,食品饮料,buy,2026-03-14 20:49:00,69.00,1,offline,android,广东省,深圳市,regular,checkout,S000800,0,C202602,原野食品,O000799
B000800,U000801,P000142,原野母婴用品便携装,C06,母婴用品,buy,2026-03-14 18:41:00,161.00,1,jd,mac,江苏省,南京市,regular,checkout,S000801,0,C202606,原野母婴,O000800
B000801,U000838,P000101,轻盈生鲜旗舰款,C09,生鲜,buy,2026-03-14 16:51:00,111.00,1,search,mac,浙江省,杭州市,new,checkout,S000802,1,C202603,轻盈生鲜,O000801
B000802,U000875,P000043,悦活服饰升级版,C03,服饰,buy,2026-03-14 22:47:00,237.00,1,taobao,android,上海市,上海市,new,checkout,S000803,1,C202606,悦活服饰,O000802
B000803,U000012,P000165,云感生鲜套装,C09,生鲜,buy,2026-03-14 10:37:00,43.00,1,jd,android,山东省,青岛市,high_value,checkout,S000804,0,C202601,云感生鲜,O000803
B000804,U000049,P000073,悦活家居日用升级版,C04,家居日用,buy,2026-03-15 16:31:00,147.00,1,jd,windows,北京市,北京市,high_value,checkout,S000805,0,C202605,悦活家居,O000804
B000805,U000086,P000081,云感数码配件旗舰款,C05,数码配件,buy,2026-03-15 19:59:00,152.00,1,jd,windows,浙江省,杭州市,high_value,checkout,S000806,0,C202603,云感数码,O000805
B000806,U000123,P000167,轻盈美妆个护便携装,C01,美妆个护,buy,2026-03-15 13:11:00,119.00,1,search,ios,浙江省,杭州市,member,checkout,S000807,0,C202604,轻盈美妆,O000806
B000807,U000160,P000082,原野旅行用品便携装,C10,旅行用品,buy,2026-03-15 16:56:00,253.00,3,douyin,android,广东省,深圳市,member,checkout,S000808,0,C202601,原野旅行,O000807
B000808,U000197,P000013,悦活食品饮料升级版,C02,食品饮料,buy,2026-03-15 09:31:00,91.00,1,douyin,mac,上海市,上海市,member,checkout,S000809,0,C202601,悦活食品,O000808
B000809,U000234,P000010,原野旅行用品套装,C10,旅行用品,buy,2026-03-15 22:14:00,302.00,1,search,mac,河南省,郑州市,member,checkout,S000810,0,C202604,原野旅行,O000809
B000810,U000271,P000042,轻氧美妆个护便携装,C01,美妆个护,buy,2026-03-15 19:39:00,69.00,1,jd,android,河南省,郑州市,member,checkout,S000811,0,C202605,轻氧美妆,O000810
B000811,U000308,P000109,悦活旅行用品日常款,C10,旅行用品,buy,2026-03-15 16:54:00,614.00,1,douyin,mac,北京市,北京市,member,checkout,S000812,0,C202603,悦活旅行,O000811
B000812,U000345,P000131,轻盈生鲜旗舰款,C09,生鲜,add_cart,2026-03-15 12:34:00,85.00,1,search,mac,河南省,郑州市,member,checkout,S000813,0,C202604,轻盈生鲜,O000812
B000813,U000382,P000153,云感美妆个护升级版,C01,美妆个护,buy,2026-03-15 11:15:00,48.00,1,douyin,mac,浙江省,杭州市,member,checkout,S000814,0,C202606,云感美妆,O000813
B000814,U000419,P000033,云感美妆个护升级版,C01,美妆个护,buy,2026-03-15 15:07:00,88.00,4,taobao,android,湖北省,武汉市,member,checkout,S000815,0,C202606,云感美妆,O000814
B000815,U000456,P000069,云感运动户外日常款,C07,运动户外,buy,2026-03-16 11:19:00,268.00,4,douyin,ios,北京市,北京市,regular,checkout,S000816,0,C202603,云感运动,O000815
B000816,U000493,P000165,云感生鲜套装,C09,生鲜,buy,2026-03-16 11:52:00,43.00,1,offline,mac,江苏省,南京市,regular,checkout,S000817,0,C202605,云感生鲜,O000816
B000817,U000530,P000160,原野旅行用品套装,C10,旅行用品,buy,2026-03-16 16:36:00,231.00,4,search,ios,江苏省,南京市,regular,checkout,S000818,0,C202601,原野旅行,O000817
B000818,U000567,P000029,轻盈食品饮料日常款,C02,食品饮料,buy,2026-03-16 19:18:00,91.00,1,wechat,mac,上海市,上海市,regular,checkout,S000819,0,C202603,轻盈食品,O000818
B000819,U000604,P000083,轻盈运动户外升级版,C07,运动户外,buy,2026-03-16 14:33:00,227.00,1,offline,android,福建省,厦门市,regular,checkout,S000820,0,C202606,轻盈运动,O000819
B000820,U000641,P000171,云感生鲜旗舰款,C09,生鲜,buy,2026-03-16 17:49:00,30.00,1,douyin,windows,浙江省,杭州市,regular,checkout,S000821,0,C202606,云感生鲜,O000820
B000821,U000678,P000054,轻氧美妆个护日常款,C01,美妆个护,buy,2026-03-16 09:23:00,138.00,1,search,windows,浙江省,杭州市,regular,checkout,S000822,0,C202604,轻氧美妆,O000821
B000822,U000715,P000117,云感食品饮料便携装,C02,食品饮料,buy,2026-03-16 13:22:00,54.00,4,taobao,windows,湖北省,武汉市,regular,checkout,S000823,0,C202603,云感食品,O000822
B000823,U000752,P000114,轻氧母婴用品日常款,C06,母婴用品,buy,2026-03-16 15:16:00,142.00,1,taobao,mac,福建省,厦门市,regular,checkout,S000824,0,C202606,轻氧母婴,O000823
B000824,U000789,P000138,轻氧数码配件升级版,C05,数码配件,buy,2026-03-16 11:38:00,150.00,1,jd,android,山东省,青岛市,regular,checkout,S000825,0,C202605,轻氧数码,O000824
B000825,U000826,P000008,臻选美妆个护升级版,C01,美妆个护,buy,2026-03-16 14:43:00,69.00,1,jd,windows,江苏省,南京市,new,checkout,S000826,1,C202603,臻选美妆,O000825
B000826,U000863,P000168,轻氧服饰升级版,C03,服饰,buy,2026-03-17 16:50:00,368.00,1,taobao,ios,广东省,深圳市,new,checkout,S000827,1,C202604,轻氧服饰,O000826
B000827,U000900,P000089,轻盈美妆个护日常款,C01,美妆个护,buy,2026-03-17 14:44:00,69.00,1,taobao,ios,北京市,北京市,new,checkout,S000828,1,C202606,轻盈美妆,O000827
B000828,U000037,P000167,轻盈美妆个护便携装,C01,美妆个护,buy,2026-03-17 18:13:00,119.00,1,douyin,android,广东省,深圳市,high_value,checkout,S000829,0,C202606,轻盈美妆,O000828
B000829,U000074,P000063,云感母婴用品升级版,C06,母婴用品,buy,2026-03-17 10:21:00,165.00,1,wechat,ios,福建省,厦门市,high_value,checkout,S000830,0,C202606,云感母婴,O000829
B000830,U000111,P000139,悦活运动户外日常款,C07,运动户外,buy,2026-03-17 12:17:00,358.00,1,douyin,ios,浙江省,杭州市,high_value,checkout,S000831,0,C202605,悦活运动,O000830
B000831,U000148,P000049,悦活数码配件日常款,C05,数码配件,buy,2026-03-17 16:55:00,141.00,1,jd,windows,福建省,厦门市,member,checkout,S000832,0,C202605,悦活数码,O000831
B000832,U000185,P000046,原野食品饮料旗舰款,C02,食品饮料,buy,2026-03-17 11:02:00,69.00,1,wechat,ios,山东省,青岛市,member,checkout,S000833,0,C202601,原野食品,O000832
B000833,U000222,P000055,悦活宠物用品套装,C08,宠物用品,buy,2026-03-17 22:22:00,100.00,1,jd,android,福建省,厦门市,member,checkout,S000834,0,C202605,悦活宠物,O000833
B000834,U000259,P000035,轻盈家居日用套装,C04,家居日用,buy,2026-03-17 08:35:00,116.00,1,jd,android,上海市,上海市,member,checkout,S000835,0,C202602,轻盈家居,O000834
B000835,U000296,P000079,悦活服饰日常款,C03,服饰,buy,2026-03-17 18:35:00,452.00,1,search,mac,江苏省,南京市,member,checkout,S000836,0,C202605,悦活服饰,O000835
B000836,U000333,P000151,悦活美妆个护旗舰款,C01,美妆个护,buy,2026-03-17 11:52:00,38.00,3,search,android,广东省,深圳市,member,checkout,S000837,0,C202601,悦活美妆,O000836
B000837,U000370,P000090,轻氧旅行用品套装,C10,旅行用品,buy,2026-03-18 13:53:00,170.00,1,taobao,android,河南省,郑州市,member,checkout,S000838,0,C202601,轻氧旅行,O000837
B000838,U000407,P000010,原野旅行用品套装,C10,旅行用品,buy,2026-03-18 16:53:00,302.00,1,wechat,windows,广东省,深圳市,member,checkout,S000839,0,C202602,原野旅行,O000838
B000839,U000444,P000108,轻氧母婴用品升级版,C06,母婴用品,buy,2026-03-18 10:39:00,86.00,1,offline,android,广东省,深圳市,regular,checkout,S000840,0,C202604,轻氧母婴,O000839
B000840,U000481,P000129,云感服饰日常款,C03,服饰,buy,2026-03-18 19:15:00,307.00,1,wechat,android,江苏省,南京市,regular,checkout,S000841,0,C202603,云感服饰,O000840
B000841,U000518,P000022,原野母婴用品便携装,C06,母婴用品,buy,2026-03-18 21:43:00,190.00,1,offline,ios,上海市,上海市,regular,checkout,S000842,0,C202602,原野母婴,O000841
B000842,U000555,P000060,轻氧数码配件套装,C05,数码配件,buy,2026-03-18 17:35:00,269.00,1,douyin,ios,山东省,青岛市,regular,checkout,S000843,0,C202606,轻氧数码,O000842
B000843,U000592,P000116,臻选数码配件旗舰款,C05,数码配件,buy,2026-03-18 13:02:00,228.00,1,jd,mac,山东省,青岛市,regular,checkout,S000844,0,C202606,臻选数码,O000843
B000844,U000629,P000008,臻选美妆个护升级版,C01,美妆个护,buy,2026-03-18 13:22:00,69.00,2,taobao,android,山东省,青岛市,regular,checkout,S000845,0,C202602,臻选美妆,O000844
B000845,U000666,P000064,原野宠物用品日常款,C08,宠物用品,buy,2026-03-18 16:34:00,140.00,1,douyin,ios,浙江省,杭州市,regular,checkout,S000846,0,C202604,原野宠物,O000845
B000846,U000703,P000125,轻盈生鲜套装,C09,生鲜,buy,2026-03-18 09:58:00,62.00,1,offline,android,湖北省,武汉市,regular,checkout,S000847,0,C202606,轻盈生鲜,O000846
B000847,U000740,P000069,云感运动户外日常款,C07,运动户外,buy,2026-03-18 12:02:00,268.00,1,search,android,山东省,青岛市,regular,checkout,S000848,0,C202603,云感运动,O000847
B000848,U000777,P000059,轻盈美妆个护日常款,C01,美妆个护,buy,2026-03-19 23:23:00,52.00,1,wechat,ios,浙江省,杭州市,regular,checkout,S000849,0,C202605,轻盈美妆,O000848
B000849,U000814,P000093,云感生鲜升级版,C09,生鲜,buy,2026-03-19 13:24:00,39.00,4,jd,windows,北京市,北京市,regular,checkout,S000850,0,C202602,云感生鲜,O000849
B000850,U000851,P000086,臻选数码配件旗舰款,C05,数码配件,buy,2026-03-19 23:30:00,150.00,1,search,mac,江苏省,南京市,new,checkout,S000851,1,C202604,臻选数码,O000850
B000851,U000888,P000011,轻盈旅行用品旗舰款,C10,旅行用品,buy,2026-03-19 18:18:00,224.00,1,jd,android,上海市,上海市,new,checkout,S000852,1,C202606,轻盈旅行,O000851
B000852,U000025,P000036,轻氧食品饮料旗舰款,C02,食品饮料,buy,2026-03-19 08:19:00,73.00,3,douyin,mac,四川省,成都市,high_value,checkout,S000853,0,C202603,轻氧食品,O000852
B000853,U000062,P000121,悦活运动户外旗舰款,C07,运动户外,buy,2026-03-19 13:46:00,291.00,1,douyin,windows,浙江省,杭州市,high_value,checkout,S000854,0,C202603,悦活运动,O000853
B000854,U000099,P000041,轻盈家居日用旗舰款,C04,家居日用,buy,2026-03-19 21:14:00,166.00,1,offline,windows,上海市,上海市,high_value,checkout,S000855,0,C202602,轻盈家居,O000854
B000855,U000136,P000165,云感生鲜套装,C09,生鲜,buy,2026-03-19 19:02:00,43.00,2,search,windows,湖北省,武汉市,member,checkout,S000856,0,C202606,云感生鲜,O000855
B000856,U000173,P000155,轻盈生鲜套装,C09,生鲜,buy,2026-03-19 17:20:00,106.00,1,search,mac,浙江省,杭州市,member,checkout,S000857,0,C202604,轻盈生鲜,O000856
B000857,U000210,P000079,悦活服饰日常款,C03,服饰,buy,2026-03-19 09:04:00,452.00,1,search,ios,四川省,成都市,member,checkout,S000858,0,C202605,悦活服饰,O000857
B000858,U000247,P000054,轻氧美妆个护日常款,C01,美妆个护,buy,2026-03-19 16:23:00,138.00,1,wechat,mac,浙江省,杭州市,member,checkout,S000859,0,C202602,轻氧美妆,O000858
B000859,U000284,P000111,云感宠物用品旗舰款,C08,宠物用品,buy,2026-03-20 08:59:00,117.00,4,search,android,山东省,青岛市,member,checkout,S000860,0,C202603,云感宠物,O000859
B000860,U000321,P000053,轻盈服饰升级版,C03,服饰,buy,2026-03-20 14:01:00,262.00,1,douyin,ios,四川省,成都市,member,checkout,S000861,0,C202602,轻盈服饰,O000860
B000861,U000358,P000172,原野宠物用品便携装,C08,宠物用品,buy,2026-03-20 10:45:00,99.00,1,wechat,ios,福建省,厦门市,member,checkout,S000862,0,C202601,原野宠物,O000861
B000862,U000395,P000047,轻盈服饰便携装,C03,服饰,buy,2026-03-20 19:27:00,154.00,1,taobao,windows,上海市,上海市,member,checkout,S000863,0,C202602,轻盈服饰,O000862
B000863,U000432,P000028,原野数码配件升级版,C05,数码配件,buy,2026-03-20 10:04:00,158.00,1,wechat,ios,河南省,郑州市,regular,checkout,S000864,0,C202604,原野数码,O000863
B000864,U000469,P000092,臻选服饰便携装,C03,服饰,buy,2026-03-20 21:21:00,291.00,1,offline,ios,广东省,深圳市,regular,checkout,S000865,0,C202601,臻选服饰,O000864
B000865,U000506,P000153,云感美妆个护升级版,C01,美妆个护,buy,2026-03-20 17:04:00,48.00,1,search,android,湖北省,武汉市,regular,checkout,S000866,0,C202602,云感美妆,O000865
B000866,U000543,P000129,云感服饰日常款,C03,服饰,buy,2026-03-20 09:13:00,307.00,1,jd,windows,上海市,上海市,regular,checkout,S000867,0,C202603,云感服饰,O000866
B000867,U000580,P000002,臻选服饰便携装,C03,服饰,buy,2026-03-20 17:23:00,332.00,1,wechat,ios,广东省,深圳市,regular,checkout,S000868,0,C202606,臻选服饰,O000867
B000868,U000617,P000145,悦活宠物用品套装,C08,宠物用品,buy,2026-03-20 20:10:00,42.00,1,offline,ios,北京市,北京市,regular,checkout,S000869,0,C202601,悦活宠物,O000868
B000869,U000654,P000046,原野食品饮料旗舰款,C02,食品饮料,buy,2026-03-20 16:28:00,69.00,3,wechat,windows,上海市,上海市,regular,checkout,S000870,0,C202602,原野食品,O000869
B000870,U000691,P000127,悦活食品饮料便携装,C02,食品饮料,buy,2026-03-21 08:26:00,39.00,1,taobao,android,山东省,青岛市,regular,checkout,S000871,0,C202606,悦活食品,O000870
B000871,U000728,P000134,臻选数码配件日常款,C05,数码配件,buy,2026-03-21 22:43:00,120.00,1,taobao,windows,浙江省,杭州市,regular,checkout,S000872,0,C202606,臻选数码,O000871
B000872,U000765,P000097,悦活母婴用品便携装,C06,母婴用品,buy,2026-03-21 12:03:00,123.00,2,jd,ios,山东省,青岛市,regular,checkout,S000873,0,C202603,悦活母婴,O000872
B000873,U000802,P000099,云感服饰日常款,C03,服饰,buy,2026-03-21 11:44:00,230.00,1,search,ios,湖北省,武汉市,regular,checkout,S000874,0,C202601,云感服饰,O000873
B000874,U000839,P000079,悦活服饰日常款,C03,服饰,buy,2026-03-21 17:50:00,452.00,1,jd,ios,福建省,厦门市,new,checkout,S000875,1,C202603,悦活服饰,O000874
B000875,U000876,P000031,悦活运动户外旗舰款,C07,运动户外,buy,2026-03-21 17:09:00,98.00,1,taobao,android,山东省,青岛市,new,checkout,S000876,1,C202602,悦活运动,O000875
B000876,U000013,P000027,云感宠物用品便携装,C08,宠物用品,buy,2026-03-21 20:46:00,96.00,4,jd,android,河南省,郑州市,high_value,checkout,S000877,0,C202602,云感宠物,O000876
B000877,U000050,P000151,悦活美妆个护旗舰款,C01,美妆个护,buy,2026-03-21 09:56:00,38.00,3,taobao,windows,河南省,郑州市,high_value,checkout,S000878,0,C202605,悦活美妆,O000877
B000878,U000087,P000056,臻选旅行用品旗舰款,C10,旅行用品,buy,2026-03-21 10:30:00,443.00,2,taobao,windows,福建省,厦门市,high_value,checkout,S000879,0,C202604,臻选旅行,O000878
B000879,U000124,P000041,轻盈家居日用旗舰款,C04,家居日用,buy,2026-03-21 22:27:00,166.00,1,jd,ios,福建省,厦门市,member,checkout,S000880,0,C202605,轻盈家居,O000879
B000880,U000161,P000043,悦活服饰升级版,C03,服饰,buy,2026-03-21 15:36:00,237.00,1,jd,android,河南省,郑州市,member,checkout,S000881,0,C202601,悦活服饰,O000880
B000881,U000198,P000101,轻盈生鲜旗舰款,C09,生鲜,buy,2026-03-22 16:26:00,111.00,1,taobao,ios,湖北省,武汉市,member,checkout,S000882,0,C202601,轻盈生鲜,O000881
B000882,U000235,P000017,轻盈食品饮料便携装,C02,食品饮料,buy,2026-03-22 22:38:00,71.00,1,wechat,android,四川省,成都市,member,checkout,S000883,0,C202606,轻盈食品,O000882
B000883,U000272,P000016,原野运动户外旗舰款,C07,运动户外,buy,2026-03-22 17:24:00,164.00,1,jd,windows,北京市,北京市,member,checkout,S000884,0,C202606,原野运动,O000883
B000884,U000309,P000060,轻氧数码配件套装,C05,数码配件,buy,2026-03-22 15:17:00,269.00,1,wechat,android,湖北省,武汉市,member,checkout,S000885,0,C202605,轻氧数码,O000884
B000885,U000346,P000147,云感数码配件便携装,C05,数码配件,buy,2026-03-22 14:04:00,281.00,1,jd,windows,山东省,青岛市,member,checkout,S000886,0,C202602,云感数码,O000885
B000886,U000383,P000167,轻盈美妆个护便携装,C01,美妆个护,buy,2026-03-22 13:23:00,119.00,3,douyin,android,上海市,上海市,member,checkout,S000887,0,C202601,轻盈美妆,O000886
B000887,U000420,P000031,悦活运动户外旗舰款,C07,运动户外,buy,2026-03-22 11:29:00,98.00,1,douyin,android,湖北省,武汉市,member,checkout,S000888,0,C202602,悦活运动,O000887
B000888,U000457,P000131,轻盈生鲜旗舰款,C09,生鲜,buy,2026-03-22 09:18:00,85.00,2,wechat,mac,广东省,深圳市,regular,checkout,S000889,0,C202605,轻盈生鲜,O000888
B000889,U000494,P000118,原野美妆个护升级版,C01,美妆个护,buy,2026-03-22 12:33:00,133.00,1,jd,android,广东省,深圳市,regular,checkout,S000890,0,C202601,原野美妆,O000889
B000890,U000531,P000026,臻选生鲜旗舰款,C09,生鲜,buy,2026-03-22 08:06:00,88.00,1,jd,mac,广东省,深圳市,regular,checkout,S000891,0,C202606,臻选生鲜,O000890
B000891,U000568,P000017,轻盈食品饮料便携装,C02,食品饮料,buy,2026-03-22 15:27:00,71.00,2,taobao,windows,山东省,青岛市,regular,checkout,S000892,0,C202604,轻盈食品,O000891
B000892,U000605,P000027,云感宠物用品便携装,C08,宠物用品,buy,2026-03-23 20:16:00,96.00,2,search,windows,浙江省,杭州市,regular,checkout,S000893,0,C202603,云感宠物,O000892
B000893,U000642,P000101,轻盈生鲜旗舰款,C09,生鲜,buy,2026-03-23 11:51:00,111.00,3,taobao,android,河南省,郑州市,regular,checkout,S000894,0,C202603,轻盈生鲜,O000893
B000894,U000679,P000090,轻氧旅行用品套装,C10,旅行用品,buy,2026-03-23 21:19:00,170.00,1,jd,windows,山东省,青岛市,regular,checkout,S000895,0,C202605,轻氧旅行,O000894
B000895,U000716,P000020,臻选数码配件套装,C05,数码配件,buy,2026-03-23 13:44:00,252.00,1,jd,android,浙江省,杭州市,regular,checkout,S000896,0,C202602,臻选数码,O000895
B000896,U000753,P000088,原野家居日用升级版,C04,家居日用,buy,2026-03-23 10:49:00,89.00,3,taobao,android,上海市,上海市,regular,checkout,S000897,0,C202604,原野家居,O000896
B000897,U000790,P000163,悦活生鲜升级版,C09,生鲜,buy,2026-03-23 12:04:00,69.00,1,wechat,mac,江苏省,南京市,regular,checkout,S000898,0,C202606,悦活生鲜,O000897
B000898,U000827,P000127,悦活食品饮料便携装,C02,食品饮料,buy,2026-03-23 21:40:00,39.00,1,search,ios,上海市,上海市,new,checkout,S000899,1,C202602,悦活食品,O000898
B000899,U000864,P000123,云感宠物用品升级版,C08,宠物用品,buy,2026-03-23 12:36:00,83.00,1,wechat,mac,福建省,厦门市,new,checkout,S000900,1,C202604,云感宠物,O000899
B000900,U000001,P000136,原野运动户外旗舰款,C07,运动户外,buy,2026-03-23 13:55:00,169.00,1,jd,mac,北京市,北京市,high_value,checkout,S000901,0,C202605,原野运动,O000900
B000901,U000698,P000115,悦活美妆个护套装,C01,美妆个护,buy,2026-03-23 18:45:00,86.00,1,wechat,android,山东省,青岛市,regular,checkout,S000902,0,C202601,悦活美妆,O000901
B000902,U000263,P000116,臻选数码配件旗舰款,C05,数码配件,buy,2026-03-23 16:00:00,228.00,1,taobao,mac,山东省,青岛市,member,checkout,S000903,0,C202606,臻选数码,O000902
B000903,U000063,P000140,臻选食品饮料套装,C02,食品饮料,buy,2026-03-24 22:29:00,71.00,3,wechat,mac,湖北省,武汉市,high_value,checkout,S000904,0,C202603,臻选食品,O000903
B000904,U000774,P000150,轻氧母婴用品套装,C06,母婴用品,buy,2026-03-24 11:20:00,76.00,1,taobao,mac,湖北省,武汉市,regular,checkout,S000905,0,C202603,轻氧母婴,O000904
B000905,U000140,P000061,悦活家居日用旗舰款,C04,家居日用,buy,2026-03-24 18:03:00,157.00,1,jd,ios,广东省,深圳市,member,checkout,S000906,0,C202605,悦活家居,O000905
B000906,U000157,P000171,云感生鲜旗舰款,C09,生鲜,buy,2026-03-24 14:44:00,30.00,1,jd,ios,上海市,上海市,member,checkout,S000907,0,C202601,云感生鲜,O000906
B000907,U000031,P000057,云感数码配件便携装,C05,数码配件,buy,2026-03-24 14:47:00,79.00,1,jd,mac,江苏省,南京市,high_value,checkout,S000908,0,C202605,云感数码,O000907
B000908,U000027,P000168,轻氧服饰升级版,C03,服饰,buy,2026-03-24 16:44:00,368.00,1,wechat,mac,浙江省,杭州市,high_value,checkout,S000909,0,C202601,轻氧服饰,O000908
B000909,U000584,P000026,臻选生鲜旗舰款,C09,生鲜,buy,2026-03-24 19:01:00,88.00,3,taobao,ios,江苏省,南京市,regular,checkout,S000910,0,C202606,臻选生鲜,O000909
B000910,U000700,P000068,臻选旅行用品升级版,C10,旅行用品,buy,2026-03-24 09:00:00,202.00,1,wechat,ios,广东省,深圳市,regular,checkout,S000911,0,C202606,臻选旅行,O000910
B000911,U000359,P000061,悦活家居日用旗舰款,C04,家居日用,buy,2026-03-24 17:37:00,157.00,1,jd,android,山东省,青岛市,member,checkout,S000912,0,C202602,悦活家居,O000911
B000912,U000426,P000098,臻选家居日用升级版,C04,家居日用,buy,2026-03-24 20:33:00,90.00,4,taobao,windows,广东省,深圳市,regular,checkout,S000913,0,C202601,臻选家居,O000912
B000913,U000740,P000015,云感母婴用品套装,C06,母婴用品,buy,2026-03-24 08:56:00,128.00,1,douyin,android,山东省,青岛市,regular,checkout,S000914,0,C202606,云感母婴,O000913
B000914,U000262,P000154,原野生鲜日常款,C09,生鲜,buy,2026-03-25 14:37:00,103.00,1,jd,mac,广东省,深圳市,member,checkout,S000915,0,C202606,原野生鲜,O000914
B000915,U000662,P000132,轻氧家居日用便携装,C04,家居日用,buy,2026-03-25 22:01:00,91.00,1,jd,mac,湖北省,武汉市,regular,checkout,S000916,0,C202601,轻氧家居,O000915
B000916,U000387,P000107,轻盈运动户外便携装,C07,运动户外,buy,2026-03-25 10:07:00,176.00,1,jd,mac,河南省,郑州市,member,checkout,S000917,0,C202604,轻盈运动,O000916
B000917,U000606,P000100,原野运动户外套装,C07,运动户外,buy,2026-03-25 21:35:00,235.00,1,taobao,android,四川省,成都市,regular,checkout,S000918,0,C202601,原野运动,O000917
B000918,U000823,P000020,臻选数码配件套装,C05,数码配件,buy,2026-03-25 09:23:00,252.00,1,taobao,ios,广东省,深圳市,new,checkout,S000919,1,C202601,臻选数码,O000918
B000919,U000639,P000074,臻选美妆个护日常款,C01,美妆个护,buy,2026-03-25 19:33:00,71.00,1,offline,ios,上海市,上海市,regular,checkout,S000920,0,C202606,臻选美妆,O000919
B000920,U000285,P000166,原野服饰旗舰款,C03,服饰,buy,2026-03-25 18:33:00,378.00,3,taobao,mac,浙江省,杭州市,member,checkout,S000921,0,C202605,原野服饰,O000920
B000921,U000298,P000138,轻氧数码配件升级版,C05,数码配件,buy,2026-03-25 23:32:00,150.00,4,douyin,ios,江苏省,南京市,member,checkout,S000922,0,C202601,轻氧数码,O000921
B000922,U000886,P000044,臻选食品饮料日常款,C02,食品饮料,buy,2026-03-25 17:01:00,28.00,1,douyin,android,山东省,青岛市,new,checkout,S000923,1,C202606,臻选食品,O000922
B000923,U000063,P000126,轻氧旅行用品旗舰款,C10,旅行用品,buy,2026-03-25 08:46:00,248.00,1,wechat,mac,湖北省,武汉市,high_value,checkout,S000924,0,C202603,轻氧旅行,O000923
B000924,U000750,P000065,轻盈生鲜套装,C09,生鲜,buy,2026-03-25 20:43:00,41.00,1,wechat,windows,福建省,厦门市,regular,checkout,S000925,0,C202603,轻盈生鲜,O000924
B000925,U000344,P000120,轻氧宠物用品套装,C08,宠物用品,buy,2026-03-26 15:44:00,58.00,1,offline,windows,湖北省,武汉市,member,checkout,S000926,0,C202601,轻氧宠物,O000925
B000926,U000617,P000045,云感食品饮料套装,C02,食品饮料,buy,2026-03-26 20:57:00,67.00,1,taobao,ios,北京市,北京市,regular,checkout,S000927,0,C202602,云感食品,O000926
B000927,U000192,P000150,轻氧母婴用品套装,C06,母婴用品,buy,2026-03-26 19:01:00,76.00,1,search,mac,山东省,青岛市,member,checkout,S000928,0,C202602,轻氧母婴,O000927
B000928,U000652,P000170,臻选生鲜套装,C09,生鲜,buy,2026-03-26 16:51:00,77.00,1,search,mac,河南省,郑州市,regular,checkout,S000929,0,C202603,臻选生鲜,O000928
B000929,U000807,P000040,原野数码配件套装,C05,数码配件,buy,2026-03-26 09:00:00,162.00,1,search,windows,上海市,上海市,regular,checkout,S000930,0,C202603,原野数码,O000929
B000930,U000348,P000096,轻氧数码配件旗舰款,C05,数码配件,buy,2026-03-26 09:31:00,88.00,1,wechat,ios,北京市,北京市,member,checkout,S000931,0,C202602,轻氧数码,O000930
B000931,U000732,P000024,轻氧食品饮料日常款,C02,食品饮料,buy,2026-03-26 08:23:00,55.00,1,douyin,android,河南省,郑州市,regular,checkout,S000932,0,C202601,轻氧食品,O000931
B000932,U000794,P000077,轻盈服饰便携装,C03,服饰,buy,2026-03-26 13:13:00,279.00,1,taobao,ios,北京市,北京市,regular,checkout,S000933,0,C202603,轻盈服饰,O000932
B000933,U000301,P000134,臻选数码配件日常款,C05,数码配件,buy,2026-03-26 08:43:00,120.00,1,offline,mac,湖北省,武汉市,member,checkout,S000934,0,C202606,臻选数码,O000933
B000934,U000361,P000134,臻选数码配件日常款,C05,数码配件,buy,2026-03-26 13:39:00,120.00,1,douyin,windows,北京市,北京市,member,checkout,S000935,0,C202604,臻选数码,O000934
B000935,U000509,P000112,原野生鲜便携装,C09,生鲜,buy,2026-03-26 20:47:00,113.00,1,douyin,android,山东省,青岛市,regular,checkout,S000936,0,C202604,原野生鲜,O000935
B000936,U000884,P000124,原野食品饮料日常款,C02,食品饮料,buy,2026-03-27 10:10:00,60.00,1,offline,mac,福建省,厦门市,new,checkout,S000937,1,C202606,原野食品,O000936
B000937,U000357,P000088,原野家居日用升级版,C04,家居日用,buy,2026-03-27 23:45:00,89.00,1,wechat,ios,北京市,北京市,member,checkout,S000938,0,C202603,原野家居,O000937
B000938,U000229,P000028,原野数码配件升级版,C05,数码配件,buy,2026-03-27 15:08:00,158.00,1,search,ios,江苏省,南京市,member,checkout,S000939,0,C202601,原野数码,O000938
B000939,U000757,P000033,云感美妆个护升级版,C01,美妆个护,buy,2026-03-27 19:43:00,88.00,1,wechat,windows,广东省,深圳市,regular,checkout,S000940,0,C202601,云感美妆,O000939
B000940,U000426,P000137,轻盈数码配件便携装,C05,数码配件,buy,2026-03-27 11:48:00,216.00,1,taobao,windows,广东省,深圳市,regular,checkout,S000941,0,C202606,轻盈数码,O000940
B000941,U000775,P000001,悦活家居日用旗舰款,C04,家居日用,buy,2026-03-27 11:53:00,141.00,1,jd,mac,江苏省,南京市,regular,checkout,S000942,0,C202603,悦活家居,O000941
B000942,U000053,P000120,轻氧宠物用品套装,C08,宠物用品,buy,2026-03-27 16:36:00,58.00,1,jd,ios,浙江省,杭州市,high_value,checkout,S000943,0,C202602,轻氧宠物,O000942
B000943,U000569,P000041,轻盈家居日用旗舰款,C04,家居日用,buy,2026-03-27 10:34:00,166.00,4,wechat,windows,上海市,上海市,regular,checkout,S000944,0,C202601,轻盈家居,O000943
B000944,U000438,P000084,轻氧服饰日常款,C03,服饰,buy,2026-03-27 21:50:00,130.00,1,wechat,windows,福建省,厦门市,regular,checkout,S000945,0,C202601,轻氧服饰,O000944
B000945,U000879,P000092,臻选服饰便携装,C03,服饰,buy,2026-03-27 22:53:00,291.00,1,taobao,android,广东省,深圳市,new,checkout,S000946,1,C202601,臻选服饰,O000945
B000946,U000803,P000046,原野食品饮料旗舰款,C02,食品饮料,buy,2026-03-27 08:09:00,69.00,1,jd,windows,广东省,深圳市,regular,checkout,S000947,0,C202603,原野食品,O000946
B000947,U000287,P000123,云感宠物用品升级版,C08,宠物用品,buy,2026-03-28 09:45:00,83.00,3,offline,ios,河南省,郑州市,member,checkout,S000948,0,C202606,云感宠物,O000947
B000948,U000671,P000011,轻盈旅行用品旗舰款,C10,旅行用品,buy,2026-03-28 19:05:00,224.00,1,offline,ios,河南省,郑州市,regular,checkout,S000949,0,C202601,轻盈旅行,O000948
B000949,U000872,P000013,悦活食品饮料升级版,C02,食品饮料,buy,2026-03-28 18:17:00,91.00,1,offline,android,浙江省,杭州市,new,checkout,S000950,1,C202604,悦活食品,O000949
B000950,U000797,P000172,原野宠物用品便携装,C08,宠物用品,buy,2026-03-28 18:00:00,99.00,1,wechat,windows,山东省,青岛市,regular,checkout,S000951,0,C202601,原野宠物,O000950
B000951,U000695,P000061,悦活家居日用旗舰款,C04,家居日用,buy,2026-03-28 10:55:00,157.00,1,search,mac,山东省,青岛市,regular,checkout,S000952,0,C202604,悦活家居,O000951
B000952,U000710,P000091,悦活母婴用品旗舰款,C06,母婴用品,buy,2026-03-28 21:24:00,87.00,1,wechat,mac,四川省,成都市,regular,checkout,S000953,0,C202606,悦活母婴,O000952
B000953,U000435,P000155,轻盈生鲜套装,C09,生鲜,buy,2026-03-28 11:57:00,106.00,1,offline,android,河南省,郑州市,regular,checkout,S000954,0,C202606,轻盈生鲜,O000953
B000954,U000279,P000111,云感宠物用品旗舰款,C08,宠物用品,buy,2026-03-28 21:57:00,117.00,1,jd,android,浙江省,杭州市,member,checkout,S000955,0,C202604,云感宠物,O000954
B000955,U000889,P000137,轻盈数码配件便携装,C05,数码配件,buy,2026-03-28 21:04:00,216.00,1,douyin,android,广东省,深圳市,new,checkout,S000956,1,C202606,轻盈数码,O000955
B000956,U000082,P000142,原野母婴用品便携装,C06,母婴用品,buy,2026-03-28 11:22:00,161.00,2,taobao,windows,上海市,上海市,high_value,checkout,S000957,0,C202601,原野母婴,O000956
B000957,U000237,P000054,轻氧美妆个护日常款,C01,美妆个护,buy,2026-03-28 21:08:00,138.00,1,taobao,ios,江苏省,南京市,member,checkout,S000958,0,C202601,轻氧美妆,O000957
B000958,U000757,P000039,云感生鲜日常款,C09,生鲜,buy,2026-03-29 16:33:00,109.00,1,jd,windows,广东省,深圳市,regular,checkout,S000959,0,C202606,云感生鲜,O000958
B000959,U000570,P000162,轻氧食品饮料便携装,C02,食品饮料,buy,2026-03-29 19:07:00,73.00,4,wechat,ios,江苏省,南京市,regular,checkout,S000960,0,C202603,轻氧食品,O000959
B000960,U000860,P000028,原野数码配件升级版,C05,数码配件,buy,2026-03-29 14:14:00,158.00,1,search,android,江苏省,南京市,new,checkout,S000961,1,C202605,原野数码,O000960
B000961,U000737,P000002,臻选服饰便携装,C03,服饰,buy,2026-03-29 13:16:00,332.00,1,taobao,ios,上海市,上海市,regular,checkout,S000962,0,C202606,臻选服饰,O000961
B000962,U000343,P000075,云感母婴用品套装,C06,母婴用品,buy,2026-03-29 23:14:00,82.00,1,offline,android,江苏省,南京市,member,checkout,S000963,0,C202602,云感母婴,O000962
B000963,U000441,P000073,悦活家居日用升级版,C04,家居日用,buy,2026-03-29 12:00:00,147.00,1,taobao,android,江苏省,南京市,regular,checkout,S000964,0,C202601,悦活家居,O000963
B000964,U000135,P000112,原野生鲜便携装,C09,生鲜,buy,2026-03-29 20:05:00,113.00,1,jd,windows,山东省,青岛市,member,checkout,S000965,0,C202606,原野生鲜,O000964
B000965,U000009,P000099,云感服饰日常款,C03,服饰,buy,2026-03-29 16:29:00,230.00,1,jd,ios,江苏省,南京市,high_value,checkout,S000966,0,C202603,云感服饰,O000965
B000966,U000449,P000129,云感服饰日常款,C03,服饰,buy,2026-03-29 19:22:00,307.00,1,jd,android,上海市,上海市,regular,checkout,S000967,0,C202604,云感服饰,O000966
B000967,U000615,P000110,臻选美妆个护套装,C01,美妆个护,buy,2026-03-29 22:24:00,81.00,3,douyin,windows,浙江省,杭州市,regular,checkout,S000968,0,C202604,臻选美妆,O000967
B000968,U000333,P000032,臻选生鲜便携装,C09,生鲜,buy,2026-03-29 09:21:00,71.00,1,search,android,广东省,深圳市,member,checkout,S000969,0,C202606,臻选生鲜,O000968
B000969,U000111,P000054,轻氧美妆个护日常款,C01,美妆个护,buy,2026-03-30 08:08:00,138.00,1,search,ios,浙江省,杭州市,high_value,checkout,S000970,0,C202603,轻氧美妆,O000969
B000970,U000863,P000156,轻氧母婴用品旗舰款,C06,母婴用品,buy,2026-03-30 09:44:00,153.00,3,taobao,ios,广东省,深圳市,new,checkout,S000971,1,C202602,轻氧母婴,O000970
B000971,U000864,P000091,悦活母婴用品旗舰款,C06,母婴用品,buy,2026-03-30 09:44:00,87.00,1,douyin,mac,福建省,厦门市,new,checkout,S000972,1,C202604,悦活母婴,O000971
B000972,U000441,P000012,轻氧母婴用品便携装,C06,母婴用品,buy,2026-03-30 12:03:00,128.00,1,search,android,江苏省,南京市,regular,checkout,S000973,0,C202604,轻氧母婴,O000972
B000973,U000497,P000024,轻氧食品饮料日常款,C02,食品饮料,buy,2026-03-30 11:18:00,55.00,4,search,android,江苏省,南京市,regular,checkout,S000974,0,C202602,轻氧食品,O000973
B000974,U000528,P000168,轻氧服饰升级版,C03,服饰,buy,2026-03-30 21:40:00,368.00,1,douyin,mac,广东省,深圳市,regular,checkout,S000975,0,C202602,轻氧服饰,O000974
B000975,U000181,P000035,轻盈家居日用套装,C04,家居日用,buy,2026-03-30 22:27:00,116.00,1,offline,android,四川省,成都市,member,checkout,S000976,0,C202606,轻盈家居,O000975
B000976,U000576,P000040,原野数码配件套装,C05,数码配件,buy,2026-03-30 09:17:00,162.00,1,offline,android,福建省,厦门市,regular,checkout,S000977,0,C202606,原野数码,O000976
B000977,U000877,P000103,悦活美妆个护升级版,C01,美妆个护,buy,2026-03-30 11:45:00,76.00,1,wechat,windows,湖北省,武汉市,new,checkout,S000978,1,C202606,悦活美妆,O000977
B000978,U000125,P000074,臻选美妆个护日常款,C01,美妆个护,buy,2026-03-30 23:13:00,71.00,1,jd,windows,四川省,成都市,member,checkout,S000979,0,C202604,臻选美妆,O000978
B000979,U000143,P000037,悦活运动户外便携装,C07,运动户外,buy,2026-03-30 19:35:00,152.00,3,taobao,windows,北京市,北京市,member,checkout,S000980,0,C202605,悦活运动,O000979
B000980,U000746,P000164,臻选食品饮料日常款,C02,食品饮料,buy,2026-03-31 16:11:00,73.00,1,douyin,windows,上海市,上海市,regular,checkout,S000981,0,C202603,臻选食品,O000980
B000981,U000270,P000106,原野母婴用品旗舰款,C06,母婴用品,buy,2026-03-31 23:07:00,102.00,1,search,ios,山东省,青岛市,member,checkout,S000982,0,C202604,原野母婴,O000981
B000982,U000198,P000159,云感旅行用品日常款,C10,旅行用品,buy,2026-03-31 16:04:00,514.00,1,douyin,ios,湖北省,武汉市,member,checkout,S000983,0,C202601,云感旅行,O000982
B000983,U000366,P000044,臻选食品饮料日常款,C02,食品饮料,buy,2026-03-31 22:33:00,28.00,1,taobao,android,上海市,上海市,member,checkout,S000984,0,C202606,臻选食品,O000983
B000984,U000656,P000022,原野母婴用品便携装,C06,母婴用品,buy,2026-03-31 20:25:00,190.00,1,search,windows,四川省,成都市,regular,checkout,S000985,0,C202602,原野母婴,O000984
B000985,U000596,P000025,悦活宠物用品套装,C08,宠物用品,buy,2026-03-31 22:34:00,105.00,1,offline,mac,北京市,北京市,regular,checkout,S000986,0,C202602,悦活宠物,O000985
B000986,U000266,P000003,云感生鲜升级版,C09,生鲜,buy,2026-03-31 11:55:00,73.00,1,search,windows,湖北省,武汉市,member,checkout,S000987,0,C202601,云感生鲜,O000986
B000987,U000844,P000066,轻氧母婴用品旗舰款,C06,母婴用品,buy,2026-03-31 20:53:00,76.00,2,douyin,ios,北京市,北京市,new,checkout,S000988,1,C202601,轻氧母婴,O000987
B000988,U000339,P000118,原野美妆个护升级版,C01,美妆个护,buy,2026-03-31 13:34:00,133.00,1,offline,mac,山东省,青岛市,member,checkout,S000989,0,C202604,原野美妆,O000988
B000989,U000093,P000140,臻选食品饮料套装,C02,食品饮料,buy,2026-03-31 21:37:00,71.00,1,jd,windows,湖北省,武汉市,high_value,checkout,S000990,0,C202606,臻选食品,O000989
B000990,U000632,P000123,云感宠物用品升级版,C08,宠物用品,buy,2026-03-31 14:08:00,83.00,1,taobao,android,广东省,深圳市,regular,checkout,S000991,0,C202606,云感宠物,O000990
B000991,U000292,P000121,悦活运动户外旗舰款,C07,运动户外,buy,2026-04-01 13:00:00,291.00,1,search,android,福建省,厦门市,member,checkout,S000992,0,C202606,悦活运动,O000991
B000992,U000714,P000156,轻氧母婴用品旗舰款,C06,母婴用品,buy,2026-04-01 23:22:00,153.00,1,douyin,android,江苏省,南京市,regular,checkout,S000993,0,C202606,轻氧母婴,O000992
B000993,U000150,P000048,轻氧宠物用品升级版,C08,宠物用品,buy,2026-04-01 19:49:00,142.00,2,search,windows,江苏省,南京市,member,checkout,S000994,0,C202603,轻氧宠物,O000993
B000994,U000265,P000045,云感食品饮料套装,C02,食品饮料,buy,2026-04-01 17:04:00,67.00,1,taobao,android,山东省,青岛市,member,checkout,S000995,0,C202602,云感食品,O000994
B000995,U000346,P000155,轻盈生鲜套装,C09,生鲜,buy,2026-04-01 11:50:00,106.00,1,jd,windows,山东省,青岛市,member,checkout,S000996,0,C202604,轻盈生鲜,O000995
B000996,U000337,P000060,轻氧数码配件套装,C05,数码配件,buy,2026-04-01 10:31:00,269.00,1,wechat,mac,福建省,厦门市,member,checkout,S000997,0,C202604,轻氧数码,O000996
B000997,U000167,P000164,臻选食品饮料日常款,C02,食品饮料,buy,2026-04-01 15:15:00,73.00,4,douyin,mac,广东省,深圳市,member,checkout,S000998,0,C202604,臻选食品,O000997
B000998,U000857,P000027,云感宠物用品便携装,C08,宠物用品,buy,2026-04-01 21:22:00,96.00,4,douyin,ios,山东省,青岛市,new,checkout,S000999,1,C202601,云感宠物,O000998
B000999,U000288,P000123,云感宠物用品升级版,C08,宠物用品,buy,2026-04-01 22:13:00,83.00,1,offline,windows,湖北省,武汉市,member,checkout,S001000,0,C202603,云感宠物,O000999
B001000,U000009,P000091,悦活母婴用品旗舰款,C06,母婴用品,buy,2026-04-01 16:47:00,87.00,1,douyin,ios,江苏省,南京市,high_value,checkout,S001001,0,C202603,悦活母婴,O001000
B001001,U000452,P000016,原野运动户外旗舰款,C07,运动户外,buy,2026-04-01 08:09:00,164.00,2,offline,mac,江苏省,南京市,regular,checkout,S001002,0,C202602,原野运动,O001001
B001002,U000504,P000145,悦活宠物用品套装,C08,宠物用品,buy,2026-04-02 10:52:00,42.00,1,taobao,mac,四川省,成都市,regular,checkout,S001003,0,C202604,悦活宠物,O001002
B001003,U000095,P000120,轻氧宠物用品套装,C08,宠物用品,buy,2026-04-02 22:28:00,58.00,2,jd,ios,广东省,深圳市,high_value,checkout,S001004,0,C202606,轻氧宠物,O001003
B001004,U000037,P000031,悦活运动户外旗舰款,C07,运动户外,buy,2026-04-02 08:44:00,98.00,1,wechat,android,广东省,深圳市,high_value,checkout,S001005,0,C202602,悦活运动,O001004
B001005,U000870,P000116,臻选数码配件旗舰款,C05,数码配件,buy,2026-04-02 20:32:00,228.00,1,jd,ios,江苏省,南京市,new,checkout,S001006,1,C202602,臻选数码,O001005
B001006,U000136,P000039,云感生鲜日常款,C09,生鲜,buy,2026-04-02 13:46:00,109.00,1,wechat,windows,湖北省,武汉市,member,checkout,S001007,0,C202601,云感生鲜,O001006
B001007,U000881,P000071,轻盈宠物用品旗舰款,C08,宠物用品,buy,2026-04-02 10:42:00,144.00,3,taobao,android,北京市,北京市,new,checkout,S001008,1,C202605,轻盈宠物,O001007
B001008,U000425,P000122,臻选运动户外便携装,C07,运动户外,buy,2026-04-02 16:36:00,212.00,1,douyin,android,四川省,成都市,regular,checkout,S001009,0,C202604,臻选运动,O001008
B001009,U000222,P000095,轻盈旅行用品套装,C10,旅行用品,buy,2026-04-02 18:57:00,577.00,1,taobao,android,福建省,厦门市,member,checkout,S001010,0,C202604,轻盈旅行,O001009
B001010,U000198,P000025,悦活宠物用品套装,C08,宠物用品,buy,2026-04-02 09:12:00,105.00,4,search,ios,湖北省,武汉市,member,checkout,S001011,0,C202601,悦活宠物,O001010
B001011,U000337,P000101,轻盈生鲜旗舰款,C09,生鲜,buy,2026-04-02 17:40:00,111.00,1,taobao,mac,福建省,厦门市,member,checkout,S001012,0,C202603,轻盈生鲜,O001011
B001012,U000859,P000149,轻盈家居日用日常款,C04,家居日用,buy,2026-04-02 19:21:00,110.00,3,offline,ios,广东省,深圳市,new,checkout,S001013,1,C202603,轻盈家居,O001012
B001013,U000686,P000161,轻盈家居日用旗舰款,C04,家居日用,buy,2026-04-03 12:27:00,160.00,1,jd,windows,四川省,成都市,regular,checkout,S001014,0,C202603,轻盈家居,O001013
B001014,U000672,P000005,轻盈数码配件套装,C05,数码配件,buy,2026-04-03 17:32:00,256.00,1,search,windows,上海市,上海市,regular,checkout,S001015,0,C202601,轻盈数码,O001014
B001015,U000788,P000071,轻盈宠物用品旗舰款,C08,宠物用品,buy,2026-04-03 20:45:00,144.00,1,offline,windows,河南省,郑州市,regular,checkout,S001016,0,C202602,轻盈宠物,O001015
B001016,U000181,P000143,轻盈美妆个护升级版,C01,美妆个护,buy,2026-04-03 14:07:00,53.00,1,wechat,android,四川省,成都市,member,checkout,S001017,0,C202603,轻盈美妆,O001016
B001017,U000420,P000073,悦活家居日用升级版,C04,家居日用,buy,2026-04-03 19:59:00,147.00,1,offline,android,湖北省,武汉市,member,checkout,S001018,0,C202606,悦活家居,O001017
B001018,U000035,P000134,臻选数码配件日常款,C05,数码配件,buy,2026-04-03 21:45:00,120.00,1,wechat,android,山东省,青岛市,high_value,checkout,S001019,0,C202603,臻选数码,O001018
B001019,U000738,P000157,悦活旅行用品便携装,C10,旅行用品,buy,2026-04-03 09:53:00,436.00,1,search,mac,浙江省,杭州市,regular,checkout,S001020,0,C202601,悦活旅行,O001019
B001020,U000509,P000040,原野数码配件套装,C05,数码配件,buy,2026-04-03 09:48:00,162.00,1,search,android,山东省,青岛市,regular,checkout,S001021,0,C202604,原野数码,O001020
B001021,U000350,P000151,悦活美妆个护旗舰款,C01,美妆个护,buy,2026-04-03 13:18:00,38.00,1,taobao,windows,福建省,厦门市,member,checkout,S001022,0,C202601,悦活美妆,O001021
B001022,U000026,P000126,轻氧旅行用品旗舰款,C10,旅行用品,buy,2026-04-03 15:38:00,248.00,1,taobao,windows,上海市,上海市,high_value,checkout,S001023,0,C202605,轻氧旅行,O001022
B001023,U000241,P000110,臻选美妆个护套装,C01,美妆个护,buy,2026-04-03 10:47:00,81.00,1,jd,mac,江苏省,南京市,member,checkout,S001024,0,C202603,臻选美妆,O001023
B001024,U000411,P000016,原野运动户外旗舰款,C07,运动户外,buy,2026-04-04 20:46:00,164.00,1,douyin,mac,江苏省,南京市,member,checkout,S001025,0,C202603,原野运动,O001024
B001025,U000597,P000101,轻盈生鲜旗舰款,C09,生鲜,buy,2026-04-04 09:39:00,111.00,1,taobao,ios,四川省,成都市,regular,checkout,S001026,0,C202601,轻盈生鲜,O001025
B001026,U000248,P000051,云感宠物用品旗舰款,C08,宠物用品,buy,2026-04-04 18:54:00,64.00,1,jd,windows,浙江省,杭州市,member,checkout,S001027,0,C202606,云感宠物,O001026
B001027,U000856,P000039,云感生鲜日常款,C09,生鲜,buy,2026-04-04 17:26:00,109.00,1,jd,windows,北京市,北京市,new,checkout,S001028,1,C202602,云感生鲜,O001027
B001028,U000885,P000032,臻选生鲜便携装,C09,生鲜,buy,2026-04-04 17:31:00,71.00,1,offline,mac,江苏省,南京市,new,checkout,S001029,1,C202604,臻选生鲜,O001028
B001029,U000350,P000109,悦活旅行用品日常款,C10,旅行用品,buy,2026-04-04 20:08:00,614.00,4,wechat,windows,福建省,厦门市,member,checkout,S001030,0,C202603,悦活旅行,O001029
B001030,U000738,P000134,臻选数码配件日常款,C05,数码配件,buy,2026-04-04 18:05:00,120.00,1,offline,mac,浙江省,杭州市,regular,checkout,S001031,0,C202601,臻选数码,O001030
B001031,U000213,P000089,轻盈美妆个护日常款,C01,美妆个护,buy,2026-04-04 17:32:00,69.00,1,offline,ios,浙江省,杭州市,member,checkout,S001032,0,C202605,轻盈美妆,O001031
B001032,U000078,P000045,云感食品饮料套装,C02,食品饮料,buy,2026-04-04 20:50:00,67.00,1,douyin,mac,湖北省,武汉市,high_value,checkout,S001033,0,C202601,云感食品,O001032
B001033,U000602,P000136,原野运动户外旗舰款,C07,运动户外,buy,2026-04-04 18:36:00,169.00,1,jd,windows,湖北省,武汉市,regular,checkout,S001034,0,C202601,原野运动,O001033
B001034,U000339,P000031,悦活运动户外旗舰款,C07,运动户外,buy,2026-04-04 19:55:00,98.00,1,douyin,mac,山东省,青岛市,member,checkout,S001035,0,C202604,悦活运动,O001034
B001035,U000700,P000065,轻盈生鲜套装,C09,生鲜,buy,2026-04-05 18:00:00,41.00,1,offline,ios,广东省,深圳市,regular,checkout,S001036,0,C202605,轻盈生鲜,O001035
B001036,U000033,P000028,原野数码配件升级版,C05,数码配件,buy,2026-04-05 15:18:00,158.00,1,douyin,mac,北京市,北京市,high_value,checkout,S001037,0,C202604,原野数码,O001036
B001037,U000122,P000054,轻氧美妆个护日常款,C01,美妆个护,buy,2026-04-05 19:00:00,138.00,1,search,mac,四川省,成都市,member,checkout,S001038,0,C202605,轻氧美妆,O001037
B001038,U000785,P000039,云感生鲜日常款,C09,生鲜,buy,2026-04-05 11:50:00,109.00,2,taobao,ios,江苏省,南京市,regular,checkout,S001039,0,C202606,云感生鲜,O001038
B001039,U000730,P000024,轻氧食品饮料日常款,C02,食品饮料,buy,2026-04-05 13:07:00,55.00,2,wechat,android,四川省,成都市,regular,checkout,S001040,0,C202603,轻氧食品,O001039
B001040,U000222,P000010,原野旅行用品套装,C10,旅行用品,buy,2026-04-05 09:03:00,302.00,1,search,android,福建省,厦门市,member,checkout,S001041,0,C202603,原野旅行,O001040
B001041,U000187,P000074,臻选美妆个护日常款,C01,美妆个护,buy,2026-04-05 12:48:00,71.00,1,search,windows,湖北省,武汉市,member,checkout,S001042,0,C202603,臻选美妆,O001041
B001042,U000290,P000087,云感旅行用品便携装,C10,旅行用品,buy,2026-04-05 23:51:00,609.00,1,jd,android,福建省,厦门市,member,checkout,S001043,0,C202605,云感旅行,O001042
B001043,U000321,P000031,悦活运动户外旗舰款,C07,运动户外,buy,2026-04-05 23:25:00,98.00,2,jd,ios,四川省,成都市,member,checkout,S001044,0,C202603,悦活运动,O001043
B001044,U000716,P000073,悦活家居日用升级版,C04,家居日用,buy,2026-04-05 10:11:00,147.00,1,jd,android,浙江省,杭州市,regular,checkout,S001045,0,C202601,悦活家居,O001044
B001045,U000127,P000005,轻盈数码配件套装,C05,数码配件,buy,2026-04-05 20:22:00,256.00,2,douyin,windows,广东省,深圳市,member,checkout,S001046,0,C202604,轻盈数码,O001045
B001046,U000674,P000037,悦活运动户外便携装,C07,运动户外,buy,2026-04-06 16:28:00,152.00,1,offline,mac,江苏省,南京市,regular,checkout,S001047,0,C202604,悦活运动,O001046
B001047,U000747,P000021,云感宠物用品旗舰款,C08,宠物用品,buy,2026-04-06 22:10:00,160.00,1,jd,windows,福建省,厦门市,regular,checkout,S001048,0,C202605,云感宠物,O001047
B001048,U000028,P000060,轻氧数码配件套装,C05,数码配件,buy,2026-04-06 20:34:00,269.00,1,taobao,windows,四川省,成都市,high_value,checkout,S001049,0,C202601,轻氧数码,O001048
B001049,U000215,P000147,云感数码配件便携装,C05,数码配件,buy,2026-04-06 12:24:00,281.00,1,douyin,mac,浙江省,杭州市,member,checkout,S001050,0,C202604,云感数码,O001049
B001050,U000601,P000045,云感食品饮料套装,C02,食品饮料,buy,2026-04-06 23:03:00,67.00,1,wechat,ios,江苏省,南京市,regular,checkout,S001051,0,C202603,云感食品,O001050
B001051,U000483,P000021,云感宠物用品旗舰款,C08,宠物用品,buy,2026-04-06 16:06:00,160.00,1,search,android,浙江省,杭州市,regular,checkout,S001052,0,C202602,云感宠物,O001051
B001052,U000049,P000172,原野宠物用品便携装,C08,宠物用品,buy,2026-04-06 15:04:00,99.00,1,douyin,windows,北京市,北京市,high_value,checkout,S001053,0,C202602,原野宠物,O001052
B001053,U000036,P000115,悦活美妆个护套装,C01,美妆个护,buy,2026-04-06 13:38:00,86.00,4,offline,ios,北京市,北京市,high_value,checkout,S001054,0,C202602,悦活美妆,O001053
B001054,U000629,P000064,原野宠物用品日常款,C08,宠物用品,buy,2026-04-06 20:30:00,140.00,1,jd,android,山东省,青岛市,regular,checkout,S001055,0,C202605,原野宠物,O001054
B001055,U000366,P000150,轻氧母婴用品套装,C06,母婴用品,buy,2026-04-06 22:59:00,76.00,1,taobao,android,上海市,上海市,member,checkout,S001056,0,C202606,轻氧母婴,O001055
B001056,U000110,P000015,云感母婴用品套装,C06,母婴用品,buy,2026-04-06 09:23:00,128.00,1,wechat,mac,福建省,厦门市,high_value,checkout,S001057,0,C202604,云感母婴,O001056
B001057,U000213,P000138,轻氧数码配件升级版,C05,数码配件,buy,2026-04-07 12:47:00,150.00,1,taobao,ios,浙江省,杭州市,member,checkout,S001058,0,C202602,轻氧数码,O001057
B001058,U000096,P000100,原野运动户外套装,C07,运动户外,buy,2026-04-07 21:45:00,235.00,1,wechat,mac,四川省,成都市,high_value,checkout,S001059,0,C202601,原野运动,O001058
B001059,U000896,P000131,轻盈生鲜旗舰款,C09,生鲜,buy,2026-04-07 21:35:00,85.00,3,search,android,湖北省,武汉市,new,checkout,S001060,1,C202602,轻盈生鲜,O001059
B001060,U000756,P000037,悦活运动户外便携装,C07,运动户外,buy,2026-04-07 20:35:00,152.00,1,jd,windows,福建省,厦门市,regular,checkout,S001061,0,C202606,悦活运动,O001060
B001061,U000308,P000154,原野生鲜日常款,C09,生鲜,buy,2026-04-07 09:37:00,103.00,1,offline,mac,北京市,北京市,member,checkout,S001062,0,C202601,原野生鲜,O001061
B001062,U000409,P000146,臻选生鲜旗舰款,C09,生鲜,buy,2026-04-07 20:00:00,112.00,1,jd,android,四川省,成都市,member,checkout,S001063,0,C202603,臻选生鲜,O001062
B001063,U000740,P000060,轻氧数码配件套装,C05,数码配件,buy,2026-04-07 22:18:00,269.00,1,offline,android,山东省,青岛市,regular,checkout,S001064,0,C202603,轻氧数码,O001063
B001064,U000849,P000023,轻盈食品饮料升级版,C02,食品饮料,buy,2026-04-07 20:24:00,79.00,1,wechat,windows,四川省,成都市,new,checkout,S001065,1,C202603,轻盈食品,O001064
B001065,U000015,P000021,云感宠物用品旗舰款,C08,宠物用品,buy,2026-04-07 23:06:00,160.00,1,douyin,mac,湖北省,武汉市,high_value,checkout,S001066,0,C202601,云感宠物,O001065
B001066,U000368,P000039,云感生鲜日常款,C09,生鲜,buy,2026-04-07 13:15:00,109.00,1,taobao,mac,广东省,深圳市,member,checkout,S001067,0,C202601,云感生鲜,O001066
B001067,U000827,P000121,悦活运动户外旗舰款,C07,运动户外,buy,2026-04-07 17:21:00,291.00,1,jd,ios,上海市,上海市,new,checkout,S001068,1,C202606,悦活运动,O001067
B001068,U000098,P000061,悦活家居日用旗舰款,C04,家居日用,buy,2026-04-08 15:28:00,157.00,3,wechat,windows,福建省,厦门市,high_value,checkout,S001069,0,C202606,悦活家居,O001068
B001069,U000648,P000063,云感母婴用品升级版,C06,母婴用品,buy,2026-04-08 18:42:00,165.00,1,offline,mac,湖北省,武汉市,regular,checkout,S001070,0,C202606,云感母婴,O001069
B001070,U000793,P000074,臻选美妆个护日常款,C01,美妆个护,buy,2026-04-08 11:24:00,71.00,1,jd,ios,河南省,郑州市,regular,checkout,S001071,0,C202602,臻选美妆,O001070
B001071,U000798,P000167,轻盈美妆个护便携装,C01,美妆个护,buy,2026-04-08 18:49:00,119.00,3,wechat,ios,江苏省,南京市,regular,checkout,S001072,0,C202606,轻盈美妆,O001071
B001072,U000881,P000021,云感宠物用品旗舰款,C08,宠物用品,buy,2026-04-08 23:49:00,160.00,1,jd,android,北京市,北京市,new,checkout,S001073,1,C202605,云感宠物,O001072
B001073,U000129,P000111,云感宠物用品旗舰款,C08,宠物用品,buy,2026-04-08 09:20:00,117.00,1,offline,android,河南省,郑州市,member,checkout,S001074,0,C202603,云感宠物,O001073
B001074,U000864,P000106,原野母婴用品旗舰款,C06,母婴用品,buy,2026-04-08 20:47:00,102.00,1,search,mac,福建省,厦门市,new,checkout,S001075,1,C202602,原野母婴,O001074
B001075,U000858,P000050,臻选生鲜套装,C09,生鲜,buy,2026-04-08 16:43:00,108.00,4,jd,android,上海市,上海市,new,checkout,S001076,1,C202603,臻选生鲜,O001075
B001076,U000220,P000038,臻选母婴用品升级版,C06,母婴用品,buy,2026-04-08 22:02:00,188.00,1,douyin,mac,广东省,深圳市,member,checkout,S001077,0,C202601,臻选母婴,O001076
B001077,U000428,P000011,轻盈旅行用品旗舰款,C10,旅行用品,buy,2026-04-08 23:35:00,224.00,1,search,mac,浙江省,杭州市,regular,checkout,S001078,0,C202603,轻盈旅行,O001077
B001078,U000454,P000043,悦活服饰升级版,C03,服饰,buy,2026-04-08 16:34:00,237.00,1,wechat,mac,河南省,郑州市,regular,checkout,S001079,0,C202601,悦活服饰,O001078
B001079,U000806,P000136,原野运动户外旗舰款,C07,运动户外,buy,2026-04-09 13:59:00,169.00,1,offline,android,河南省,郑州市,regular,checkout,S001080,0,C202605,原野运动,O001079
B001080,U000070,P000164,臻选食品饮料日常款,C02,食品饮料,buy,2026-04-09 08:21:00,73.00,1,taobao,ios,广东省,深圳市,high_value,checkout,S001081,0,C202603,臻选食品,O001080
B001081,U000497,P000011,轻盈旅行用品旗舰款,C10,旅行用品,buy,2026-04-09 20:33:00,224.00,1,search,android,江苏省,南京市,regular,checkout,S001082,0,C202601,轻盈旅行,O001081
B001082,U000568,P000163,悦活生鲜升级版,C09,生鲜,buy,2026-04-09 09:27:00,69.00,1,taobao,windows,山东省,青岛市,regular,checkout,S001083,0,C202601,悦活生鲜,O001082
B001083,U000574,P000071,轻盈宠物用品旗舰款,C08,宠物用品,buy,2026-04-09 22:42:00,144.00,1,offline,ios,广东省,深圳市,regular,checkout,S001084,0,C202605,轻盈宠物,O001083
B001084,U000160,P000037,悦活运动户外便携装,C07,运动户外,buy,2026-04-09 20:44:00,152.00,1,taobao,android,广东省,深圳市,member,checkout,S001085,0,C202603,悦活运动,O001084
B001085,U000749,P000053,轻盈服饰升级版,C03,服饰,buy,2026-04-09 16:51:00,262.00,3,offline,windows,山东省,青岛市,regular,checkout,S001086,0,C202603,轻盈服饰,O001085
B001086,U000186,P000151,悦活美妆个护旗舰款,C01,美妆个护,buy,2026-04-09 23:33:00,38.00,1,jd,mac,上海市,上海市,member,checkout,S001087,0,C202606,悦活美妆,O001086
B001087,U000635,P000166,原野服饰旗舰款,C03,服饰,buy,2026-04-09 13:49:00,378.00,4,taobao,windows,湖北省,武汉市,regular,checkout,S001088,0,C202603,原野服饰,O001087
B001088,U000524,P000154,原野生鲜日常款,C09,生鲜,buy,2026-04-09 20:04:00,103.00,1,offline,android,湖北省,武汉市,regular,checkout,S001089,0,C202601,原野生鲜,O001088
B001089,U000167,P000103,悦活美妆个护升级版,C01,美妆个护,buy,2026-04-09 17:40:00,76.00,1,wechat,mac,广东省,深圳市,member,checkout,S001090,0,C202604,悦活美妆,O001089
B001090,U000123,P000052,原野数码配件便携装,C05,数码配件,buy,2026-04-10 19:27:00,173.00,1,douyin,ios,浙江省,杭州市,member,checkout,S001091,0,C202602,原野数码,O001090
B001091,U000077,P000003,云感生鲜升级版,C09,生鲜,buy,2026-04-10 14:11:00,73.00,1,jd,android,福建省,厦门市,high_value,checkout,S001092,0,C202603,云感生鲜,O001091
B001092,U000101,P000036,轻氧食品饮料旗舰款,C02,食品饮料,buy,2026-04-10 12:51:00,73.00,4,wechat,windows,江苏省,南京市,high_value,checkout,S001093,0,C202605,轻氧食品,O001092
B001093,U000811,P000057,云感数码配件便携装,C05,数码配件,buy,2026-04-10 09:25:00,79.00,1,wechat,mac,四川省,成都市,regular,checkout,S001094,0,C202601,云感数码,O001093
B001094,U000699,P000138,轻氧数码配件升级版,C05,数码配件,buy,2026-04-10 08:42:00,150.00,1,offline,android,北京市,北京市,regular,checkout,S001095,0,C202602,轻氧数码,O001094
B001095,U000141,P000047,轻盈服饰便携装,C03,服饰,buy,2026-04-10 23:11:00,154.00,1,douyin,ios,湖北省,武汉市,member,checkout,S001096,0,C202605,轻盈服饰,O001095
B001096,U000194,P000138,轻氧数码配件升级版,C05,数码配件,buy,2026-04-10 10:59:00,150.00,1,jd,mac,河南省,郑州市,member,checkout,S001097,0,C202602,轻氧数码,O001096
B001097,U000655,P000049,悦活数码配件日常款,C05,数码配件,buy,2026-04-10 18:09:00,141.00,3,taobao,windows,福建省,厦门市,regular,checkout,S001098,0,C202605,悦活数码,O001097
B001098,U000638,P000146,臻选生鲜旗舰款,C09,生鲜,buy,2026-04-10 18:08:00,112.00,1,wechat,windows,上海市,上海市,regular,checkout,S001099,0,C202602,臻选生鲜,O001098
B001099,U000525,P000058,原野生鲜升级版,C09,生鲜,buy,2026-04-10 10:43:00,44.00,1,search,mac,广东省,深圳市,regular,checkout,S001100,0,C202602,原野生鲜,O001099
B001100,U000083,P000010,原野旅行用品套装,C10,旅行用品,buy,2026-04-10 08:11:00,302.00,1,wechat,windows,浙江省,杭州市,high_value,checkout,S001101,0,C202605,原野旅行,O001100
B001101,U000747,P000018,轻氧生鲜升级版,C09,生鲜,buy,2026-04-11 14:42:00,81.00,1,offline,windows,福建省,厦门市,regular,checkout,S001102,0,C202602,轻氧生鲜,O001101
B001102,U000234,P000038,臻选母婴用品升级版,C06,母婴用品,buy,2026-04-11 14:11:00,188.00,4,offline,mac,河南省,郑州市,member,checkout,S001103,0,C202602,臻选母婴,O001102
B001103,U000843,P000105,云感运动户外套装,C07,运动户外,buy,2026-04-11 10:13:00,142.00,4,wechat,mac,福建省,厦门市,new,checkout,S001104,1,C202605,云感运动,O001103
B001104,U000046,P000077,轻盈服饰便携装,C03,服饰,buy,2026-04-11 10:44:00,279.00,1,taobao,mac,湖北省,武汉市,high_value,checkout,S001105,0,C202605,轻盈服饰,O001104
B001105,U000702,P000065,轻盈生鲜套装,C09,生鲜,buy,2026-04-11 16:24:00,41.00,1,jd,ios,上海市,上海市,regular,checkout,S001106,0,C202605,轻盈生鲜,O001105
B001106,U000231,P000172,原野宠物用品便携装,C08,宠物用品,buy,2026-04-11 22:13:00,99.00,1,offline,android,福建省,厦门市,member,checkout,S001107,0,C202601,原野宠物,O001106
B001107,U000759,P000090,轻氧旅行用品套装,C10,旅行用品,buy,2026-04-11 22:12:00,170.00,1,jd,windows,河南省,郑州市,regular,checkout,S001108,0,C202603,轻氧旅行,O001107
B001108,U000538,P000002,臻选服饰便携装,C03,服饰,buy,2026-04-11 15:57:00,332.00,1,taobao,android,山东省,青岛市,regular,checkout,S001109,0,C202604,臻选服饰,O001108
B001109,U000761,P000076,原野美妆个护旗舰款,C01,美妆个护,buy,2026-04-11 08:39:00,77.00,1,douyin,windows,福建省,厦门市,regular,checkout,S001110,0,C202606,原野美妆,O001109
B001110,U000087,P000093,云感生鲜升级版,C09,生鲜,buy,2026-04-11 09:41:00,39.00,2,jd,windows,福建省,厦门市,high_value,checkout,S001111,0,C202601,云感生鲜,O001110
B001111,U000058,P000099,云感服饰日常款,C03,服饰,buy,2026-04-11 20:51:00,230.00,1,wechat,windows,四川省,成都市,high_value,checkout,S001112,0,C202606,云感服饰,O001111
B001112,U000371,P000152,臻选数码配件便携装,C05,数码配件,buy,2026-04-12 14:08:00,302.00,1,search,windows,上海市,上海市,member,checkout,S001113,0,C202605,臻选数码,O001112
B001113,U000186,P000156,轻氧母婴用品旗舰款,C06,母婴用品,buy,2026-04-12 22:01:00,153.00,1,offline,mac,上海市,上海市,member,checkout,S001114,0,C202601,轻氧母婴,O001113
B001114,U000880,P000042,轻氧美妆个护便携装,C01,美妆个护,buy,2026-04-12 08:59:00,69.00,1,jd,windows,四川省,成都市,new,checkout,S001115,1,C202605,轻氧美妆,O001114
B001115,U000847,P000023,轻盈食品饮料升级版,C02,食品饮料,buy,2026-04-12 21:53:00,79.00,1,search,android,浙江省,杭州市,new,checkout,S001116,1,C202602,轻盈食品,O001115
B001116,U000455,P000158,臻选母婴用品升级版,C06,母婴用品,buy,2026-04-12 12:01:00,121.00,1,jd,android,湖北省,武汉市,regular,checkout,S001117,0,C202603,臻选母婴,O001116
B001117,U000578,P000060,轻氧数码配件套装,C05,数码配件,buy,2026-04-12 19:54:00,269.00,1,jd,windows,浙江省,杭州市,regular,checkout,S001118,0,C202606,轻氧数码,O001117
B001118,U000713,P000075,云感母婴用品套装,C06,母婴用品,buy,2026-04-12 10:57:00,82.00,2,search,android,广东省,深圳市,regular,checkout,S001119,0,C202605,云感母婴,O001118
B001119,U000704,P000045,云感食品饮料套装,C02,食品饮料,buy,2026-04-12 22:13:00,67.00,1,offline,mac,江苏省,南京市,regular,checkout,S001120,0,C202603,云感食品,O001119
B001120,U000172,P000141,云感数码配件旗舰款,C05,数码配件,buy,2026-04-12 17:26:00,220.00,1,wechat,android,河南省,郑州市,member,checkout,S001121,0,C202606,云感数码,O001120
B001121,U000137,P000037,悦活运动户外便携装,C07,运动户外,buy,2026-04-12 23:52:00,152.00,1,jd,android,湖北省,武汉市,member,checkout,S001122,0,C202603,悦活运动,O001121
B001122,U000394,P000018,轻氧生鲜升级版,C09,生鲜,buy,2026-04-12 10:41:00,81.00,1,jd,mac,广东省,深圳市,member,checkout,S001123,0,C202606,轻氧生鲜,O001122
B001123,U000899,P000160,原野旅行用品套装,C10,旅行用品,buy,2026-04-13 14:13:00,231.00,1,offline,windows,北京市,北京市,new,checkout,S001124,1,C202606,原野旅行,O001123
B001124,U000134,P000114,轻氧母婴用品日常款,C06,母婴用品,buy,2026-04-13 14:32:00,142.00,2,wechat,ios,山东省,青岛市,member,checkout,S001125,0,C202603,轻氧母婴,O001124
B001125,U000492,P000166,原野服饰旗舰款,C03,服饰,buy,2026-04-13 21:56:00,378.00,1,wechat,android,北京市,北京市,regular,checkout,S001126,0,C202606,原野服饰,O001125
B001126,U000847,P000005,轻盈数码配件套装,C05,数码配件,buy,2026-04-13 14:54:00,256.00,1,offline,android,浙江省,杭州市,new,checkout,S001127,1,C202604,轻盈数码,O001126
B001127,U000638,P000165,云感生鲜套装,C09,生鲜,buy,2026-04-13 18:02:00,43.00,1,wechat,windows,上海市,上海市,regular,checkout,S001128,0,C202602,云感生鲜,O001127
B001128,U000599,P000070,原野宠物用品套装,C08,宠物用品,buy,2026-04-13 19:58:00,147.00,1,taobao,android,北京市,北京市,regular,checkout,S001129,0,C202601,原野宠物,O001128
B001129,U000541,P000158,臻选母婴用品升级版,C06,母婴用品,buy,2026-04-13 18:33:00,121.00,1,wechat,ios,浙江省,杭州市,regular,checkout,S001130,0,C202605,臻选母婴,O001129
B001130,U000149,P000145,悦活宠物用品套装,C08,宠物用品,buy,2026-04-13 12:31:00,42.00,1,douyin,windows,北京市,北京市,member,checkout,S001131,0,C202606,悦活宠物,O001130
B001131,U000402,P000117,云感食品饮料便携装,C02,食品饮料,buy,2026-04-13 20:27:00,54.00,1,jd,mac,福建省,厦门市,member,checkout,S001132,0,C202604,云感食品,O001131
B001132,U000783,P000095,轻盈旅行用品套装,C10,旅行用品,buy,2026-04-13 15:53:00,577.00,1,offline,windows,江苏省,南京市,regular,checkout,S001133,0,C202603,轻盈旅行,O001132
B001133,U000468,P000144,轻氧美妆个护日常款,C01,美妆个护,buy,2026-04-13 14:27:00,118.00,1,taobao,mac,福建省,厦门市,regular,checkout,S001134,0,C202605,轻氧美妆,O001133
B001134,U000054,P000137,轻盈数码配件便携装,C05,数码配件,buy,2026-04-14 23:17:00,216.00,3,wechat,mac,福建省,厦门市,high_value,checkout,S001135,0,C202606,轻盈数码,O001134
B001135,U000444,P000018,轻氧生鲜升级版,C09,生鲜,buy,2026-04-14 08:22:00,81.00,3,douyin,android,广东省,深圳市,regular,checkout,S001136,0,C202603,轻氧生鲜,O001135
B001136,U000500,P000091,悦活母婴用品旗舰款,C06,母婴用品,buy,2026-04-14 08:27:00,87.00,1,douyin,ios,河南省,郑州市,regular,checkout,S001137,0,C202601,悦活母婴,O001136
B001137,U000312,P000152,臻选数码配件便携装,C05,数码配件,buy,2026-04-14 15:52:00,302.00,1,jd,android,湖北省,武汉市,member,checkout,S001138,0,C202603,臻选数码,O001137
B001138,U000349,P000044,臻选食品饮料日常款,C02,食品饮料,buy,2026-04-14 13:16:00,28.00,1,douyin,ios,浙江省,杭州市,member,checkout,S001139,0,C202605,臻选食品,O001138
B001139,U000339,P000106,原野母婴用品旗舰款,C06,母婴用品,buy,2026-04-14 08:59:00,102.00,1,jd,mac,山东省,青岛市,member,checkout,S001140,0,C202601,原野母婴,O001139
B001140,U000623,P000051,云感宠物用品旗舰款,C08,宠物用品,buy,2026-04-14 14:36:00,64.00,1,taobao,android,江苏省,南京市,regular,checkout,S001141,0,C202603,云感宠物,O001140
B001141,U000151,P000131,轻盈生鲜旗舰款,C09,生鲜,buy,2026-04-14 22:21:00,85.00,1,search,mac,福建省,厦门市,member,checkout,S001142,0,C202601,轻盈生鲜,O001141
B001142,U000320,P000069,云感运动户外日常款,C07,运动户外,buy,2026-04-14 23:35:00,268.00,1,douyin,android,四川省,成都市,member,checkout,S001143,0,C202601,云感运动,O001142
B001143,U000017,P000105,云感运动户外套装,C07,运动户外,buy,2026-04-14 19:40:00,142.00,1,taobao,mac,河南省,郑州市,high_value,checkout,S001144,0,C202602,云感运动,O001143
B001144,U000495,P000057,云感数码配件便携装,C05,数码配件,buy,2026-04-14 16:28:00,79.00,1,wechat,android,北京市,北京市,regular,checkout,S001145,0,C202604,云感数码,O001144
B001145,U000524,P000013,悦活食品饮料升级版,C02,食品饮料,buy,2026-04-15 17:34:00,91.00,2,wechat,android,湖北省,武汉市,regular,checkout,S001146,0,C202601,悦活食品,O001145
B001146,U000882,P000130,原野服饰套装,C03,服饰,buy,2026-04-15 16:25:00,194.00,1,offline,mac,上海市,上海市,new,checkout,S001147,1,C202602,原野服饰,O001146
B001147,U000855,P000148,原野数码配件升级版,C05,数码配件,buy,2026-04-15 08:05:00,136.00,1,douyin,mac,四川省,成都市,new,checkout,S001148,1,C202605,原野数码,O001147
B001148,U000481,P000052,原野数码配件便携装,C05,数码配件,buy,2026-04-15 21:36:00,173.00,4,jd,android,江苏省,南京市,regular,checkout,S001149,0,C202605,原野数码,O001148
B001149,U000516,P000056,臻选旅行用品旗舰款,C10,旅行用品,buy,2026-04-15 22:55:00,443.00,1,search,windows,广东省,深圳市,regular,checkout,S001150,0,C202606,臻选旅行,O001149
B001150,U000310,P000067,悦活旅行用品便携装,C10,旅行用品,buy,2026-04-15 19:01:00,195.00,1,search,mac,江苏省,南京市,member,checkout,S001151,0,C202603,悦活旅行,O001150
B001151,U000134,P000074,臻选美妆个护日常款,C01,美妆个护,buy,2026-04-15 09:26:00,71.00,1,jd,ios,山东省,青岛市,member,checkout,S001152,0,C202602,臻选美妆,O001151
B001152,U000626,P000058,原野生鲜升级版,C09,生鲜,buy,2026-04-15 19:35:00,44.00,2,search,windows,上海市,上海市,regular,checkout,S001153,0,C202603,原野生鲜,O001152
B001153,U000525,P000155,轻盈生鲜套装,C09,生鲜,buy,2026-04-15 22:38:00,106.00,1,search,mac,广东省,深圳市,regular,checkout,S001154,0,C202605,轻盈生鲜,O001153
B001154,U000046,P000144,轻氧美妆个护日常款,C01,美妆个护,buy,2026-04-15 16:11:00,118.00,1,search,mac,湖北省,武汉市,high_value,checkout,S001155,0,C202603,轻氧美妆,O001154
B001155,U000278,P000113,轻盈旅行用品升级版,C10,旅行用品,buy,2026-04-15 21:29:00,483.00,1,douyin,android,湖北省,武汉市,member,checkout,S001156,0,C202606,轻盈旅行,O001155
B001156,U000047,P000151,悦活美妆个护旗舰款,C01,美妆个护,buy,2026-04-16 18:36:00,38.00,1,search,ios,河南省,郑州市,high_value,checkout,S001157,0,C202601,悦活美妆,O001156
B001157,U000116,P000120,轻氧宠物用品套装,C08,宠物用品,buy,2026-04-16 18:52:00,58.00,1,search,windows,河南省,郑州市,high_value,checkout,S001158,0,C202604,轻氧宠物,O001157
B001158,U000373,P000001,悦活家居日用旗舰款,C04,家居日用,buy,2026-04-16 22:17:00,141.00,1,wechat,ios,福建省,厦门市,member,checkout,S001159,0,C202605,悦活家居,O001158
B001159,U000713,P000127,悦活食品饮料便携装,C02,食品饮料,buy,2026-04-16 19:08:00,39.00,1,jd,android,广东省,深圳市,regular,checkout,S001160,0,C202606,悦活食品,O001159
B001160,U000271,P000037,悦活运动户外便携装,C07,运动户外,buy,2026-04-16 23:18:00,152.00,2,jd,android,河南省,郑州市,member,checkout,S001161,0,C202602,悦活运动,O001160
B001161,U000869,P000036,轻氧食品饮料旗舰款,C02,食品饮料,buy,2026-04-16 14:42:00,73.00,1,jd,windows,四川省,成都市,new,checkout,S001162,1,C202603,轻氧食品,O001161
B001162,U000715,P000106,原野母婴用品旗舰款,C06,母婴用品,buy,2026-04-16 18:28:00,102.00,1,taobao,windows,湖北省,武汉市,regular,checkout,S001163,0,C202606,原野母婴,O001162
B001163,U000801,P000143,轻盈美妆个护升级版,C01,美妆个护,buy,2026-04-16 22:22:00,53.00,1,search,mac,江苏省,南京市,regular,checkout,S001164,0,C202601,轻盈美妆,O001163
B001164,U000058,P000068,臻选旅行用品升级版,C10,旅行用品,buy,2026-04-16 10:34:00,202.00,1,wechat,windows,四川省,成都市,high_value,checkout,S001165,0,C202606,臻选旅行,O001164
B001165,U000738,P000104,臻选旅行用品日常款,C10,旅行用品,buy,2026-04-16 15:56:00,352.00,1,search,mac,浙江省,杭州市,regular,checkout,S001166,0,C202602,臻选旅行,O001165
B001166,U000783,P000134,臻选数码配件日常款,C05,数码配件,buy,2026-04-16 10:05:00,120.00,1,jd,windows,江苏省,南京市,regular,checkout,S001167,0,C202605,臻选数码,O001166
B001167,U000600,P000011,轻盈旅行用品旗舰款,C10,旅行用品,buy,2026-04-17 08:03:00,224.00,1,offline,mac,上海市,上海市,regular,checkout,S001168,0,C202601,轻盈旅行,O001167
B001168,U000818,P000016,原野运动户外旗舰款,C07,运动户外,buy,2026-04-17 11:03:00,164.00,1,taobao,mac,河南省,郑州市,regular,checkout,S001169,0,C202604,原野运动,O001168
B001169,U000066,P000144,轻氧美妆个护日常款,C01,美妆个护,buy,2026-04-17 13:47:00,118.00,1,taobao,android,河南省,郑州市,high_value,checkout,S001170,0,C202604,轻氧美妆,O001169
B001170,U000693,P000080,臻选家居日用套装,C04,家居日用,buy,2026-04-17 18:29:00,148.00,1,search,mac,浙江省,杭州市,regular,checkout,S001171,0,C202603,臻选家居,O001170
B001171,U000412,P000032,臻选生鲜便携装,C09,生鲜,buy,2026-04-17 15:45:00,71.00,1,douyin,android,山东省,青岛市,member,checkout,S001172,0,C202603,臻选生鲜,O001171
B001172,U000515,P000075,云感母婴用品套装,C06,母婴用品,buy,2026-04-17 13:31:00,82.00,1,search,ios,上海市,上海市,regular,checkout,S001173,0,C202605,云感母婴,O001172
B001173,U000407,P000118,原野美妆个护升级版,C01,美妆个护,buy,2026-04-17 14:31:00,133.00,1,taobao,windows,广东省,深圳市,member,checkout,S001174,0,C202606,原野美妆,O001173
B001174,U000852,P000129,云感服饰日常款,C03,服饰,buy,2026-04-17 19:19:00,307.00,1,search,ios,四川省,成都市,new,checkout,S001175,1,C202603,云感服饰,O001174
B001175,U000390,P000027,云感宠物用品便携装,C08,宠物用品,buy,2026-04-17 11:36:00,96.00,1,search,android,上海市,上海市,member,checkout,S001176,0,C202605,云感宠物,O001175
B001176,U000135,P000069,云感运动户外日常款,C07,运动户外,buy,2026-04-17 12:00:00,268.00,1,offline,windows,山东省,青岛市,member,checkout,S001177,0,C202606,云感运动,O001176
B001177,U000890,P000124,原野食品饮料日常款,C02,食品饮料,buy,2026-04-17 09:06:00,60.00,4,offline,windows,浙江省,杭州市,new,checkout,S001178,1,C202604,原野食品,O001177
B001178,U000198,P000045,云感食品饮料套装,C02,食品饮料,buy,2026-04-18 11:06:00,67.00,1,wechat,ios,湖北省,武汉市,member,checkout,S001179,0,C202601,云感食品,O001178
B001179,U000079,P000040,原野数码配件套装,C05,数码配件,buy,2026-04-18 23:27:00,162.00,1,taobao,ios,上海市,上海市,high_value,checkout,S001180,0,C202602,原野数码,O001179
B001180,U000500,P000113,轻盈旅行用品升级版,C10,旅行用品,buy,2026-04-18 16:55:00,483.00,3,jd,ios,河南省,郑州市,regular,checkout,S001181,0,C202605,轻盈旅行,O001180
B001181,U000801,P000107,轻盈运动户外便携装,C07,运动户外,buy,2026-04-18 17:16:00,176.00,1,douyin,mac,江苏省,南京市,regular,checkout,S001182,0,C202601,轻盈运动,O001181
B001182,U000586,P000062,臻选旅行用品便携装,C10,旅行用品,buy,2026-04-18 22:35:00,226.00,2,wechat,ios,山东省,青岛市,regular,checkout,S001183,0,C202606,臻选旅行,O001182
B001183,U000373,P000018,轻氧生鲜升级版,C09,生鲜,buy,2026-04-18 12:05:00,81.00,1,search,ios,福建省,厦门市,member,checkout,S001184,0,C202603,轻氧生鲜,O001183
B001184,U000187,P000134,臻选数码配件日常款,C05,数码配件,buy,2026-04-18 13:26:00,120.00,1,wechat,windows,湖北省,武汉市,member,checkout,S001185,0,C202605,臻选数码,O001184
B001185,U000338,P000006,轻氧母婴用品旗舰款,C06,母婴用品,buy,2026-04-18 20:19:00,161.00,1,douyin,android,上海市,上海市,member,checkout,S001186,0,C202606,轻氧母婴,O001185
B001186,U000472,P000047,轻盈服饰便携装,C03,服饰,buy,2026-04-18 20:31:00,154.00,1,offline,ios,广东省,深圳市,regular,checkout,S001187,0,C202601,轻盈服饰,O001186
B001187,U000614,P000013,悦活食品饮料升级版,C02,食品饮料,buy,2026-04-18 17:18:00,91.00,1,wechat,android,北京市,北京市,regular,checkout,S001188,0,C202604,悦活食品,O001187
B001188,U000820,P000112,原野生鲜便携装,C09,生鲜,buy,2026-04-18 13:53:00,113.00,1,taobao,windows,上海市,上海市,regular,checkout,S001189,0,C202606,原野生鲜,O001188
B001189,U000185,P000088,原野家居日用升级版,C04,家居日用,buy,2026-04-19 11:55:00,89.00,4,search,ios,山东省,青岛市,member,checkout,S001190,0,C202602,原野家居,O001189
B001190,U000352,P000126,轻氧旅行用品旗舰款,C10,旅行用品,buy,2026-04-19 14:32:00,248.00,1,douyin,android,四川省,成都市,member,checkout,S001191,0,C202602,轻氧旅行,O001190
B001191,U000553,P000099,云感服饰日常款,C03,服饰,buy,2026-04-19 10:06:00,230.00,1,douyin,windows,四川省,成都市,regular,checkout,S001192,0,C202605,云感服饰,O001191
B001192,U000665,P000007,悦活服饰便携装,C03,服饰,buy,2026-04-19 22:14:00,344.00,1,douyin,mac,广东省,深圳市,regular,checkout,S001193,0,C202603,悦活服饰,O001192
B001193,U000589,P000163,悦活生鲜升级版,C09,生鲜,buy,2026-04-19 09:18:00,69.00,1,jd,windows,河南省,郑州市,regular,checkout,S001194,0,C202605,悦活生鲜,O001193
B001194,U000462,P000084,轻氧服饰日常款,C03,服饰,buy,2026-04-19 16:02:00,130.00,1,search,ios,北京市,北京市,regular,checkout,S001195,0,C202605,轻氧服饰,O001194
B001195,U000679,P000132,轻氧家居日用便携装,C04,家居日用,buy,2026-04-19 13:54:00,91.00,1,taobao,windows,山东省,青岛市,regular,checkout,S001196,0,C202606,轻氧家居,O001195
B001196,U000676,P000061,悦活家居日用旗舰款,C04,家居日用,buy,2026-04-19 11:05:00,157.00,3,wechat,android,河南省,郑州市,regular,checkout,S001197,0,C202602,悦活家居,O001196
B001197,U000621,P000009,云感数码配件日常款,C05,数码配件,buy,2026-04-19 10:32:00,295.00,1,jd,android,上海市,上海市,regular,checkout,S001198,0,C202605,云感数码,O001197
B001198,U000508,P000009,云感数码配件日常款,C05,数码配件,buy,2026-04-19 10:53:00,295.00,4,offline,android,河南省,郑州市,regular,checkout,S001199,0,C202606,云感数码,O001198
B001199,U000375,P000009,云感数码配件日常款,C05,数码配件,buy,2026-04-19 18:50:00,295.00,1,wechat,ios,浙江省,杭州市,member,checkout,S001200,0,C202601,云感数码,O001199
B001200,U000053,P000132,轻氧家居日用便携装,C04,家居日用,buy,2026-04-20 20:02:00,91.00,2,jd,ios,浙江省,杭州市,high_value,checkout,S001201,0,C202604,轻氧家居,O001200
B001201,U000077,P000098,臻选家居日用升级版,C04,家居日用,buy,2026-04-20 08:04:00,90.00,1,douyin,android,福建省,厦门市,high_value,checkout,S001202,0,C202601,臻选家居,O001201
B001202,U000345,P000063,云感母婴用品升级版,C06,母婴用品,buy,2026-04-20 16:55:00,165.00,1,search,mac,河南省,郑州市,member,checkout,S001203,0,C202602,云感母婴,O001202
B001203,U000103,P000003,云感生鲜升级版,C09,生鲜,buy,2026-04-20 10:13:00,73.00,1,taobao,ios,上海市,上海市,high_value,checkout,S001204,0,C202604,云感生鲜,O001203
B001204,U000633,P000095,轻盈旅行用品套装,C10,旅行用品,buy,2026-04-20 15:19:00,577.00,1,offline,ios,山东省,青岛市,regular,checkout,S001205,0,C202601,轻盈旅行,O001204
B001205,U000856,P000014,臻选食品饮料日常款,C02,食品饮料,buy,2026-04-20 14:42:00,60.00,1,offline,windows,北京市,北京市,new,checkout,S001206,1,C202601,臻选食品,O001205
B001206,U000807,P000127,悦活食品饮料便携装,C02,食品饮料,buy,2026-04-20 23:33:00,39.00,1,offline,windows,上海市,上海市,regular,checkout,S001207,0,C202606,悦活食品,O001206
B001207,U000021,P000087,云感旅行用品便携装,C10,旅行用品,buy,2026-04-20 12:25:00,609.00,1,search,ios,山东省,青岛市,high_value,checkout,S001208,0,C202603,云感旅行,O001207
B001208,U000892,P000166,原野服饰旗舰款,C03,服饰,buy,2026-04-20 20:15:00,378.00,1,douyin,windows,广东省,深圳市,new,checkout,S001209,1,C202605,原野服饰,O001208
B001209,U000696,P000168,轻氧服饰升级版,C03,服饰,buy,2026-04-20 23:10:00,368.00,1,wechat,ios,江苏省,南京市,regular,checkout,S001210,0,C202602,轻氧服饰,O001209
B001210,U000398,P000155,轻盈生鲜套装,C09,生鲜,buy,2026-04-20 11:37:00,106.00,1,search,mac,河南省,郑州市,member,checkout,S001211,0,C202603,轻盈生鲜,O001210
B001211,U000657,P000053,轻盈服饰升级版,C03,服饰,buy,2026-04-21 19:13:00,262.00,1,offline,android,福建省,厦门市,regular,checkout,S001212,0,C202601,轻盈服饰,O001211
B001212,U000832,P000162,轻氧食品饮料便携装,C02,食品饮料,buy,2026-04-21 16:08:00,73.00,1,wechat,mac,四川省,成都市,new,checkout,S001213,1,C202603,轻氧食品,O001212
B001213,U000472,P000060,轻氧数码配件套装,C05,数码配件,buy,2026-04-21 12:39:00,269.00,1,search,ios,广东省,深圳市,regular,checkout,S001214,0,C202601,轻氧数码,O001213
B001214,U000029,P000171,云感生鲜旗舰款,C09,生鲜,buy,2026-04-21 16:29:00,30.00,1,search,windows,四川省,成都市,high_value,checkout,S001215,0,C202603,云感生鲜,O001214
B001215,U000189,P000038,臻选母婴用品升级版,C06,母婴用品,buy,2026-04-21 20:44:00,188.00,3,search,windows,上海市,上海市,member,checkout,S001216,0,C202606,臻选母婴,O001215
B001216,U000624,P000035,轻盈家居日用套装,C04,家居日用,buy,2026-04-21 09:16:00,116.00,1,search,mac,湖北省,武汉市,regular,checkout,S001217,0,C202606,轻盈家居,O001216
B001217,U000625,P000075,云感母婴用品套装,C06,母婴用品,buy,2026-04-21 16:57:00,82.00,1,taobao,android,上海市,上海市,regular,checkout,S001218,0,C202602,云感母婴,O001217
B001218,U000883,P000089,轻盈美妆个护日常款,C01,美妆个护,buy,2026-04-21 18:05:00,69.00,2,taobao,ios,湖北省,武汉市,new,checkout,S001219,1,C202606,轻盈美妆,O001218
B001219,U000646,P000132,轻氧家居日用便携装,C04,家居日用,buy,2026-04-21 14:18:00,91.00,1,wechat,mac,浙江省,杭州市,regular,checkout,S001220,0,C202603,轻氧家居,O001219
B001220,U000027,P000107,轻盈运动户外便携装,C07,运动户外,buy,2026-04-21 14:06:00,176.00,2,taobao,mac,浙江省,杭州市,high_value,checkout,S001221,0,C202602,轻盈运动,O001220
B001221,U000639,P000010,原野旅行用品套装,C10,旅行用品,buy,2026-04-21 08:14:00,302.00,1,jd,ios,上海市,上海市,regular,checkout,S001222,0,C202606,原野旅行,O001221
B001222,U000736,P000078,轻氧运动户外升级版,C07,运动户外,buy,2026-04-22 08:50:00,332.00,1,wechat,android,河南省,郑州市,regular,checkout,S001223,0,C202604,轻氧运动,O001222
B001223,U000692,P000006,轻氧母婴用品旗舰款,C06,母婴用品,buy,2026-04-22 17:51:00,161.00,3,offline,android,河南省,郑州市,regular,checkout,S001224,0,C202603,轻氧母婴,O001223
B001224,U000281,P000017,轻盈食品饮料便携装,C02,食品饮料,buy,2026-04-22 11:33:00,71.00,1,douyin,android,湖北省,武汉市,member,checkout,S001225,0,C202604,轻盈食品,O001224
B001225,U000769,P000116,臻选数码配件旗舰款,C05,数码配件,buy,2026-04-22 10:16:00,228.00,1,wechat,ios,广东省,深圳市,regular,checkout,S001226,0,C202605,臻选数码,O001225
B001226,U000760,P000146,臻选生鲜旗舰款,C09,生鲜,buy,2026-04-22 16:56:00,112.00,1,jd,windows,北京市,北京市,regular,checkout,S001227,0,C202602,臻选生鲜,O001226
B001227,U000292,P000163,悦活生鲜升级版,C09,生鲜,buy,2026-04-22 09:41:00,69.00,1,taobao,android,福建省,厦门市,member,checkout,S001228,0,C202605,悦活生鲜,O001227
B001228,U000023,P000154,原野生鲜日常款,C09,生鲜,buy,2026-04-22 20:47:00,103.00,1,douyin,windows,湖北省,武汉市,high_value,checkout,S001229,0,C202603,原野生鲜,O001228
B001229,U000446,P000103,悦活美妆个护升级版,C01,美妆个护,buy,2026-04-22 12:28:00,76.00,1,search,ios,四川省,成都市,regular,checkout,S001230,0,C202601,悦活美妆,O001229
B001230,U000636,P000135,云感数码配件套装,C05,数码配件,buy,2026-04-22 11:15:00,182.00,1,wechat,ios,北京市,北京市,regular,checkout,S001231,0,C202602,云感数码,O001230
B001231,U000816,P000086,臻选数码配件旗舰款,C05,数码配件,buy,2026-04-22 09:59:00,150.00,1,search,mac,上海市,上海市,regular,checkout,S001232,0,C202602,臻选数码,O001231
B001232,U000424,P000011,轻盈旅行用品旗舰款,C10,旅行用品,buy,2026-04-22 09:58:00,224.00,1,wechat,mac,上海市,上海市,regular,checkout,S001233,0,C202601,轻盈旅行,O001232
B001233,U000021,P000031,悦活运动户外旗舰款,C07,运动户外,buy,2026-04-23 08:34:00,98.00,1,douyin,ios,山东省,青岛市,high_value,checkout,S001234,0,C202605,悦活运动,O001233
B001234,U000607,P000042,轻氧美妆个护便携装,C01,美妆个护,buy,2026-04-23 22:20:00,69.00,1,taobao,windows,湖北省,武汉市,regular,checkout,S001235,0,C202604,轻氧美妆,O001234
B001235,U000080,P000159,云感旅行用品日常款,C10,旅行用品,buy,2026-04-23 21:15:00,514.00,1,taobao,android,广东省,深圳市,high_value,checkout,S001236,0,C202605,云感旅行,O001235
B001236,U000127,P000064,原野宠物用品日常款,C08,宠物用品,buy,2026-04-23 22:21:00,140.00,1,jd,windows,广东省,深圳市,member,checkout,S001237,0,C202601,原野宠物,O001236
B001237,U000192,P000039,云感生鲜日常款,C09,生鲜,buy,2026-04-23 15:02:00,109.00,1,search,mac,山东省,青岛市,member,checkout,S001238,0,C202601,云感生鲜,O001237
B001238,U000814,P000145,悦活宠物用品套装,C08,宠物用品,buy,2026-04-23 15:00:00,42.00,1,search,windows,北京市,北京市,regular,checkout,S001239,0,C202604,悦活宠物,O001238
B001239,U000150,P000083,轻盈运动户外升级版,C07,运动户外,buy,2026-04-23 08:12:00,227.00,1,douyin,windows,江苏省,南京市,member,checkout,S001240,0,C202606,轻盈运动,O001239
B001240,U000750,P000044,臻选食品饮料日常款,C02,食品饮料,buy,2026-04-23 18:46:00,28.00,1,douyin,windows,福建省,厦门市,regular,checkout,S001241,0,C202603,臻选食品,O001240
B001241,U000816,P000050,臻选生鲜套装,C09,生鲜,buy,2026-04-23 15:28:00,108.00,1,wechat,mac,上海市,上海市,regular,checkout,S001242,0,C202603,臻选生鲜,O001241
B001242,U000791,P000141,云感数码配件旗舰款,C05,数码配件,buy,2026-04-23 13:19:00,220.00,1,jd,windows,上海市,上海市,regular,checkout,S001243,0,C202604,云感数码,O001242
B001243,U000562,P000165,云感生鲜套装,C09,生鲜,buy,2026-04-23 11:04:00,43.00,1,search,windows,四川省,成都市,regular,checkout,S001244,0,C202601,云感生鲜,O001243
B001244,U000067,P000103,悦活美妆个护升级版,C01,美妆个护,buy,2026-04-24 09:48:00,76.00,1,offline,mac,江苏省,南京市,high_value,checkout,S001245,0,C202606,悦活美妆,O001244
B001245,U000126,P000070,原野宠物用品套装,C08,宠物用品,buy,2026-04-24 13:36:00,147.00,4,taobao,android,浙江省,杭州市,member,checkout,S001246,0,C202606,原野宠物,O001245
B001246,U000380,P000012,轻氧母婴用品便携装,C06,母婴用品,buy,2026-04-24 18:05:00,128.00,2,offline,windows,湖北省,武汉市,member,checkout,S001247,0,C202603,轻氧母婴,O001246
B001247,U000035,P000084,轻氧服饰日常款,C03,服饰,buy,2026-04-24 13:39:00,130.00,1,taobao,android,山东省,青岛市,high_value,checkout,S001248,0,C202603,轻氧服饰,O001247
B001248,U000528,P000026,臻选生鲜旗舰款,C09,生鲜,buy,2026-04-24 13:35:00,88.00,1,search,mac,广东省,深圳市,regular,checkout,S001249,0,C202606,臻选生鲜,O001248
B001249,U000044,P000150,轻氧母婴用品套装,C06,母婴用品,buy,2026-04-24 10:44:00,76.00,1,taobao,android,浙江省,杭州市,high_value,checkout,S001250,0,C202605,轻氧母婴,O001249
B001250,U000732,P000068,臻选旅行用品升级版,C10,旅行用品,buy,2026-04-24 08:49:00,202.00,1,offline,android,河南省,郑州市,regular,checkout,S001251,0,C202601,臻选旅行,O001250
B001251,U000895,P000037,悦活运动户外便携装,C07,运动户外,buy,2026-04-24 14:51:00,152.00,1,douyin,windows,江苏省,南京市,new,checkout,S001252,1,C202604,悦活运动,O001251
B001252,U000896,P000166,原野服饰旗舰款,C03,服饰,buy,2026-04-24 10:03:00,378.00,1,jd,android,湖北省,武汉市,new,checkout,S001253,1,C202602,原野服饰,O001252
B001253,U000813,P000159,云感旅行用品日常款,C10,旅行用品,buy,2026-04-24 16:16:00,514.00,1,taobao,ios,河南省,郑州市,regular,checkout,S001254,0,C202602,云感旅行,O001253
B001254,U000867,P000153,云感美妆个护升级版,C01,美妆个护,buy,2026-04-24 13:27:00,48.00,1,jd,android,江苏省,南京市,new,checkout,S001255,1,C202603,云感美妆,O001254
B001255,U000606,P000031,悦活运动户外旗舰款,C07,运动户外,buy,2026-04-25 10:11:00,98.00,1,search,android,四川省,成都市,regular,checkout,S001256,0,C202606,悦活运动,O001255
B001256,U000366,P000046,原野食品饮料旗舰款,C02,食品饮料,buy,2026-04-25 14:40:00,69.00,1,jd,android,上海市,上海市,member,checkout,S001257,0,C202601,原野食品,O001256
B001257,U000771,P000075,云感母婴用品套装,C06,母婴用品,buy,2026-04-25 18:09:00,82.00,1,douyin,ios,四川省,成都市,regular,checkout,S001258,0,C202603,云感母婴,O001257
B001258,U000811,P000172,原野宠物用品便携装,C08,宠物用品,buy,2026-04-25 14:04:00,99.00,1,wechat,mac,四川省,成都市,regular,checkout,S001259,0,C202604,原野宠物,O001258
B001259,U000647,P000072,轻氧美妆个护便携装,C01,美妆个护,buy,2026-04-25 16:00:00,122.00,1,search,android,北京市,北京市,regular,checkout,S001260,0,C202603,轻氧美妆,O001259
B001260,U000232,P000016,原野运动户外旗舰款,C07,运动户外,buy,2026-04-25 22:18:00,164.00,1,jd,ios,江苏省,南京市,member,checkout,S001261,0,C202605,原野运动,O001260
B001261,U000407,P000048,轻氧宠物用品升级版,C08,宠物用品,buy,2026-04-25 08:46:00,142.00,1,search,windows,广东省,深圳市,member,checkout,S001262,0,C202603,轻氧宠物,O001261
B001262,U000473,P000021,云感宠物用品旗舰款,C08,宠物用品,buy,2026-04-25 16:12:00,160.00,1,offline,android,河南省,郑州市,regular,checkout,S001263,0,C202602,云感宠物,O001262
B001263,U000034,P000140,臻选食品饮料套装,C02,食品饮料,buy,2026-04-25 12:11:00,71.00,1,offline,windows,北京市,北京市,high_value,checkout,S001264,0,C202603,臻选食品,O001263
B001264,U000314,P000126,轻氧旅行用品旗舰款,C10,旅行用品,buy,2026-04-25 22:53:00,248.00,1,taobao,android,浙江省,杭州市,member,checkout,S001265,0,C202606,轻氧旅行,O001264
B001265,U000891,P000023,轻盈食品饮料升级版,C02,食品饮料,buy,2026-04-25 14:03:00,79.00,1,wechat,mac,北京市,北京市,new,checkout,S001266,1,C202605,轻盈食品,O001265
B001266,U000211,P000010,原野旅行用品套装,C10,旅行用品,buy,2026-04-26 15:08:00,302.00,2,taobao,windows,江苏省,南京市,member,checkout,S001267,0,C202601,原野旅行,O001266
B001267,U000319,P000095,轻盈旅行用品套装,C10,旅行用品,buy,2026-04-26 22:07:00,577.00,1,jd,mac,四川省,成都市,member,checkout,S001268,0,C202606,轻盈旅行,O001267
B001268,U000007,P000170,臻选生鲜套装,C09,生鲜,buy,2026-04-26 19:36:00,77.00,1,search,ios,江苏省,南京市,high_value,checkout,S001269,0,C202601,臻选生鲜,O001268
B001269,U000845,P000126,轻氧旅行用品旗舰款,C10,旅行用品,buy,2026-04-26 08:58:00,248.00,1,jd,mac,上海市,上海市,new,checkout,S001270,1,C202605,轻氧旅行,O001269
B001270,U000167,P000132,轻氧家居日用便携装,C04,家居日用,buy,2026-04-26 10:31:00,91.00,1,offline,mac,广东省,深圳市,member,checkout,S001271,0,C202605,轻氧家居,O001270
B001271,U000233,P000071,轻盈宠物用品旗舰款,C08,宠物用品,buy,2026-04-26 17:51:00,144.00,1,taobao,mac,四川省,成都市,member,checkout,S001272,0,C202606,轻盈宠物,O001271
B001272,U000591,P000055,悦活宠物用品套装,C08,宠物用品,buy,2026-04-26 08:55:00,100.00,1,offline,android,上海市,上海市,regular,checkout,S001273,0,C202604,悦活宠物,O001272
B001273,U000781,P000055,悦活宠物用品套装,C08,宠物用品,buy,2026-04-26 11:06:00,100.00,1,douyin,android,广东省,深圳市,regular,checkout,S001274,0,C202605,悦活宠物,O001273
B001274,U000834,P000054,轻氧美妆个护日常款,C01,美妆个护,buy,2026-04-26 21:42:00,138.00,1,taobao,mac,山东省,青岛市,new,checkout,S001275,1,C202606,轻氧美妆,O001274
B001275,U000755,P000154,原野生鲜日常款,C09,生鲜,buy,2026-04-26 09:41:00,103.00,1,jd,windows,浙江省,杭州市,regular,checkout,S001276,0,C202606,原野生鲜,O001275
B001276,U000288,P000135,云感数码配件套装,C05,数码配件,buy,2026-04-26 09:04:00,182.00,1,jd,windows,湖北省,武汉市,member,checkout,S001277,0,C202601,云感数码,O001276
B001277,U000516,P000161,轻盈家居日用旗舰款,C04,家居日用,buy,2026-04-27 17:54:00,160.00,2,wechat,windows,广东省,深圳市,regular,checkout,S001278,0,C202606,轻盈家居,O001277
B001278,U000363,P000077,轻盈服饰便携装,C03,服饰,buy,2026-04-27 23:41:00,279.00,1,taobao,ios,山东省,青岛市,member,checkout,S001279,0,C202604,轻盈服饰,O001278
B001279,U000007,P000060,轻氧数码配件套装,C05,数码配件,buy,2026-04-27 12:33:00,269.00,1,offline,ios,江苏省,南京市,high_value,checkout,S001280,0,C202603,轻氧数码,O001279
B001280,U000096,P000078,轻氧运动户外升级版,C07,运动户外,buy,2026-04-27 15:24:00,332.00,1,search,mac,四川省,成都市,high_value,checkout,S001281,0,C202606,轻氧运动,O001280
B001281,U000860,P000050,臻选生鲜套装,C09,生鲜,buy,2026-04-27 08:28:00,108.00,1,taobao,android,江苏省,南京市,new,checkout,S001282,1,C202604,臻选生鲜,O001281
B001282,U000400,P000090,轻氧旅行用品套装,C10,旅行用品,buy,2026-04-27 17:40:00,170.00,1,offline,mac,广东省,深圳市,member,checkout,S001283,0,C202603,轻氧旅行,O001282
B001283,U000161,P000111,云感宠物用品旗舰款,C08,宠物用品,buy,2026-04-27 14:50:00,117.00,1,jd,android,河南省,郑州市,member,checkout,S001284,0,C202606,云感宠物,O001283
B001284,U000680,P000074,臻选美妆个护日常款,C01,美妆个护,buy,2026-04-27 13:55:00,71.00,1,douyin,mac,福建省,厦门市,regular,checkout,S001285,0,C202601,臻选美妆,O001284
B001285,U000486,P000051,云感宠物用品旗舰款,C08,宠物用品,buy,2026-04-27 21:31:00,64.00,1,taobao,android,山东省,青岛市,regular,checkout,S001286,0,C202605,云感宠物,O001285
B001286,U000510,P000103,悦活美妆个护升级版,C01,美妆个护,buy,2026-04-27 23:54:00,76.00,1,offline,ios,北京市,北京市,regular,checkout,S001287,0,C202606,悦活美妆,O001286
B001287,U000154,P000128,臻选旅行用品升级版,C10,旅行用品,buy,2026-04-27 09:01:00,514.00,1,douyin,android,浙江省,杭州市,member,checkout,S001288,0,C202601,臻选旅行,O001287
B001288,U000602,P000100,原野运动户外套装,C07,运动户外,buy,2026-04-28 09:26:00,235.00,1,wechat,windows,湖北省,武汉市,regular,checkout,S001289,0,C202604,原野运动,O001288
B001289,U000363,P000108,轻氧母婴用品升级版,C06,母婴用品,buy,2026-04-28 10:16:00,86.00,1,jd,ios,山东省,青岛市,member,checkout,S001290,0,C202604,轻氧母婴,O001289
B001290,U000429,P000118,原野美妆个护升级版,C01,美妆个护,buy,2026-04-28 20:48:00,133.00,3,taobao,mac,四川省,成都市,regular,checkout,S001291,0,C202601,原野美妆,O001290
B001291,U000448,P000008,臻选美妆个护升级版,C01,美妆个护,buy,2026-04-28 15:35:00,69.00,1,jd,ios,江苏省,南京市,regular,checkout,S001292,0,C202606,臻选美妆,O001291
B001292,U000891,P000163,悦活生鲜升级版,C09,生鲜,buy,2026-04-28 12:53:00,69.00,1,jd,mac,北京市,北京市,new,checkout,S001293,1,C202605,悦活生鲜,O001292
B001293,U000765,P000156,轻氧母婴用品旗舰款,C06,母婴用品,buy,2026-04-28 14:22:00,153.00,2,douyin,ios,山东省,青岛市,regular,checkout,S001294,0,C202604,轻氧母婴,O001293
B001294,U000895,P000081,云感数码配件旗舰款,C05,数码配件,buy,2026-04-28 22:29:00,152.00,1,wechat,windows,江苏省,南京市,new,checkout,S001295,1,C202605,云感数码,O001294
B001295,U000747,P000011,轻盈旅行用品旗舰款,C10,旅行用品,buy,2026-04-28 13:22:00,224.00,1,jd,windows,福建省,厦门市,regular,checkout,S001296,0,C202606,轻盈旅行,O001295
B001296,U000255,P000092,臻选服饰便携装,C03,服饰,buy,2026-04-28 15:00:00,291.00,1,search,mac,湖北省,武汉市,member,checkout,S001297,0,C202606,臻选服饰,O001296
B001297,U000443,P000121,悦活运动户外旗舰款,C07,运动户外,buy,2026-04-28 12:01:00,291.00,1,taobao,android,上海市,上海市,regular,checkout,S001298,0,C202604,悦活运动,O001297
B001298,U000337,P000104,臻选旅行用品日常款,C10,旅行用品,buy,2026-04-28 14:49:00,352.00,1,offline,mac,福建省,厦门市,member,checkout,S001299,0,C202601,臻选旅行,O001298
B001299,U000459,P000118,原野美妆个护升级版,C01,美妆个护,buy,2026-04-29 17:54:00,133.00,1,search,ios,湖北省,武汉市,regular,checkout,S001300,0,C202603,原野美妆,O001299
B001300,U000131,P000050,臻选生鲜套装,C09,生鲜,buy,2026-04-29 11:10:00,108.00,1,douyin,mac,湖北省,武汉市,member,checkout,S001301,0,C202604,臻选生鲜,O001300
B001301,U000011,P000168,轻氧服饰升级版,C03,服饰,buy,2026-04-29 23:10:00,368.00,1,douyin,mac,浙江省,杭州市,high_value,checkout,S001302,0,C202601,轻氧服饰,O001301
B001302,U000739,P000054,轻氧美妆个护日常款,C01,美妆个护,buy,2026-04-29 17:13:00,138.00,1,search,ios,湖北省,武汉市,regular,checkout,S001303,0,C202602,轻氧美妆,O001302
B001303,U000389,P000043,悦活服饰升级版,C03,服饰,buy,2026-04-29 14:15:00,237.00,1,douyin,ios,广东省,深圳市,member,checkout,S001304,0,C202604,悦活服饰,O001303
B001304,U000192,P000105,云感运动户外套装,C07,运动户外,buy,2026-04-29 12:46:00,142.00,1,douyin,mac,山东省,青岛市,member,checkout,S001305,0,C202603,云感运动,O001304
B001305,U000032,P000148,原野数码配件升级版,C05,数码配件,buy,2026-04-29 11:15:00,136.00,1,douyin,android,四川省,成都市,high_value,checkout,S001306,0,C202603,原野数码,O001305
B001306,U000084,P000003,云感生鲜升级版,C09,生鲜,buy,2026-04-29 15:03:00,73.00,1,douyin,windows,河南省,郑州市,high_value,checkout,S001307,0,C202601,云感生鲜,O001306
B001307,U000348,P000027,云感宠物用品便携装,C08,宠物用品,buy,2026-04-29 16:45:00,96.00,3,douyin,ios,北京市,北京市,member,checkout,S001308,0,C202605,云感宠物,O001307
B001308,U000355,P000143,轻盈美妆个护升级版,C01,美妆个护,buy,2026-04-29 09:12:00,53.00,1,search,windows,浙江省,杭州市,member,checkout,S001309,0,C202602,轻盈美妆,O001308
B001309,U000454,P000045,云感食品饮料套装,C02,食品饮料,buy,2026-04-29 12:21:00,67.00,1,taobao,mac,河南省,郑州市,regular,checkout,S001310,0,C202603,云感食品,O001309
B001310,U000381,P000140,臻选食品饮料套装,C02,食品饮料,buy,2026-04-30 11:00:00,71.00,1,search,windows,广东省,深圳市,member,checkout,S001311,0,C202602,臻选食品,O001310
B001311,U000431,P000130,原野服饰套装,C03,服饰,buy,2026-04-30 08:55:00,194.00,1,jd,ios,山东省,青岛市,regular,checkout,S001312,0,C202606,原野服饰,O001311
B001312,U000265,P000106,原野母婴用品旗舰款,C06,母婴用品,buy,2026-04-30 20:17:00,102.00,3,douyin,android,山东省,青岛市,member,checkout,S001313,0,C202604,原野母婴,O001312
B001313,U000617,P000005,轻盈数码配件套装,C05,数码配件,buy,2026-04-30 19:30:00,256.00,1,jd,ios,北京市,北京市,regular,checkout,S001314,0,C202605,轻盈数码,O001313
B001314,U000164,P000159,云感旅行用品日常款,C10,旅行用品,buy,2026-04-30 10:22:00,514.00,1,search,ios,上海市,上海市,member,checkout,S001315,0,C202606,云感旅行,O001314
B001315,U000262,P000116,臻选数码配件旗舰款,C05,数码配件,buy,2026-04-30 12:15:00,228.00,1,taobao,mac,广东省,深圳市,member,checkout,S001316,0,C202604,臻选数码,O001315
B001316,U000175,P000082,原野旅行用品便携装,C10,旅行用品,buy,2026-04-30 18:53:00,253.00,1,offline,android,福建省,厦门市,member,checkout,S001317,0,C202602,原野旅行,O001316
B001317,U000404,P000066,轻氧母婴用品旗舰款,C06,母婴用品,buy,2026-04-30 17:20:00,76.00,1,wechat,mac,广东省,深圳市,member,checkout,S001318,0,C202603,轻氧母婴,O001317
B001318,U000199,P000065,轻盈生鲜套装,C09,生鲜,buy,2026-04-30 10:36:00,41.00,1,offline,mac,山东省,青岛市,member,checkout,S001319,0,C202605,轻盈生鲜,O001318
B001319,U000609,P000082,原野旅行用品便携装,C10,旅行用品,buy,2026-04-30 13:07:00,253.00,3,taobao,windows,浙江省,杭州市,regular,checkout,S001320,0,C202606,原野旅行,O001319
B001320,U000412,P000112,原野生鲜便携装,C09,生鲜,buy,2026-04-30 18:56:00,113.00,1,douyin,android,山东省,青岛市,member,checkout,S001321,0,C202604,原野生鲜,O001320
B001321,U000401,P000095,轻盈旅行用品套装,C10,旅行用品,buy,2026-05-01 09:30:00,577.00,1,jd,android,浙江省,杭州市,member,checkout,S001322,0,C202606,轻盈旅行,O001321
B001322,U000824,P000090,轻氧旅行用品套装,C10,旅行用品,buy,2026-05-01 15:17:00,170.00,1,douyin,windows,上海市,上海市,new,checkout,S001323,1,C202602,轻氧旅行,O001322
B001323,U000878,P000001,悦活家居日用旗舰款,C04,家居日用,buy,2026-05-01 11:26:00,141.00,1,taobao,mac,福建省,厦门市,new,checkout,S001324,1,C202605,悦活家居,O001323
B001324,U000287,P000145,悦活宠物用品套装,C08,宠物用品,buy,2026-05-01 19:18:00,42.00,3,offline,ios,河南省,郑州市,member,checkout,S001325,0,C202602,悦活宠物,O001324
B001325,U000548,P000069,云感运动户外日常款,C07,运动户外,buy,2026-05-01 12:30:00,268.00,1,wechat,windows,浙江省,杭州市,regular,checkout,S001326,0,C202605,云感运动,O001325
B001326,U000050,P000161,轻盈家居日用旗舰款,C04,家居日用,buy,2026-05-01 20:08:00,160.00,1,jd,windows,河南省,郑州市,high_value,checkout,S001327,0,C202605,轻盈家居,O001326
B001327,U000607,P000115,悦活美妆个护套装,C01,美妆个护,buy,2026-05-01 08:23:00,86.00,1,wechat,windows,湖北省,武汉市,regular,checkout,S001328,0,C202603,悦活美妆,O001327
B001328,U000116,P000024,轻氧食品饮料日常款,C02,食品饮料,buy,2026-05-01 15:16:00,55.00,1,taobao,windows,河南省,郑州市,high_value,checkout,S001329,0,C202604,轻氧食品,O001328
B001329,U000563,P000055,悦活宠物用品套装,C08,宠物用品,buy,2026-05-01 15:49:00,100.00,1,search,android,山东省,青岛市,regular,checkout,S001330,0,C202602,悦活宠物,O001329
B001330,U000686,P000124,原野食品饮料日常款,C02,食品饮料,buy,2026-05-01 20:40:00,60.00,1,taobao,windows,四川省,成都市,regular,checkout,S001331,0,C202605,原野食品,O001330
B001331,U000795,P000076,原野美妆个护旗舰款,C01,美妆个护,buy,2026-05-01 20:17:00,77.00,1,search,windows,湖北省,武汉市,regular,checkout,S001332,0,C202604,原野美妆,O001331
B001332,U000761,P000002,臻选服饰便携装,C03,服饰,buy,2026-05-02 18:50:00,332.00,1,douyin,windows,福建省,厦门市,regular,checkout,S001333,0,C202603,臻选服饰,O001332
B001333,U000739,P000017,轻盈食品饮料便携装,C02,食品饮料,buy,2026-05-02 12:21:00,71.00,1,douyin,ios,湖北省,武汉市,regular,checkout,S001334,0,C202602,轻盈食品,O001333
B001334,U000121,P000004,原野旅行用品日常款,C10,旅行用品,buy,2026-05-02 09:46:00,271.00,1,offline,windows,上海市,上海市,member,checkout,S001335,0,C202601,原野旅行,O001334
B001335,U000339,P000166,原野服饰旗舰款,C03,服饰,buy,2026-05-02 13:54:00,378.00,1,jd,mac,山东省,青岛市,member,checkout,S001336,0,C202601,原野服饰,O001335
B001336,U000219,P000007,悦活服饰便携装,C03,服饰,buy,2026-05-02 13:32:00,344.00,1,search,mac,湖北省,武汉市,member,checkout,S001337,0,C202605,悦活服饰,O001336
B001337,U000052,P000118,原野美妆个护升级版,C01,美妆个护,buy,2026-05-02 20:16:00,133.00,1,search,android,北京市,北京市,high_value,checkout,S001338,0,C202605,原野美妆,O001337
B001338,U000604,P000096,轻氧数码配件旗舰款,C05,数码配件,buy,2026-05-02 21:37:00,88.00,1,douyin,android,福建省,厦门市,regular,checkout,S001339,0,C202603,轻氧数码,O001338
B001339,U000636,P000141,云感数码配件旗舰款,C05,数码配件,buy,2026-05-02 12:14:00,220.00,1,wechat,ios,北京市,北京市,regular,checkout,S001340,0,C202601,云感数码,O001339
B001340,U000533,P000053,轻盈服饰升级版,C03,服饰,buy,2026-05-02 10:18:00,262.00,4,search,ios,四川省,成都市,regular,checkout,S001341,0,C202602,轻盈服饰,O001340
B001341,U000482,P000032,臻选生鲜便携装,C09,生鲜,buy,2026-05-02 10:10:00,71.00,1,taobao,ios,北京市,北京市,regular,checkout,S001342,0,C202605,臻选生鲜,O001341
B001342,U000014,P000092,臻选服饰便携装,C03,服饰,buy,2026-05-02 11:58:00,291.00,1,taobao,ios,湖北省,武汉市,high_value,checkout,S001343,0,C202602,臻选服饰,O001342
B001343,U000893,P000065,轻盈生鲜套装,C09,生鲜,buy,2026-05-03 18:37:00,41.00,2,taobao,windows,浙江省,杭州市,new,checkout,S001344,1,C202601,轻盈生鲜,O001343
B001344,U000094,P000150,轻氧母婴用品套装,C06,母婴用品,buy,2026-05-03 10:09:00,76.00,1,offline,ios,上海市,上海市,high_value,checkout,S001345,0,C202604,轻氧母婴,O001344
B001345,U000734,P000093,云感生鲜升级版,C09,生鲜,buy,2026-05-03 11:14:00,39.00,1,taobao,mac,江苏省,南京市,regular,checkout,S001346,0,C202603,云感生鲜,O001345
B001346,U000756,P000106,原野母婴用品旗舰款,C06,母婴用品,buy,2026-05-03 20:58:00,102.00,1,wechat,windows,福建省,厦门市,regular,checkout,S001347,0,C202601,原野母婴,O001346
B001347,U000197,P000120,轻氧宠物用品套装,C08,宠物用品,buy,2026-05-03 13:10:00,58.00,3,wechat,mac,上海市,上海市,member,checkout,S001348,0,C202604,轻氧宠物,O001347
B001348,U000396,P000059,轻盈美妆个护日常款,C01,美妆个护,buy,2026-05-03 18:11:00,52.00,1,douyin,windows,浙江省,杭州市,member,checkout,S001349,0,C202606,轻盈美妆,O001348
B001349,U000336,P000147,云感数码配件便携装,C05,数码配件,buy,2026-05-03 20:13:00,281.00,1,taobao,mac,山东省,青岛市,member,checkout,S001350,0,C202603,云感数码,O001349
B001350,U000695,P000118,原野美妆个护升级版,C01,美妆个护,buy,2026-05-03 20:56:00,133.00,3,search,mac,山东省,青岛市,regular,checkout,S001351,0,C202602,原野美妆,O001350
B001351,U000890,P000044,臻选食品饮料日常款,C02,食品饮料,buy,2026-05-03 17:03:00,28.00,1,taobao,windows,浙江省,杭州市,new,checkout,S001352,1,C202606,臻选食品,O001351
B001352,U000617,P000163,悦活生鲜升级版,C09,生鲜,buy,2026-05-03 20:22:00,69.00,1,wechat,ios,北京市,北京市,regular,checkout,S001353,0,C202603,悦活生鲜,O001352
B001353,U000866,P000167,轻盈美妆个护便携装,C01,美妆个护,buy,2026-05-03 21:30:00,119.00,1,taobao,android,湖北省,武汉市,new,checkout,S001354,1,C202604,轻盈美妆,O001353
B001354,U000054,P000069,云感运动户外日常款,C07,运动户外,buy,2026-05-04 17:51:00,268.00,4,offline,mac,福建省,厦门市,high_value,checkout,S001355,0,C202606,云感运动,O001354
B001355,U000128,P000003,云感生鲜升级版,C09,生鲜,buy,2026-05-04 22:39:00,73.00,1,search,ios,江苏省,南京市,member,checkout,S001356,0,C202602,云感生鲜,O001355
B001356,U000303,P000056,臻选旅行用品旗舰款,C10,旅行用品,buy,2026-05-04 17:48:00,443.00,1,taobao,android,北京市,北京市,member,checkout,S001357,0,C202605,臻选旅行,O001356
B001357,U000568,P000100,原野运动户外套装,C07,运动户外,buy,2026-05-04 20:35:00,235.00,1,offline,windows,山东省,青岛市,regular,checkout,S001358,0,C202601,原野运动,O001357
B001358,U000553,P000104,臻选旅行用品日常款,C10,旅行用品,buy,2026-05-04 17:48:00,352.00,2,douyin,windows,四川省,成都市,regular,checkout,S001359,0,C202603,臻选旅行,O001358
B001359,U000027,P000058,原野生鲜升级版,C09,生鲜,buy,2026-05-04 09:22:00,44.00,1,jd,mac,浙江省,杭州市,high_value,checkout,S001360,0,C202602,原野生鲜,O001359
B001360,U000013,P000136,原野运动户外旗舰款,C07,运动户外,buy,2026-05-04 14:59:00,169.00,1,offline,android,河南省,郑州市,high_value,checkout,S001361,0,C202606,原野运动,O001360
B001361,U000600,P000117,云感食品饮料便携装,C02,食品饮料,buy,2026-05-04 08:46:00,54.00,3,offline,mac,上海市,上海市,regular,checkout,S001362,0,C202602,云感食品,O001361
B001362,U000474,P000139,悦活运动户外日常款,C07,运动户外,buy,2026-05-04 15:19:00,358.00,1,taobao,ios,山东省,青岛市,regular,checkout,S001363,0,C202602,悦活运动,O001362
B001363,U000588,P000107,轻盈运动户外便携装,C07,运动户外,buy,2026-05-04 18:10:00,176.00,1,taobao,android,上海市,上海市,regular,checkout,S001364,0,C202601,轻盈运动,O001363
B001364,U000798,P000087,云感旅行用品便携装,C10,旅行用品,buy,2026-05-04 21:42:00,609.00,3,jd,ios,江苏省,南京市,regular,checkout,S001365,0,C202605,云感旅行,O001364
B001365,U000155,P000064,原野宠物用品日常款,C08,宠物用品,buy,2026-05-05 13:52:00,140.00,1,jd,windows,四川省,成都市,member,checkout,S001366,0,C202605,原野宠物,O001365
B001366,U000632,P000095,轻盈旅行用品套装,C10,旅行用品,buy,2026-05-05 09:00:00,577.00,1,douyin,android,广东省,深圳市,regular,checkout,S001367,0,C202602,轻盈旅行,O001366
B001367,U000726,P000001,悦活家居日用旗舰款,C04,家居日用,buy,2026-05-05 19:02:00,141.00,1,jd,windows,江苏省,南京市,regular,checkout,S001368,0,C202605,悦活家居,O001367
B001368,U000457,P000028,原野数码配件升级版,C05,数码配件,buy,2026-05-05 11:59:00,158.00,1,search,mac,广东省,深圳市,regular,checkout,S001369,0,C202603,原野数码,O001368
B001369,U000782,P000165,云感生鲜套装,C09,生鲜,buy,2026-05-05 23:51:00,43.00,1,search,mac,湖北省,武汉市,regular,checkout,S001370,0,C202606,云感生鲜,O001369
B001370,U000795,P000020,臻选数码配件套装,C05,数码配件,buy,2026-05-05 15:11:00,252.00,2,offline,windows,湖北省,武汉市,regular,checkout,S001371,0,C202603,臻选数码,O001370
B001371,U000014,P000038,臻选母婴用品升级版,C06,母婴用品,buy,2026-05-05 22:56:00,188.00,1,douyin,ios,湖北省,武汉市,high_value,checkout,S001372,0,C202602,臻选母婴,O001371
B001372,U000135,P000115,悦活美妆个护套装,C01,美妆个护,buy,2026-05-05 11:55:00,86.00,4,search,windows,山东省,青岛市,member,checkout,S001373,0,C202604,悦活美妆,O001372
B001373,U000029,P000058,原野生鲜升级版,C09,生鲜,buy,2026-05-05 09:39:00,44.00,1,jd,windows,四川省,成都市,high_value,checkout,S001374,0,C202601,原野生鲜,O001373
B001374,U000115,P000061,悦活家居日用旗舰款,C04,家居日用,buy,2026-05-05 17:37:00,157.00,1,jd,windows,江苏省,南京市,high_value,checkout,S001375,0,C202605,悦活家居,O001374
B001375,U000488,P000042,轻氧美妆个护便携装,C01,美妆个护,buy,2026-05-05 22:18:00,69.00,1,taobao,ios,北京市,北京市,regular,checkout,S001376,0,C202606,轻氧美妆,O001375
B001376,U000634,P000065,轻盈生鲜套装,C09,生鲜,buy,2026-05-06 16:33:00,41.00,4,search,mac,广东省,深圳市,regular,checkout,S001377,0,C202601,轻盈生鲜,O001376
B001377,U000070,P000119,轻盈宠物用品日常款,C08,宠物用品,buy,2026-05-06 15:59:00,99.00,1,taobao,ios,广东省,深圳市,high_value,checkout,S001378,0,C202602,轻盈宠物,O001377
B001378,U000540,P000030,轻氧家居日用套装,C04,家居日用,buy,2026-05-06 09:12:00,106.00,1,wechat,android,河南省,郑州市,regular,checkout,S001379,0,C202605,轻氧家居,O001378
B001379,U000287,P000051,云感宠物用品旗舰款,C08,宠物用品,buy,2026-05-06 15:04:00,64.00,1,taobao,ios,河南省,郑州市,member,checkout,S001380,0,C202603,云感宠物,O001379
B001380,U000078,P000035,轻盈家居日用套装,C04,家居日用,buy,2026-05-06 10:53:00,116.00,4,jd,mac,湖北省,武汉市,high_value,checkout,S001381,0,C202603,轻盈家居,O001380
B001381,U000843,P000075,云感母婴用品套装,C06,母婴用品,buy,2026-05-06 09:28:00,82.00,4,douyin,mac,福建省,厦门市,new,checkout,S001382,1,C202605,云感母婴,O001381
B001382,U000528,P000158,臻选母婴用品升级版,C06,母婴用品,buy,2026-05-06 20:08:00,121.00,1,wechat,mac,广东省,深圳市,regular,checkout,S001383,0,C202604,臻选母婴,O001382
B001383,U000584,P000099,云感服饰日常款,C03,服饰,buy,2026-05-06 15:22:00,230.00,1,offline,ios,江苏省,南京市,regular,checkout,S001384,0,C202603,云感服饰,O001383
B001384,U000134,P000124,原野食品饮料日常款,C02,食品饮料,buy,2026-05-06 19:16:00,60.00,1,offline,ios,山东省,青岛市,member,checkout,S001385,0,C202603,原野食品,O001384
B001385,U000377,P000153,云感美妆个护升级版,C01,美妆个护,buy,2026-05-06 14:22:00,48.00,1,douyin,windows,四川省,成都市,member,checkout,S001386,0,C202601,云感美妆,O001385
B001386,U000400,P000164,臻选食品饮料日常款,C02,食品饮料,buy,2026-05-06 08:28:00,73.00,1,taobao,mac,广东省,深圳市,member,checkout,S001387,0,C202603,臻选食品,O001386
B001387,U000317,P000128,臻选旅行用品升级版,C10,旅行用品,buy,2026-05-07 08:51:00,514.00,1,search,ios,广东省,深圳市,member,checkout,S001388,0,C202602,臻选旅行,O001387
B001388,U000718,P000093,云感生鲜升级版,C09,生鲜,buy,2026-05-07 12:18:00,39.00,3,offline,mac,河南省,郑州市,regular,checkout,S001389,0,C202605,云感生鲜,O001388
B001389,U000087,P000122,臻选运动户外便携装,C07,运动户外,buy,2026-05-07 09:16:00,212.00,3,jd,windows,福建省,厦门市,high_value,checkout,S001390,0,C202605,臻选运动,O001389
B001390,U000814,P000006,轻氧母婴用品旗舰款,C06,母婴用品,buy,2026-05-07 20:38:00,161.00,1,taobao,windows,北京市,北京市,regular,checkout,S001391,0,C202606,轻氧母婴,O001390
B001391,U000476,P000065,轻盈生鲜套装,C09,生鲜,buy,2026-05-07 09:15:00,41.00,1,offline,windows,浙江省,杭州市,regular,checkout,S001392,0,C202602,轻盈生鲜,O001391
B001392,U000155,P000059,轻盈美妆个护日常款,C01,美妆个护,buy,2026-05-07 08:44:00,52.00,1,search,windows,四川省,成都市,member,checkout,S001393,0,C202606,轻盈美妆,O001392
B001393,U000881,P000109,悦活旅行用品日常款,C10,旅行用品,buy,2026-05-07 17:42:00,614.00,1,taobao,android,北京市,北京市,new,checkout,S001394,1,C202604,悦活旅行,O001393
B001394,U000346,P000023,轻盈食品饮料升级版,C02,食品饮料,buy,2026-05-07 12:31:00,79.00,1,douyin,windows,山东省,青岛市,member,checkout,S001395,0,C202605,轻盈食品,O001394
B001395,U000689,P000011,轻盈旅行用品旗舰款,C10,旅行用品,buy,2026-05-07 13:04:00,224.00,1,jd,windows,北京市,北京市,regular,checkout,S001396,0,C202601,轻盈旅行,O001395
B001396,U000681,P000087,云感旅行用品便携装,C10,旅行用品,buy,2026-05-07 14:23:00,609.00,4,douyin,windows,江苏省,南京市,regular,checkout,S001397,0,C202603,云感旅行,O001396
B001397,U000873,P000111,云感宠物用品旗舰款,C08,宠物用品,buy,2026-05-07 13:09:00,117.00,1,taobao,ios,四川省,成都市,new,checkout,S001398,1,C202602,云感宠物,O001397
B001398,U000248,P000136,原野运动户外旗舰款,C07,运动户外,buy,2026-05-08 11:06:00,169.00,1,jd,windows,浙江省,杭州市,member,checkout,S001399,0,C202604,原野运动,O001398
B001399,U000307,P000069,云感运动户外日常款,C07,运动户外,buy,2026-05-08 21:50:00,268.00,1,search,windows,四川省,成都市,member,checkout,S001400,0,C202601,云感运动,O001399
B001400,U000555,P000114,轻氧母婴用品日常款,C06,母婴用品,buy,2026-05-08 17:43:00,142.00,1,wechat,ios,山东省,青岛市,regular,checkout,S001401,0,C202605,轻氧母婴,O001400
B001401,U000621,P000152,臻选数码配件便携装,C05,数码配件,buy,2026-05-08 13:19:00,302.00,1,taobao,android,上海市,上海市,regular,checkout,S001402,0,C202603,臻选数码,O001401
B001402,U000586,P000082,原野旅行用品便携装,C10,旅行用品,buy,2026-05-08 08:03:00,253.00,1,taobao,ios,山东省,青岛市,regular,checkout,S001403,0,C202606,原野旅行,O001402
B001403,U000469,P000056,臻选旅行用品旗舰款,C10,旅行用品,buy,2026-05-08 09:34:00,443.00,1,wechat,ios,广东省,深圳市,regular,checkout,S001404,0,C202602,臻选旅行,O001403
B001404,U000432,P000065,轻盈生鲜套装,C09,生鲜,buy,2026-05-08 15:15:00,41.00,1,offline,ios,河南省,郑州市,regular,checkout,S001405,0,C202606,轻盈生鲜,O001404
B001405,U000019,P000063,云感母婴用品升级版,C06,母婴用品,buy,2026-05-08 20:32:00,165.00,1,wechat,android,浙江省,杭州市,high_value,checkout,S001406,0,C202601,云感母婴,O001405
B001406,U000077,P000066,轻氧母婴用品旗舰款,C06,母婴用品,buy,2026-05-08 15:46:00,76.00,1,offline,android,福建省,厦门市,high_value,checkout,S001407,0,C202605,轻氧母婴,O001406
B001407,U000629,P000081,云感数码配件旗舰款,C05,数码配件,buy,2026-05-08 17:43:00,152.00,1,taobao,android,山东省,青岛市,regular,checkout,S001408,0,C202601,云感数码,O001407
B001408,U000459,P000067,悦活旅行用品便携装,C10,旅行用品,buy,2026-05-08 14:44:00,195.00,1,taobao,ios,湖北省,武汉市,regular,checkout,S001409,0,C202604,悦活旅行,O001408
B001409,U000013,P000030,轻氧家居日用套装,C04,家居日用,buy,2026-05-09 12:09:00,106.00,1,taobao,android,河南省,郑州市,high_value,checkout,S001410,0,C202603,轻氧家居,O001409
B001410,U000430,P000018,轻氧生鲜升级版,C09,生鲜,buy,2026-05-09 23:39:00,81.00,1,taobao,ios,福建省,厦门市,regular,checkout,S001411,0,C202601,轻氧生鲜,O001410
B001411,U000748,P000117,云感食品饮料便携装,C02,食品饮料,buy,2026-05-09 17:43:00,54.00,1,wechat,windows,江苏省,南京市,regular,checkout,S001412,0,C202606,云感食品,O001411
B001412,U000736,P000112,原野生鲜便携装,C09,生鲜,buy,2026-05-09 12:40:00,113.00,1,offline,android,河南省,郑州市,regular,checkout,S001413,0,C202601,原野生鲜,O001412
B001413,U000422,P000110,臻选美妆个护套装,C01,美妆个护,buy,2026-05-09 10:11:00,81.00,1,search,windows,湖北省,武汉市,regular,checkout,S001414,0,C202602,臻选美妆,O001413
B001414,U000855,P000163,悦活生鲜升级版,C09,生鲜,buy,2026-05-09 17:12:00,69.00,3,douyin,mac,四川省,成都市,new,checkout,S001415,1,C202603,悦活生鲜,O001414
B001415,U000477,P000124,原野食品饮料日常款,C02,食品饮料,buy,2026-05-09 14:28:00,60.00,1,jd,windows,广东省,深圳市,regular,checkout,S001416,0,C202606,原野食品,O001415
B001416,U000340,P000025,悦活宠物用品套装,C08,宠物用品,buy,2026-05-09 12:56:00,105.00,1,jd,windows,江苏省,南京市,member,checkout,S001417,0,C202606,悦活宠物,O001416
B001417,U000526,P000117,云感食品饮料便携装,C02,食品饮料,buy,2026-05-09 08:46:00,54.00,1,douyin,android,浙江省,杭州市,regular,checkout,S001418,0,C202602,云感食品,O001417
B001418,U000782,P000064,原野宠物用品日常款,C08,宠物用品,buy,2026-05-09 20:01:00,140.00,1,search,mac,湖北省,武汉市,regular,checkout,S001419,0,C202602,原野宠物,O001418
B001419,U000774,P000132,轻氧家居日用便携装,C04,家居日用,buy,2026-05-09 16:42:00,91.00,2,offline,mac,湖北省,武汉市,regular,checkout,S001420,0,C202606,轻氧家居,O001419
B001420,U000070,P000033,云感美妆个护升级版,C01,美妆个护,buy,2026-05-10 08:45:00,88.00,1,offline,ios,广东省,深圳市,high_value,checkout,S001421,0,C202602,云感美妆,O001420
B001421,U000039,P000140,臻选食品饮料套装,C02,食品饮料,buy,2026-05-10 15:35:00,71.00,1,search,mac,福建省,厦门市,high_value,checkout,S001422,0,C202604,臻选食品,O001421
B001422,U000754,P000153,云感美妆个护升级版,C01,美妆个护,buy,2026-05-10 12:29:00,48.00,1,taobao,mac,四川省,成都市,regular,checkout,S001423,0,C202606,云感美妆,O001422
B001423,U000320,P000135,云感数码配件套装,C05,数码配件,buy,2026-05-10 17:01:00,182.00,1,wechat,android,四川省,成都市,member,checkout,S001424,0,C202603,云感数码,O001423
B001424,U000835,P000107,轻盈运动户外便携装,C07,运动户外,buy,2026-05-10 10:07:00,176.00,1,jd,ios,四川省,成都市,new,checkout,S001425,1,C202603,轻盈运动,O001424
B001425,U000132,P000149,轻盈家居日用日常款,C04,家居日用,buy,2026-05-10 20:20:00,110.00,1,jd,android,广东省,深圳市,member,checkout,S001426,0,C202604,轻盈家居,O001425
B001426,U000683,P000064,原野宠物用品日常款,C08,宠物用品,buy,2026-05-10 16:24:00,140.00,2,wechat,windows,湖北省,武汉市,regular,checkout,S001427,0,C202606,原野宠物,O001426
B001427,U000078,P000058,原野生鲜升级版,C09,生鲜,buy,2026-05-10 21:07:00,44.00,1,wechat,mac,湖北省,武汉市,high_value,checkout,S001428,0,C202603,原野生鲜,O001427
B001428,U000328,P000041,轻盈家居日用旗舰款,C04,家居日用,buy,2026-05-10 11:56:00,166.00,1,douyin,mac,湖北省,武汉市,member,checkout,S001429,0,C202606,轻盈家居,O001428
B001429,U000675,P000137,轻盈数码配件便携装,C05,数码配件,buy,2026-05-10 11:26:00,216.00,1,offline,windows,北京市,北京市,regular,checkout,S001430,0,C202604,轻盈数码,O001429
B001430,U000308,P000016,原野运动户外旗舰款,C07,运动户外,buy,2026-05-10 09:23:00,164.00,1,wechat,mac,北京市,北京市,member,checkout,S001431,0,C202601,原野运动,O001430
B001431,U000509,P000148,原野数码配件升级版,C05,数码配件,buy,2026-05-11 18:50:00,136.00,1,search,android,山东省,青岛市,regular,checkout,S001432,0,C202606,原野数码,O001431
B001432,U000810,P000104,臻选旅行用品日常款,C10,旅行用品,buy,2026-05-11 19:55:00,352.00,1,douyin,ios,四川省,成都市,regular,checkout,S001433,0,C202606,臻选旅行,O001432
B001433,U000667,P000021,云感宠物用品旗舰款,C08,宠物用品,buy,2026-05-11 15:29:00,160.00,1,offline,windows,江苏省,南京市,regular,checkout,S001434,0,C202602,云感宠物,O001433
B001434,U000437,P000127,悦活食品饮料便携装,C02,食品饮料,buy,2026-05-11 19:23:00,39.00,1,wechat,windows,北京市,北京市,regular,checkout,S001435,0,C202603,悦活食品,O001434
B001435,U000587,P000016,原野运动户外旗舰款,C07,运动户外,buy,2026-05-11 17:11:00,164.00,1,jd,ios,湖北省,武汉市,regular,checkout,S001436,0,C202602,原野运动,O001435
B001436,U000363,P000014,臻选食品饮料日常款,C02,食品饮料,buy,2026-05-11 19:47:00,60.00,4,taobao,ios,山东省,青岛市,member,checkout,S001437,0,C202606,臻选食品,O001436
B001437,U000840,P000014,臻选食品饮料日常款,C02,食品饮料,buy,2026-05-11 19:53:00,60.00,1,wechat,mac,江苏省,南京市,new,checkout,S001438,1,C202602,臻选食品,O001437
B001438,U000357,P000044,臻选食品饮料日常款,C02,食品饮料,buy,2026-05-11 19:36:00,28.00,4,offline,ios,北京市,北京市,member,checkout,S001439,0,C202603,臻选食品,O001438
B001439,U000343,P000165,云感生鲜套装,C09,生鲜,buy,2026-05-11 22:16:00,43.00,4,douyin,android,江苏省,南京市,member,checkout,S001440,0,C202602,云感生鲜,O001439
B001440,U000608,P000057,云感数码配件便携装,C05,数码配件,buy,2026-05-11 09:13:00,79.00,1,offline,android,河南省,郑州市,regular,checkout,S001441,0,C202603,云感数码,O001440
B001441,U000105,P000051,云感宠物用品旗舰款,C08,宠物用品,buy,2026-05-11 20:56:00,64.00,3,wechat,mac,四川省,成都市,high_value,checkout,S001442,0,C202604,云感宠物,O001441
B001442,U000868,P000108,轻氧母婴用品升级版,C06,母婴用品,buy,2026-05-12 12:43:00,86.00,1,wechat,android,上海市,上海市,new,checkout,S001443,1,C202605,轻氧母婴,O001442
B001443,U000555,P000171,云感生鲜旗舰款,C09,生鲜,收藏,2026-05-12 10:38:00,30.00,1,search,ios,山东省,青岛市,regular,checkout,S001444,0,C202601,云感生鲜,O001443
B001444,U000667,P000026,臻选生鲜旗舰款,C09,生鲜,buy,2026-05-12 21:46:00,88.00,1,search,windows,江苏省,南京市,regular,checkout,S001445,0,C202602,臻选生鲜,O001444
B001445,U000708,P000080,臻选家居日用套装,C04,家居日用,buy,2026-05-12 13:43:00,148.00,3,wechat,windows,北京市,北京市,regular,checkout,S001446,0,C202602,臻选家居,O001445
B001446,U000841,P000007,悦活服饰便携装,C03,服饰,buy,2026-05-12 15:54:00,344.00,1,search,android,江苏省,南京市,new,checkout,S001447,1,C202606,悦活服饰,O001446
B001447,U000108,P000084,轻氧服饰日常款,C03,服饰,buy,2026-05-12 10:17:00,130.00,1,offline,mac,福建省,厦门市,high_value,checkout,S001448,0,C202601,轻氧服饰,O001447
B001448,U000500,P000014,臻选食品饮料日常款,C02,食品饮料,buy,2026-05-12 11:21:00,60.00,1,wechat,ios,河南省,郑州市,regular,checkout,S001449,0,C202606,臻选食品,O001448
B001449,U000254,P000053,轻盈服饰升级版,C03,服饰,buy,2026-05-12 08:57:00,262.00,1,jd,ios,上海市,上海市,member,checkout,S001450,0,C202604,轻盈服饰,O001449
B001450,U000074,P000070,原野宠物用品套装,C08,宠物用品,buy,2026-05-12 12:43:00,147.00,4,taobao,ios,福建省,厦门市,high_value,checkout,S001451,0,C202604,原野宠物,O001450
B001451,U000742,P000169,悦活生鲜日常款,C09,生鲜,buy,2026-05-12 23:11:00,42.00,1,offline,ios,河南省,郑州市,regular,checkout,S001452,0,C202604,悦活生鲜,O001451
B001452,U000071,P000131,轻盈生鲜旗舰款,C09,生鲜,buy,2026-05-12 19:32:00,85.00,1,jd,android,北京市,北京市,high_value,checkout,S001453,0,C202603,轻盈生鲜,O001452
B001453,U000260,P000033,云感美妆个护升级版,C01,美妆个护,buy,2026-05-13 08:09:00,88.00,1,jd,android,上海市,上海市,member,checkout,S001454,0,C202601,云感美妆,O001453
B001454,U000131,P000002,臻选服饰便携装,C03,服饰,buy,2026-05-13 12:24:00,332.00,1,offline,mac,湖北省,武汉市,member,checkout,S001455,0,C202604,臻选服饰,O001454
B001455,U000222,P000037,悦活运动户外便携装,C07,运动户外,buy,2026-05-13 13:44:00,152.00,1,search,android,福建省,厦门市,member,checkout,S001456,0,C202603,悦活运动,O001455
B001456,U000460,P000080,臻选家居日用套装,C04,家居日用,buy,2026-05-13 15:25:00,148.00,3,douyin,ios,上海市,上海市,regular,checkout,S001457,0,C202605,臻选家居,O001456
B001457,U000680,P000062,臻选旅行用品便携装,C10,旅行用品,buy,2026-05-13 13:21:00,226.00,3,wechat,mac,福建省,厦门市,regular,checkout,S001458,0,C202606,臻选旅行,O001457
B001458,U000557,P000119,轻盈宠物用品日常款,C08,宠物用品,buy,2026-05-13 08:26:00,99.00,1,jd,android,河南省,郑州市,regular,checkout,S001459,0,C202606,轻盈宠物,O001458
B001459,U000786,P000144,轻氧美妆个护日常款,C01,美妆个护,buy,2026-05-13 16:00:00,118.00,1,douyin,windows,浙江省,杭州市,regular,checkout,S001460,0,C202605,轻氧美妆,O001459
B001460,U000307,P000137,轻盈数码配件便携装,C05,数码配件,buy,2026-05-13 15:48:00,216.00,1,jd,windows,四川省,成都市,member,checkout,S001461,0,C202606,轻盈数码,O001460
B001461,U000599,P000058,原野生鲜升级版,C09,生鲜,buy,2026-05-13 10:30:00,44.00,1,douyin,android,北京市,北京市,regular,checkout,S001462,0,C202604,原野生鲜,O001461
B001462,U000335,P000039,云感生鲜日常款,C09,生鲜,buy,2026-05-13 22:54:00,109.00,1,taobao,windows,北京市,北京市,member,checkout,S001463,0,C202606,云感生鲜,O001462
B001463,U000195,P000151,悦活美妆个护旗舰款,C01,美妆个护,buy,2026-05-13 14:38:00,38.00,1,offline,android,四川省,成都市,member,checkout,S001464,0,C202605,悦活美妆,O001463
B001464,U000530,P000066,轻氧母婴用品旗舰款,C06,母婴用品,buy,2026-05-14 12:00:00,76.00,1,wechat,ios,江苏省,南京市,regular,checkout,S001465,0,C202601,轻氧母婴,O001464
B001465,U000686,P000099,云感服饰日常款,C03,服饰,buy,2026-05-14 11:31:00,230.00,1,douyin,windows,四川省,成都市,regular,checkout,S001466,0,C202605,云感服饰,O001465
B001466,U000265,P000026,臻选生鲜旗舰款,C09,生鲜,buy,2026-05-14 15:51:00,88.00,1,search,android,山东省,青岛市,member,checkout,S001467,0,C202603,臻选生鲜,O001466
B001467,U000657,P000005,轻盈数码配件套装,C05,数码配件,buy,2026-05-14 22:13:00,256.00,2,offline,android,福建省,厦门市,regular,checkout,S001468,0,C202602,轻盈数码,O001467
B001468,U000023,P000135,云感数码配件套装,C05,数码配件,buy,2026-05-14 20:49:00,182.00,4,wechat,windows,湖北省,武汉市,high_value,checkout,S001469,0,C202603,云感数码,O001468
B001469,U000576,P000133,悦活美妆个护升级版,C01,美妆个护,buy,2026-05-14 09:06:00,47.00,1,taobao,android,福建省,厦门市,regular,checkout,S001470,0,C202605,悦活美妆,O001469
B001470,U000551,P000007,悦活服饰便携装,C03,服饰,buy,2026-05-14 15:23:00,344.00,1,search,android,湖北省,武汉市,regular,checkout,S001471,0,C202602,悦活服饰,O001470
B001471,U000143,P000165,云感生鲜套装,C09,生鲜,buy,2026-05-14 18:19:00,43.00,4,offline,windows,北京市,北京市,member,checkout,S001472,0,C202605,云感生鲜,O001471
B001472,U000744,P000169,悦活生鲜日常款,C09,生鲜,buy,2026-05-14 14:16:00,42.00,1,search,windows,浙江省,杭州市,regular,checkout,S001473,0,C202605,悦活生鲜,O001472
B001473,U000688,P000001,悦活家居日用旗舰款,C04,家居日用,buy,2026-05-14 09:08:00,141.00,4,douyin,ios,福建省,厦门市,regular,checkout,S001474,0,C202604,悦活家居,O001473
B001474,U000195,P000098,臻选家居日用升级版,C04,家居日用,buy,2026-05-14 11:42:00,90.00,1,taobao,android,四川省,成都市,member,checkout,S001475,0,C202605,臻选家居,O001474
B001475,U000421,P000074,臻选美妆个护日常款,C01,美妆个护,buy,2026-05-15 14:03:00,71.00,1,search,android,北京市,北京市,regular,checkout,S001476,0,C202605,臻选美妆,O001475
B001476,U000655,P000172,原野宠物用品便携装,C08,宠物用品,buy,2026-05-15 20:38:00,99.00,1,jd,windows,福建省,厦门市,regular,checkout,S001477,0,C202603,原野宠物,O001476
B001477,U000427,P000091,悦活母婴用品旗舰款,C06,母婴用品,buy,2026-05-15 11:36:00,87.00,1,search,ios,福建省,厦门市,regular,checkout,S001478,0,C202605,悦活母婴,O001477
B001478,U000420,P000145,悦活宠物用品套装,C08,宠物用品,buy,2026-05-15 12:16:00,42.00,1,taobao,android,湖北省,武汉市,member,checkout,S001479,0,C202602,悦活宠物,O001478
B001479,U000286,P000144,轻氧美妆个护日常款,C01,美妆个护,buy,2026-05-15 13:23:00,118.00,1,search,mac,山东省,青岛市,member,checkout,S001480,0,C202603,轻氧美妆,O001479
B001480,U000895,P000135,云感数码配件套装,C05,数码配件,buy,2026-05-15 15:39:00,182.00,1,offline,windows,江苏省,南京市,new,checkout,S001481,1,C202605,云感数码,O001480
B001481,U000645,P000014,臻选食品饮料日常款,C02,食品饮料,buy,2026-05-15 14:40:00,60.00,1,douyin,android,山东省,青岛市,regular,checkout,S001482,0,C202601,臻选食品,O001481
B001482,U000871,P000124,原野食品饮料日常款,C02,食品饮料,buy,2026-05-15 22:23:00,60.00,1,taobao,windows,广东省,深圳市,new,checkout,S001483,1,C202605,原野食品,O001482
B001483,U000887,P000138,轻氧数码配件升级版,C05,数码配件,buy,2026-05-15 22:25:00,150.00,1,search,android,福建省,厦门市,new,checkout,S001484,1,C202603,轻氧数码,O001483
B001484,U000858,P000032,臻选生鲜便携装,C09,生鲜,buy,2026-05-15 21:44:00,71.00,1,douyin,android,上海市,上海市,new,checkout,S001485,1,C202603,臻选生鲜,O001484
B001485,U000177,P000033,云感美妆个护升级版,C01,美妆个护,buy,2026-05-15 16:57:00,88.00,3,offline,mac,北京市,北京市,member,checkout,S001486,0,C202605,云感美妆,O001485
B001486,U000199,P000022,原野母婴用品便携装,C06,母婴用品,buy,2026-05-16 20:09:00,190.00,1,offline,mac,山东省,青岛市,member,checkout,S001487,0,C202606,原野母婴,O001486
B001487,U000270,P000020,臻选数码配件套装,C05,数码配件,buy,2026-05-16 21:59:00,252.00,1,search,ios,山东省,青岛市,member,checkout,S001488,0,C202606,臻选数码,O001487
B001488,U000884,P000115,悦活美妆个护套装,C01,美妆个护,buy,2026-05-16 13:44:00,86.00,1,douyin,mac,福建省,厦门市,new,checkout,S001489,1,C202603,悦活美妆,O001488
B001489,U000270,P000155,轻盈生鲜套装,C09,生鲜,buy,2026-05-16 08:17:00,106.00,1,wechat,ios,山东省,青岛市,member,checkout,S001490,0,C202602,轻盈生鲜,O001489
B001490,U000803,P000086,臻选数码配件旗舰款,C05,数码配件,buy,2026-05-16 14:06:00,150.00,1,jd,windows,广东省,深圳市,regular,checkout,S001491,0,C202602,臻选数码,O001490
B001491,U000459,P000009,云感数码配件日常款,C05,数码配件,buy,2026-05-16 08:23:00,295.00,1,search,ios,湖北省,武汉市,regular,checkout,S001492,0,C202604,云感数码,O001491
B001492,U000001,P000022,原野母婴用品便携装,C06,母婴用品,buy,2026-05-16 23:23:00,190.00,1,wechat,mac,北京市,北京市,high_value,checkout,S001493,0,C202601,原野母婴,O001492
B001493,U000707,P000109,悦活旅行用品日常款,C10,旅行用品,buy,2026-05-16 09:37:00,614.00,1,offline,ios,浙江省,杭州市,regular,checkout,S001494,0,C202605,悦活旅行,O001493
B001494,U000244,P000015,云感母婴用品套装,C06,母婴用品,buy,2026-05-16 18:35:00,128.00,1,wechat,mac,河南省,郑州市,member,checkout,S001495,0,C202603,云感母婴,O001494
B001495,U000699,P000138,轻氧数码配件升级版,C05,数码配件,buy,2026-05-16 21:26:00,150.00,1,wechat,android,北京市,北京市,regular,checkout,S001496,0,C202606,轻氧数码,O001495
B001496,U000786,P000122,臻选运动户外便携装,C07,运动户外,buy,2026-05-16 12:48:00,212.00,1,wechat,windows,浙江省,杭州市,regular,checkout,S001497,0,C202606,臻选运动,O001496
B001497,U000591,P000152,臻选数码配件便携装,C05,数码配件,buy,2026-05-17 20:19:00,302.00,1,search,android,上海市,上海市,regular,checkout,S001498,0,C202605,臻选数码,O001497
B001498,U000825,P000122,臻选运动户外便携装,C07,运动户外,buy,2026-05-17 19:35:00,212.00,1,offline,windows,北京市,北京市,new,checkout,S001499,1,C202604,臻选运动,O001498
B001499,U000032,P000170,臻选生鲜套装,C09,生鲜,buy,2026-05-17 12:22:00,77.00,1,jd,android,四川省,成都市,high_value,checkout,S001500,0,C202601,臻选生鲜,O001499
B001500,U000188,P000086,臻选数码配件旗舰款,C05,数码配件,buy,2026-05-17 23:01:00,150.00,1,wechat,android,浙江省,杭州市,member,checkout,S001501,0,C202605,臻选数码,O001500
B001501,U000653,P000138,轻氧数码配件升级版,C05,数码配件,buy,2026-05-17 23:51:00,150.00,1,search,windows,北京市,北京市,regular,checkout,S001502,0,C202602,轻氧数码,O001501
B001502,U000762,P000057,云感数码配件便携装,C05,数码配件,buy,2026-05-17 16:49:00,79.00,1,search,windows,湖北省,武汉市,regular,checkout,S001503,0,C202603,云感数码,O001502
B001503,U000188,P000166,原野服饰旗舰款,C03,服饰,buy,2026-05-17 14:36:00,378.00,1,taobao,android,浙江省,杭州市,member,checkout,S001504,0,C202605,原野服饰,O001503
B001504,U000493,P000143,轻盈美妆个护升级版,C01,美妆个护,buy,2026-05-17 20:52:00,53.00,1,wechat,mac,江苏省,南京市,regular,checkout,S001505,0,C202602,轻盈美妆,O001504
B001505,U000530,P000134,臻选数码配件日常款,C05,数码配件,buy,2026-05-17 19:23:00,120.00,1,wechat,ios,江苏省,南京市,regular,checkout,S001506,0,C202603,臻选数码,O001505
B001506,U000009,P000131,轻盈生鲜旗舰款,C09,生鲜,buy,2026-05-17 14:57:00,85.00,1,offline,ios,江苏省,南京市,high_value,checkout,S001507,0,C202603,轻盈生鲜,O001506
B001507,U000737,P000045,云感食品饮料套装,C02,食品饮料,buy,2026-05-17 12:36:00,67.00,1,jd,ios,上海市,上海市,regular,checkout,S001508,0,C202606,云感食品,O001507
B001508,U000689,P000026,臻选生鲜旗舰款,C09,生鲜,buy,2026-05-18 10:39:00,88.00,4,wechat,windows,北京市,北京市,regular,checkout,S001509,0,C202605,臻选生鲜,O001508
B001509,U000480,P000114,轻氧母婴用品日常款,C06,母婴用品,buy,2026-05-18 12:21:00,142.00,1,taobao,windows,福建省,厦门市,regular,checkout,S001510,0,C202606,轻氧母婴,O001509
B001510,U000064,P000083,轻盈运动户外升级版,C07,运动户外,buy,2026-05-18 08:09:00,227.00,1,douyin,windows,山东省,青岛市,high_value,checkout,S001511,0,C202606,轻盈运动,O001510
B001511,U000779,P000171,云感生鲜旗舰款,C09,生鲜,buy,2026-05-18 20:29:00,30.00,1,search,windows,上海市,上海市,regular,checkout,S001512,0,C202601,云感生鲜,O001511
B001512,U000630,P000099,云感服饰日常款,C03,服饰,buy,2026-05-18 09:27:00,230.00,1,wechat,windows,湖北省,武汉市,regular,checkout,S001513,0,C202603,云感服饰,O001512
B001513,U000012,P000143,轻盈美妆个护升级版,C01,美妆个护,buy,2026-05-18 16:51:00,53.00,1,wechat,android,山东省,青岛市,high_value,checkout,S001514,0,C202605,轻盈美妆,O001513
B001514,U000608,P000168,轻氧服饰升级版,C03,服饰,buy,2026-05-18 14:04:00,368.00,3,offline,android,河南省,郑州市,regular,checkout,S001515,0,C202604,轻氧服饰,O001514
B001515,U000713,P000094,原野运动户外日常款,C07,运动户外,buy,2026-05-18 13:23:00,136.00,1,douyin,android,广东省,深圳市,regular,checkout,S001516,0,C202605,原野运动,O001515
B001516,U000682,P000019,悦活家居日用日常款,C04,家居日用,buy,2026-05-18 16:27:00,71.00,1,jd,windows,上海市,上海市,regular,checkout,S001517,0,C202604,悦活家居,O001516
B001517,U000462,P000057,云感数码配件便携装,C05,数码配件,buy,2026-05-18 16:07:00,79.00,1,taobao,ios,北京市,北京市,regular,checkout,S001518,0,C202602,云感数码,O001517
B001518,U000272,P000031,悦活运动户外旗舰款,C07,运动户外,buy,2026-05-18 12:06:00,98.00,1,search,windows,北京市,北京市,member,checkout,S001519,0,C202603,悦活运动,O001518
B001519,U000582,P000012,轻氧母婴用品便携装,C06,母婴用品,buy,2026-05-19 14:51:00,128.00,1,wechat,windows,福建省,厦门市,regular,checkout,S001520,0,C202603,轻氧母婴,O001519
B001520,U000222,P000035,轻盈家居日用套装,C04,家居日用,buy,2026-05-19 19:46:00,116.00,1,douyin,android,福建省,厦门市,member,checkout,S001521,0,C202602,轻盈家居,O001520
B001521,U000339,P000070,原野宠物用品套装,C08,宠物用品,buy,2026-05-19 15:37:00,147.00,1,wechat,mac,山东省,青岛市,member,checkout,S001522,0,C202606,原野宠物,O001521
B001522,U000369,P000040,原野数码配件套装,C05,数码配件,buy,2026-05-19 08:13:00,162.00,1,jd,ios,江苏省,南京市,member,checkout,S001523,0,C202605,原野数码,O001522
B001523,U000813,P000002,臻选服饰便携装,C03,服饰,buy,2026-05-19 19:14:00,332.00,4,offline,ios,河南省,郑州市,regular,checkout,S001524,0,C202606,臻选服饰,O001523
B001524,U000896,P000136,原野运动户外旗舰款,C07,运动户外,buy,2026-05-19 10:59:00,169.00,1,jd,android,湖北省,武汉市,new,checkout,S001525,1,C202605,原野运动,O001524
B001525,U000611,P000160,原野旅行用品套装,C10,旅行用品,buy,2026-05-19 15:13:00,231.00,1,douyin,windows,河南省,郑州市,regular,checkout,S001526,0,C202603,原野旅行,O001525
B001526,U000335,P000037,悦活运动户外便携装,C07,运动户外,buy,2026-05-19 21:09:00,152.00,1,search,windows,北京市,北京市,member,checkout,S001527,0,C202605,悦活运动,O001526
B001527,U000678,P000082,原野旅行用品便携装,C10,旅行用品,buy,2026-05-19 08:38:00,253.00,1,offline,windows,浙江省,杭州市,regular,checkout,S001528,0,C202604,原野旅行,O001527
B001528,U000506,P000076,原野美妆个护旗舰款,C01,美妆个护,buy,2026-05-19 22:35:00,77.00,1,jd,android,湖北省,武汉市,regular,checkout,S001529,0,C202601,原野美妆,O001528
B001529,U000717,P000098,臻选家居日用升级版,C04,家居日用,buy,2026-05-19 23:38:00,90.00,1,offline,mac,北京市,北京市,regular,checkout,S001530,0,C202603,臻选家居,O001529
B001530,U000559,P000001,悦活家居日用旗舰款,C04,家居日用,buy,2026-05-20 08:05:00,141.00,1,jd,mac,山东省,青岛市,regular,checkout,S001531,0,C202605,悦活家居,O001530
B001531,U000079,P000111,云感宠物用品旗舰款,C08,宠物用品,buy,2026-05-20 22:09:00,117.00,3,offline,ios,上海市,上海市,high_value,checkout,S001532,0,C202605,云感宠物,O001531
B001532,U000149,P000055,悦活宠物用品套装,C08,宠物用品,buy,2026-05-20 16:56:00,100.00,1,douyin,windows,北京市,北京市,member,checkout,S001533,0,C202606,悦活宠物,O001532
B001533,U000561,P000118,原野美妆个护升级版,C01,美妆个护,buy,2026-05-20 22:35:00,133.00,1,taobao,windows,北京市,北京市,regular,checkout,S001534,0,C202604,原野美妆,O001533
B001534,U000367,P000148,原野数码配件升级版,C05,数码配件,buy,2026-05-20 20:58:00,136.00,1,douyin,ios,江苏省,南京市,member,checkout,S001535,0,C202606,原野数码,O001534
B001535,U000102,P000171,云感生鲜旗舰款,C09,生鲜,buy,2026-05-20 08:58:00,30.00,1,jd,mac,北京市,北京市,high_value,checkout,S001536,0,C202603,云感生鲜,O001535
B001536,U000122,P000002,臻选服饰便携装,C03,服饰,buy,2026-05-20 14:20:00,332.00,1,offline,mac,四川省,成都市,member,checkout,S001537,0,C202606,臻选服饰,O001536
B001537,U000665,P000019,悦活家居日用日常款,C04,家居日用,buy,2026-05-20 21:18:00,71.00,2,jd,mac,广东省,深圳市,regular,checkout,S001538,0,C202604,悦活家居,O001537
B001538,U000673,P000071,轻盈宠物用品旗舰款,C08,宠物用品,buy,2026-05-20 12:06:00,144.00,4,offline,windows,广东省,深圳市,regular,checkout,S001539,0,C202606,轻盈宠物,O001538
B001539,U000213,P000102,轻氧母婴用品便携装,C06,母婴用品,buy,2026-05-20 08:43:00,104.00,4,taobao,ios,浙江省,杭州市,member,checkout,S001540,0,C202605,轻氧母婴,O001539
B001540,U000352,P000154,原野生鲜日常款,C09,生鲜,buy,2026-05-20 18:18:00,103.00,1,search,android,四川省,成都市,member,checkout,S001541,0,C202605,原野生鲜,O001540
B001541,U000255,P000046,原野食品饮料旗舰款,C02,食品饮料,buy,2026-05-21 15:02:00,69.00,4,taobao,mac,湖北省,武汉市,member,checkout,S001542,0,C202601,原野食品,O001541
B001542,U000816,P000025,悦活宠物用品套装,C08,宠物用品,buy,2026-05-21 20:55:00,105.00,1,wechat,mac,上海市,上海市,regular,checkout,S001543,0,C202602,悦活宠物,O001542
B001543,U000551,P000015,云感母婴用品套装,C06,母婴用品,buy,2026-05-21 08:21:00,128.00,1,taobao,android,湖北省,武汉市,regular,checkout,S001544,0,C202602,云感母婴,O001543
B001544,U000898,P000151,悦活美妆个护旗舰款,C01,美妆个护,buy,2026-05-21 19:05:00,38.00,1,search,ios,山东省,青岛市,new,checkout,S001545,1,C202606,悦活美妆,O001544
B001545,U000894,P000087,云感旅行用品便携装,C10,旅行用品,buy,2026-05-21 08:49:00,609.00,1,taobao,windows,山东省,青岛市,new,checkout,S001546,1,C202604,云感旅行,O001545
B001546,U000674,P000106,原野母婴用品旗舰款,C06,母婴用品,buy,2026-05-21 22:04:00,102.00,1,douyin,mac,江苏省,南京市,regular,checkout,S001547,0,C202603,原野母婴,O001546
B001547,U000871,P000126,轻氧旅行用品旗舰款,C10,旅行用品,buy,2026-05-21 20:45:00,248.00,1,jd,windows,广东省,深圳市,new,checkout,S001548,1,C202602,轻氧旅行,O001547
B001548,U000074,P000034,原野生鲜日常款,C09,生鲜,buy,2026-05-21 20:29:00,71.00,1,douyin,ios,福建省,厦门市,high_value,checkout,S001549,0,C202606,原野生鲜,O001548
B001549,U000789,P000149,轻盈家居日用日常款,C04,家居日用,buy,2026-05-21 15:29:00,110.00,1,taobao,android,山东省,青岛市,regular,checkout,S001550,0,C202603,轻盈家居,O001549
B001550,U000032,P000077,轻盈服饰便携装,C03,服饰,buy,2026-05-21 13:08:00,279.00,1,douyin,android,四川省,成都市,high_value,checkout,S001551,0,C202603,轻盈服饰,O001550
B001551,U000846,P000100,原野运动户外套装,C07,运动户外,buy,2026-05-21 19:11:00,235.00,4,jd,mac,山东省,青岛市,new,checkout,S001552,1,C202606,原野运动,O001551
B001552,U000731,P000140,臻选食品饮料套装,C02,食品饮料,buy,2026-05-22 18:21:00,71.00,1,search,android,北京市,北京市,regular,checkout,S001553,0,C202606,臻选食品,O001552
B001553,U000203,P000132,轻氧家居日用便携装,C04,家居日用,buy,2026-05-22 09:34:00,91.00,1,taobao,windows,浙江省,杭州市,member,checkout,S001554,0,C202604,轻氧家居,O001553
B001554,U000125,P000099,云感服饰日常款,C03,服饰,buy,2026-05-22 09:35:00,230.00,1,jd,windows,四川省,成都市,member,checkout,S001555,0,C202604,云感服饰,O001554
B001555,U000194,P000092,臻选服饰便携装,C03,服饰,buy,2026-05-22 16:33:00,291.00,1,douyin,mac,河南省,郑州市,member,checkout,S001556,0,C202605,臻选服饰,O001555
B001556,U000193,P000063,云感母婴用品升级版,C06,母婴用品,buy,2026-05-22 16:12:00,165.00,1,taobao,ios,江苏省,南京市,member,checkout,S001557,0,C202606,云感母婴,O001556
B001557,U000399,P000091,悦活母婴用品旗舰款,C06,母婴用品,buy,2026-05-22 18:23:00,87.00,1,taobao,mac,江苏省,南京市,member,checkout,S001558,0,C202602,悦活母婴,O001557
B001558,U000615,P000049,悦活数码配件日常款,C05,数码配件,buy,2026-05-22 17:12:00,141.00,1,wechat,windows,浙江省,杭州市,regular,checkout,S001559,0,C202605,悦活数码,O001558
B001559,U000064,P000168,轻氧服饰升级版,C03,服饰,buy,2026-05-22 16:29:00,368.00,1,taobao,windows,山东省,青岛市,high_value,checkout,S001560,0,C202605,轻氧服饰,O001559
B001560,U000665,P000043,悦活服饰升级版,C03,服饰,buy,2026-05-22 15:27:00,237.00,1,offline,mac,广东省,深圳市,regular,checkout,S001561,0,C202604,悦活服饰,O001560
B001561,U000018,P000022,原野母婴用品便携装,C06,母婴用品,buy,2026-05-22 22:06:00,190.00,1,taobao,android,山东省,青岛市,high_value,checkout,S001562,0,C202605,原野母婴,O001561
B001562,U000001,P000011,轻盈旅行用品旗舰款,C10,旅行用品,buy,2026-05-22 16:08:00,224.00,1,taobao,mac,北京市,北京市,high_value,checkout,S001563,0,C202602,轻盈旅行,O001562
B001563,U000023,P000003,云感生鲜升级版,C09,生鲜,buy,2026-05-23 20:53:00,73.00,1,taobao,windows,湖北省,武汉市,high_value,checkout,S001564,0,C202601,云感生鲜,O001563
B001564,U000035,P000099,云感服饰日常款,C03,服饰,buy,2026-05-23 15:36:00,230.00,1,wechat,android,山东省,青岛市,high_value,checkout,S001565,0,C202603,云感服饰,O001564
B001565,U000522,P000058,原野生鲜升级版,C09,生鲜,buy,2026-05-23 20:43:00,44.00,1,douyin,mac,河南省,郑州市,regular,checkout,S001566,0,C202605,原野生鲜,O001565
B001566,U000878,P000166,原野服饰旗舰款,C03,服饰,buy,2026-05-23 09:13:00,378.00,1,wechat,mac,福建省,厦门市,new,checkout,S001567,1,C202603,原野服饰,O001566
B001567,U000273,P000089,轻盈美妆个护日常款,C01,美妆个护,buy,2026-05-23 23:09:00,69.00,1,search,android,湖北省,武汉市,member,checkout,S001568,0,C202604,轻盈美妆,O001567
B001568,U000192,P000088,原野家居日用升级版,C04,家居日用,buy,2026-05-23 11:02:00,89.00,2,search,mac,山东省,青岛市,member,checkout,S001569,0,C202606,原野家居,O001568
B001569,U000564,P000010,原野旅行用品套装,C10,旅行用品,buy,2026-05-23 13:18:00,302.00,3,wechat,ios,北京市,北京市,regular,checkout,S001570,0,C202605,原野旅行,O001569
B001570,U000303,P000120,轻氧宠物用品套装,C08,宠物用品,buy,2026-05-23 20:06:00,58.00,1,offline,android,北京市,北京市,member,checkout,S001571,0,C202606,轻氧宠物,O001570
B001571,U000613,P000081,云感数码配件旗舰款,C05,数码配件,buy,2026-05-23 10:20:00,152.00,1,wechat,windows,江苏省,南京市,regular,checkout,S001572,0,C202604,云感数码,O001571
B001572,U000475,P000099,云感服饰日常款,C03,服饰,buy,2026-05-23 22:52:00,230.00,1,taobao,ios,福建省,厦门市,regular,checkout,S001573,0,C202606,云感服饰,O001572
B001573,U000437,P000022,原野母婴用品便携装,C06,母婴用品,buy,2026-05-23 16:26:00,190.00,1,search,windows,北京市,北京市,regular,checkout,S001574,0,C202604,原野母婴,O001573
B001574,U000449,P000064,原野宠物用品日常款,C08,宠物用品,buy,2026-05-24 14:00:00,140.00,1,wechat,android,上海市,上海市,regular,checkout,S001575,0,C202606,原野宠物,O001574
B001575,U000532,P000051,云感宠物用品旗舰款,C08,宠物用品,buy,2026-05-24 19:30:00,64.00,1,douyin,android,山东省,青岛市,regular,checkout,S001576,0,C202605,云感宠物,O001575
B001576,U000769,P000085,悦活家居日用套装,C04,家居日用,buy,2026-05-24 16:32:00,70.00,1,taobao,ios,广东省,深圳市,regular,checkout,S001577,0,C202601,悦活家居,O001576
B001577,U000895,P000035,轻盈家居日用套装,C04,家居日用,buy,2026-05-24 14:13:00,116.00,1,douyin,windows,江苏省,南京市,new,checkout,S001578,1,C202605,轻盈家居,O001577
B001578,U000659,P000136,原野运动户外旗舰款,C07,运动户外,buy,2026-05-24 19:49:00,169.00,2,search,mac,浙江省,杭州市,regular,checkout,S001579,0,C202605,原野运动,O001578
B001579,U000687,P000009,云感数码配件日常款,C05,数码配件,buy,2026-05-24 22:11:00,295.00,1,offline,android,北京市,北京市,regular,checkout,S001580,0,C202602,云感数码,O001579
B001580,U000513,P000048,轻氧宠物用品升级版,C08,宠物用品,buy,2026-05-24 14:03:00,142.00,1,offline,windows,四川省,成都市,regular,checkout,S001581,0,C202606,轻氧宠物,O001580
B001581,U000038,P000085,悦活家居日用套装,C04,家居日用,buy,2026-05-24 22:58:00,70.00,2,offline,windows,四川省,成都市,high_value,checkout,S001582,0,C202603,悦活家居,O001581
B001582,U000806,P000088,原野家居日用升级版,C04,家居日用,buy,2026-05-24 17:54:00,89.00,1,douyin,android,河南省,郑州市,regular,checkout,S001583,0,C202605,原野家居,O001582
B001583,U000208,P000167,轻盈美妆个护便携装,C01,美妆个护,buy,2026-05-24 20:11:00,119.00,1,douyin,ios,山东省,青岛市,member,checkout,S001584,0,C202603,轻盈美妆,O001583
B001584,U000218,P000115,悦活美妆个护套装,C01,美妆个护,buy,2026-05-24 15:41:00,86.00,1,wechat,android,湖北省,武汉市,member,checkout,S001585,0,C202602,悦活美妆,O001584
B001585,U000060,P000019,悦活家居日用日常款,C04,家居日用,buy,2026-05-25 09:09:00,71.00,3,wechat,android,上海市,上海市,high_value,checkout,S001586,0,C202603,悦活家居,O001585
B001586,U000600,P000038,臻选母婴用品升级版,C06,母婴用品,buy,2026-05-25 15:28:00,188.00,1,wechat,mac,上海市,上海市,regular,checkout,S001587,0,C202603,臻选母婴,O001586
B001587,U000828,P000162,轻氧食品饮料便携装,C02,食品饮料,buy,2026-05-25 08:05:00,73.00,1,taobao,android,浙江省,杭州市,new,checkout,S001588,1,C202606,轻氧食品,O001587
B001588,U000495,P000016,原野运动户外旗舰款,C07,运动户外,buy,2026-05-25 10:03:00,164.00,1,taobao,android,北京市,北京市,regular,checkout,S001589,0,C202606,原野运动,O001588
B001589,U000393,P000130,原野服饰套装,C03,服饰,buy,2026-05-25 17:03:00,194.00,1,jd,mac,湖北省,武汉市,member,checkout,S001590,0,C202606,原野服饰,O001589
B001590,U000619,P000018,轻氧生鲜升级版,C09,生鲜,buy,2026-05-25 08:55:00,81.00,2,search,mac,上海市,上海市,regular,checkout,S001591,0,C202601,轻氧生鲜,O001590
B001591,U000847,P000150,轻氧母婴用品套装,C06,母婴用品,buy,2026-05-25 16:05:00,76.00,4,douyin,android,浙江省,杭州市,new,checkout,S001592,1,C202601,轻氧母婴,O001591
B001592,U000195,P000103,悦活美妆个护升级版,C01,美妆个护,buy,2026-05-25 13:46:00,76.00,1,search,android,四川省,成都市,member,checkout,S001593,0,C202605,悦活美妆,O001592
B001593,U000556,P000111,云感宠物用品旗舰款,C08,宠物用品,buy,2026-05-25 22:49:00,117.00,3,offline,android,广东省,深圳市,regular,checkout,S001594,0,C202605,云感宠物,O001593
B001594,U000666,P000153,云感美妆个护升级版,C01,美妆个护,buy,2026-05-25 19:56:00,48.00,1,wechat,ios,浙江省,杭州市,regular,checkout,S001595,0,C202602,云感美妆,O001594
B001595,U000507,P000024,轻氧食品饮料日常款,C02,食品饮料,buy,2026-05-25 22:59:00,55.00,1,jd,windows,广东省,深圳市,regular,checkout,S001596,0,C202601,轻氧食品,O001595
B001596,U000070,P000033,云感美妆个护升级版,C01,美妆个护,buy,2026-05-26 08:40:00,88.00,3,jd,ios,广东省,深圳市,high_value,checkout,S001597,0,C202602,云感美妆,O001596
B001597,U000600,P000034,原野生鲜日常款,C09,生鲜,buy,2026-05-26 19:19:00,71.00,1,taobao,mac,上海市,上海市,regular,checkout,S001598,0,C202606,原野生鲜,O001597
B001598,U000566,P000131,轻盈生鲜旗舰款,C09,生鲜,buy,2026-05-26 11:05:00,85.00,4,offline,android,福建省,厦门市,regular,checkout,S001599,0,C202605,轻盈生鲜,O001598
B001599,U000239,P000078,轻氧运动户外升级版,C07,运动户外,buy,2026-05-26 18:13:00,332.00,1,offline,windows,山东省,青岛市,member,checkout,S001600,0,C202601,轻氧运动,O001599
B001600,U000087,P000120,轻氧宠物用品套装,C08,宠物用品,buy,2026-05-26 12:50:00,58.00,1,taobao,windows,福建省,厦门市,high_value,checkout,S001601,0,C202604,轻氧宠物,O001600
B001601,U000377,P000073,悦活家居日用升级版,C04,家居日用,buy,2026-05-26 19:22:00,147.00,1,wechat,windows,四川省,成都市,member,checkout,S001602,0,C202604,悦活家居,O001601
B001602,U000869,P000167,轻盈美妆个护便携装,C01,美妆个护,buy,2026-05-26 18:34:00,119.00,1,search,windows,四川省,成都市,new,checkout,S001603,1,C202603,轻盈美妆,O001602
B001603,U000640,P000040,原野数码配件套装,C05,数码配件,buy,2026-05-26 10:30:00,162.00,1,search,android,浙江省,杭州市,regular,checkout,S001604,0,C202603,原野数码,O001603
B001604,U000715,P000068,臻选旅行用品升级版,C10,旅行用品,buy,2026-05-26 13:08:00,202.00,1,jd,windows,湖北省,武汉市,regular,checkout,S001605,0,C202603,臻选旅行,O001604
B001605,U000593,P000079,悦活服饰日常款,C03,服饰,buy,2026-05-26 20:04:00,452.00,3,search,mac,湖北省,武汉市,regular,checkout,S001606,0,C202602,悦活服饰,O001605
B001606,U000624,P000109,悦活旅行用品日常款,C10,旅行用品,buy,2026-05-26 11:52:00,614.00,1,wechat,mac,湖北省,武汉市,regular,checkout,S001607,0,C202604,悦活旅行,O001606
B001607,U000152,P000035,轻盈家居日用套装,C04,家居日用,buy,2026-05-27 18:11:00,116.00,1,wechat,mac,湖北省,武汉市,member,checkout,S001608,0,C202602,轻盈家居,O001607
B001608,U000859,P000045,云感食品饮料套装,C02,食品饮料,buy,2026-05-27 20:22:00,67.00,1,jd,ios,广东省,深圳市,new,checkout,S001609,1,C202601,云感食品,O001608
B001609,U000048,P000171,云感生鲜旗舰款,C09,生鲜,buy,2026-05-27 08:00:00,30.00,1,douyin,ios,河南省,郑州市,high_value,checkout,S001610,0,C202606,云感生鲜,O001609
B001610,U000805,P000160,原野旅行用品套装,C10,旅行用品,buy,2026-05-27 08:22:00,231.00,1,jd,mac,浙江省,杭州市,regular,checkout,S001611,0,C202604,原野旅行,O001610
B001611,U000809,P000154,原野生鲜日常款,C09,生鲜,buy,2026-05-27 22:11:00,103.00,1,taobao,ios,福建省,厦门市,regular,checkout,S001612,0,C202603,原野生鲜,O001611
B001612,U000346,P000130,原野服饰套装,C03,服饰,buy,2026-05-27 20:03:00,194.00,4,wechat,windows,山东省,青岛市,member,checkout,S001613,0,C202603,原野服饰,O001612
B001613,U000806,P000046,原野食品饮料旗舰款,C02,食品饮料,buy,2026-05-27 10:23:00,69.00,1,offline,android,河南省,郑州市,regular,checkout,S001614,0,C202604,原野食品,O001613
B001614,U000284,P000018,轻氧生鲜升级版,C09,生鲜,buy,2026-05-27 10:55:00,81.00,1,offline,android,山东省,青岛市,member,checkout,S001615,0,C202606,轻氧生鲜,O001614
B001615,U000152,P000154,原野生鲜日常款,C09,生鲜,buy,2026-05-27 19:39:00,103.00,1,wechat,mac,湖北省,武汉市,member,checkout,S001616,0,C202601,原野生鲜,O001615
B001616,U000771,P000130,原野服饰套装,C03,服饰,buy,2026-05-27 23:23:00,194.00,1,taobao,ios,四川省,成都市,regular,checkout,S001617,0,C202603,原野服饰,O001616
B001617,U000648,P000168,轻氧服饰升级版,C03,服饰,buy,2026-05-27 21:01:00,368.00,1,jd,mac,湖北省,武汉市,regular,checkout,S001618,0,C202606,轻氧服饰,O001617
B001618,U000001,P000084,轻氧服饰日常款,C03,服饰,buy,2026-05-28 08:57:00,130.00,1,wechat,mac,北京市,北京市,high_value,checkout,S001619,0,C202602,轻氧服饰,O001618
B001619,U000392,P000141,云感数码配件旗舰款,C05,数码配件,buy,2026-05-28 19:03:00,220.00,1,douyin,mac,河南省,郑州市,member,checkout,S001620,0,C202603,云感数码,O001619
B001620,U000830,P000113,轻盈旅行用品升级版,C10,旅行用品,buy,2026-05-28 08:55:00,483.00,1,jd,windows,浙江省,杭州市,new,checkout,S001621,1,C202605,轻盈旅行,O001620
B001621,U000378,P000004,原野旅行用品日常款,C10,旅行用品,buy,2026-05-28 22:34:00,271.00,1,taobao,ios,浙江省,杭州市,member,checkout,S001622,0,C202605,原野旅行,O001621
B001622,U000361,P000077,轻盈服饰便携装,C03,服饰,buy,2026-05-28 19:20:00,279.00,1,taobao,windows,北京市,北京市,member,checkout,S001623,0,C202603,轻盈服饰,O001622
B001623,U000721,P000042,轻氧美妆个护便携装,C01,美妆个护,buy,2026-05-28 23:23:00,69.00,1,offline,android,四川省,成都市,regular,checkout,S001624,0,C202604,轻氧美妆,O001623
B001624,U000428,P000050,臻选生鲜套装,C09,生鲜,buy,2026-05-28 18:20:00,108.00,3,douyin,mac,浙江省,杭州市,regular,checkout,S001625,0,C202602,臻选生鲜,O001624
B001625,U000338,P000073,悦活家居日用升级版,C04,家居日用,buy,2026-05-28 17:42:00,147.00,1,offline,android,上海市,上海市,member,checkout,S001626,0,C202602,悦活家居,O001625
B001626,U000630,P000082,原野旅行用品便携装,C10,旅行用品,buy,2026-05-28 08:36:00,253.00,1,douyin,windows,湖北省,武汉市,regular,checkout,S001627,0,C202604,原野旅行,O001626
B001627,U000182,P000145,悦活宠物用品套装,C08,宠物用品,buy,2026-05-28 08:09:00,42.00,1,douyin,android,河南省,郑州市,member,checkout,S001628,0,C202601,悦活宠物,O001627
B001628,U000375,P000027,云感宠物用品便携装,C08,宠物用品,buy,2026-05-28 12:05:00,96.00,1,offline,ios,浙江省,杭州市,member,checkout,S001629,0,C202606,云感宠物,O001628
B001629,U000542,P000025,悦活宠物用品套装,C08,宠物用品,buy,2026-05-29 12:39:00,105.00,3,taobao,android,河南省,郑州市,regular,checkout,S001630,0,C202604,悦活宠物,O001629
B001630,U000140,P000062,臻选旅行用品便携装,C10,旅行用品,buy,2026-05-29 19:00:00,226.00,2,search,ios,广东省,深圳市,member,checkout,S001631,0,C202601,臻选旅行,O001630
B001631,U000395,P000021,云感宠物用品旗舰款,C08,宠物用品,buy,2026-05-29 09:49:00,160.00,1,douyin,windows,上海市,上海市,member,checkout,S001632,0,C202602,云感宠物,O001631
B001632,U000525,P000137,轻盈数码配件便携装,C05,数码配件,buy,2026-05-29 11:38:00,216.00,1,douyin,mac,广东省,深圳市,regular,checkout,S001633,0,C202606,轻盈数码,O001632
B001633,U000298,P000047,轻盈服饰便携装,C03,服饰,buy,2026-05-29 11:19:00,154.00,1,jd,ios,江苏省,南京市,member,checkout,S001634,0,C202605,轻盈服饰,O001633
B001634,U000705,P000161,轻盈家居日用旗舰款,C04,家居日用,buy,2026-05-29 09:46:00,160.00,1,taobao,android,北京市,北京市,regular,checkout,S001635,0,C202602,轻盈家居,O001634
B001635,U000136,P000042,轻氧美妆个护便携装,C01,美妆个护,buy,2026-05-29 11:06:00,69.00,1,douyin,windows,湖北省,武汉市,member,checkout,S001636,0,C202605,轻氧美妆,O001635
B001636,U000266,P000113,轻盈旅行用品升级版,C10,旅行用品,buy,2026-05-29 11:05:00,483.00,4,taobao,windows,湖北省,武汉市,member,checkout,S001637,0,C202606,轻盈旅行,O001636
B001637,U000481,P000044,臻选食品饮料日常款,C02,食品饮料,buy,2026-05-29 13:24:00,28.00,1,taobao,android,江苏省,南京市,regular,checkout,S001638,0,C202605,臻选食品,O001637
B001638,U000608,P000077,轻盈服饰便携装,C03,服饰,buy,2026-05-29 17:58:00,279.00,1,offline,android,河南省,郑州市,regular,checkout,S001639,0,C202603,轻盈服饰,O001638
B001639,U000642,P000093,云感生鲜升级版,C09,生鲜,buy,2026-05-29 18:43:00,39.00,1,taobao,android,河南省,郑州市,regular,checkout,S001640,0,C202603,云感生鲜,O001639
B001640,U000108,P000110,臻选美妆个护套装,C01,美妆个护,buy,2026-05-30 09:00:00,81.00,1,search,mac,福建省,厦门市,high_value,checkout,S001641,0,C202602,臻选美妆,O001640
B001641,U000805,P000025,悦活宠物用品套装,C08,宠物用品,buy,2026-05-30 16:03:00,105.00,1,wechat,mac,浙江省,杭州市,regular,checkout,S001642,0,C202602,悦活宠物,O001641
B001642,U000429,P000162,轻氧食品饮料便携装,C02,食品饮料,buy,2026-05-30 19:35:00,73.00,1,taobao,mac,四川省,成都市,regular,checkout,S001643,0,C202602,轻氧食品,O001642
B001643,U000839,P000032,臻选生鲜便携装,C09,生鲜,buy,2026-05-30 22:58:00,71.00,1,douyin,ios,福建省,厦门市,new,checkout,S001644,1,C202602,臻选生鲜,O001643
B001644,U000429,P000090,轻氧旅行用品套装,C10,旅行用品,buy,2026-05-30 09:25:00,170.00,3,offline,mac,四川省,成都市,regular,checkout,S001645,0,C202601,轻氧旅行,O001644
B001645,U000560,P000082,原野旅行用品便携装,C10,旅行用品,buy,2026-05-30 10:18:00,253.00,1,search,ios,山东省,青岛市,regular,checkout,S001646,0,C202603,原野旅行,O001645
B001646,U000229,P000078,轻氧运动户外升级版,C07,运动户外,buy,2026-05-30 11:16:00,332.00,1,douyin,ios,江苏省,南京市,member,checkout,S001647,0,C202606,轻氧运动,O001646
B001647,U000118,P000055,悦活宠物用品套装,C08,宠物用品,buy,2026-05-30 22:56:00,100.00,2,taobao,ios,广东省,深圳市,high_value,checkout,S001648,0,C202603,悦活宠物,O001647
B001648,U000666,P000055,悦活宠物用品套装,C08,宠物用品,buy,2026-05-30 18:23:00,100.00,1,jd,ios,浙江省,杭州市,regular,checkout,S001649,0,C202604,悦活宠物,O001648
B001649,U000834,P000112,原野生鲜便携装,C09,生鲜,buy,2026-05-30 14:49:00,113.00,1,wechat,mac,山东省,青岛市,new,checkout,S001650,1,C202602,原野生鲜,O001649
B001650,U000728,P000102,轻氧母婴用品便携装,C06,母婴用品,buy,2026-05-30 23:15:00,104.00,4,offline,windows,浙江省,杭州市,regular,checkout,S001651,0,C202604,轻氧母婴,O001650
B001651,U000042,P000149,轻盈家居日用日常款,C04,家居日用,buy,2026-05-31 23:46:00,110.00,1,douyin,ios,湖北省,武汉市,high_value,checkout,S001652,0,C202604,轻盈家居,O001651
B001652,U000256,P000145,悦活宠物用品套装,C08,宠物用品,buy,2026-05-31 09:38:00,42.00,1,search,android,湖北省,武汉市,member,checkout,S001653,0,C202601,悦活宠物,O001652
B001653,U000585,P000015,云感母婴用品套装,C06,母婴用品,buy,2026-05-31 20:07:00,128.00,1,jd,android,山东省,青岛市,regular,checkout,S001654,0,C202606,云感母婴,O001653
B001654,U000758,P000073,悦活家居日用升级版,C04,家居日用,buy,2026-05-31 19:49:00,147.00,1,taobao,ios,四川省,成都市,regular,checkout,S001655,0,C202606,悦活家居,O001654
B001655,U000850,P000141,云感数码配件旗舰款,C05,数码配件,buy,2026-05-31 23:12:00,220.00,1,offline,windows,湖北省,武汉市,new,checkout,S001656,1,C202602,云感数码,O001655
B001656,U000584,P000116,臻选数码配件旗舰款,C05,数码配件,buy,2026-05-31 08:24:00,228.00,2,douyin,ios,江苏省,南京市,regular,checkout,S001657,0,C202606,臻选数码,O001656
B001657,U000264,P000010,原野旅行用品套装,C10,旅行用品,buy,2026-05-31 15:31:00,302.00,1,search,mac,江苏省,南京市,member,checkout,S001658,0,C202602,原野旅行,O001657
B001658,U000744,P000040,原野数码配件套装,C05,数码配件,buy,2026-05-31 18:53:00,162.00,3,douyin,windows,浙江省,杭州市,regular,checkout,S001659,0,C202601,原野数码,O001658
B001659,U000585,P000109,悦活旅行用品日常款,C10,旅行用品,buy,2026-05-31 10:26:00,614.00,1,wechat,android,山东省,青岛市,regular,checkout,S001660,0,C202602,悦活旅行,O001659
B001660,U000256,P000024,轻氧食品饮料日常款,C02,食品饮料,buy,2026-05-31 10:00:00,55.00,2,offline,android,湖北省,武汉市,member,checkout,S001661,0,C202603,轻氧食品,O001660
B001661,U000456,P000015,云感母婴用品套装,C06,母婴用品,buy,2026-05-31 11:32:00,128.00,4,offline,ios,北京市,北京市,regular,checkout,S001662,0,C202601,云感母婴,O001661
B001662,U000189,P000040,原野数码配件套装,C05,数码配件,buy,2026-06-01 17:01:00,162.00,1,offline,windows,上海市,上海市,member,checkout,S001663,0,C202604,原野数码,O001662
B001663,U000451,P000064,原野宠物用品日常款,C08,宠物用品,buy,2026-06-01 11:52:00,140.00,1,douyin,mac,湖北省,武汉市,regular,checkout,S001664,0,C202603,原野宠物,O001663
B001664,U000480,P000062,臻选旅行用品便携装,C10,旅行用品,buy,2026-06-01 21:30:00,226.00,4,jd,windows,福建省,厦门市,regular,checkout,S001665,0,C202603,臻选旅行,O001664
B001665,U000744,P000071,轻盈宠物用品旗舰款,C08,宠物用品,buy,2026-06-01 18:19:00,144.00,1,douyin,windows,浙江省,杭州市,regular,checkout,S001666,0,C202605,轻盈宠物,O001665
B001666,U000189,P000012,轻氧母婴用品便携装,C06,母婴用品,buy,2026-06-01 09:45:00,128.00,1,offline,windows,上海市,上海市,member,checkout,S001667,0,C202605,轻氧母婴,O001666
B001667,U000231,P000003,云感生鲜升级版,C09,生鲜,buy,2026-06-01 23:58:00,73.00,1,search,android,福建省,厦门市,member,checkout,S001668,0,C202601,云感生鲜,O001667
B001668,U000432,P000148,原野数码配件升级版,C05,数码配件,buy,2026-06-01 12:40:00,136.00,1,douyin,ios,河南省,郑州市,regular,checkout,S001669,0,C202605,原野数码,O001668
B001669,U000601,P000106,原野母婴用品旗舰款,C06,母婴用品,buy,2026-06-01 23:26:00,102.00,1,douyin,ios,江苏省,南京市,regular,checkout,S001670,0,C202604,原野母婴,O001669
B001670,U000518,P000026,臻选生鲜旗舰款,C09,生鲜,buy,2026-06-01 22:09:00,88.00,3,jd,ios,上海市,上海市,regular,checkout,S001671,0,C202602,臻选生鲜,O001670
B001671,U000211,P000034,原野生鲜日常款,C09,生鲜,buy,2026-06-01 17:45:00,71.00,1,jd,windows,江苏省,南京市,member,checkout,S001672,0,C202604,原野生鲜,O001671
B001672,U000580,P000147,云感数码配件便携装,C05,数码配件,buy,2026-06-01 22:13:00,281.00,1,wechat,ios,广东省,深圳市,regular,checkout,S001673,0,C202604,云感数码,O001672
B001673,U000478,P000043,悦活服饰升级版,C03,服饰,buy,2026-06-02 17:30:00,237.00,3,wechat,android,北京市,北京市,regular,checkout,S001674,0,C202602,悦活服饰,O001673
B001674,U000899,P000008,臻选美妆个护升级版,C01,美妆个护,buy,2026-06-02 18:13:00,69.00,1,douyin,windows,北京市,北京市,new,checkout,S001675,1,C202605,臻选美妆,O001674
B001675,U000805,P000075,云感母婴用品套装,C06,母婴用品,buy,2026-06-02 10:02:00,82.00,1,offline,mac,浙江省,杭州市,regular,checkout,S001676,0,C202605,云感母婴,O001675
B001676,U000401,P000046,原野食品饮料旗舰款,C02,食品饮料,buy,2026-06-02 12:23:00,69.00,1,search,android,浙江省,杭州市,member,checkout,S001677,0,C202606,原野食品,O001676
B001677,U000857,P000157,悦活旅行用品便携装,C10,旅行用品,buy,2026-06-02 22:06:00,436.00,1,search,ios,山东省,青岛市,new,checkout,S001678,1,C202604,悦活旅行,O001677
B001678,U000113,P000006,轻氧母婴用品旗舰款,C06,母婴用品,buy,2026-06-02 13:32:00,161.00,1,douyin,windows,江苏省,南京市,high_value,checkout,S001679,0,C202605,轻氧母婴,O001678
B001679,U000647,P000011,轻盈旅行用品旗舰款,C10,旅行用品,buy,2026-06-02 10:12:00,224.00,1,douyin,android,北京市,北京市,regular,checkout,S001680,0,C202601,轻盈旅行,O001679
B001680,U000672,P000160,原野旅行用品套装,C10,旅行用品,buy,2026-06-02 08:30:00,231.00,1,search,windows,上海市,上海市,regular,checkout,S001681,0,C202604,原野旅行,O001680
B001681,U000800,P000126,轻氧旅行用品旗舰款,C10,旅行用品,buy,2026-06-02 23:21:00,248.00,1,taobao,android,上海市,上海市,regular,checkout,S001682,0,C202605,轻氧旅行,O001681
B001682,U000288,P000130,原野服饰套装,C03,服饰,buy,2026-06-02 10:17:00,194.00,1,search,windows,湖北省,武汉市,member,checkout,S001683,0,C202601,原野服饰,O001682
B001683,U000150,P000046,原野食品饮料旗舰款,C02,食品饮料,buy,2026-06-02 12:20:00,69.00,1,jd,windows,江苏省,南京市,member,checkout,S001684,0,C202603,原野食品,O001683
B001684,U000862,P000014,臻选食品饮料日常款,C02,食品饮料,buy,2026-06-03 20:11:00,60.00,1,search,windows,北京市,北京市,new,checkout,S001685,1,C202603,臻选食品,O001684
B001685,U000277,P000166,原野服饰旗舰款,C03,服饰,buy,2026-06-03 09:31:00,378.00,4,search,ios,福建省,厦门市,member,checkout,S001686,0,C202605,原野服饰,O001685
B001686,U000440,P000131,轻盈生鲜旗舰款,C09,生鲜,buy,2026-06-03 08:40:00,85.00,2,douyin,android,河南省,郑州市,regular,checkout,S001687,0,C202604,轻盈生鲜,O001686
B001687,U000498,P000143,轻盈美妆个护升级版,C01,美妆个护,buy,2026-06-03 20:11:00,53.00,1,taobao,windows,山东省,青岛市,regular,checkout,S001688,0,C202605,轻盈美妆,O001687
B001688,U000892,P000066,轻氧母婴用品旗舰款,C06,母婴用品,buy,2026-06-03 10:28:00,76.00,1,douyin,windows,广东省,深圳市,new,checkout,S001689,1,C202605,轻氧母婴,O001688
B001689,U000520,P000007,悦活服饰便携装,C03,服饰,buy,2026-06-03 17:43:00,344.00,1,taobao,windows,山东省,青岛市,regular,checkout,S001690,0,C202601,悦活服饰,O001689
B001690,U000871,P000145,悦活宠物用品套装,C08,宠物用品,buy,2026-06-03 08:22:00,42.00,4,search,windows,广东省,深圳市,new,checkout,S001691,1,C202603,悦活宠物,O001690
B001691,U000842,P000172,原野宠物用品便携装,C08,宠物用品,buy,2026-06-03 22:39:00,99.00,3,search,windows,广东省,深圳市,new,checkout,S001692,1,C202604,原野宠物,O001691
B001692,U000466,P000095,轻盈旅行用品套装,C10,旅行用品,buy,2026-06-03 10:49:00,577.00,1,wechat,mac,河南省,郑州市,regular,checkout,S001693,0,C202601,轻盈旅行,O001692
B001693,U000777,P000063,云感母婴用品升级版,C06,母婴用品,buy,2026-06-03 16:26:00,165.00,1,search,ios,浙江省,杭州市,regular,checkout,S001694,0,C202605,云感母婴,O001693
B001694,U000327,P000092,臻选服饰便携装,C03,服饰,buy,2026-06-03 15:14:00,291.00,1,jd,mac,北京市,北京市,member,checkout,S001695,0,C202604,臻选服饰,O001694
B001695,U000496,P000094,原野运动户外日常款,C07,运动户外,buy,2026-06-04 17:04:00,136.00,1,jd,mac,湖北省,武汉市,regular,checkout,S001696,0,C202601,原野运动,O001695
B001696,U000750,P000145,悦活宠物用品套装,C08,宠物用品,buy,2026-06-04 11:31:00,42.00,1,wechat,windows,福建省,厦门市,regular,checkout,S001697,0,C202605,悦活宠物,O001696
B001697,U000529,P000008,臻选美妆个护升级版,C01,美妆个护,buy,2026-06-04 16:39:00,69.00,1,offline,android,北京市,北京市,regular,checkout,S001698,0,C202601,臻选美妆,O001697
B001698,U000336,P000159,云感旅行用品日常款,C10,旅行用品,buy,2026-06-04 17:44:00,514.00,1,offline,mac,山东省,青岛市,member,checkout,S001699,0,C202605,云感旅行,O001698
B001699,U000598,P000029,轻盈食品饮料日常款,C02,食品饮料,buy,2026-06-04 13:48:00,91.00,1,taobao,windows,福建省,厦门市,regular,checkout,S001700,0,C202605,轻盈食品,O001699
B001700,U000587,P000078,轻氧运动户外升级版,C07,运动户外,buy,2026-06-04 08:39:00,332.00,3,wechat,ios,湖北省,武汉市,regular,checkout,S001701,0,C202604,轻氧运动,O001700
B001701,U000167,P000127,悦活食品饮料便携装,C02,食品饮料,buy,2026-06-04 14:52:00,39.00,3,wechat,mac,广东省,深圳市,member,checkout,S001702,0,C202605,悦活食品,O001701
B001702,U000520,P000039,云感生鲜日常款,C09,生鲜,buy,2026-06-04 10:21:00,109.00,1,douyin,windows,山东省,青岛市,regular,checkout,S001703,0,C202603,云感生鲜,O001702
B001703,U000838,P000040,原野数码配件套装,C05,数码配件,buy,2026-06-04 21:34:00,162.00,1,jd,mac,浙江省,杭州市,new,checkout,S001704,1,C202601,原野数码,O001703
B001704,U000171,P000155,轻盈生鲜套装,C09,生鲜,buy,2026-06-04 20:54:00,106.00,3,douyin,mac,四川省,成都市,member,checkout,S001705,0,C202605,轻盈生鲜,O001704
B001705,U000734,P000021,云感宠物用品旗舰款,C08,宠物用品,buy,2026-06-04 15:56:00,160.00,4,wechat,mac,江苏省,南京市,regular,checkout,S001706,0,C202601,云感宠物,O001705
B001706,U000017,P000148,原野数码配件升级版,C05,数码配件,buy,2026-06-05 14:19:00,136.00,1,offline,mac,河南省,郑州市,high_value,checkout,S001707,0,C202606,原野数码,O001706
B001707,U000478,P000009,云感数码配件日常款,C05,数码配件,buy,2026-06-05 15:01:00,295.00,1,taobao,android,北京市,北京市,regular,checkout,S001708,0,C202604,云感数码,O001707
B001708,U000106,P000149,轻盈家居日用日常款,C04,家居日用,buy,2026-06-05 11:21:00,110.00,1,search,android,广东省,深圳市,high_value,checkout,S001709,0,C202602,轻盈家居,O001708
B001709,U000800,P000010,原野旅行用品套装,C10,旅行用品,buy,2026-06-05 11:29:00,302.00,3,jd,android,上海市,上海市,regular,checkout,S001710,0,C202602,原野旅行,O001709
B001710,U000466,P000009,云感数码配件日常款,C05,数码配件,buy,2026-06-05 18:18:00,295.00,3,wechat,mac,河南省,郑州市,regular,checkout,S001711,0,C202604,云感数码,O001710
B001711,U000170,P000003,云感生鲜升级版,C09,生鲜,buy,2026-06-05 14:14:00,73.00,1,search,android,山东省,青岛市,member,checkout,S001712,0,C202602,云感生鲜,O001711
B001712,U000039,P000144,轻氧美妆个护日常款,C01,美妆个护,buy,2026-06-05 20:58:00,118.00,2,jd,mac,福建省,厦门市,high_value,checkout,S001713,0,C202601,轻氧美妆,O001712
B001713,U000659,P000156,轻氧母婴用品旗舰款,C06,母婴用品,buy,2026-06-05 15:49:00,153.00,1,search,mac,浙江省,杭州市,regular,checkout,S001714,0,C202604,轻氧母婴,O001713
B001714,U000652,P000049,悦活数码配件日常款,C05,数码配件,buy,2026-06-05 15:03:00,141.00,1,jd,mac,河南省,郑州市,regular,checkout,S001715,0,C202601,悦活数码,O001714
B001715,U000792,P000093,云感生鲜升级版,C09,生鲜,buy,2026-06-05 14:46:00,39.00,1,search,android,山东省,青岛市,regular,checkout,S001716,0,C202603,云感生鲜,O001715
B001716,U000661,P000105,云感运动户外套装,C07,运动户外,buy,2026-06-05 08:33:00,142.00,1,search,windows,福建省,厦门市,regular,checkout,S001717,0,C202604,云感运动,O001716
B001717,U000442,P000031,悦活运动户外旗舰款,C07,运动户外,buy,2026-06-06 14:37:00,98.00,1,taobao,ios,湖北省,武汉市,regular,checkout,S001718,0,C202606,悦活运动,O001717
B001718,U000263,P000053,轻盈服饰升级版,C03,服饰,buy,2026-06-06 18:09:00,262.00,1,offline,mac,山东省,青岛市,member,checkout,S001719,0,C202605,轻盈服饰,O001718
B001719,U000821,P000154,原野生鲜日常款,C09,生鲜,buy,2026-06-06 22:58:00,103.00,1,jd,ios,山东省,青岛市,new,checkout,S001720,1,C202606,原野生鲜,O001719
B001720,U000206,P000107,轻盈运动户外便携装,C07,运动户外,buy,2026-06-06 13:49:00,176.00,1,wechat,mac,江苏省,南京市,member,checkout,S001721,0,C202602,轻盈运动,O001720
B001721,U000687,P000104,臻选旅行用品日常款,C10,旅行用品,buy,2026-06-06 18:20:00,352.00,1,douyin,android,北京市,北京市,regular,checkout,S001722,0,C202602,臻选旅行,O001721
B001722,U000537,P000171,云感生鲜旗舰款,C09,生鲜,buy,2026-06-06 14:19:00,30.00,2,offline,android,山东省,青岛市,regular,checkout,S001723,0,C202603,云感生鲜,O001722
B001723,U000027,P000154,原野生鲜日常款,C09,生鲜,buy,2026-06-06 12:50:00,103.00,1,jd,mac,浙江省,杭州市,high_value,checkout,S001724,0,C202606,原野生鲜,O001723
B001724,U000110,P000028,原野数码配件升级版,C05,数码配件,buy,2026-06-06 11:01:00,158.00,1,offline,mac,福建省,厦门市,high_value,checkout,S001725,0,C202602,原野数码,O001724
B001725,U000393,P000080,臻选家居日用套装,C04,家居日用,buy,2026-06-06 14:53:00,148.00,1,offline,mac,湖北省,武汉市,member,checkout,S001726,0,C202601,臻选家居,O001725
B001726,U000538,P000137,轻盈数码配件便携装,C05,数码配件,buy,2026-06-06 21:13:00,216.00,1,wechat,android,山东省,青岛市,regular,checkout,S001727,0,C202604,轻盈数码,O001726
B001727,U000558,P000102,轻氧母婴用品便携装,C06,母婴用品,buy,2026-06-06 08:54:00,104.00,2,offline,android,湖北省,武汉市,regular,checkout,S001728,0,C202606,轻氧母婴,O001727
B001728,U000007,P000099,云感服饰日常款,C03,服饰,buy,2026-06-07 13:40:00,230.00,1,offline,ios,江苏省,南京市,high_value,checkout,S001729,0,C202606,云感服饰,O001728
B001729,U000489,P000029,轻盈食品饮料日常款,C02,食品饮料,buy,2026-06-07 22:11:00,91.00,1,wechat,mac,浙江省,杭州市,regular,checkout,S001730,0,C202606,轻盈食品,O001729
B001730,U000898,P000143,轻盈美妆个护升级版,C01,美妆个护,buy,2026-06-07 18:50:00,53.00,1,search,ios,山东省,青岛市,new,checkout,S001731,1,C202602,轻盈美妆,O001730
B001731,U000120,P000115,悦活美妆个护套装,C01,美妆个护,buy,2026-06-07 19:35:00,86.00,1,wechat,windows,广东省,深圳市,high_value,checkout,S001732,0,C202603,悦活美妆,O001731
B001732,U000413,P000133,悦活美妆个护升级版,C01,美妆个护,buy,2026-06-07 15:24:00,47.00,4,jd,mac,四川省,成都市,member,checkout,S001733,0,C202604,悦活美妆,O001732
B001733,U000539,P000168,轻氧服饰升级版,C03,服饰,buy,2026-06-07 18:53:00,368.00,1,taobao,ios,北京市,北京市,regular,checkout,S001734,0,C202606,轻氧服饰,O001733
B001734,U000344,P000143,轻盈美妆个护升级版,C01,美妆个护,buy,2026-06-07 16:13:00,53.00,4,jd,windows,湖北省,武汉市,member,checkout,S001735,0,C202601,轻盈美妆,O001734
B001735,U000464,P000065,轻盈生鲜套装,C09,生鲜,buy,2026-06-07 20:16:00,41.00,1,jd,android,浙江省,杭州市,regular,checkout,S001736,0,C202605,轻盈生鲜,O001735
B001736,U000639,P000130,原野服饰套装,C03,服饰,buy,2026-06-07 16:03:00,194.00,1,wechat,ios,上海市,上海市,regular,checkout,S001737,0,C202602,原野服饰,O001736
B001737,U000666,P000137,轻盈数码配件便携装,C05,数码配件,buy,2026-06-07 12:23:00,216.00,1,douyin,ios,浙江省,杭州市,regular,checkout,S001738,0,C202601,轻盈数码,O001737
B001738,U000334,P000104,臻选旅行用品日常款,C10,旅行用品,buy,2026-06-07 19:34:00,352.00,2,offline,windows,福建省,厦门市,member,checkout,S001739,0,C202604,臻选旅行,O001738
B001739,U000612,P000083,轻盈运动户外升级版,C07,运动户外,buy,2026-06-08 11:31:00,227.00,1,jd,windows,四川省,成都市,regular,checkout,S001740,0,C202606,轻盈运动,O001739
B001740,U000271,P000083,轻盈运动户外升级版,C07,运动户外,buy,2026-06-08 11:47:00,227.00,1,wechat,android,河南省,郑州市,member,checkout,S001741,0,C202604,轻盈运动,O001740
B001741,U000451,P000127,悦活食品饮料便携装,C02,食品饮料,buy,2026-06-08 18:26:00,39.00,1,search,mac,湖北省,武汉市,regular,checkout,S001742,0,C202601,悦活食品,O001741
B001742,U000126,P000040,原野数码配件套装,C05,数码配件,buy,2026-06-08 13:07:00,162.00,1,search,android,浙江省,杭州市,member,checkout,S001743,0,C202604,原野数码,O001742
B001743,U000384,P000145,悦活宠物用品套装,C08,宠物用品,buy,2026-06-08 10:16:00,42.00,1,offline,ios,河南省,郑州市,member,checkout,S001744,0,C202602,悦活宠物,O001743
B001744,U000260,P000122,臻选运动户外便携装,C07,运动户外,buy,2026-06-08 15:40:00,212.00,1,wechat,android,上海市,上海市,member,checkout,S001745,0,C202602,臻选运动,O001744
B001745,U000067,P000123,云感宠物用品升级版,C08,宠物用品,buy,2026-06-08 17:10:00,83.00,1,douyin,mac,江苏省,南京市,high_value,checkout,S001746,0,C202601,云感宠物,O001745
B001746,U000002,P000095,轻盈旅行用品套装,C10,旅行用品,buy,2026-06-08 15:44:00,577.00,1,jd,android,浙江省,杭州市,high_value,checkout,S001747,0,C202602,轻盈旅行,O001746
B001747,U000246,P000042,轻氧美妆个护便携装,C01,美妆个护,buy,2026-06-08 12:43:00,69.00,1,offline,ios,福建省,厦门市,member,checkout,S001748,0,C202605,轻氧美妆,O001747
B001748,U000350,P000024,轻氧食品饮料日常款,C02,食品饮料,buy,2026-06-08 17:33:00,55.00,1,search,windows,福建省,厦门市,member,checkout,S001749,0,C202603,轻氧食品,O001748
B001749,U000266,P000124,原野食品饮料日常款,C02,食品饮料,buy,2026-06-08 23:49:00,60.00,1,douyin,windows,湖北省,武汉市,member,checkout,S001750,0,C202603,原野食品,O001749
B001750,U000128,P000053,轻盈服饰升级版,C03,服饰,buy,2026-06-09 12:50:00,262.00,1,jd,ios,江苏省,南京市,member,checkout,S001751,0,C202606,轻盈服饰,O001750
B001751,U000084,P000090,轻氧旅行用品套装,C10,旅行用品,buy,2026-06-09 09:06:00,170.00,1,jd,windows,河南省,郑州市,high_value,checkout,S001752,0,C202601,轻氧旅行,O001751
B001752,U000748,P000128,臻选旅行用品升级版,C10,旅行用品,buy,2026-06-09 20:22:00,514.00,1,search,windows,江苏省,南京市,regular,checkout,S001753,0,C202606,臻选旅行,O001752
B001753,U000526,P000127,悦活食品饮料便携装,C02,食品饮料,buy,2026-06-09 17:18:00,39.00,1,douyin,android,浙江省,杭州市,regular,checkout,S001754,0,C202605,悦活食品,O001753
B001754,U000506,P000008,臻选美妆个护升级版,C01,美妆个护,buy,2026-06-09 21:48:00,69.00,1,douyin,android,湖北省,武汉市,regular,checkout,S001755,0,C202602,臻选美妆,O001754
B001755,U000049,P000099,云感服饰日常款,C03,服饰,buy,2026-06-09 20:52:00,230.00,2,douyin,windows,北京市,北京市,high_value,checkout,S001756,0,C202603,云感服饰,O001755
B001756,U000126,P000010,原野旅行用品套装,C10,旅行用品,buy,2026-06-09 10:37:00,302.00,1,search,android,浙江省,杭州市,member,checkout,S001757,0,C202603,原野旅行,O001756
B001757,U000889,P000065,轻盈生鲜套装,C09,生鲜,buy,2026-06-09 10:53:00,41.00,2,offline,android,广东省,深圳市,new,checkout,S001758,1,C202605,轻盈生鲜,O001757
B001758,U000430,P000075,云感母婴用品套装,C06,母婴用品,buy,2026-06-09 17:36:00,82.00,1,wechat,ios,福建省,厦门市,regular,checkout,S001759,0,C202602,云感母婴,O001758
B001759,U000661,P000158,臻选母婴用品升级版,C06,母婴用品,buy,2026-06-09 18:54:00,121.00,1,douyin,windows,福建省,厦门市,regular,checkout,S001760,0,C202601,臻选母婴,O001759
B001760,U000572,P000053,轻盈服饰升级版,C03,服饰,buy,2026-06-09 20:43:00,262.00,1,jd,ios,四川省,成都市,regular,checkout,S001761,0,C202603,轻盈服饰,O001760
B001761,U000791,P000045,云感食品饮料套装,C02,食品饮料,buy,2026-06-10 16:09:00,67.00,1,jd,windows,上海市,上海市,regular,checkout,S001762,0,C202601,云感食品,O001761
B001762,U000494,P000154,原野生鲜日常款,C09,生鲜,buy,2026-06-10 10:31:00,103.00,1,taobao,android,广东省,深圳市,regular,checkout,S001763,0,C202606,原野生鲜,O001762
B001763,U000445,P000114,轻氧母婴用品日常款,C06,母婴用品,buy,2026-06-10 22:31:00,142.00,1,wechat,mac,福建省,厦门市,regular,checkout,S001764,0,C202605,轻氧母婴,O001763
B001764,U000124,P000003,云感生鲜升级版,C09,生鲜,buy,2026-06-10 18:42:00,73.00,1,offline,ios,福建省,厦门市,member,checkout,S001765,0,C202604,云感生鲜,O001764
B001765,U000326,P000159,云感旅行用品日常款,C10,旅行用品,buy,2026-06-10 21:48:00,514.00,1,offline,windows,河南省,郑州市,member,checkout,S001766,0,C202605,云感旅行,O001765
B001766,U000781,P000148,原野数码配件升级版,C05,数码配件,buy,2026-06-10 23:49:00,136.00,1,douyin,android,广东省,深圳市,regular,checkout,S001767,0,C202601,原野数码,O001766
B001767,U000431,P000024,轻氧食品饮料日常款,C02,食品饮料,buy,2026-06-10 22:15:00,55.00,1,douyin,ios,山东省,青岛市,regular,checkout,S001768,0,C202604,轻氧食品,O001767
B001768,U000177,P000066,轻氧母婴用品旗舰款,C06,母婴用品,buy,2026-06-10 18:22:00,76.00,1,search,mac,北京市,北京市,member,checkout,S001769,0,C202604,轻氧母婴,O001768
B001769,U000679,P000030,轻氧家居日用套装,C04,家居日用,buy,2026-06-10 14:51:00,106.00,1,taobao,windows,山东省,青岛市,regular,checkout,S001770,0,C202602,轻氧家居,O001769
B001770,U000554,P000029,轻盈食品饮料日常款,C02,食品饮料,buy,2026-06-10 14:19:00,91.00,1,wechat,mac,四川省,成都市,regular,checkout,S001771,0,C202604,轻盈食品,O001770
B001771,U000236,P000154,原野生鲜日常款,C09,生鲜,buy,2026-06-10 19:16:00,103.00,2,taobao,ios,湖北省,武汉市,member,checkout,S001772,0,C202602,原野生鲜,O001771
B001772,U000530,P000006,轻氧母婴用品旗舰款,C06,母婴用品,buy,2026-06-11 13:51:00,161.00,4,search,ios,江苏省,南京市,regular,checkout,S001773,0,C202601,轻氧母婴,O001772
B001773,U000632,P000056,臻选旅行用品旗舰款,C10,旅行用品,buy,2026-06-11 20:12:00,443.00,1,offline,android,广东省,深圳市,regular,checkout,S001774,0,C202606,臻选旅行,O001773
B001774,U000201,P000045,云感食品饮料套装,C02,食品饮料,buy,2026-06-11 18:15:00,67.00,1,douyin,mac,上海市,上海市,member,checkout,S001775,0,C202605,云感食品,O001774
B001775,U000355,P000136,原野运动户外旗舰款,C07,运动户外,buy,2026-06-11 18:24:00,169.00,1,search,windows,浙江省,杭州市,member,checkout,S001776,0,C202601,原野运动,O001775
B001776,U000737,P000162,轻氧食品饮料便携装,C02,食品饮料,buy,2026-06-11 11:30:00,73.00,1,douyin,ios,上海市,上海市,regular,checkout,S001777,0,C202603,轻氧食品,O001776
B001777,U000310,P000003,云感生鲜升级版,C09,生鲜,buy,2026-06-11 09:00:00,73.00,1,jd,mac,江苏省,南京市,member,checkout,S001778,0,C202602,云感生鲜,O001777
B001778,U000694,P000116,臻选数码配件旗舰款,C05,数码配件,buy,2026-06-11 11:38:00,228.00,1,search,ios,浙江省,杭州市,regular,checkout,S001779,0,C202603,臻选数码,O001778
B001779,U000126,P000164,臻选食品饮料日常款,C02,食品饮料,buy,2026-06-11 18:59:00,73.00,1,jd,android,浙江省,杭州市,member,checkout,S001780,0,C202601,臻选食品,O001779
B001780,U000539,P000145,悦活宠物用品套装,C08,宠物用品,buy,2026-06-11 08:55:00,42.00,4,douyin,ios,北京市,北京市,regular,checkout,S001781,0,C202603,悦活宠物,O001780
B001781,U000381,P000155,轻盈生鲜套装,C09,生鲜,buy,2026-06-11 18:11:00,106.00,1,search,windows,广东省,深圳市,member,checkout,S001782,0,C202603,轻盈生鲜,O001781
B001782,U000768,P000068,臻选旅行用品升级版,C10,旅行用品,buy,2026-06-11 21:44:00,202.00,3,offline,ios,河南省,郑州市,regular,checkout,S001783,0,C202603,臻选旅行,O001782
B001783,U000633,P000151,悦活美妆个护旗舰款,C01,美妆个护,buy,2026-06-12 08:03:00,38.00,1,offline,ios,山东省,青岛市,regular,checkout,S001784,0,C202605,悦活美妆,O001783
B001784,U000804,P000126,轻氧旅行用品旗舰款,C10,旅行用品,buy,2026-06-12 20:19:00,248.00,1,taobao,mac,上海市,上海市,regular,checkout,S001785,0,C202604,轻氧旅行,O001784
B001785,U000835,P000163,悦活生鲜升级版,C09,生鲜,buy,2026-06-12 17:07:00,69.00,2,jd,ios,四川省,成都市,new,checkout,S001786,1,C202606,悦活生鲜,O001785
B001786,U000067,P000159,云感旅行用品日常款,C10,旅行用品,buy,2026-06-12 19:16:00,514.00,1,wechat,mac,江苏省,南京市,high_value,checkout,S001787,0,C202603,云感旅行,O001786
B001787,U000455,P000074,臻选美妆个护日常款,C01,美妆个护,buy,2026-06-12 23:48:00,71.00,1,search,android,湖北省,武汉市,regular,checkout,S001788,0,C202605,臻选美妆,O001787
B001788,U000692,P000076,原野美妆个护旗舰款,C01,美妆个护,buy,2026-06-12 10:13:00,77.00,1,taobao,android,河南省,郑州市,regular,checkout,S001789,0,C202604,原野美妆,O001788
B001789,U000337,P000069,云感运动户外日常款,C07,运动户外,buy,2026-06-12 20:05:00,268.00,3,offline,mac,福建省,厦门市,member,checkout,S001790,0,C202605,云感运动,O001789
B001790,U000571,P000121,悦活运动户外旗舰款,C07,运动户外,buy,2026-06-12 20:06:00,291.00,2,douyin,mac,浙江省,杭州市,regular,checkout,S001791,0,C202603,悦活运动,O001790
B001791,U000699,P000109,悦活旅行用品日常款,C10,旅行用品,buy,2026-06-12 10:42:00,614.00,1,jd,android,北京市,北京市,regular,checkout,S001792,0,C202601,悦活旅行,O001791
B001792,U000578,P000031,悦活运动户外旗舰款,C07,运动户外,buy,2026-06-12 14:31:00,98.00,1,search,windows,浙江省,杭州市,regular,checkout,S001793,0,C202603,悦活运动,O001792
B001793,U000711,P000158,臻选母婴用品升级版,C06,母婴用品,buy,2026-06-12 20:46:00,121.00,2,taobao,windows,上海市,上海市,regular,checkout,S001794,0,C202604,臻选母婴,O001793
B001794,U000452,P000004,原野旅行用品日常款,C10,旅行用品,buy,2026-06-13 15:03:00,271.00,1,search,mac,江苏省,南京市,regular,checkout,S001795,0,C202604,原野旅行,O001794
B001795,U000197,P000129,云感服饰日常款,C03,服饰,buy,2026-06-13 09:22:00,307.00,1,jd,mac,上海市,上海市,member,checkout,S001796,0,C202603,云感服饰,O001795
B001796,U000361,P000024,轻氧食品饮料日常款,C02,食品饮料,buy,2026-06-13 13:21:00,55.00,4,douyin,windows,北京市,北京市,member,checkout,S001797,0,C202605,轻氧食品,O001796
B001797,U000024,P000013,悦活食品饮料升级版,C02,食品饮料,buy,2026-06-13 15:43:00,91.00,1,search,ios,湖北省,武汉市,high_value,checkout,S001798,0,C202601,悦活食品,O001797
B001798,U000641,P000023,轻盈食品饮料升级版,C02,食品饮料,buy,2026-06-13 19:19:00,79.00,1,jd,windows,浙江省,杭州市,regular,checkout,S001799,0,C202604,轻盈食品,O001798
B001799,U000040,P000117,云感食品饮料便携装,C02,食品饮料,buy,2026-06-13 22:14:00,54.00,4,taobao,windows,北京市,北京市,high_value,checkout,S001800,0,C202602,云感食品,O001799
B001800,U000604,P000169,悦活生鲜日常款,C09,生鲜,buy,2026-06-13 10:54:00,42.00,1,jd,android,福建省,厦门市,regular,checkout,S001801,0,C202602,悦活生鲜,O001800
B001801,U000883,P000036,轻氧食品饮料旗舰款,C02,食品饮料,buy,2026-06-13 09:34:00,73.00,1,wechat,ios,湖北省,武汉市,new,checkout,S001802,1,C202601,轻氧食品,O001801
B001802,U000769,P000150,轻氧母婴用品套装,C06,母婴用品,buy,2026-06-13 16:46:00,76.00,1,jd,ios,广东省,深圳市,regular,checkout,S001803,0,C202602,轻氧母婴,O001802
B001803,U000613,P000154,原野生鲜日常款,C09,生鲜,buy,2026-06-13 21:49:00,103.00,1,wechat,windows,江苏省,南京市,regular,checkout,S001804,0,C202602,原野生鲜,O001803
B001804,U000629,P000159,云感旅行用品日常款,C10,旅行用品,buy,2026-06-13 22:32:00,514.00,1,wechat,android,山东省,青岛市,regular,checkout,S001805,0,C202606,云感旅行,O001804
B001805,U000216,P000059,轻盈美妆个护日常款,C01,美妆个护,buy,2026-06-14 22:23:00,52.00,1,search,ios,山东省,青岛市,member,checkout,S001806,0,C202605,轻盈美妆,O001805
B001806,U000616,P000004,原野旅行用品日常款,C10,旅行用品,buy,2026-06-14 18:39:00,271.00,1,wechat,windows,广东省,深圳市,regular,checkout,S001807,0,C202605,原野旅行,O001806
B001807,U000207,P000019,悦活家居日用日常款,C04,家居日用,buy,2026-06-14 09:23:00,71.00,1,jd,mac,四川省,成都市,member,checkout,S001808,0,C202603,悦活家居,O001807
B001808,U000300,P000065,轻盈生鲜套装,C09,生鲜,buy,2026-06-14 20:03:00,41.00,1,offline,android,湖北省,武汉市,member,checkout,S001809,0,C202603,轻盈生鲜,O001808
B001809,U000204,P000170,臻选生鲜套装,C09,生鲜,buy,2026-06-14 16:31:00,77.00,1,search,ios,湖北省,武汉市,member,checkout,S001810,0,C202601,臻选生鲜,O001809
B001810,U000589,P000029,轻盈食品饮料日常款,C02,食品饮料,buy,2026-06-14 13:48:00,91.00,2,search,windows,河南省,郑州市,regular,checkout,S001811,0,C202606,轻盈食品,O001810
B001811,U000725,P000056,臻选旅行用品旗舰款,C10,旅行用品,buy,2026-06-14 22:49:00,443.00,1,wechat,ios,山东省,青岛市,regular,checkout,S001812,0,C202605,臻选旅行,O001811
B001812,U000123,P000168,轻氧服饰升级版,C03,服饰,buy,2026-06-14 19:06:00,368.00,1,taobao,ios,浙江省,杭州市,member,checkout,S001813,0,C202605,轻氧服饰,O001812
B001813,U000845,P000133,悦活美妆个护升级版,C01,美妆个护,buy,2026-06-14 23:25:00,47.00,1,search,mac,上海市,上海市,new,checkout,S001814,1,C202605,悦活美妆,O001813
B001814,U000874,P000088,原野家居日用升级版,C04,家居日用,buy,2026-06-14 10:33:00,89.00,1,jd,windows,上海市,上海市,new,checkout,S001815,1,C202601,原野家居,O001814
B001815,U000753,P000013,悦活食品饮料升级版,C02,食品饮料,buy,2026-06-14 16:09:00,91.00,1,taobao,android,上海市,上海市,regular,checkout,S001816,0,C202605,悦活食品,O001815
B001816,U000629,P000160,原野旅行用品套装,C10,旅行用品,buy,2026-06-15 15:18:00,231.00,2,jd,android,山东省,青岛市,regular,checkout,S001817,0,C202605,原野旅行,O001816
B001817,U000310,P000130,原野服饰套装,C03,服饰,buy,2026-06-15 20:07:00,194.00,1,jd,mac,江苏省,南京市,member,checkout,S001818,0,C202605,原野服饰,O001817
B001818,U000498,P000131,轻盈生鲜旗舰款,C09,生鲜,buy,2026-06-15 12:06:00,85.00,4,offline,windows,山东省,青岛市,regular,checkout,S001819,0,C202603,轻盈生鲜,O001818
B001819,U000024,P000014,臻选食品饮料日常款,C02,食品饮料,buy,2026-06-15 11:27:00,60.00,1,douyin,ios,湖北省,武汉市,high_value,checkout,S001820,0,C202603,臻选食品,O001819
B001820,U000078,P000106,原野母婴用品旗舰款,C06,母婴用品,buy,2026-06-15 18:11:00,102.00,1,offline,mac,湖北省,武汉市,high_value,checkout,S001821,0,C202602,原野母婴,O001820
B001821,U000811,P000095,轻盈旅行用品套装,C10,旅行用品,buy,2026-06-15 17:18:00,577.00,1,wechat,mac,四川省,成都市,regular,checkout,S001822,0,C202602,轻盈旅行,O001821
B001822,U000767,P000122,臻选运动户外便携装,C07,运动户外,buy,2026-06-15 14:41:00,212.00,1,search,windows,湖北省,武汉市,regular,checkout,S001823,0,C202605,臻选运动,O001822
B001823,U000578,P000152,臻选数码配件便携装,C05,数码配件,buy,2026-06-15 12:14:00,302.00,1,douyin,windows,浙江省,杭州市,regular,checkout,S001824,0,C202603,臻选数码,O001823
B001824,U000581,P000089,轻盈美妆个护日常款,C01,美妆个护,buy,2026-06-15 21:45:00,69.00,1,offline,windows,上海市,上海市,regular,checkout,S001825,0,C202601,轻盈美妆,O001824
B001825,U000318,P000104,臻选旅行用品日常款,C10,旅行用品,buy,2026-06-15 16:37:00,352.00,3,douyin,windows,四川省,成都市,member,checkout,S001826,0,C202606,臻选旅行,O001825
B001826,U000308,P000035,轻盈家居日用套装,C04,家居日用,buy,2026-06-15 18:38:00,116.00,1,search,mac,北京市,北京市,member,checkout,S001827,0,C202604,轻盈家居,O001826
B001827,U000349,P000081,云感数码配件旗舰款,C05,数码配件,buy,2026-06-16 13:43:00,152.00,1,douyin,ios,浙江省,杭州市,member,checkout,S001828,0,C202603,云感数码,O001827
B001828,U000588,P000156,轻氧母婴用品旗舰款,C06,母婴用品,buy,2026-06-16 15:42:00,153.00,1,jd,android,上海市,上海市,regular,checkout,S001829,0,C202606,轻氧母婴,O001828
B001829,U000293,P000160,原野旅行用品套装,C10,旅行用品,buy,2026-06-16 13:31:00,231.00,1,taobao,android,广东省,深圳市,member,checkout,S001830,0,C202601,原野旅行,O001829
B001830,U000213,P000088,原野家居日用升级版,C04,家居日用,buy,2026-06-16 23:30:00,89.00,1,offline,ios,浙江省,杭州市,member,checkout,S001831,0,C202604,原野家居,O001830
B001831,U000511,P000161,轻盈家居日用旗舰款,C04,家居日用,buy,2026-06-16 17:31:00,160.00,1,search,ios,江苏省,南京市,regular,checkout,S001832,0,C202603,轻盈家居,O001831
B001832,U000879,P000043,悦活服饰升级版,C03,服饰,buy,2026-06-16 19:21:00,237.00,1,search,android,广东省,深圳市,new,checkout,S001833,1,C202605,悦活服饰,O001832
B001833,U000876,P000131,轻盈生鲜旗舰款,C09,生鲜,buy,2026-06-16 23:12:00,85.00,1,wechat,android,山东省,青岛市,new,checkout,S001834,1,C202603,轻盈生鲜,O001833
B001834,U000129,P000025,悦活宠物用品套装,C08,宠物用品,buy,2026-06-16 10:20:00,105.00,1,offline,android,河南省,郑州市,member,checkout,S001835,0,C202602,悦活宠物,O001834
B001835,U000069,P000040,原野数码配件套装,C05,数码配件,buy,2026-06-16 18:22:00,162.00,1,search,android,河南省,郑州市,high_value,checkout,S001836,0,C202604,原野数码,O001835
B001836,U000849,P000134,臻选数码配件日常款,C05,数码配件,buy,2026-06-16 15:20:00,120.00,2,taobao,windows,四川省,成都市,new,checkout,S001837,1,C202605,臻选数码,O001836
B001837,U000374,P000039,云感生鲜日常款,C09,生鲜,buy,2026-06-16 08:53:00,109.00,1,offline,android,山东省,青岛市,member,checkout,S001838,0,C202606,云感生鲜,O001837
B001838,U000239,P000099,云感服饰日常款,C03,服饰,buy,2026-06-17 09:58:00,230.00,1,taobao,windows,山东省,青岛市,member,checkout,S001839,0,C202602,云感服饰,O001838
B001839,U000456,P000125,轻盈生鲜套装,C09,生鲜,buy,2026-06-17 18:53:00,62.00,1,search,ios,北京市,北京市,regular,checkout,S001840,0,C202602,轻盈生鲜,O001839
B001840,U000858,P000070,原野宠物用品套装,C08,宠物用品,buy,2026-06-17 15:10:00,147.00,1,taobao,android,上海市,上海市,new,checkout,S001841,1,C202606,原野宠物,O001840
B001841,U000329,P000010,原野旅行用品套装,C10,旅行用品,buy,2026-06-17 14:31:00,302.00,1,search,ios,上海市,上海市,member,checkout,S001842,0,C202605,原野旅行,O001841
B001842,U000288,P000086,臻选数码配件旗舰款,C05,数码配件,buy,2026-06-17 08:39:00,150.00,1,search,windows,湖北省,武汉市,member,checkout,S001843,0,C202605,臻选数码,O001842
B001843,U000341,P000127,悦活食品饮料便携装,C02,食品饮料,buy,2026-06-17 09:04:00,39.00,1,search,ios,江苏省,南京市,member,checkout,S001844,0,C202603,悦活食品,O001843
B001844,U000155,P000024,轻氧食品饮料日常款,C02,食品饮料,buy,2026-06-17 09:07:00,55.00,3,taobao,windows,四川省,成都市,member,checkout,S001845,0,C202606,轻氧食品,O001844
B001845,U000202,P000079,悦活服饰日常款,C03,服饰,buy,2026-06-17 12:29:00,452.00,1,taobao,mac,山东省,青岛市,member,checkout,S001846,0,C202603,悦活服饰,O001845
B001846,U000654,P000140,臻选食品饮料套装,C02,食品饮料,buy,2026-06-17 18:39:00,71.00,1,offline,windows,上海市,上海市,regular,checkout,S001847,0,C202604,臻选食品,O001846
B001847,U000718,P000028,原野数码配件升级版,C05,数码配件,buy,2026-06-17 12:17:00,158.00,1,jd,mac,河南省,郑州市,regular,checkout,S001848,0,C202601,原野数码,O001847
B001848,U000332,P000106,原野母婴用品旗舰款,C06,母婴用品,buy,2026-06-17 21:00:00,102.00,1,offline,windows,广东省,深圳市,member,checkout,S001849,0,C202604,原野母婴,O001848
B001849,U000768,P000049,悦活数码配件日常款,C05,数码配件,buy,2026-06-18 12:49:00,141.00,1,taobao,ios,河南省,郑州市,regular,checkout,S001850,0,C202602,悦活数码,O001849
B001850,U000578,P000011,轻盈旅行用品旗舰款,C10,旅行用品,buy,2026-06-18 21:19:00,224.00,1,wechat,windows,浙江省,杭州市,regular,checkout,S001851,0,C202602,轻盈旅行,O001850
B001851,U000307,P000134,臻选数码配件日常款,C05,数码配件,buy,2026-06-18 11:27:00,120.00,1,douyin,windows,四川省,成都市,member,checkout,S001852,0,C202602,臻选数码,O001851
B001852,U000550,P000078,轻氧运动户外升级版,C07,运动户外,buy,2026-06-18 20:52:00,332.00,1,jd,android,河南省,郑州市,regular,checkout,S001853,0,C202605,轻氧运动,O001852
B001853,U000402,P000150,轻氧母婴用品套装,C06,母婴用品,buy,2026-06-18 12:43:00,76.00,3,jd,mac,福建省,厦门市,member,checkout,S001854,0,C202603,轻氧母婴,O001853
B001854,U000435,P000014,臻选食品饮料日常款,C02,食品饮料,buy,2026-06-18 23:14:00,60.00,1,douyin,android,河南省,郑州市,regular,checkout,S001855,0,C202604,臻选食品,O001854
B001855,U000583,P000056,臻选旅行用品旗舰款,C10,旅行用品,buy,2026-06-18 13:50:00,443.00,1,jd,windows,江苏省,南京市,regular,checkout,S001856,0,C202604,臻选旅行,O001855
B001856,U000480,P000088,原野家居日用升级版,C04,家居日用,buy,2026-06-18 21:16:00,89.00,1,jd,windows,福建省,厦门市,regular,checkout,S001857,0,C202602,原野家居,O001856
B001857,U000843,P000017,轻盈食品饮料便携装,C02,食品饮料,buy,2026-06-18 22:47:00,71.00,4,jd,mac,福建省,厦门市,new,checkout,S001858,1,C202602,轻盈食品,O001857
B001858,U000531,P000074,臻选美妆个护日常款,C01,美妆个护,buy,2026-06-18 15:46:00,71.00,1,search,mac,广东省,深圳市,regular,checkout,S001859,0,C202605,臻选美妆,O001858
B001859,U000797,P000022,原野母婴用品便携装,C06,母婴用品,buy,2026-06-18 18:24:00,190.00,3,taobao,windows,山东省,青岛市,regular,checkout,S001860,0,C202603,原野母婴,O001859
B001860,U000096,P000156,轻氧母婴用品旗舰款,C06,母婴用品,buy,2026-06-19 16:09:00,153.00,1,douyin,mac,四川省,成都市,high_value,checkout,S001861,0,C202604,轻氧母婴,O001860
B001861,U000573,P000056,臻选旅行用品旗舰款,C10,旅行用品,buy,2026-06-19 16:06:00,443.00,1,search,mac,北京市,北京市,regular,checkout,S001862,0,C202601,臻选旅行,O001861
B001862,U000544,P000172,原野宠物用品便携装,C08,宠物用品,buy,2026-06-19 13:45:00,99.00,2,offline,ios,江苏省,南京市,regular,checkout,S001863,0,C202606,原野宠物,O001862
B001863,U000270,P000086,臻选数码配件旗舰款,C05,数码配件,buy,2026-06-19 11:48:00,150.00,1,search,ios,山东省,青岛市,member,checkout,S001864,0,C202601,臻选数码,O001863
B001864,U000669,P000089,轻盈美妆个护日常款,C01,美妆个护,buy,2026-06-19 21:57:00,69.00,1,taobao,windows,北京市,北京市,regular,checkout,S001865,0,C202601,轻盈美妆,O001864
B001865,U000806,P000054,轻氧美妆个护日常款,C01,美妆个护,buy,2026-06-19 09:20:00,138.00,1,search,android,河南省,郑州市,regular,checkout,S001866,0,C202603,轻氧美妆,O001865
B001866,U000635,P000102,轻氧母婴用品便携装,C06,母婴用品,buy,2026-06-19 20:04:00,104.00,1,search,windows,湖北省,武汉市,regular,checkout,S001867,0,C202605,轻氧母婴,O001866
B001867,U000492,P000163,悦活生鲜升级版,C09,生鲜,buy,2026-06-19 21:11:00,69.00,1,douyin,android,北京市,北京市,regular,checkout,S001868,0,C202606,悦活生鲜,O001867
B001868,U000722,P000002,臻选服饰便携装,C03,服饰,buy,2026-06-19 18:27:00,332.00,1,offline,android,浙江省,杭州市,regular,checkout,S001869,0,C202605,臻选服饰,O001868
B001869,U000675,P000111,云感宠物用品旗舰款,C08,宠物用品,buy,2026-06-19 14:01:00,117.00,1,wechat,windows,北京市,北京市,regular,checkout,S001870,0,C202605,云感宠物,O001869
B001870,U000311,P000058,原野生鲜升级版,C09,生鲜,buy,2026-06-19 19:54:00,44.00,1,offline,ios,上海市,上海市,member,checkout,S001871,0,C202603,原野生鲜,O001870
B001871,U000871,P000133,悦活美妆个护升级版,C01,美妆个护,buy,2026-06-20 11:28:00,47.00,1,taobao,windows,广东省,深圳市,new,checkout,S001872,1,C202605,悦活美妆,O001871
B001872,U000779,P000104,臻选旅行用品日常款,C10,旅行用品,buy,2026-06-20 12:40:00,352.00,1,offline,windows,上海市,上海市,regular,checkout,S001873,0,C202604,臻选旅行,O001872
B001873,U000497,P000097,悦活母婴用品便携装,C06,母婴用品,buy,2026-06-20 22:45:00,123.00,3,taobao,android,江苏省,南京市,regular,checkout,S001874,0,C202602,悦活母婴,O001873
B001874,U000170,P000066,轻氧母婴用品旗舰款,C06,母婴用品,buy,2026-06-20 18:00:00,76.00,1,search,android,山东省,青岛市,member,checkout,S001875,0,C202605,轻氧母婴,O001874
B001875,U000158,P000015,云感母婴用品套装,C06,母婴用品,buy,2026-06-20 08:54:00,128.00,1,offline,windows,四川省,成都市,member,checkout,S001876,0,C202606,云感母婴,O001875
B001876,U000313,P000161,轻盈家居日用旗舰款,C04,家居日用,buy,2026-06-20 09:43:00,160.00,4,offline,ios,上海市,上海市,member,checkout,S001877,0,C202605,轻盈家居,O001876
B001877,U000233,P000074,臻选美妆个护日常款,C01,美妆个护,buy,2026-06-20 12:55:00,71.00,1,search,mac,四川省,成都市,member,checkout,S001878,0,C202604,臻选美妆,O001877
B001878,U000029,P000015,云感母婴用品套装,C06,母婴用品,buy,2026-06-20 14:07:00,128.00,1,taobao,windows,四川省,成都市,high_value,checkout,S001879,0,C202602,云感母婴,O001878
B001879,U000045,P000080,臻选家居日用套装,C04,家居日用,buy,2026-06-20 12:13:00,148.00,1,search,windows,福建省,厦门市,high_value,checkout,S001880,0,C202604,臻选家居,O001879
B001880,U000643,P000142,原野母婴用品便携装,C06,母婴用品,buy,2026-06-20 11:09:00,161.00,4,search,mac,四川省,成都市,regular,checkout,S001881,0,C202605,原野母婴,O001880
B001881,U000588,P000093,云感生鲜升级版,C09,生鲜,buy,2026-06-20 08:19:00,39.00,2,jd,android,上海市,上海市,regular,checkout,S001882,0,C202605,云感生鲜,O001881
B001882,U000256,P000126,轻氧旅行用品旗舰款,C10,旅行用品,buy,2026-06-21 17:06:00,248.00,1,offline,android,湖北省,武汉市,member,checkout,S001883,0,C202606,轻氧旅行,O001882
B001883,U000601,P000152,臻选数码配件便携装,C05,数码配件,buy,2026-06-21 15:53:00,302.00,1,search,ios,江苏省,南京市,regular,checkout,S001884,0,C202605,臻选数码,O001883
B001884,U000242,P000024,轻氧食品饮料日常款,C02,食品饮料,buy,2026-06-21 19:01:00,55.00,1,taobao,ios,山东省,青岛市,member,checkout,S001885,0,C202604,轻氧食品,O001884
B001885,U000165,P000035,轻盈家居日用套装,C04,家居日用,buy,2026-06-21 11:05:00,116.00,2,wechat,ios,浙江省,杭州市,member,checkout,S001886,0,C202606,轻盈家居,O001885
B001886,U000116,P000047,轻盈服饰便携装,C03,服饰,buy,2026-06-21 12:39:00,154.00,1,jd,windows,河南省,郑州市,high_value,checkout,S001887,0,C202606,轻盈服饰,O001886
B001887,U000567,P000142,原野母婴用品便携装,C06,母婴用品,buy,2026-06-21 08:39:00,161.00,1,wechat,mac,上海市,上海市,regular,checkout,S001888,0,C202604,原野母婴,O001887
B001888,U000207,P000009,云感数码配件日常款,C05,数码配件,buy,2026-06-21 20:22:00,295.00,2,douyin,mac,四川省,成都市,member,checkout,S001889,0,C202602,云感数码,O001888
B001889,U000838,P000017,轻盈食品饮料便携装,C02,食品饮料,buy,2026-06-21 17:48:00,71.00,2,jd,mac,浙江省,杭州市,new,checkout,S001890,1,C202605,轻盈食品,O001889
B001890,U000379,P000074,臻选美妆个护日常款,C01,美妆个护,buy,2026-06-21 20:50:00,71.00,1,search,mac,江苏省,南京市,member,checkout,S001891,0,C202601,臻选美妆,O001890
B001891,U000324,P000091,悦活母婴用品旗舰款,C06,母婴用品,buy,2026-06-21 15:40:00,87.00,1,search,android,福建省,厦门市,member,checkout,S001892,0,C202603,悦活母婴,O001891
B001892,U000389,P000088,原野家居日用升级版,C04,家居日用,buy,2026-06-21 18:53:00,89.00,1,search,ios,广东省,深圳市,member,checkout,S001893,0,C202601,原野家居,O001892
B001893,U000696,P000145,悦活宠物用品套装,C08,宠物用品,buy,2026-06-22 12:50:00,42.00,1,jd,ios,江苏省,南京市,regular,checkout,S001894,0,C202605,悦活宠物,O001893
B001894,U000118,P000006,轻氧母婴用品旗舰款,C06,母婴用品,buy,2026-06-22 08:08:00,161.00,1,jd,ios,广东省,深圳市,high_value,checkout,S001895,0,C202605,轻氧母婴,O001894
B001895,U000273,P000161,轻盈家居日用旗舰款,C04,家居日用,buy,2026-06-22 14:16:00,160.00,1,offline,android,湖北省,武汉市,member,checkout,S001896,0,C202606,轻盈家居,O001895
B001896,U000385,P000070,原野宠物用品套装,C08,宠物用品,buy,2026-06-22 08:38:00,147.00,1,offline,ios,北京市,北京市,member,checkout,S001897,0,C202606,原野宠物,O001896
B001897,U000226,P000023,轻盈食品饮料升级版,C02,食品饮料,buy,2026-06-22 20:30:00,79.00,1,wechat,mac,四川省,成都市,member,checkout,S001898,0,C202606,轻盈食品,O001897
B001898,U000363,P000083,轻盈运动户外升级版,C07,运动户外,buy,2026-06-22 11:14:00,227.00,1,search,ios,山东省,青岛市,member,checkout,S001899,0,C202602,轻盈运动,O001898
B001899,U000259,P000106,原野母婴用品旗舰款,C06,母婴用品,buy,2026-06-22 23:11:00,102.00,4,taobao,android,上海市,上海市,member,checkout,S001900,0,C202606,原野母婴,O001899
B001900,U000122,P000051,云感宠物用品旗舰款,C08,宠物用品,buy,2026-06-22 20:03:00,64.00,1,douyin,mac,四川省,成都市,member,checkout,S001901,0,C202603,云感宠物,O001900
B001901,U000230,P000164,臻选食品饮料日常款,C02,食品饮料,buy,2026-06-22 09:41:00,73.00,2,taobao,ios,山东省,青岛市,member,checkout,S001902,0,C202606,臻选食品,O001901
B001902,U000695,P000118,原野美妆个护升级版,C01,美妆个护,buy,2026-06-22 08:33:00,133.00,3,douyin,mac,山东省,青岛市,regular,checkout,S001903,0,C202605,原野美妆,O001902
B001903,U000511,P000051,云感宠物用品旗舰款,C08,宠物用品,pv,2026-02-22 19:42:00,64.00,,wechat,ios,江苏省,南京市,regular,product_detail,S001904,0,C202606,云感宠物,
B001904,U000340,P000162,轻氧食品饮料便携装,C02,食品饮料,fav,2026-04-08 08:52:00,73.00,,douyin,windows,江苏省,南京市,member,search,S001905,0,C202605,轻氧食品,
B001905,U000664,P000026,臻选生鲜旗舰款,C09,生鲜,cart,2026-04-22 12:36:00,88.00,1,jd,mac,山东省,青岛市,regular,home,S001906,0,C202601,臻选生鲜,
B001906,U000803,P000123,云感宠物用品升级版,C08,宠物用品,fav,2026-06-25 13:54:00,83.00,,taobao,windows,广东省,深圳市,regular,category,S001907,0,C202603,云感宠物,
B001907,U000754,P000004,原野旅行用品日常款,C10,旅行用品,fav,2026-02-09 17:22:00,271.00,,offline,mac,四川省,成都市,regular,category,S001908,0,C202605,原野旅行,
B001908,U000281,P000016,原野运动户外旗舰款,C07,运动户外,pv,2026-05-11 08:30:00,164.00,,search,android,湖北省,武汉市,member,home,S001909,0,C202604,原野运动,
B001909,U000613,P000036,轻氧食品饮料旗舰款,C02,食品饮料,fav,2026-06-24 20:38:00,73.00,,taobao,windows,江苏省,南京市,regular,home,S001910,0,C202606,轻氧食品,
B001910,U000686,P000168,轻氧服饰升级版,C03,服饰,pv,2026-01-27 23:20:00,368.00,,douyin,windows,四川省,成都市,regular,category,S001911,0,C202601,轻氧服饰,
B001911,U000323,P000004,原野旅行用品日常款,C10,旅行用品,pv,2026-03-21 17:17:00,271.00,,offline,android,湖北省,武汉市,member,search,S001912,0,C202606,原野旅行,
B001912,U000775,P000019,悦活家居日用日常款,C04,家居日用,pv,2026-01-10 22:48:00,71.00,,search,mac,江苏省,南京市,regular,category,S001913,0,C202602,悦活家居,
B001913,U000612,P000042,轻氧美妆个护便携装,C01,美妆个护,pv,2026-02-14 21:03:00,69.00,,jd,windows,四川省,成都市,regular,search,S001914,0,C202602,轻氧美妆,
B001914,U000068,P000125,轻盈生鲜套装,C09,生鲜,cart,2026-02-08 23:47:00,62.00,1,taobao,windows,四川省,成都市,high_value,product_detail,S001915,0,C202603,轻盈生鲜,
B001915,U000295,P000141,云感数码配件旗舰款,C05,数码配件,cart,2026-01-10 17:43:00,220.00,1,wechat,android,福建省,厦门市,member,category,S001916,0,C202603,云感数码,
B001916,U000349,P000036,轻氧食品饮料旗舰款,C02,食品饮料,cart,2026-02-22 17:18:00,73.00,1,search,ios,浙江省,杭州市,member,home,S001917,0,C202601,轻氧食品,
B001917,U000026,P000051,云感宠物用品旗舰款,C08,宠物用品,cart,2026-04-26 15:21:00,64.00,1,wechat,windows,上海市,上海市,high_value,search,S001918,0,C202602,云感宠物,
B001918,U000258,P000114,轻氧母婴用品日常款,C06,母婴用品,pv,2026-03-25 19:46:00,142.00,,search,windows,浙江省,杭州市,member,search,S001919,0,C202603,轻氧母婴,
B001919,U000549,P000112,原野生鲜便携装,C09,生鲜,pv,2026-05-07 12:10:00,113.00,,wechat,windows,福建省,厦门市,regular,search,S001920,0,C202604,原野生鲜,
B001920,U000630,P000162,轻氧食品饮料便携装,C02,食品饮料,cart,2026-06-07 08:54:00,73.00,1,taobao,windows,湖北省,武汉市,regular,home,S001921,0,C202602,轻氧食品,
B001921,U000138,P000154,原野生鲜日常款,C09,生鲜,fav,2026-05-25 13:40:00,103.00,,wechat,ios,湖北省,武汉市,member,category,S001922,0,C202601,原野生鲜,
B001922,U000164,P000039,云感生鲜日常款,C09,生鲜,cart,2026-04-23 15:04:00,109.00,1,wechat,ios,上海市,上海市,member,home,S001923,0,C202604,云感生鲜,
B001923,U000350,P000066,轻氧母婴用品旗舰款,C06,母婴用品,fav,2026-05-31 12:05:00,76.00,,wechat,windows,福建省,厦门市,member,home,S001924,0,C202602,轻氧母婴,
B001924,U000075,P000129,云感服饰日常款,C03,服饰,pv,2026-03-22 08:35:00,307.00,,jd,mac,江苏省,南京市,high_value,product_detail,S001925,0,C202602,云感服饰,
B001925,U000206,P000070,原野宠物用品套装,C08,宠物用品,cart,2026-03-26 23:58:00,147.00,1,wechat,mac,江苏省,南京市,member,product_detail,S001926,0,C202603,原野宠物,
B001926,U000425,P000022,原野母婴用品便携装,C06,母婴用品,fav,2026-03-16 09:45:00,190.00,,douyin,android,四川省,成都市,regular,home,S001927,0,C202604,原野母婴,
B001927,U000784,P000114,轻氧母婴用品日常款,C06,母婴用品,cart,2026-05-31 08:59:00,142.00,1,jd,android,江苏省,南京市,regular,search,S001928,0,C202604,轻氧母婴,
B001928,U000040,P000032,臻选生鲜便携装,C09,生鲜,pv,2026-03-26 17:45:00,71.00,,douyin,windows,北京市,北京市,high_value,search,S001929,0,C202605,臻选生鲜,
B001929,U000328,P000010,原野旅行用品套装,C10,旅行用品,pv,2026-05-01 16:07:00,302.00,,wechat,mac,湖北省,武汉市,member,home,S001930,0,C202601,原野旅行,
B001930,U000838,P000099,云感服饰日常款,C03,服饰,cart,2026-06-26 13:50:00,230.00,1,jd,mac,浙江省,杭州市,new,category,S001931,1,C202606,云感服饰,
B001931,U000783,P000159,云感旅行用品日常款,C10,旅行用品,cart,2026-05-13 18:46:00,514.00,1,wechat,windows,江苏省,南京市,regular,category,S001932,0,C202605,云感旅行,
B001932,U000017,P000041,轻盈家居日用旗舰款,C04,家居日用,fav,2026-04-14 17:07:00,166.00,,search,mac,河南省,郑州市,high_value,home,S001933,0,C202604,轻盈家居,
B001933,U000263,P000030,轻氧家居日用套装,C04,家居日用,cart,2026-04-06 19:06:00,106.00,1,search,mac,山东省,青岛市,member,product_detail,S001934,0,C202601,轻氧家居,
B001934,U000898,P000139,悦活运动户外日常款,C07,运动户外,pv,2026-05-23 17:12:00,358.00,,wechat,ios,山东省,青岛市,new,search,S001935,1,C202601,悦活运动,
B001935,U000309,P000072,轻氧美妆个护便携装,C01,美妆个护,cart,2026-06-18 17:50:00,122.00,1,offline,android,湖北省,武汉市,member,product_detail,S001936,0,C202602,轻氧美妆,
B001936,U000511,P000081,云感数码配件旗舰款,C05,数码配件,pv,2026-01-13 09:35:00,152.00,,wechat,ios,江苏省,南京市,regular,product_detail,S001937,0,C202606,云感数码,
B001937,U000700,P000039,云感生鲜日常款,C09,生鲜,cart,2026-01-22 19:45:00,109.00,1,douyin,ios,广东省,深圳市,regular,home,S001938,0,C202602,云感生鲜,
B001938,U000851,P000128,臻选旅行用品升级版,C10,旅行用品,cart,2026-05-09 22:28:00,514.00,1,taobao,mac,江苏省,南京市,new,product_detail,S001939,1,C202601,臻选旅行,
B001939,U000202,P000077,轻盈服饰便携装,C03,服饰,fav,2026-01-31 11:14:00,279.00,,taobao,mac,山东省,青岛市,member,product_detail,S001940,0,C202604,轻盈服饰,
B001940,U000741,P000156,轻氧母婴用品旗舰款,C06,母婴用品,cart,2026-05-26 09:22:00,153.00,1,search,android,福建省,厦门市,regular,search,S001941,0,C202601,轻氧母婴,
B001941,U000179,P000096,轻氧数码配件旗舰款,C05,数码配件,pv,2026-05-22 22:40:00,88.00,,offline,windows,四川省,成都市,member,product_detail,S001942,0,C202603,轻氧数码,
B001942,U000035,P000149,轻盈家居日用日常款,C04,家居日用,fav,2026-02-17 12:16:00,110.00,,wechat,android,山东省,青岛市,high_value,home,S001943,0,C202604,轻盈家居,
B001943,U000102,P000052,原野数码配件便携装,C05,数码配件,pv,2026-05-02 16:08:00,173.00,,douyin,mac,北京市,北京市,high_value,category,S001944,0,C202606,原野数码,
B001944,U000181,P000153,云感美妆个护升级版,C01,美妆个护,pv,2026-01-16 13:30:00,48.00,,taobao,android,四川省,成都市,member,search,S001945,0,C202606,云感美妆,
B001945,U000895,P000163,悦活生鲜升级版,C09,生鲜,cart,2026-06-08 20:29:00,69.00,1,wechat,windows,江苏省,南京市,new,product_detail,S001946,1,C202601,悦活生鲜,
B001946,U000282,P000108,轻氧母婴用品升级版,C06,母婴用品,fav,2026-03-08 09:00:00,86.00,,wechat,windows,湖北省,武汉市,member,category,S001947,0,C202601,轻氧母婴,
B001947,U000593,P000128,臻选旅行用品升级版,C10,旅行用品,pv,2026-02-06 21:16:00,514.00,,wechat,mac,湖北省,武汉市,regular,search,S001948,0,C202602,臻选旅行,
B001948,U000584,P000067,悦活旅行用品便携装,C10,旅行用品,cart,2026-04-09 15:09:00,195.00,1,douyin,ios,江苏省,南京市,regular,home,S001949,0,C202606,悦活旅行,
B001949,U000847,P000072,轻氧美妆个护便携装,C01,美妆个护,cart,2026-06-28 19:21:00,122.00,1,douyin,android,浙江省,杭州市,new,category,S001950,1,C202604,轻氧美妆,
B001950,U000767,P000163,悦活生鲜升级版,C09,生鲜,cart,2026-01-13 16:03:00,69.00,1,wechat,windows,湖北省,武汉市,regular,search,S001951,0,C202605,悦活生鲜,
B001951,U000645,P000168,轻氧服饰升级版,C03,服饰,pv,2026-03-15 13:53:00,368.00,,search,android,山东省,青岛市,regular,product_detail,S001952,0,C202601,轻氧服饰,
B001952,U000841,P000064,原野宠物用品日常款,C08,宠物用品,cart,2026-01-20 16:49:00,140.00,1,douyin,android,江苏省,南京市,new,home,S001953,1,C202602,原野宠物,
B001953,U000411,P000152,臻选数码配件便携装,C05,数码配件,cart,2026-06-12 22:24:00,302.00,1,jd,mac,江苏省,南京市,member,search,S001954,0,C202604,臻选数码,
B001954,U000649,P000121,悦活运动户外旗舰款,C07,运动户外,cart,2026-01-05 15:59:00,291.00,1,taobao,windows,福建省,厦门市,regular,category,S001955,0,C202605,悦活运动,
B001955,U000537,P000068,臻选旅行用品升级版,C10,旅行用品,cart,2026-05-20 15:46:00,202.00,1,douyin,android,山东省,青岛市,regular,category,S001956,0,C202601,臻选旅行,
B001956,U000681,P000053,轻盈服饰升级版,C03,服饰,fav,2026-03-20 20:07:00,262.00,,search,windows,江苏省,南京市,regular,category,S001957,0,C202605,轻盈服饰,
B001957,U000343,P000100,原野运动户外套装,C07,运动户外,pv,2026-06-20 12:47:00,235.00,,taobao,android,江苏省,南京市,member,category,S001958,0,C202606,原野运动,
B001958,U000848,P000034,原野生鲜日常款,C09,生鲜,fav,2026-05-12 16:10:00,71.00,,wechat,android,江苏省,南京市,new,search,S001959,1,C202604,原野生鲜,
B001959,U000002,P000116,臻选数码配件旗舰款,C05,数码配件,fav,2026-01-03 20:08:00,228.00,,search,android,浙江省,杭州市,high_value,search,S001960,0,C202603,臻选数码,
B001960,U000609,P000154,原野生鲜日常款,C09,生鲜,fav,2026-03-27 10:31:00,103.00,,douyin,windows,浙江省,杭州市,regular,product_detail,S001961,0,C202602,原野生鲜,
B001961,U000858,P000071,轻盈宠物用品旗舰款,C08,宠物用品,pv,2026-04-11 17:06:00,144.00,,offline,android,上海市,上海市,new,search,S001962,1,C202605,轻盈宠物,
B001962,U000126,P000172,原野宠物用品便携装,C08,宠物用品,cart,2026-05-26 20:01:00,99.00,1,wechat,android,浙江省,杭州市,member,product_detail,S001963,0,C202602,原野宠物,
B001963,U000410,P000146,臻选生鲜旗舰款,C09,生鲜,pv,2026-05-13 17:32:00,112.00,,wechat,mac,江苏省,南京市,member,home,S001964,0,C202605,臻选生鲜,
B001964,U000137,P000101,轻盈生鲜旗舰款,C09,生鲜,fav,2026-01-02 17:36:00,111.00,,search,android,湖北省,武汉市,member,category,S001965,0,C202601,轻盈生鲜,
B001965,U000819,P000088,原野家居日用升级版,C04,家居日用,cart,2026-01-11 10:42:00,89.00,1,jd,ios,广东省,深圳市,regular,category,S001966,0,C202605,原野家居,
B001966,U000699,P000117,云感食品饮料便携装,C02,食品饮料,fav,2026-06-01 20:40:00,54.00,,taobao,android,北京市,北京市,regular,home,S001967,0,C202603,云感食品,
B001967,U000288,P000097,悦活母婴用品便携装,C06,母婴用品,cart,2026-04-25 08:53:00,123.00,1,search,windows,湖北省,武汉市,member,category,S001968,0,C202606,悦活母婴,
B001968,U000159,P000083,轻盈运动户外升级版,C07,运动户外,cart,2026-03-14 12:36:00,227.00,1,search,windows,河南省,郑州市,member,product_detail,S001969,0,C202604,轻盈运动,
B001969,U000847,P000146,臻选生鲜旗舰款,C09,生鲜,pv,2026-01-19 17:59:00,112.00,,douyin,android,浙江省,杭州市,new,home,S001970,1,C202606,臻选生鲜,
B001970,U000069,P000061,悦活家居日用旗舰款,C04,家居日用,cart,2026-03-29 20:44:00,157.00,1,wechat,android,河南省,郑州市,high_value,home,S001971,0,C202603,悦活家居,
B001971,U000657,P000099,云感服饰日常款,C03,服饰,cart,2026-05-10 19:34:00,230.00,1,douyin,android,福建省,厦门市,regular,search,S001972,0,C202602,云感服饰,
B001972,U000267,P000113,轻盈旅行用品升级版,C10,旅行用品,fav,2026-05-28 10:11:00,483.00,,douyin,android,四川省,成都市,member,product_detail,S001973,0,C202606,轻盈旅行,
B001973,U000835,P000092,臻选服饰便携装,C03,服饰,fav,2026-02-09 14:46:00,291.00,,wechat,ios,四川省,成都市,new,search,S001974,1,C202601,臻选服饰,
B001974,U000067,P000002,臻选服饰便携装,C03,服饰,fav,2026-06-23 10:38:00,332.00,,wechat,mac,江苏省,南京市,high_value,product_detail,S001975,0,C202601,臻选服饰,
B001975,U000007,P000032,臻选生鲜便携装,C09,生鲜,fav,2026-01-28 10:08:00,71.00,,douyin,ios,江苏省,南京市,high_value,category,S001976,0,C202603,臻选生鲜,
B001976,U000015,P000006,轻氧母婴用品旗舰款,C06,母婴用品,pv,2026-05-03 21:42:00,161.00,,jd,mac,湖北省,武汉市,high_value,search,S001977,0,C202605,轻氧母婴,
B001977,U000615,P000033,云感美妆个护升级版,C01,美妆个护,cart,2026-03-20 10:16:00,88.00,1,wechat,windows,浙江省,杭州市,regular,category,S001978,0,C202604,云感美妆,
B001978,U000351,P000005,轻盈数码配件套装,C05,数码配件,cart,2026-01-19 15:26:00,256.00,1,jd,windows,河南省,郑州市,member,category,S001979,0,C202604,轻盈数码,
B001979,U000360,P000044,臻选食品饮料日常款,C02,食品饮料,pv,2026-05-23 15:41:00,28.00,,taobao,android,山东省,青岛市,member,product_detail,S001980,0,C202602,臻选食品,
B001980,U000783,P000066,轻氧母婴用品旗舰款,C06,母婴用品,pv,2026-01-29 22:35:00,76.00,,search,windows,江苏省,南京市,regular,product_detail,S001981,0,C202601,轻氧母婴,
B001981,U000127,P000105,云感运动户外套装,C07,运动户外,cart,2026-06-21 09:19:00,142.00,1,jd,windows,广东省,深圳市,member,home,S001982,0,C202605,云感运动,
B001982,U000582,P000069,云感运动户外日常款,C07,运动户外,cart,2026-04-06 10:20:00,268.00,1,offline,windows,福建省,厦门市,regular,search,S001983,0,C202605,云感运动,
B001983,U000184,P000155,轻盈生鲜套装,C09,生鲜,pv,2026-04-06 17:30:00,106.00,,douyin,android,浙江省,杭州市,member,category,S001984,0,C202601,轻盈生鲜,
B001984,U000589,P000165,云感生鲜套装,C09,生鲜,pv,2026-06-13 17:33:00,43.00,,douyin,windows,河南省,郑州市,regular,product_detail,S001985,0,C202606,云感生鲜,
B001985,U000176,P000073,悦活家居日用升级版,C04,家居日用,pv,2026-02-04 08:51:00,147.00,,search,android,湖北省,武汉市,member,product_detail,S001986,0,C202606,悦活家居,
B001986,U000598,P000099,云感服饰日常款,C03,服饰,cart,2026-05-07 11:13:00,230.00,1,douyin,windows,福建省,厦门市,regular,category,S001987,0,C202603,云感服饰,
B001987,U000571,P000010,原野旅行用品套装,C10,旅行用品,cart,2026-06-20 12:17:00,302.00,1,douyin,mac,浙江省,杭州市,regular,search,S001988,0,C202601,原野旅行,
B001988,U000545,P000157,悦活旅行用品便携装,C10,旅行用品,pv,2026-03-06 21:32:00,436.00,,douyin,windows,四川省,成都市,regular,home,S001989,0,C202605,悦活旅行,
B001989,U000590,P000116,臻选数码配件旗舰款,C05,数码配件,cart,2026-06-18 19:49:00,228.00,1,offline,windows,江苏省,南京市,regular,category,S001990,0,C202606,臻选数码,
B001990,U000728,P000157,悦活旅行用品便携装,C10,旅行用品,pv,2026-06-01 11:52:00,436.00,,offline,windows,浙江省,杭州市,regular,product_detail,S001991,0,C202604,悦活旅行,
B001991,U000868,P000084,轻氧服饰日常款,C03,服饰,cart,2026-06-20 19:51:00,130.00,1,douyin,android,上海市,上海市,new,home,S001992,1,C202604,轻氧服饰,
B001992,U000483,P000105,云感运动户外套装,C07,运动户外,pv,2026-02-26 23:47:00,142.00,,wechat,android,浙江省,杭州市,regular,category,S001993,0,C202605,云感运动,
B001993,U000002,P000067,悦活旅行用品便携装,C10,旅行用品,pv,2026-01-25 18:59:00,195.00,,search,android,浙江省,杭州市,high_value,home,S001994,0,C202605,悦活旅行,
B001994,U000140,P000015,云感母婴用品套装,C06,母婴用品,pv,2026-01-09 18:43:00,128.00,,offline,ios,广东省,深圳市,member,category,S001995,0,C202602,云感母婴,
B001995,U000743,P000167,轻盈美妆个护便携装,C01,美妆个护,cart,2026-03-07 23:34:00,119.00,1,wechat,android,上海市,上海市,regular,product_detail,S001996,0,C202603,轻盈美妆,
B001996,U000161,P000041,轻盈家居日用旗舰款,C04,家居日用,cart,2026-04-22 19:37:00,166.00,1,douyin,android,河南省,郑州市,member,product_detail,S001997,0,C202604,轻盈家居,
B001997,U000814,P000099,云感服饰日常款,C03,服饰,cart,2026-05-25 18:16:00,230.00,1,wechat,windows,北京市,北京市,regular,search,S001998,0,C202602,云感服饰,
B001998,U000312,P000020,臻选数码配件套装,C05,数码配件,fav,2026-01-15 09:25:00,252.00,,offline,android,湖北省,武汉市,member,home,S001999,0,C202606,臻选数码,
B001999,U000623,P000122,臻选运动户外便携装,C07,运动户外,pv,2026-05-11 09:27:00,212.00,,wechat,android,江苏省,南京市,regular,category,S002000,0,C202603,臻选运动,
B002000,U000248,P000097,悦活母婴用品便携装,C06,母婴用品,fav,2026-01-27 20:28:00,123.00,,offline,windows,浙江省,杭州市,member,product_detail,S002001,0,C202606,悦活母婴,
B002001,U000642,P000045,云感食品饮料套装,C02,食品饮料,fav,2026-06-12 18:44:00,67.00,,wechat,android,河南省,郑州市,regular,category,S002002,0,C202606,云感食品,
B002002,U000256,P000119,轻盈宠物用品日常款,C08,宠物用品,pv,2026-04-05 18:21:00,99.00,,jd,android,湖北省,武汉市,member,product_detail,S002003,0,C202602,轻盈宠物,
B002003,U000827,P000032,臻选生鲜便携装,C09,生鲜,pv,2026-04-12 10:03:00,71.00,,jd,ios,上海市,上海市,new,search,S002004,1,C202601,臻选生鲜,
B002004,U000147,P000108,轻氧母婴用品升级版,C06,母婴用品,cart,2026-03-20 14:21:00,86.00,1,wechat,windows,湖北省,武汉市,member,product_detail,S002005,0,C202602,轻氧母婴,
B002005,U000329,P000088,原野家居日用升级版,C04,家居日用,cart,2026-02-17 16:13:00,89.00,1,wechat,ios,上海市,上海市,member,search,S002006,0,C202604,原野家居,
B002006,U000049,P000002,臻选服饰便携装,C03,服饰,cart,2026-03-30 18:05:00,332.00,1,jd,windows,北京市,北京市,high_value,home,S002007,0,C202606,臻选服饰,
B002007,U000794,P000004,原野旅行用品日常款,C10,旅行用品,fav,2026-01-22 16:22:00,271.00,,jd,ios,北京市,北京市,regular,product_detail,S002008,0,C202601,原野旅行,
B002008,U000792,P000119,轻盈宠物用品日常款,C08,宠物用品,cart,2026-04-20 18:00:00,99.00,1,jd,android,山东省,青岛市,regular,product_detail,S002009,0,C202605,轻盈宠物,
B002009,U000367,P000086,臻选数码配件旗舰款,C05,数码配件,fav,2026-06-25 22:17:00,150.00,,search,ios,江苏省,南京市,member,home,S002010,0,C202604,臻选数码,
B002010,U000640,P000069,云感运动户外日常款,C07,运动户外,fav,2026-06-24 23:14:00,268.00,,search,android,浙江省,杭州市,regular,home,S002011,0,C202602,云感运动,
B002011,U000063,P000098,臻选家居日用升级版,C04,家居日用,pv,2026-02-17 09:23:00,90.00,,search,mac,湖北省,武汉市,high_value,product_detail,S002012,0,C202605,臻选家居,
B002012,U000043,P000146,臻选生鲜旗舰款,C09,生鲜,pv,2026-04-07 13:11:00,112.00,,search,ios,河南省,郑州市,high_value,product_detail,S002013,0,C202602,臻选生鲜,
B002013,U000098,P000014,臻选食品饮料日常款,C02,食品饮料,cart,2026-04-07 11:51:00,60.00,1,search,windows,福建省,厦门市,high_value,search,S002014,0,C202604,臻选食品,
B002014,U000747,P000046,原野食品饮料旗舰款,C02,食品饮料,pv,2026-03-26 15:18:00,69.00,,douyin,windows,福建省,厦门市,regular,product_detail,S002015,0,C202603,原野食品,
B002015,U000166,P000050,臻选生鲜套装,C09,生鲜,pv,2026-06-07 12:11:00,108.00,,wechat,mac,北京市,北京市,member,product_detail,S002016,0,C202601,臻选生鲜,
B002016,U000053,P000003,云感生鲜升级版,C09,生鲜,cart,2026-02-27 10:54:00,73.00,1,taobao,ios,浙江省,杭州市,high_value,search,S002017,0,C202604,云感生鲜,
B002017,U000747,P000078,轻氧运动户外升级版,C07,运动户外,pv,2026-01-12 22:02:00,332.00,,taobao,windows,福建省,厦门市,regular,product_detail,S002018,0,C202601,轻氧运动,
B002018,U000857,P000047,轻盈服饰便携装,C03,服饰,cart,2026-04-26 12:31:00,154.00,1,douyin,ios,山东省,青岛市,new,product_detail,S002019,1,C202604,轻盈服饰,
B002019,U000543,P000027,云感宠物用品便携装,C08,宠物用品,fav,2026-01-29 10:26:00,96.00,,jd,windows,上海市,上海市,regular,home,S002020,0,C202605,云感宠物,
B002020,U000288,P000038,臻选母婴用品升级版,C06,母婴用品,cart,2026-03-25 17:37:00,188.00,1,douyin,windows,湖北省,武汉市,member,category,S002021,0,C202606,臻选母婴,
B002021,U000134,P000151,悦活美妆个护旗舰款,C01,美妆个护,fav,2026-01-14 12:37:00,38.00,,wechat,ios,山东省,青岛市,member,product_detail,S002022,0,C202602,悦活美妆,
B002022,U000295,P000133,悦活美妆个护升级版,C01,美妆个护,fav,2026-06-08 19:40:00,47.00,,jd,android,福建省,厦门市,member,home,S002023,0,C202602,悦活美妆,
B002023,U000686,P000102,轻氧母婴用品便携装,C06,母婴用品,cart,2026-04-18 14:59:00,104.00,1,jd,windows,四川省,成都市,regular,category,S002024,0,C202606,轻氧母婴,
B002024,U000523,P000077,轻盈服饰便携装,C03,服饰,fav,2026-03-24 12:39:00,279.00,,offline,windows,江苏省,南京市,regular,category,S002025,0,C202601,轻盈服饰,
B002025,U000360,P000082,原野旅行用品便携装,C10,旅行用品,cart,2026-05-16 16:30:00,253.00,1,douyin,android,山东省,青岛市,member,search,S002026,0,C202604,原野旅行,
B002026,U000519,P000147,云感数码配件便携装,C05,数码配件,pv,2026-02-18 23:24:00,281.00,,search,android,广东省,深圳市,regular,home,S002027,0,C202605,云感数码,
B002027,U000261,P000129,云感服饰日常款,C03,服饰,pv,2026-03-19 23:42:00,307.00,,search,mac,浙江省,杭州市,member,category,S002028,0,C202601,云感服饰,
B002028,U000544,P000077,轻盈服饰便携装,C03,服饰,cart,2026-04-23 08:21:00,279.00,1,search,ios,江苏省,南京市,regular,home,S002029,0,C202605,轻盈服饰,
B002029,U000550,P000110,臻选美妆个护套装,C01,美妆个护,pv,2026-04-30 17:54:00,81.00,,taobao,android,河南省,郑州市,regular,category,S002030,0,C202604,臻选美妆,
B002030,U000167,P000091,悦活母婴用品旗舰款,C06,母婴用品,pv,2026-02-21 12:34:00,87.00,,wechat,mac,广东省,深圳市,member,home,S002031,0,C202603,悦活母婴,
B002031,U000884,P000015,云感母婴用品套装,C06,母婴用品,pv,2026-06-25 22:45:00,128.00,,search,mac,福建省,厦门市,new,product_detail,S002032,1,C202601,云感母婴,
B002032,U000628,P000045,云感食品饮料套装,C02,食品饮料,cart,2026-02-27 20:43:00,67.00,1,search,android,河南省,郑州市,regular,search,S002033,0,C202604,云感食品,
B002033,U000030,P000102,轻氧母婴用品便携装,C06,母婴用品,pv,2026-03-19 13:07:00,104.00,,search,windows,福建省,厦门市,high_value,product_detail,S002034,0,C202602,轻氧母婴,
B002034,U000860,P000166,原野服饰旗舰款,C03,服饰,cart,2026-01-17 16:39:00,378.00,1,offline,android,江苏省,南京市,new,search,S002035,1,C202604,原野服饰,
B002035,U000839,P000097,悦活母婴用品便携装,C06,母婴用品,cart,2026-01-21 22:07:00,123.00,1,offline,ios,福建省,厦门市,new,home,S002036,1,C202601,悦活母婴,
B002036,U000782,P000054,轻氧美妆个护日常款,C01,美妆个护,pv,2026-06-25 23:35:00,138.00,,taobao,mac,湖北省,武汉市,regular,product_detail,S002037,0,C202606,轻氧美妆,
B002037,U000637,P000170,臻选生鲜套装,C09,生鲜,pv,2026-05-12 13:21:00,77.00,,search,windows,江苏省,南京市,regular,search,S002038,0,C202601,臻选生鲜,
B002038,U000725,P000137,轻盈数码配件便携装,C05,数码配件,pv,2026-03-07 10:09:00,216.00,,jd,ios,山东省,青岛市,regular,category,S002039,0,C202602,轻盈数码,
B002039,U000364,P000160,原野旅行用品套装,C10,旅行用品,cart,2026-05-21 10:59:00,231.00,1,wechat,mac,江苏省,南京市,member,category,S002040,0,C202605,原野旅行,
B002040,U000567,P000077,轻盈服饰便携装,C03,服饰,cart,2026-04-06 16:34:00,279.00,1,offline,mac,上海市,上海市,regular,product_detail,S002041,0,C202604,轻盈服饰,
B002041,U000704,P000136,原野运动户外旗舰款,C07,运动户外,cart,2026-04-19 09:38:00,169.00,1,search,mac,江苏省,南京市,regular,search,S002042,0,C202603,原野运动,
B002042,U000518,P000137,轻盈数码配件便携装,C05,数码配件,fav,2026-01-05 09:41:00,216.00,,taobao,ios,上海市,上海市,regular,search,S002043,0,C202606,轻盈数码,
B002043,U000243,P000156,轻氧母婴用品旗舰款,C06,母婴用品,pv,2026-02-17 10:06:00,153.00,,jd,ios,广东省,深圳市,member,search,S002044,0,C202604,轻氧母婴,
B002044,U000625,P000024,轻氧食品饮料日常款,C02,食品饮料,pv,2026-02-09 22:16:00,55.00,,douyin,android,上海市,上海市,regular,product_detail,S002045,0,C202604,轻氧食品,
B002045,U000479,P000119,轻盈宠物用品日常款,C08,宠物用品,cart,2026-01-15 22:04:00,99.00,1,taobao,windows,湖北省,武汉市,regular,category,S002046,0,C202604,轻盈宠物,
B002046,U000629,P000107,轻盈运动户外便携装,C07,运动户外,pv,2026-02-22 13:00:00,176.00,,search,android,山东省,青岛市,regular,search,S002047,0,C202606,轻盈运动,
B002047,U000083,P000044,臻选食品饮料日常款,C02,食品饮料,pv,2026-05-03 17:38:00,28.00,,jd,windows,浙江省,杭州市,high_value,search,S002048,0,C202604,臻选食品,
B002048,U000106,P000140,臻选食品饮料套装,C02,食品饮料,pv,2026-05-26 13:41:00,71.00,,offline,android,广东省,深圳市,high_value,home,S002049,0,C202603,臻选食品,
B002049,U000249,P000140,臻选食品饮料套装,C02,食品饮料,pv,2026-03-26 16:39:00,71.00,,offline,android,江苏省,南京市,member,home,S002050,0,C202602,臻选食品,
B002050,U000826,P000051,云感宠物用品旗舰款,C08,宠物用品,fav,2026-06-05 17:16:00,64.00,,wechat,windows,江苏省,南京市,new,search,S002051,1,C202606,云感宠物,
B002051,U000167,P000169,悦活生鲜日常款,C09,生鲜,cart,2026-06-16 20:50:00,42.00,1,wechat,mac,广东省,深圳市,member,search,S002052,0,C202602,悦活生鲜,
B002052,U000543,P000010,原野旅行用品套装,C10,旅行用品,cart,2026-04-26 20:28:00,302.00,1,douyin,windows,上海市,上海市,regular,product_detail,S002053,0,C202602,原野旅行,
B002053,U000594,P000089,轻盈美妆个护日常款,C01,美妆个护,pv,2026-06-06 17:42:00,69.00,,taobao,ios,广东省,深圳市,regular,category,S002054,0,C202604,轻盈美妆,
B002054,U000356,P000109,悦活旅行用品日常款,C10,旅行用品,pv,2026-02-15 21:19:00,614.00,,wechat,ios,福建省,厦门市,member,product_detail,S002055,0,C202601,悦活旅行,
B002055,U000203,P000042,轻氧美妆个护便携装,C01,美妆个护,pv,2026-06-11 20:28:00,69.00,,taobao,windows,浙江省,杭州市,member,product_detail,S002056,0,C202602,轻氧美妆,
B002056,U000028,P000168,轻氧服饰升级版,C03,服饰,pv,2026-02-18 23:46:00,368.00,,jd,windows,四川省,成都市,high_value,product_detail,S002057,0,C202602,轻氧服饰,
B002057,U000887,P000090,轻氧旅行用品套装,C10,旅行用品,fav,2026-05-24 08:37:00,170.00,,wechat,android,福建省,厦门市,new,home,S002058,1,C202601,轻氧旅行,
B002058,U000808,P000152,臻选数码配件便携装,C05,数码配件,fav,2026-04-06 13:41:00,302.00,,search,windows,江苏省,南京市,regular,product_detail,S002059,0,C202601,臻选数码,
B002059,U000214,P000117,云感食品饮料便携装,C02,食品饮料,pv,2026-06-17 16:05:00,54.00,,taobao,ios,上海市,上海市,member,category,S002060,0,C202603,云感食品,
B002060,U000404,P000030,轻氧家居日用套装,C04,家居日用,cart,2026-03-10 15:46:00,106.00,1,wechat,mac,广东省,深圳市,member,product_detail,S002061,0,C202602,轻氧家居,
B002061,U000510,P000111,云感宠物用品旗舰款,C08,宠物用品,pv,2026-06-12 18:11:00,117.00,,offline,ios,北京市,北京市,regular,home,S002062,0,C202603,云感宠物,
B002062,U000823,P000025,悦活宠物用品套装,C08,宠物用品,fav,2026-06-27 19:39:00,105.00,,offline,ios,广东省,深圳市,new,home,S002063,1,C202602,悦活宠物,
B002063,U000037,P000036,轻氧食品饮料旗舰款,C02,食品饮料,cart,2026-04-21 11:32:00,73.00,1,wechat,android,广东省,深圳市,high_value,category,S002064,0,C202606,轻氧食品,
B002064,U000040,P000011,轻盈旅行用品旗舰款,C10,旅行用品,pv,2026-02-23 19:57:00,224.00,,offline,windows,北京市,北京市,high_value,category,S002065,0,C202602,轻盈旅行,
B002065,U000262,P000150,轻氧母婴用品套装,C06,母婴用品,pv,2026-02-02 14:56:00,76.00,,jd,mac,广东省,深圳市,member,product_detail,S002066,0,C202606,轻氧母婴,
B002066,U000779,P000082,原野旅行用品便携装,C10,旅行用品,pv,2026-03-21 17:34:00,253.00,,offline,windows,上海市,上海市,regular,category,S002067,0,C202605,原野旅行,
B002067,U000442,P000088,原野家居日用升级版,C04,家居日用,pv,2026-03-30 11:05:00,89.00,,wechat,ios,湖北省,武汉市,regular,product_detail,S002068,0,C202605,原野家居,
B002068,U000790,P000071,轻盈宠物用品旗舰款,C08,宠物用品,pv,2026-03-12 18:51:00,144.00,,search,mac,江苏省,南京市,regular,search,S002069,0,C202606,轻盈宠物,
B002069,U000771,P000108,轻氧母婴用品升级版,C06,母婴用品,cart,2026-02-17 18:21:00,86.00,1,search,ios,四川省,成都市,regular,category,S002070,0,C202605,轻氧母婴,
B002070,U000715,P000106,原野母婴用品旗舰款,C06,母婴用品,cart,2026-03-08 17:15:00,102.00,1,offline,windows,湖北省,武汉市,regular,product_detail,S002071,0,C202603,原野母婴,
B002071,U000062,P000136,原野运动户外旗舰款,C07,运动户外,pv,2026-02-20 09:11:00,169.00,,search,windows,浙江省,杭州市,high_value,category,S002072,0,C202601,原野运动,
B002072,U000334,P000060,轻氧数码配件套装,C05,数码配件,pv,2026-01-01 22:00:00,269.00,,wechat,windows,福建省,厦门市,member,category,S002073,0,C202604,轻氧数码,
B002073,U000335,P000065,轻盈生鲜套装,C09,生鲜,pv,2026-04-07 19:39:00,41.00,,wechat,windows,北京市,北京市,member,product_detail,S002074,0,C202604,轻盈生鲜,
B002074,U000152,P000145,悦活宠物用品套装,C08,宠物用品,fav,2026-06-05 11:12:00,42.00,,jd,mac,湖北省,武汉市,member,product_detail,S002075,0,C202605,悦活宠物,
B002075,U000608,P000090,轻氧旅行用品套装,C10,旅行用品,pv,2026-04-27 17:53:00,170.00,,douyin,android,河南省,郑州市,regular,product_detail,S002076,0,C202606,轻氧旅行,
B002076,U000756,P000052,原野数码配件便携装,C05,数码配件,cart,2026-06-11 19:56:00,173.00,1,wechat,windows,福建省,厦门市,regular,category,S002077,0,C202606,原野数码,
B002077,U000270,P000162,轻氧食品饮料便携装,C02,食品饮料,pv,2026-02-15 10:30:00,73.00,,jd,ios,山东省,青岛市,member,product_detail,S002078,0,C202603,轻氧食品,
B002078,U000626,P000064,原野宠物用品日常款,C08,宠物用品,fav,2026-01-28 18:54:00,140.00,,wechat,windows,上海市,上海市,regular,product_detail,S002079,0,C202605,原野宠物,
B002079,U000623,P000032,臻选生鲜便携装,C09,生鲜,cart,2026-04-30 18:11:00,71.00,1,offline,android,江苏省,南京市,regular,category,S002080,0,C202605,臻选生鲜,
B002080,U000507,P000100,原野运动户外套装,C07,运动户外,pv,2026-02-05 10:42:00,235.00,,search,windows,广东省,深圳市,regular,search,S002081,0,C202605,原野运动,
B002081,U000811,P000036,轻氧食品饮料旗舰款,C02,食品饮料,cart,2026-06-18 10:09:00,73.00,1,offline,mac,四川省,成都市,regular,home,S002082,0,C202605,轻氧食品,
B002082,U000255,P000040,原野数码配件套装,C05,数码配件,cart,2026-03-11 08:29:00,162.00,1,offline,mac,湖北省,武汉市,member,product_detail,S002083,0,C202605,原野数码,
B002083,U000576,P000059,轻盈美妆个护日常款,C01,美妆个护,fav,2026-03-23 19:58:00,52.00,,douyin,android,福建省,厦门市,regular,category,S002084,0,C202604,轻盈美妆,
B002084,U000157,P000083,轻盈运动户外升级版,C07,运动户外,pv,2026-03-17 16:25:00,227.00,,offline,ios,上海市,上海市,member,search,S002085,0,C202605,轻盈运动,
B002085,U000622,P000012,轻氧母婴用品便携装,C06,母婴用品,pv,2026-04-20 08:33:00,128.00,,offline,ios,河南省,郑州市,regular,product_detail,S002086,0,C202603,轻氧母婴,
B002086,U000495,P000113,轻盈旅行用品升级版,C10,旅行用品,pv,2026-04-24 22:25:00,483.00,,search,android,北京市,北京市,regular,category,S002087,0,C202605,轻盈旅行,
B002087,U000015,P000077,轻盈服饰便携装,C03,服饰,cart,2026-05-10 11:19:00,279.00,1,taobao,mac,湖北省,武汉市,high_value,product_detail,S002088,0,C202601,轻盈服饰,
B002088,U000338,P000038,臻选母婴用品升级版,C06,母婴用品,pv,2026-06-28 14:16:00,188.00,,wechat,android,上海市,上海市,member,search,S002089,0,C202604,臻选母婴,
B002089,U000499,P000136,原野运动户外旗舰款,C07,运动户外,fav,2026-05-20 22:30:00,169.00,,douyin,mac,河南省,郑州市,regular,category,S002090,0,C202602,原野运动,
B002090,U000452,P000058,原野生鲜升级版,C09,生鲜,fav,2026-03-20 11:18:00,44.00,,search,mac,江苏省,南京市,regular,search,S002091,0,C202604,原野生鲜,
B002091,U000121,P000044,臻选食品饮料日常款,C02,食品饮料,pv,2026-01-09 11:12:00,28.00,,douyin,windows,上海市,上海市,member,category,S002092,0,C202601,臻选食品,
B002092,U000224,P000012,轻氧母婴用品便携装,C06,母婴用品,pv,2026-03-12 20:36:00,128.00,,jd,android,浙江省,杭州市,member,product_detail,S002093,0,C202606,轻氧母婴,
B002093,U000462,P000025,悦活宠物用品套装,C08,宠物用品,pv,2026-01-17 22:07:00,105.00,,offline,ios,北京市,北京市,regular,category,S002094,0,C202602,悦活宠物,
B002094,U000262,P000008,臻选美妆个护升级版,C01,美妆个护,pv,2026-03-25 10:34:00,69.00,,taobao,mac,广东省,深圳市,member,search,S002095,0,C202604,臻选美妆,
B002095,U000045,P000143,轻盈美妆个护升级版,C01,美妆个护,pv,2026-02-27 22:09:00,53.00,,jd,windows,福建省,厦门市,high_value,product_detail,S002096,0,C202606,轻盈美妆,
B002096,U000614,P000074,臻选美妆个护日常款,C01,美妆个护,pv,2026-06-09 21:43:00,71.00,,jd,android,北京市,北京市,regular,search,S002097,0,C202601,臻选美妆,
B002097,U000299,P000001,悦活家居日用旗舰款,C04,家居日用,pv,2026-02-11 13:44:00,141.00,,search,ios,广东省,深圳市,member,category,S002098,0,C202605,悦活家居,
B002098,U000165,P000102,轻氧母婴用品便携装,C06,母婴用品,pv,2026-06-06 09:42:00,104.00,,taobao,ios,浙江省,杭州市,member,search,S002099,0,C202603,轻氧母婴,
B002099,U000805,P000058,原野生鲜升级版,C09,生鲜,pv,2026-04-01 19:03:00,44.00,,douyin,mac,浙江省,杭州市,regular,search,S002100,0,C202602,原野生鲜,
B002100,U000598,P000141,云感数码配件旗舰款,C05,数码配件,pv,2026-02-22 13:23:00,220.00,,offline,windows,福建省,厦门市,regular,product_detail,S002101,0,C202603,云感数码,
B002101,U000374,P000037,悦活运动户外便携装,C07,运动户外,fav,2026-03-02 09:28:00,152.00,,wechat,android,山东省,青岛市,member,search,S002102,0,C202601,悦活运动,
B002102,U000115,P000011,轻盈旅行用品旗舰款,C10,旅行用品,pv,2026-04-12 11:42:00,224.00,,search,windows,江苏省,南京市,high_value,product_detail,S002103,0,C202601,轻盈旅行,
B002103,U000181,P000043,悦活服饰升级版,C03,服饰,cart,2026-05-13 16:17:00,237.00,1,douyin,android,四川省,成都市,member,home,S002104,0,C202604,悦活服饰,
B002104,U000427,P000155,轻盈生鲜套装,C09,生鲜,pv,2026-03-28 20:27:00,106.00,,douyin,ios,福建省,厦门市,regular,home,S002105,0,C202602,轻盈生鲜,
B002105,U000630,P000164,臻选食品饮料日常款,C02,食品饮料,pv,2026-01-07 23:50:00,73.00,,jd,windows,湖北省,武汉市,regular,product_detail,S002106,0,C202603,臻选食品,
B002106,U000513,P000127,悦活食品饮料便携装,C02,食品饮料,cart,2026-04-15 11:22:00,39.00,1,search,windows,四川省,成都市,regular,product_detail,S002107,0,C202601,悦活食品,
B002107,U000039,P000114,轻氧母婴用品日常款,C06,母婴用品,cart,2026-03-25 09:08:00,142.00,1,taobao,mac,福建省,厦门市,high_value,home,S002108,0,C202606,轻氧母婴,
B002108,U000024,P000019,悦活家居日用日常款,C04,家居日用,fav,2026-03-09 18:02:00,71.00,,douyin,ios,湖北省,武汉市,high_value,category,S002109,0,C202601,悦活家居,
B002109,U000454,P000167,轻盈美妆个护便携装,C01,美妆个护,pv,2026-01-07 13:09:00,119.00,,jd,mac,河南省,郑州市,regular,search,S002110,0,C202606,轻盈美妆,
B002110,U000358,P000041,轻盈家居日用旗舰款,C04,家居日用,pv,2026-06-28 10:52:00,166.00,,taobao,ios,福建省,厦门市,member,product_detail,S002111,0,C202605,轻盈家居,
B002111,U000072,P000126,轻氧旅行用品旗舰款,C10,旅行用品,fav,2026-06-25 14:42:00,248.00,,offline,ios,四川省,成都市,high_value,home,S002112,0,C202604,轻氧旅行,
B002112,U000806,P000084,轻氧服饰日常款,C03,服饰,cart,2026-05-13 21:51:00,130.00,1,offline,android,河南省,郑州市,regular,category,S002113,0,C202605,轻氧服饰,
B002113,U000474,P000044,臻选食品饮料日常款,C02,食品饮料,cart,2026-04-14 19:39:00,28.00,1,taobao,ios,山东省,青岛市,regular,category,S002114,0,C202603,臻选食品,
B002114,U000147,P000127,悦活食品饮料便携装,C02,食品饮料,pv,2026-02-14 21:49:00,39.00,,taobao,windows,湖北省,武汉市,member,search,S002115,0,C202604,悦活食品,
B002115,U000724,P000098,臻选家居日用升级版,C04,家居日用,pv,2026-05-01 22:06:00,90.00,,jd,mac,河南省,郑州市,regular,product_detail,S002116,0,C202601,臻选家居,
B002116,U000693,P000127,悦活食品饮料便携装,C02,食品饮料,fav,2026-06-25 10:06:00,39.00,,wechat,mac,浙江省,杭州市,regular,category,S002117,0,C202604,悦活食品,
B002117,U000404,P000024,轻氧食品饮料日常款,C02,食品饮料,pv,2026-03-20 22:33:00,55.00,,wechat,mac,广东省,深圳市,member,product_detail,S002118,0,C202604,轻氧食品,
B002118,U000872,P000061,悦活家居日用旗舰款,C04,家居日用,cart,2026-06-18 21:29:00,157.00,1,wechat,android,浙江省,杭州市,new,home,S002119,1,C202602,悦活家居,
B002119,U000559,P000169,悦活生鲜日常款,C09,生鲜,cart,2026-06-13 16:36:00,42.00,1,douyin,mac,山东省,青岛市,regular,search,S002120,0,C202604,悦活生鲜,
B002120,U000329,P000114,轻氧母婴用品日常款,C06,母婴用品,fav,2026-05-19 18:49:00,142.00,,douyin,ios,上海市,上海市,member,category,S002121,0,C202604,轻氧母婴,
B002121,U000766,P000158,臻选母婴用品升级版,C06,母婴用品,pv,2026-02-13 23:31:00,121.00,,offline,android,山东省,青岛市,regular,product_detail,S002122,0,C202605,臻选母婴,
B002122,U000596,P000166,原野服饰旗舰款,C03,服饰,cart,2026-01-16 17:08:00,378.00,1,douyin,mac,北京市,北京市,regular,product_detail,S002123,0,C202605,原野服饰,
B002123,U000473,P000172,原野宠物用品便携装,C08,宠物用品,pv,2026-02-08 12:51:00,99.00,,wechat,android,河南省,郑州市,regular,search,S002124,0,C202605,原野宠物,
B002124,U000050,P000085,悦活家居日用套装,C04,家居日用,pv,2026-02-24 14:20:00,70.00,,offline,windows,河南省,郑州市,high_value,search,S002125,0,C202603,悦活家居,
B002125,U000355,P000062,臻选旅行用品便携装,C10,旅行用品,cart,2026-01-26 14:10:00,226.00,1,search,windows,浙江省,杭州市,member,product_detail,S002126,0,C202602,臻选旅行,
B002126,U000196,P000020,臻选数码配件套装,C05,数码配件,pv,2026-05-23 22:36:00,252.00,,douyin,ios,河南省,郑州市,member,product_detail,S002127,0,C202601,臻选数码,
B002127,U000464,P000172,原野宠物用品便携装,C08,宠物用品,pv,2026-02-10 18:32:00,99.00,,offline,android,浙江省,杭州市,regular,home,S002128,0,C202606,原野宠物,
B002128,U000670,P000130,原野服饰套装,C03,服饰,pv,2026-02-12 19:39:00,194.00,,offline,android,福建省,厦门市,regular,search,S002129,0,C202603,原野服饰,
B002129,U000408,P000139,悦活运动户外日常款,C07,运动户外,cart,2026-02-11 22:44:00,358.00,1,wechat,windows,北京市,北京市,member,category,S002130,0,C202604,悦活运动,
B002130,U000422,P000132,轻氧家居日用便携装,C04,家居日用,cart,2026-04-29 18:17:00,91.00,1,douyin,windows,湖北省,武汉市,regular,product_detail,S002131,0,C202601,轻氧家居,
B002131,U000017,P000153,云感美妆个护升级版,C01,美妆个护,cart,2026-05-01 09:58:00,48.00,1,jd,mac,河南省,郑州市,high_value,home,S002132,0,C202602,云感美妆,
B002132,U000653,P000108,轻氧母婴用品升级版,C06,母婴用品,cart,2026-06-14 15:39:00,86.00,1,jd,windows,北京市,北京市,regular,product_detail,S002133,0,C202603,轻氧母婴,
B002133,U000623,P000117,云感食品饮料便携装,C02,食品饮料,pv,2026-02-15 22:48:00,54.00,,search,android,江苏省,南京市,regular,home,S002134,0,C202603,云感食品,
B002134,U000500,P000009,云感数码配件日常款,C05,数码配件,cart,2026-02-15 21:42:00,295.00,1,douyin,ios,河南省,郑州市,regular,category,S002135,0,C202606,云感数码,
B002135,U000856,P000125,轻盈生鲜套装,C09,生鲜,pv,2026-02-04 11:40:00,62.00,,search,windows,北京市,北京市,new,home,S002136,1,C202602,轻盈生鲜,
B002136,U000517,P000010,原野旅行用品套装,C10,旅行用品,pv,2026-02-21 18:37:00,302.00,,wechat,ios,北京市,北京市,regular,home,S002137,0,C202602,原野旅行,
B002137,U000213,P000106,原野母婴用品旗舰款,C06,母婴用品,fav,2026-03-28 21:54:00,102.00,,douyin,ios,浙江省,杭州市,member,search,S002138,0,C202604,原野母婴,
B002138,U000674,P000047,轻盈服饰便携装,C03,服饰,pv,2026-05-22 20:51:00,154.00,,douyin,mac,江苏省,南京市,regular,category,S002139,0,C202603,轻盈服饰,
B002139,U000187,P000104,臻选旅行用品日常款,C10,旅行用品,fav,2026-06-25 21:33:00,352.00,,wechat,windows,湖北省,武汉市,member,category,S002140,0,C202606,臻选旅行,
B002140,U000283,P000004,原野旅行用品日常款,C10,旅行用品,pv,2026-04-24 15:11:00,271.00,,offline,windows,湖北省,武汉市,member,product_detail,S002141,0,C202602,原野旅行,
B002141,U000397,P000096,轻氧数码配件旗舰款,C05,数码配件,cart,2026-05-17 08:26:00,88.00,1,offline,mac,江苏省,南京市,member,product_detail,S002142,0,C202606,轻氧数码,
B002142,U000475,P000134,臻选数码配件日常款,C05,数码配件,fav,2026-03-29 15:07:00,120.00,,taobao,ios,福建省,厦门市,regular,product_detail,S002143,0,C202601,臻选数码,
B002143,U000607,P000140,臻选食品饮料套装,C02,食品饮料,pv,2026-02-09 19:39:00,71.00,,offline,windows,湖北省,武汉市,regular,product_detail,S002144,0,C202602,臻选食品,
B002144,U000341,P000115,悦活美妆个护套装,C01,美妆个护,pv,2026-01-05 18:56:00,86.00,,taobao,ios,江苏省,南京市,member,product_detail,S002145,0,C202602,悦活美妆,
B002145,U000383,P000077,轻盈服饰便携装,C03,服饰,pv,2026-01-14 18:59:00,279.00,,wechat,android,上海市,上海市,member,home,S002146,0,C202604,轻盈服饰,
B002146,U000054,P000095,轻盈旅行用品套装,C10,旅行用品,cart,2026-04-03 14:35:00,577.00,1,taobao,mac,福建省,厦门市,high_value,home,S002147,0,C202606,轻盈旅行,
B002147,U000086,P000085,悦活家居日用套装,C04,家居日用,cart,2026-02-03 13:21:00,70.00,1,taobao,windows,浙江省,杭州市,high_value,category,S002148,0,C202603,悦活家居,
B002148,U000127,P000047,轻盈服饰便携装,C03,服饰,pv,2026-01-19 15:23:00,154.00,,search,windows,广东省,深圳市,member,category,S002149,0,C202604,轻盈服饰,
B002149,U000757,P000083,轻盈运动户外升级版,C07,运动户外,fav,2026-02-26 11:05:00,227.00,,search,windows,广东省,深圳市,regular,home,S002150,0,C202606,轻盈运动,
B002150,U000424,P000093,云感生鲜升级版,C09,生鲜,cart,2026-03-08 22:54:00,39.00,1,taobao,mac,上海市,上海市,regular,product_detail,S002151,0,C202604,云感生鲜,
B002151,U000320,P000070,原野宠物用品套装,C08,宠物用品,fav,2026-02-12 21:32:00,147.00,,douyin,android,四川省,成都市,member,search,S002152,0,C202602,原野宠物,
B002152,U000018,P000039,云感生鲜日常款,C09,生鲜,fav,2026-04-24 13:36:00,109.00,,wechat,android,山东省,青岛市,high_value,product_detail,S002153,0,C202602,云感生鲜,
B002153,U000520,P000163,悦活生鲜升级版,C09,生鲜,cart,2026-06-04 09:13:00,69.00,1,jd,windows,山东省,青岛市,regular,category,S002154,0,C202605,悦活生鲜,
B002154,U000488,P000015,云感母婴用品套装,C06,母婴用品,cart,2026-01-19 13:13:00,128.00,1,offline,ios,北京市,北京市,regular,product_detail,S002155,0,C202604,云感母婴,
B002155,U000031,P000075,云感母婴用品套装,C06,母婴用品,cart,2026-01-05 15:10:00,82.00,1,taobao,mac,江苏省,南京市,high_value,search,S002156,0,C202606,云感母婴,
B002156,U000394,P000090,轻氧旅行用品套装,C10,旅行用品,cart,2026-06-11 20:14:00,170.00,1,jd,mac,广东省,深圳市,member,home,S002157,0,C202603,轻氧旅行,
B002157,U000320,P000024,轻氧食品饮料日常款,C02,食品饮料,pv,2026-02-21 18:16:00,55.00,,search,android,四川省,成都市,member,product_detail,S002158,0,C202602,轻氧食品,
B002158,U000662,P000013,悦活食品饮料升级版,C02,食品饮料,fav,2026-05-24 16:26:00,91.00,,wechat,mac,湖北省,武汉市,regular,home,S002159,0,C202602,悦活食品,
B002159,U000245,P000001,悦活家居日用旗舰款,C04,家居日用,pv,2026-06-16 23:09:00,141.00,,douyin,mac,北京市,北京市,member,product_detail,S002160,0,C202602,悦活家居,
B002160,U000113,P000069,云感运动户外日常款,C07,运动户外,cart,2026-06-19 22:21:00,268.00,1,search,windows,江苏省,南京市,high_value,category,S002161,0,C202606,云感运动,
B002161,U000365,P000166,原野服饰旗舰款,C03,服饰,pv,2026-03-14 17:53:00,378.00,,taobao,ios,四川省,成都市,member,home,S002162,0,C202601,原野服饰,
B002162,U000603,P000091,悦活母婴用品旗舰款,C06,母婴用品,pv,2026-01-23 08:11:00,87.00,,search,windows,上海市,上海市,regular,product_detail,S002163,0,C202601,悦活母婴,
B002163,U000286,P000086,臻选数码配件旗舰款,C05,数码配件,pv,2026-02-07 08:38:00,150.00,,offline,mac,山东省,青岛市,member,product_detail,S002164,0,C202606,臻选数码,
B002164,U000510,P000025,悦活宠物用品套装,C08,宠物用品,cart,2026-01-25 16:27:00,105.00,1,jd,ios,北京市,北京市,regular,category,S002165,0,C202605,悦活宠物,
B002165,U000627,P000016,原野运动户外旗舰款,C07,运动户外,pv,2026-01-24 12:28:00,164.00,,wechat,android,福建省,厦门市,regular,category,S002166,0,C202602,原野运动,
B002166,U000418,P000142,原野母婴用品便携装,C06,母婴用品,cart,2026-01-04 20:20:00,161.00,1,search,android,山东省,青岛市,member,product_detail,S002167,0,C202605,原野母婴,
B002167,U000271,P000067,悦活旅行用品便携装,C10,旅行用品,pv,2026-05-02 11:47:00,195.00,,douyin,android,河南省,郑州市,member,home,S002168,0,C202604,悦活旅行,
B002168,U000517,P000038,臻选母婴用品升级版,C06,母婴用品,pv,2026-04-28 19:40:00,188.00,,offline,ios,北京市,北京市,regular,category,S002169,0,C202604,臻选母婴,
B002169,U000368,P000144,轻氧美妆个护日常款,C01,美妆个护,pv,2026-02-22 15:47:00,118.00,,taobao,mac,广东省,深圳市,member,search,S002170,0,C202606,轻氧美妆,
B002170,U000507,P000138,轻氧数码配件升级版,C05,数码配件,fav,2026-04-22 13:32:00,150.00,,taobao,windows,广东省,深圳市,regular,search,S002171,0,C202604,轻氧数码,
B002171,U000071,P000111,云感宠物用品旗舰款,C08,宠物用品,fav,2026-04-24 20:13:00,117.00,,taobao,android,北京市,北京市,high_value,product_detail,S002172,0,C202602,云感宠物,
B002172,U000252,P000035,轻盈家居日用套装,C04,家居日用,pv,2026-05-18 17:47:00,116.00,,search,ios,湖北省,武汉市,member,product_detail,S002173,0,C202602,轻盈家居,
B002173,U000549,P000020,臻选数码配件套装,C05,数码配件,cart,2026-01-11 09:17:00,252.00,1,jd,windows,福建省,厦门市,regular,search,S002174,0,C202606,臻选数码,
B002174,U000852,P000067,悦活旅行用品便携装,C10,旅行用品,cart,2026-01-20 13:16:00,195.00,1,wechat,ios,四川省,成都市,new,home,S002175,1,C202606,悦活旅行,
B002175,U000205,P000105,云感运动户外套装,C07,运动户外,pv,2026-03-25 13:04:00,142.00,,douyin,windows,山东省,青岛市,member,home,S002176,0,C202602,云感运动,
B002176,U000040,P000035,轻盈家居日用套装,C04,家居日用,pv,2026-01-17 22:53:00,116.00,,douyin,windows,北京市,北京市,high_value,home,S002177,0,C202603,轻盈家居,
B002177,U000293,P000032,臻选生鲜便携装,C09,生鲜,pv,2026-05-09 20:41:00,71.00,,search,android,广东省,深圳市,member,search,S002178,0,C202606,臻选生鲜,
B002178,U000782,P000087,云感旅行用品便携装,C10,旅行用品,pv,2026-02-14 14:43:00,609.00,,jd,mac,湖北省,武汉市,regular,search,S002179,0,C202603,云感旅行,
B002179,U000454,P000083,轻盈运动户外升级版,C07,运动户外,fav,2026-02-28 09:40:00,227.00,,search,mac,河南省,郑州市,regular,product_detail,S002180,0,C202604,轻盈运动,
B002180,U000048,P000128,臻选旅行用品升级版,C10,旅行用品,pv,2026-02-18 14:25:00,514.00,,taobao,ios,河南省,郑州市,high_value,search,S002181,0,C202601,臻选旅行,
B002181,U000432,P000171,云感生鲜旗舰款,C09,生鲜,cart,2026-01-06 17:29:00,30.00,1,jd,ios,河南省,郑州市,regular,category,S002182,0,C202605,云感生鲜,
B002182,U000463,P000065,轻盈生鲜套装,C09,生鲜,fav,2026-03-14 19:59:00,41.00,,wechat,ios,浙江省,杭州市,regular,product_detail,S002183,0,C202605,轻盈生鲜,
B002183,U000329,P000004,原野旅行用品日常款,C10,旅行用品,pv,2026-03-23 19:19:00,271.00,,taobao,ios,上海市,上海市,member,search,S002184,0,C202605,原野旅行,
B002184,U000563,P000052,原野数码配件便携装,C05,数码配件,pv,2026-04-01 16:18:00,173.00,,offline,android,山东省,青岛市,regular,home,S002185,0,C202606,原野数码,
B002185,U000347,P000052,原野数码配件便携装,C05,数码配件,cart,2026-03-02 10:24:00,173.00,1,wechat,mac,河南省,郑州市,member,home,S002186,0,C202605,原野数码,
B002186,U000178,P000104,臻选旅行用品日常款,C10,旅行用品,cart,2026-04-23 21:43:00,352.00,1,douyin,android,浙江省,杭州市,member,home,S002187,0,C202601,臻选旅行,
B002187,U000324,P000021,云感宠物用品旗舰款,C08,宠物用品,fav,2026-02-22 13:36:00,160.00,,wechat,android,福建省,厦门市,member,category,S002188,0,C202601,云感宠物,
B002188,U000430,P000158,臻选母婴用品升级版,C06,母婴用品,fav,2026-01-17 09:18:00,121.00,,wechat,ios,福建省,厦门市,regular,product_detail,S002189,0,C202605,臻选母婴,
B002189,U000675,P000167,轻盈美妆个护便携装,C01,美妆个护,cart,2026-01-16 16:47:00,119.00,1,search,windows,北京市,北京市,regular,home,S002190,0,C202605,轻盈美妆,
B002190,U000022,P000083,轻盈运动户外升级版,C07,运动户外,fav,2026-01-12 14:08:00,227.00,,taobao,ios,江苏省,南京市,high_value,search,S002191,0,C202605,轻盈运动,
B002191,U000436,P000072,轻氧美妆个护便携装,C01,美妆个护,fav,2026-03-22 12:07:00,122.00,,douyin,ios,河南省,郑州市,regular,home,S002192,0,C202602,轻氧美妆,
B002192,U000443,P000116,臻选数码配件旗舰款,C05,数码配件,fav,2026-06-19 08:28:00,228.00,,offline,android,上海市,上海市,regular,home,S002193,0,C202604,臻选数码,
B002193,U000353,P000012,轻氧母婴用品便携装,C06,母婴用品,fav,2026-04-10 12:47:00,128.00,,taobao,windows,河南省,郑州市,member,home,S002194,0,C202601,轻氧母婴,
B002194,U000114,P000083,轻盈运动户外升级版,C07,运动户外,fav,2026-04-21 10:55:00,227.00,,taobao,windows,江苏省,南京市,high_value,category,S002195,0,C202604,轻盈运动,
B002195,U000742,P000009,云感数码配件日常款,C05,数码配件,pv,2026-01-09 18:37:00,295.00,,jd,ios,河南省,郑州市,regular,home,S002196,0,C202602,云感数码,
B002196,U000644,P000152,臻选数码配件便携装,C05,数码配件,cart,2026-03-29 17:47:00,302.00,1,jd,mac,山东省,青岛市,regular,search,S002197,0,C202605,臻选数码,
B002197,U000129,P000117,云感食品饮料便携装,C02,食品饮料,pv,2026-06-20 08:31:00,54.00,,douyin,android,河南省,郑州市,member,search,S002198,0,C202605,云感食品,
B002198,U000797,P000162,轻氧食品饮料便携装,C02,食品饮料,pv,2026-05-10 18:37:00,73.00,,search,windows,山东省,青岛市,regular,product_detail,S002199,0,C202604,轻氧食品,
B002199,U000052,P000033,云感美妆个护升级版,C01,美妆个护,pv,2026-01-26 09:11:00,88.00,,wechat,android,北京市,北京市,high_value,product_detail,S002200,0,C202602,云感美妆,
B002200,U000576,P000044,臻选食品饮料日常款,C02,食品饮料,pv,2026-05-07 18:17:00,28.00,,wechat,android,福建省,厦门市,regular,product_detail,S002201,0,C202604,臻选食品,
B002201,U000538,P000085,悦活家居日用套装,C04,家居日用,cart,2026-06-27 22:36:00,70.00,1,jd,android,山东省,青岛市,regular,search,S002202,0,C202601,悦活家居,
B002202,U000688,P000046,原野食品饮料旗舰款,C02,食品饮料,pv,2026-05-09 23:23:00,69.00,,offline,ios,福建省,厦门市,regular,product_detail,S002203,0,C202604,原野食品,
B002203,U000583,P000015,云感母婴用品套装,C06,母婴用品,pv,2026-01-18 16:28:00,128.00,,douyin,windows,江苏省,南京市,regular,search,S002204,0,C202602,云感母婴,
B002204,U000012,P000090,轻氧旅行用品套装,C10,旅行用品,fav,2026-01-02 14:00:00,170.00,,offline,android,山东省,青岛市,high_value,search,S002205,0,C202602,轻氧旅行,
B002205,U000640,P000123,云感宠物用品升级版,C08,宠物用品,cart,2026-06-16 18:02:00,83.00,1,search,android,浙江省,杭州市,regular,search,S002206,0,C202606,云感宠物,
B002206,U000590,P000048,轻氧宠物用品升级版,C08,宠物用品,cart,2026-01-16 13:22:00,142.00,1,wechat,windows,江苏省,南京市,regular,category,S002207,0,C202603,轻氧宠物,
B002207,U000735,P000098,臻选家居日用升级版,C04,家居日用,cart,2026-02-11 23:35:00,90.00,1,jd,ios,山东省,青岛市,regular,search,S002208,0,C202601,臻选家居,
B002208,U000618,P000022,原野母婴用品便携装,C06,母婴用品,cart,2026-03-01 09:33:00,190.00,1,wechat,windows,福建省,厦门市,regular,category,S002209,0,C202603,原野母婴,
B002209,U000366,P000128,臻选旅行用品升级版,C10,旅行用品,pv,2026-02-27 17:59:00,514.00,,offline,android,上海市,上海市,member,search,S002210,0,C202605,臻选旅行,
B002210,U000788,P000083,轻盈运动户外升级版,C07,运动户外,pv,2026-04-07 18:48:00,227.00,,taobao,windows,河南省,郑州市,regular,home,S002211,0,C202604,轻盈运动,
B002211,U000545,P000069,云感运动户外日常款,C07,运动户外,pv,2026-01-21 16:47:00,268.00,,jd,windows,四川省,成都市,regular,search,S002212,0,C202603,云感运动,
B002212,U000262,P000002,臻选服饰便携装,C03,服饰,pv,2026-04-11 15:35:00,332.00,,taobao,mac,广东省,深圳市,member,product_detail,S002213,0,C202605,臻选服饰,
B002213,U000613,P000121,悦活运动户外旗舰款,C07,运动户外,fav,2026-02-09 17:02:00,291.00,,douyin,windows,江苏省,南京市,regular,category,S002214,0,C202603,悦活运动,
B002214,U000179,P000060,轻氧数码配件套装,C05,数码配件,pv,2026-05-17 16:53:00,269.00,,offline,windows,四川省,成都市,member,home,S002215,0,C202602,轻氧数码,
B002215,U000560,P000156,轻氧母婴用品旗舰款,C06,母婴用品,pv,2026-02-14 08:19:00,153.00,,douyin,ios,山东省,青岛市,regular,search,S002216,0,C202602,轻氧母婴,
B002216,U000656,P000124,原野食品饮料日常款,C02,食品饮料,cart,2026-02-04 10:08:00,60.00,1,taobao,windows,四川省,成都市,regular,home,S002217,0,C202603,原野食品,
B002217,U000794,P000137,轻盈数码配件便携装,C05,数码配件,pv,2026-03-29 23:01:00,216.00,,jd,ios,北京市,北京市,regular,search,S002218,0,C202605,轻盈数码,
B002218,U000517,P000171,云感生鲜旗舰款,C09,生鲜,pv,2026-02-25 13:56:00,30.00,,wechat,ios,北京市,北京市,regular,product_detail,S002219,0,C202603,云感生鲜,
B002219,U000254,P000106,原野母婴用品旗舰款,C06,母婴用品,pv,2026-01-05 23:58:00,102.00,,taobao,ios,上海市,上海市,member,category,S002220,0,C202605,原野母婴,
B002220,U000697,P000026,臻选生鲜旗舰款,C09,生鲜,pv,2026-06-23 13:21:00,88.00,,search,ios,山东省,青岛市,regular,search,S002221,0,C202601,臻选生鲜,
B002221,U000115,P000168,轻氧服饰升级版,C03,服饰,cart,2026-03-20 22:34:00,368.00,1,taobao,windows,江苏省,南京市,high_value,search,S002222,0,C202602,轻氧服饰,
B002222,U000368,P000122,臻选运动户外便携装,C07,运动户外,pv,2026-06-24 21:12:00,212.00,,search,mac,广东省,深圳市,member,product_detail,S002223,0,C202604,臻选运动,
B002223,U000580,P000012,轻氧母婴用品便携装,C06,母婴用品,cart,2026-02-21 08:05:00,128.00,1,douyin,ios,广东省,深圳市,regular,home,S002224,0,C202604,轻氧母婴,
B002224,U000244,P000145,悦活宠物用品套装,C08,宠物用品,cart,2026-04-16 19:38:00,42.00,1,taobao,mac,河南省,郑州市,member,category,S002225,0,C202602,悦活宠物,
B002225,U000063,P000103,悦活美妆个护升级版,C01,美妆个护,pv,2026-01-13 14:49:00,76.00,,taobao,mac,湖北省,武汉市,high_value,product_detail,S002226,0,C202601,悦活美妆,
B002226,U000514,P000055,悦活宠物用品套装,C08,宠物用品,cart,2026-03-23 12:39:00,100.00,1,taobao,mac,山东省,青岛市,regular,product_detail,S002227,0,C202605,悦活宠物,
B002227,U000136,P000156,轻氧母婴用品旗舰款,C06,母婴用品,pv,2026-05-28 23:23:00,153.00,,jd,windows,湖北省,武汉市,member,search,S002228,0,C202602,轻氧母婴,
B002228,U000639,P000093,云感生鲜升级版,C09,生鲜,pv,2026-01-22 23:57:00,39.00,,wechat,ios,上海市,上海市,regular,search,S002229,0,C202602,云感生鲜,
B002229,U000403,P000134,臻选数码配件日常款,C05,数码配件,cart,2026-03-25 21:57:00,120.00,1,taobao,windows,湖北省,武汉市,member,category,S002230,0,C202601,臻选数码,
B002230,U000440,P000054,轻氧美妆个护日常款,C01,美妆个护,cart,2026-03-23 18:24:00,138.00,1,offline,android,河南省,郑州市,regular,home,S002231,0,C202602,轻氧美妆,
B002231,U000772,P000145,悦活宠物用品套装,C08,宠物用品,cart,2026-04-04 19:28:00,42.00,1,wechat,windows,福建省,厦门市,regular,category,S002232,0,C202601,悦活宠物,
B002232,U000185,P000082,原野旅行用品便携装,C10,旅行用品,pv,2026-03-19 20:43:00,253.00,,search,ios,山东省,青岛市,member,search,S002233,0,C202604,原野旅行,
B002233,U000121,P000146,臻选生鲜旗舰款,C09,生鲜,cart,2026-01-27 12:40:00,112.00,1,douyin,windows,上海市,上海市,member,home,S002234,0,C202601,臻选生鲜,
B002234,U000894,P000033,云感美妆个护升级版,C01,美妆个护,pv,2026-02-13 14:33:00,88.00,,wechat,windows,山东省,青岛市,new,category,S002235,1,C202604,云感美妆,
B002235,U000883,P000042,轻氧美妆个护便携装,C01,美妆个护,pv,2026-02-14 11:02:00,69.00,,douyin,ios,湖北省,武汉市,new,category,S002236,1,C202602,轻氧美妆,
B002236,U000109,P000096,轻氧数码配件旗舰款,C05,数码配件,pv,2026-05-19 10:44:00,88.00,,search,mac,上海市,上海市,high_value,search,S002237,0,C202601,轻氧数码,
B002237,U000585,P000009,云感数码配件日常款,C05,数码配件,cart,2026-04-28 10:30:00,295.00,1,taobao,android,山东省,青岛市,regular,home,S002238,0,C202606,云感数码,
B002238,U000719,P000085,悦活家居日用套装,C04,家居日用,pv,2026-03-15 09:49:00,70.00,,jd,android,上海市,上海市,regular,category,S002239,0,C202603,悦活家居,
B002239,U000762,P000069,云感运动户外日常款,C07,运动户外,pv,2026-03-29 08:23:00,268.00,,jd,windows,湖北省,武汉市,regular,category,S002240,0,C202604,云感运动,
B002240,U000782,P000074,臻选美妆个护日常款,C01,美妆个护,pv,2026-04-08 18:51:00,71.00,,jd,mac,湖北省,武汉市,regular,category,S002241,0,C202605,臻选美妆,
B002241,U000272,P000052,原野数码配件便携装,C05,数码配件,cart,2026-03-01 08:50:00,173.00,1,jd,windows,北京市,北京市,member,product_detail,S002242,0,C202605,原野数码,
B002242,U000680,P000079,悦活服饰日常款,C03,服饰,pv,2026-03-29 09:05:00,452.00,,search,mac,福建省,厦门市,regular,product_detail,S002243,0,C202605,悦活服饰,
B002243,U000493,P000111,云感宠物用品旗舰款,C08,宠物用品,pv,2026-02-22 23:21:00,117.00,,wechat,mac,江苏省,南京市,regular,category,S002244,0,C202605,云感宠物,
B002244,U000585,P000024,轻氧食品饮料日常款,C02,食品饮料,cart,2026-05-08 13:36:00,55.00,1,search,android,山东省,青岛市,regular,product_detail,S002245,0,C202601,轻氧食品,
B002245,U000416,P000136,原野运动户外旗舰款,C07,运动户外,cart,2026-02-27 16:57:00,169.00,1,douyin,ios,浙江省,杭州市,member,home,S002246,0,C202604,原野运动,
B002246,U000239,P000046,原野食品饮料旗舰款,C02,食品饮料,pv,2026-03-20 22:42:00,69.00,,offline,windows,山东省,青岛市,member,home,S002247,0,C202603,原野食品,
B002247,U000833,P000156,轻氧母婴用品旗舰款,C06,母婴用品,pv,2026-02-17 10:54:00,153.00,,douyin,mac,福建省,厦门市,new,home,S002248,1,C202601,轻氧母婴,
B002248,U000134,P000133,悦活美妆个护升级版,C01,美妆个护,pv,2026-03-15 13:49:00,47.00,,offline,ios,山东省,青岛市,member,home,S002249,0,C202606,悦活美妆,
B002249,U000563,P000110,臻选美妆个护套装,C01,美妆个护,cart,2026-02-02 15:15:00,81.00,1,search,android,山东省,青岛市,regular,product_detail,S002250,0,C202602,臻选美妆,
B002250,U000456,P000053,轻盈服饰升级版,C03,服饰,cart,2026-02-26 18:19:00,262.00,1,search,ios,北京市,北京市,regular,product_detail,S002251,0,C202602,轻盈服饰,
B002251,U000592,P000086,臻选数码配件旗舰款,C05,数码配件,fav,2026-03-22 09:21:00,150.00,,douyin,mac,山东省,青岛市,regular,home,S002252,0,C202601,臻选数码,
B002252,U000399,P000069,云感运动户外日常款,C07,运动户外,cart,2026-05-07 14:55:00,268.00,1,douyin,mac,江苏省,南京市,member,product_detail,S002253,0,C202602,云感运动,
B002253,U000223,P000163,悦活生鲜升级版,C09,生鲜,cart,2026-04-09 09:52:00,69.00,1,taobao,ios,北京市,北京市,member,category,S002254,0,C202602,悦活生鲜,
B002254,U000316,P000166,原野服饰旗舰款,C03,服饰,pv,2026-04-21 10:27:00,378.00,,jd,mac,河南省,郑州市,member,home,S002255,0,C202606,原野服饰,
B002255,U000514,P000010,原野旅行用品套装,C10,旅行用品,pv,2026-03-13 13:16:00,302.00,,jd,mac,山东省,青岛市,regular,product_detail,S002256,0,C202606,原野旅行,
B002256,U000591,P000019,悦活家居日用日常款,C04,家居日用,pv,2026-04-22 21:31:00,71.00,,search,android,上海市,上海市,regular,category,S002257,0,C202604,悦活家居,
B002257,U000495,P000157,悦活旅行用品便携装,C10,旅行用品,cart,2026-06-15 23:59:00,436.00,1,wechat,android,北京市,北京市,regular,product_detail,S002258,0,C202601,悦活旅行,
B002258,U000111,P000137,轻盈数码配件便携装,C05,数码配件,cart,2026-01-02 20:10:00,216.00,1,taobao,ios,浙江省,杭州市,high_value,product_detail,S002259,0,C202603,轻盈数码,
B002259,U000437,P000168,轻氧服饰升级版,C03,服饰,fav,2026-06-02 11:11:00,368.00,,wechat,windows,北京市,北京市,regular,home,S002260,0,C202604,轻氧服饰,
B002260,U000095,P000007,悦活服饰便携装,C03,服饰,fav,2026-06-02 11:30:00,344.00,,taobao,ios,广东省,深圳市,high_value,home,S002261,0,C202603,悦活服饰,
B002261,U000657,P000154,原野生鲜日常款,C09,生鲜,pv,2026-02-24 09:44:00,103.00,,jd,android,福建省,厦门市,regular,home,S002262,0,C202606,原野生鲜,
B002262,U000525,P000027,云感宠物用品便携装,C08,宠物用品,pv,2026-04-20 13:26:00,96.00,,search,mac,广东省,深圳市,regular,category,S002263,0,C202603,云感宠物,
B002263,U000149,P000140,臻选食品饮料套装,C02,食品饮料,pv,2026-05-01 12:20:00,71.00,,douyin,windows,北京市,北京市,member,product_detail,S002264,0,C202603,臻选食品,
B002264,U000871,P000110,臻选美妆个护套装,C01,美妆个护,cart,2026-05-15 23:41:00,81.00,1,douyin,windows,广东省,深圳市,new,category,S002265,1,C202605,臻选美妆,
B002265,U000275,P000094,原野运动户外日常款,C07,运动户外,pv,2026-03-24 20:31:00,136.00,,taobao,windows,北京市,北京市,member,product_detail,S002266,0,C202603,原野运动,
B002266,U000702,P000113,轻盈旅行用品升级版,C10,旅行用品,pv,2026-06-07 10:16:00,483.00,,douyin,ios,上海市,上海市,regular,search,S002267,0,C202602,轻盈旅行,
B002267,U000204,P000080,臻选家居日用套装,C04,家居日用,cart,2026-01-26 18:57:00,148.00,1,offline,ios,湖北省,武汉市,member,category,S002268,0,C202602,臻选家居,
B002268,U000653,P000100,原野运动户外套装,C07,运动户外,pv,2026-04-10 21:40:00,235.00,,jd,windows,北京市,北京市,regular,search,S002269,0,C202606,原野运动,
B002269,U000481,P000081,云感数码配件旗舰款,C05,数码配件,pv,2026-06-07 10:56:00,152.00,,douyin,android,江苏省,南京市,regular,home,S002270,0,C202603,云感数码,
B002270,U000593,P000154,原野生鲜日常款,C09,生鲜,cart,2026-05-30 09:24:00,103.00,1,taobao,mac,湖北省,武汉市,regular,search,S002271,0,C202606,原野生鲜,
B002271,U000046,P000017,轻盈食品饮料便携装,C02,食品饮料,cart,2026-04-27 09:15:00,71.00,1,search,mac,湖北省,武汉市,high_value,search,S002272,0,C202603,轻盈食品,
B002272,U000826,P000009,云感数码配件日常款,C05,数码配件,pv,2026-06-11 10:43:00,295.00,,douyin,windows,江苏省,南京市,new,search,S002273,1,C202602,云感数码,
B002273,U000090,P000157,悦活旅行用品便携装,C10,旅行用品,pv,2026-05-15 16:52:00,436.00,,taobao,android,北京市,北京市,high_value,product_detail,S002274,0,C202605,悦活旅行,
B002274,U000518,P000084,轻氧服饰日常款,C03,服饰,cart,2026-02-07 08:24:00,130.00,1,offline,ios,上海市,上海市,regular,search,S002275,0,C202605,轻氧服饰,
B002275,U000054,P000018,轻氧生鲜升级版,C09,生鲜,cart,2026-02-19 09:45:00,81.00,1,jd,mac,福建省,厦门市,high_value,category,S002276,0,C202605,轻氧生鲜,
B002276,U000851,P000066,轻氧母婴用品旗舰款,C06,母婴用品,cart,2026-01-16 08:22:00,76.00,1,jd,mac,江苏省,南京市,new,search,S002277,1,C202606,轻氧母婴,
B002277,U000491,P000097,悦活母婴用品便携装,C06,母婴用品,pv,2026-04-20 13:25:00,123.00,,offline,windows,浙江省,杭州市,regular,product_detail,S002278,0,C202606,悦活母婴,
B002278,U000086,P000047,轻盈服饰便携装,C03,服饰,cart,2026-05-05 08:22:00,154.00,1,offline,windows,浙江省,杭州市,high_value,home,S002279,0,C202605,轻盈服饰,
B002279,U000815,P000108,轻氧母婴用品升级版,C06,母婴用品,cart,2026-01-18 20:35:00,86.00,1,jd,mac,河南省,郑州市,regular,category,S002280,0,C202601,轻氧母婴,
B002280,U000867,P000035,轻盈家居日用套装,C04,家居日用,cart,2026-05-15 10:35:00,116.00,1,offline,android,江苏省,南京市,new,product_detail,S002281,1,C202601,轻盈家居,
B002281,U000115,P000073,悦活家居日用升级版,C04,家居日用,pv,2026-03-11 16:30:00,147.00,,douyin,windows,江苏省,南京市,high_value,search,S002282,0,C202601,悦活家居,
B002282,U000650,P000033,云感美妆个护升级版,C01,美妆个护,pv,2026-03-02 15:27:00,88.00,,offline,android,上海市,上海市,regular,home,S002283,0,C202603,云感美妆,
B002283,U000380,P000062,臻选旅行用品便携装,C10,旅行用品,pv,2026-06-27 11:12:00,226.00,,douyin,windows,湖北省,武汉市,member,home,S002284,0,C202601,臻选旅行,
B002284,U000101,P000093,云感生鲜升级版,C09,生鲜,cart,2026-05-01 08:19:00,39.00,1,search,windows,江苏省,南京市,high_value,category,S002285,0,C202606,云感生鲜,
B002285,U000062,P000048,轻氧宠物用品升级版,C08,宠物用品,pv,2026-06-24 19:26:00,142.00,,taobao,windows,浙江省,杭州市,high_value,product_detail,S002286,0,C202606,轻氧宠物,
B002286,U000408,P000049,悦活数码配件日常款,C05,数码配件,cart,2026-06-13 16:09:00,141.00,1,search,windows,北京市,北京市,member,product_detail,S002287,0,C202604,悦活数码,
B002287,U000373,P000127,悦活食品饮料便携装,C02,食品饮料,cart,2026-02-01 15:30:00,39.00,1,taobao,ios,福建省,厦门市,member,product_detail,S002288,0,C202603,悦活食品,
B002288,U000549,P000113,轻盈旅行用品升级版,C10,旅行用品,fav,2026-01-30 11:49:00,483.00,,search,windows,福建省,厦门市,regular,search,S002289,0,C202602,轻盈旅行,
B002289,U000355,P000047,轻盈服饰便携装,C03,服饰,cart,2026-04-25 14:03:00,154.00,1,wechat,windows,浙江省,杭州市,member,search,S002290,0,C202602,轻盈服饰,
B002290,U000265,P000130,原野服饰套装,C03,服饰,pv,2026-04-29 10:53:00,194.00,,jd,android,山东省,青岛市,member,product_detail,S002291,0,C202605,原野服饰,
B002291,U000535,P000113,轻盈旅行用品升级版,C10,旅行用品,cart,2026-01-30 20:06:00,483.00,1,taobao,android,上海市,上海市,regular,category,S002292,0,C202602,轻盈旅行,
B002292,U000428,P000085,悦活家居日用套装,C04,家居日用,cart,2026-01-19 12:16:00,70.00,1,taobao,mac,浙江省,杭州市,regular,category,S002293,0,C202604,悦活家居,
B002293,U000732,P000113,轻盈旅行用品升级版,C10,旅行用品,pv,2026-06-14 23:47:00,483.00,,offline,android,河南省,郑州市,regular,product_detail,S002294,0,C202603,轻盈旅行,
B002294,U000110,P000006,轻氧母婴用品旗舰款,C06,母婴用品,cart,2026-05-28 20:25:00,161.00,1,search,mac,福建省,厦门市,high_value,search,S002295,0,C202602,轻氧母婴,
B002295,U000247,P000059,轻盈美妆个护日常款,C01,美妆个护,cart,2026-03-17 15:33:00,52.00,1,taobao,mac,浙江省,杭州市,member,search,S002296,0,C202601,轻盈美妆,
B002296,U000802,P000168,轻氧服饰升级版,C03,服饰,pv,2026-03-20 17:25:00,368.00,,douyin,ios,湖北省,武汉市,regular,home,S002297,0,C202606,轻氧服饰,
B002297,U000315,P000110,臻选美妆个护套装,C01,美妆个护,pv,2026-04-30 17:54:00,81.00,,douyin,android,江苏省,南京市,member,category,S002298,0,C202605,臻选美妆,
B002298,U000493,P000060,轻氧数码配件套装,C05,数码配件,pv,2026-05-26 14:58:00,269.00,,jd,mac,江苏省,南京市,regular,home,S002299,0,C202601,轻氧数码,
B002299,U000547,P000016,原野运动户外旗舰款,C07,运动户外,cart,2026-01-11 14:33:00,164.00,1,wechat,android,湖北省,武汉市,regular,category,S002300,0,C202604,原野运动,
B002300,U000418,P000098,臻选家居日用升级版,C04,家居日用,pv,2026-01-07 12:17:00,90.00,,offline,android,山东省,青岛市,member,product_detail,S002301,0,C202605,臻选家居,
B002301,U000608,P000163,悦活生鲜升级版,C09,生鲜,pv,2026-04-10 19:02:00,69.00,,offline,android,河南省,郑州市,regular,search,S002302,0,C202605,悦活生鲜,
B002302,U000594,P99999,未知商品,C01,美妆个护,pv,2026-06-06 21:20:00,88.00,,taobao,ios,广东省,深圳市,regular,search,S002303,0,C202602,云感美妆,
B002303,U000445,P000154,原野生鲜日常款,C09,生鲜,cart,2026-04-17 15:33:00,103.00,1,jd,mac,福建省,厦门市,regular,search,S002304,0,C202601,原野生鲜,
B002304,U000833,P000153,云感美妆个护升级版,C01,美妆个护,fav,2026-06-27 12:04:00,48.00,,taobao,mac,福建省,厦门市,new,home,S002305,1,C202606,云感美妆,
B002305,U000305,P000092,臻选服饰便携装,C03,服饰,fav,2026-01-25 09:26:00,291.00,,jd,ios,上海市,上海市,member,product_detail,S002306,0,C202604,臻选服饰,
B002306,U000714,P000121,悦活运动户外旗舰款,C07,运动户外,pv,2026-06-03 22:17:00,291.00,,taobao,android,江苏省,南京市,regular,category,S002307,0,C202601,悦活运动,
B002307,U000403,P000037,悦活运动户外便携装,C07,运动户外,fav,2026-02-07 15:16:00,152.00,,taobao,windows,湖北省,武汉市,member,search,S002308,0,C202604,悦活运动,
B002308,U000005,P000038,臻选母婴用品升级版,C06,母婴用品,pv,2026-05-09 22:08:00,188.00,,douyin,mac,上海市,上海市,high_value,product_detail,S002309,0,C202603,臻选母婴,
B002309,U000319,P000082,原野旅行用品便携装,C10,旅行用品,cart,2026-02-04 23:35:00,253.00,1,douyin,mac,四川省,成都市,member,product_detail,S002310,0,C202604,原野旅行,
B002310,U000639,P000143,轻盈美妆个护升级版,C01,美妆个护,pv,2026-01-10 13:45:00,53.00,,wechat,ios,上海市,上海市,regular,home,S002311,0,C202601,轻盈美妆,
B002311,U000015,P000077,轻盈服饰便携装,C03,服饰,pv,2026-02-24 09:54:00,279.00,,search,mac,湖北省,武汉市,high_value,home,S002312,0,C202601,轻盈服饰,
B002312,U000469,P000035,轻盈家居日用套装,C04,家居日用,cart,2026-05-03 23:12:00,116.00,1,douyin,ios,广东省,深圳市,regular,category,S002313,0,C202603,轻盈家居,
B002313,U000770,P000026,臻选生鲜旗舰款,C09,生鲜,pv,2026-01-24 08:20:00,88.00,,offline,windows,江苏省,南京市,regular,home,S002314,0,C202604,臻选生鲜,
B002314,U000755,P000145,悦活宠物用品套装,C08,宠物用品,cart,2026-04-14 08:04:00,42.00,1,offline,windows,浙江省,杭州市,regular,search,S002315,0,C202603,悦活宠物,
B002315,U000530,P000141,云感数码配件旗舰款,C05,数码配件,pv,2026-02-13 13:18:00,220.00,,search,ios,江苏省,南京市,regular,category,S002316,0,C202602,云感数码,
B002316,U000835,P000025,悦活宠物用品套装,C08,宠物用品,fav,2026-03-03 17:40:00,105.00,,search,ios,四川省,成都市,new,category,S002317,1,C202601,悦活宠物,
B002317,U000678,P000005,轻盈数码配件套装,C05,数码配件,pv,2026-04-14 14:28:00,256.00,,jd,windows,浙江省,杭州市,regular,search,S002318,0,C202602,轻盈数码,
B002318,U000416,P000092,臻选服饰便携装,C03,服饰,pv,2026-03-30 13:56:00,291.00,,douyin,ios,浙江省,杭州市,member,search,S002319,0,C202602,臻选服饰,
B002319,U000584,P000129,云感服饰日常款,C03,服饰,pv,2026-03-26 12:10:00,307.00,,douyin,ios,江苏省,南京市,regular,home,S002320,0,C202603,云感服饰,
B002320,U000770,P000102,轻氧母婴用品便携装,C06,母婴用品,pv,2026-05-15 21:12:00,104.00,,jd,windows,江苏省,南京市,regular,category,S002321,0,C202601,轻氧母婴,
B002321,U000557,P000143,轻盈美妆个护升级版,C01,美妆个护,pv,2026-03-02 18:28:00,53.00,,taobao,android,河南省,郑州市,regular,search,S002322,0,C202602,轻盈美妆,
B002322,U000889,P000020,臻选数码配件套装,C05,数码配件,pv,2026-05-23 10:55:00,252.00,,offline,android,广东省,深圳市,new,product_detail,S002323,1,C202602,臻选数码,
B002323,U000743,P000153,云感美妆个护升级版,C01,美妆个护,pv,2026-04-03 10:04:00,48.00,,douyin,android,上海市,上海市,regular,search,S002324,0,C202604,云感美妆,
B002324,U000366,P000038,臻选母婴用品升级版,C06,母婴用品,fav,2026-06-26 15:20:00,188.00,,wechat,android,上海市,上海市,member,product_detail,S002325,0,C202604,臻选母婴,
B002325,U000200,P000145,悦活宠物用品套装,C08,宠物用品,cart,2026-04-09 14:57:00,42.00,1,douyin,ios,浙江省,杭州市,member,category,S002326,0,C202601,悦活宠物,
B002326,U000626,P000142,原野母婴用品便携装,C06,母婴用品,pv,2026-06-30 16:52:00,161.00,,jd,windows,上海市,上海市,regular,search,S002327,0,C202602,原野母婴,
B002327,U000274,P000077,轻盈服饰便携装,C03,服饰,pv,2026-04-10 14:58:00,279.00,,offline,android,广东省,深圳市,member,category,S002328,0,C202606,轻盈服饰,
B002328,U000185,P000027,云感宠物用品便携装,C08,宠物用品,pv,2026-02-02 20:42:00,96.00,,wechat,ios,山东省,青岛市,member,home,S002329,0,C202602,云感宠物,
B002329,U000413,P000096,轻氧数码配件旗舰款,C05,数码配件,cart,2026-04-15 20:44:00,88.00,1,taobao,mac,四川省,成都市,member,home,S002330,0,C202604,轻氧数码,
B002330,U000548,P000088,原野家居日用升级版,C04,家居日用,pv,2026-05-14 08:11:00,89.00,,taobao,windows,浙江省,杭州市,regular,search,S002331,0,C202605,原野家居,
B002331,U000384,P000087,云感旅行用品便携装,C10,旅行用品,pv,2026-03-27 16:32:00,609.00,,wechat,ios,河南省,郑州市,member,home,S002332,0,C202601,云感旅行,
B002332,U000442,P000037,悦活运动户外便携装,C07,运动户外,pv,2026-01-04 11:47:00,152.00,,taobao,ios,湖北省,武汉市,regular,product_detail,S002333,0,C202604,悦活运动,
B002333,U000530,P000020,臻选数码配件套装,C05,数码配件,pv,2026-06-27 22:59:00,252.00,,offline,ios,江苏省,南京市,regular,search,S002334,0,C202606,臻选数码,
B002334,U000330,P000156,轻氧母婴用品旗舰款,C06,母婴用品,cart,2026-05-29 20:12:00,153.00,1,offline,ios,河南省,郑州市,member,category,S002335,0,C202606,轻氧母婴,
B002335,U000508,P000053,轻盈服饰升级版,C03,服饰,pv,2026-04-28 11:11:00,262.00,,offline,android,河南省,郑州市,regular,category,S002336,0,C202602,轻盈服饰,
B002336,U000676,P000136,原野运动户外旗舰款,C07,运动户外,cart,2026-05-17 19:54:00,169.00,1,offline,android,河南省,郑州市,regular,search,S002337,0,C202602,原野运动,
B002337,U000010,P000001,悦活家居日用旗舰款,C04,家居日用,cart,2026-05-01 10:35:00,141.00,1,search,android,浙江省,杭州市,high_value,search,S002338,0,C202601,悦活家居,
B002338,U000230,P000053,轻盈服饰升级版,C03,服饰,pv,2026-04-09 11:51:00,262.00,,taobao,ios,山东省,青岛市,member,product_detail,S002339,0,C202604,轻盈服饰,
B002339,U000536,P000154,原野生鲜日常款,C09,生鲜,pv,2026-06-17 08:57:00,103.00,,douyin,windows,江苏省,南京市,regular,category,S002340,0,C202601,原野生鲜,
B002340,U000609,P000054,轻氧美妆个护日常款,C01,美妆个护,cart,2026-02-12 19:20:00,138.00,1,jd,windows,浙江省,杭州市,regular,home,S002341,0,C202605,轻氧美妆,
B002341,U000015,P000022,原野母婴用品便携装,C06,母婴用品,pv,2026-01-01 22:33:00,190.00,,wechat,mac,湖北省,武汉市,high_value,category,S002342,0,C202605,原野母婴,
B002342,U000693,P000128,臻选旅行用品升级版,C10,旅行用品,cart,2026-02-27 21:36:00,514.00,1,wechat,mac,浙江省,杭州市,regular,home,S002343,0,C202602,臻选旅行,
B002343,U000491,P000086,臻选数码配件旗舰款,C05,数码配件,fav,2026-03-12 15:30:00,150.00,,wechat,windows,浙江省,杭州市,regular,category,S002344,0,C202606,臻选数码,
B002344,U000391,P000074,臻选美妆个护日常款,C01,美妆个护,pv,2026-04-17 23:56:00,71.00,,wechat,mac,江苏省,南京市,member,search,S002345,0,C202606,臻选美妆,
B002345,U000203,P000032,臻选生鲜便携装,C09,生鲜,pv,2026-04-08 23:33:00,71.00,,jd,windows,浙江省,杭州市,member,home,S002346,0,C202605,臻选生鲜,
B002346,U000327,P000012,轻氧母婴用品便携装,C06,母婴用品,pv,2026-05-14 12:02:00,128.00,,wechat,mac,北京市,北京市,member,category,S002347,0,C202606,轻氧母婴,
B002347,U000224,P000086,臻选数码配件旗舰款,C05,数码配件,pv,2026-01-12 09:46:00,150.00,,douyin,android,浙江省,杭州市,member,category,S002348,0,C202603,臻选数码,
B002348,U000496,P000088,原野家居日用升级版,C04,家居日用,pv,2026-03-04 16:46:00,89.00,,search,mac,湖北省,武汉市,regular,product_detail,S002349,0,C202603,原野家居,
B002349,U000601,P000154,原野生鲜日常款,C09,生鲜,pv,2026-04-13 14:36:00,103.00,,search,ios,江苏省,南京市,regular,home,S002350,0,C202604,原野生鲜,
B002350,U000236,P000069,云感运动户外日常款,C07,运动户外,pv,2026-05-23 17:49:00,268.00,,taobao,ios,湖北省,武汉市,member,product_detail,S002351,0,C202606,云感运动,
B002351,U000071,P000168,轻氧服饰升级版,C03,服饰,pv,2026-04-16 20:15:00,368.00,,taobao,android,北京市,北京市,high_value,product_detail,S002352,0,C202606,轻氧服饰,
B002352,U000797,P000001,悦活家居日用旗舰款,C04,家居日用,fav,2026-02-18 18:24:00,141.00,,douyin,windows,山东省,青岛市,regular,product_detail,S002353,0,C202603,悦活家居,
B002353,U000625,P000108,轻氧母婴用品升级版,C06,母婴用品,fav,2026-05-11 11:23:00,86.00,,wechat,android,上海市,上海市,regular,search,S002354,0,C202605,轻氧母婴,
B002354,U000447,P000152,臻选数码配件便携装,C05,数码配件,pv,2026-05-28 22:57:00,302.00,,wechat,ios,上海市,上海市,regular,home,S002355,0,C202605,臻选数码,
B002355,U000090,P000018,轻氧生鲜升级版,C09,生鲜,cart,2026-03-01 09:48:00,81.00,1,taobao,android,北京市,北京市,high_value,category,S002356,0,C202602,轻氧生鲜,
B002356,U000450,P000128,臻选旅行用品升级版,C10,旅行用品,pv,2026-02-04 14:04:00,514.00,,offline,windows,四川省,成都市,regular,home,S002357,0,C202604,臻选旅行,
B002357,U000170,P000063,云感母婴用品升级版,C06,母婴用品,pv,2026-02-27 09:02:00,165.00,,taobao,android,山东省,青岛市,member,category,S002358,0,C202603,云感母婴,
B002358,U000484,P000126,轻氧旅行用品旗舰款,C10,旅行用品,cart,2026-02-28 15:13:00,248.00,1,search,windows,河南省,郑州市,regular,search,S002359,0,C202602,轻氧旅行,
B002359,U000184,P000155,轻盈生鲜套装,C09,生鲜,cart,2026-05-24 15:31:00,106.00,1,offline,android,浙江省,杭州市,member,product_detail,S002360,0,C202602,轻盈生鲜,
B002360,U000365,P000051,云感宠物用品旗舰款,C08,宠物用品,cart,2026-04-09 08:48:00,64.00,1,jd,ios,四川省,成都市,member,search,S002361,0,C202604,云感宠物,
B002361,U000701,P000022,原野母婴用品便携装,C06,母婴用品,pv,2026-01-22 17:09:00,190.00,,wechat,ios,福建省,厦门市,regular,search,S002362,0,C202604,原野母婴,
B002362,U000149,P000168,轻氧服饰升级版,C03,服饰,pv,2026-06-14 19:37:00,368.00,,offline,windows,北京市,北京市,member,category,S002363,0,C202606,轻氧服饰,
B002363,U000057,P000014,臻选食品饮料日常款,C02,食品饮料,cart,2026-01-10 20:54:00,60.00,1,douyin,android,北京市,北京市,high_value,search,S002364,0,C202603,臻选食品,
B002364,U000427,P000153,云感美妆个护升级版,C01,美妆个护,fav,2026-03-25 09:08:00,48.00,,taobao,ios,福建省,厦门市,regular,product_detail,S002365,0,C202604,云感美妆,
B002365,U000892,P000040,原野数码配件套装,C05,数码配件,cart,2026-05-19 11:24:00,162.00,1,search,windows,广东省,深圳市,new,product_detail,S002366,1,C202603,原野数码,
B002366,U000435,P000068,臻选旅行用品升级版,C10,旅行用品,pv,2026-05-14 12:56:00,202.00,,jd,android,河南省,郑州市,regular,search,S002367,0,C202602,臻选旅行,
B002367,U000884,P000019,悦活家居日用日常款,C04,家居日用,pv,2026-04-20 17:41:00,71.00,,offline,mac,福建省,厦门市,new,product_detail,S002368,1,C202604,悦活家居,
B002368,U000017,P000097,悦活母婴用品便携装,C06,母婴用品,pv,2026-04-15 13:08:00,123.00,,douyin,mac,河南省,郑州市,high_value,home,S002369,0,C202604,悦活母婴,
B002369,U000507,P000012,轻氧母婴用品便携装,C06,母婴用品,fav,2026-01-14 19:04:00,128.00,,wechat,windows,广东省,深圳市,regular,category,S002370,0,C202606,轻氧母婴,
B002370,U000181,P000102,轻氧母婴用品便携装,C06,母婴用品,cart,2026-03-27 23:55:00,104.00,1,offline,android,四川省,成都市,member,category,S002371,0,C202606,轻氧母婴,
B002371,U000870,P000104,臻选旅行用品日常款,C10,旅行用品,cart,2026-06-25 18:44:00,352.00,1,taobao,ios,江苏省,南京市,new,category,S002372,1,C202606,臻选旅行,
B002372,U000735,P000093,云感生鲜升级版,C09,生鲜,cart,2026-06-22 14:43:00,39.00,1,offline,ios,山东省,青岛市,regular,category,S002373,0,C202601,云感生鲜,
B002373,U000326,P000045,云感食品饮料套装,C02,食品饮料,pv,2026-05-26 15:19:00,67.00,,search,windows,河南省,郑州市,member,product_detail,S002374,0,C202605,云感食品,
B002374,U000523,P000023,轻盈食品饮料升级版,C02,食品饮料,fav,2026-04-08 23:31:00,79.00,,jd,windows,江苏省,南京市,regular,category,S002375,0,C202602,轻盈食品,
B002375,U000545,P000119,轻盈宠物用品日常款,C08,宠物用品,cart,2026-05-26 21:06:00,99.00,1,jd,windows,四川省,成都市,regular,home,S002376,0,C202606,轻盈宠物,
B002376,U000523,P000169,悦活生鲜日常款,C09,生鲜,pv,2026-05-15 18:34:00,42.00,,wechat,windows,江苏省,南京市,regular,product_detail,S002377,0,C202605,悦活生鲜,
B002377,U000551,P000053,轻盈服饰升级版,C03,服饰,pv,2026-05-25 11:07:00,262.00,,wechat,android,湖北省,武汉市,regular,search,S002378,0,C202605,轻盈服饰,
B002378,U000626,P000039,云感生鲜日常款,C09,生鲜,fav,2026-01-12 23:22:00,109.00,,wechat,windows,上海市,上海市,regular,product_detail,S002379,0,C202601,云感生鲜,
B002379,U000515,P000006,轻氧母婴用品旗舰款,C06,母婴用品,pv,2026-03-28 21:00:00,161.00,,wechat,ios,上海市,上海市,regular,product_detail,S002380,0,C202602,轻氧母婴,
B002380,U000143,P000106,原野母婴用品旗舰款,C06,母婴用品,pv,2026-03-24 08:17:00,102.00,,offline,windows,北京市,北京市,member,home,S002381,0,C202606,原野母婴,
B002381,U000343,P000036,轻氧食品饮料旗舰款,C02,食品饮料,pv,2026-03-28 08:55:00,73.00,,douyin,android,江苏省,南京市,member,search,S002382,0,C202604,轻氧食品,
B002382,U000789,P000069,云感运动户外日常款,C07,运动户外,pv,2026-06-29 15:14:00,268.00,,wechat,android,山东省,青岛市,regular,home,S002383,0,C202605,云感运动,
B002383,U000754,P000100,原野运动户外套装,C07,运动户外,cart,2026-02-21 19:17:00,235.00,1,offline,mac,四川省,成都市,regular,category,S002384,0,C202606,原野运动,
B002384,U000862,P000157,悦活旅行用品便携装,C10,旅行用品,pv,2026-01-08 21:09:00,436.00,,wechat,windows,北京市,北京市,new,search,S002385,1,C202604,悦活旅行,
B002385,U000487,P000101,轻盈生鲜旗舰款,C09,生鲜,pv,2026-01-13 10:39:00,111.00,,douyin,windows,广东省,深圳市,regular,product_detail,S002386,0,C202606,轻盈生鲜,
B002386,U000455,P000021,云感宠物用品旗舰款,C08,宠物用品,pv,2026-01-28 15:22:00,160.00,,wechat,android,湖北省,武汉市,regular,product_detail,S002387,0,C202605,云感宠物,
B002387,U000828,P000046,原野食品饮料旗舰款,C02,食品饮料,cart,2026-05-18 12:55:00,69.00,1,taobao,android,浙江省,杭州市,new,category,S002388,1,C202605,原野食品,
B002388,U000338,P000135,云感数码配件套装,C05,数码配件,pv,2026-01-22 08:05:00,182.00,,douyin,android,上海市,上海市,member,product_detail,S002389,0,C202606,云感数码,
B002389,U000578,P000049,悦活数码配件日常款,C05,数码配件,pv,2026-01-26 16:51:00,141.00,,douyin,windows,浙江省,杭州市,regular,home,S002390,0,C202601,悦活数码,
B002390,U000469,P000053,轻盈服饰升级版,C03,服饰,fav,2026-02-13 09:49:00,262.00,,search,ios,广东省,深圳市,regular,product_detail,S002391,0,C202606,轻盈服饰,
B002391,U000677,P000039,云感生鲜日常款,C09,生鲜,pv,2026-05-31 15:13:00,109.00,,offline,android,上海市,上海市,regular,home,S002392,0,C202605,云感生鲜,
B002392,U000228,P000170,臻选生鲜套装,C09,生鲜,pv,2026-06-30 17:31:00,77.00,,offline,mac,广东省,深圳市,member,home,S002393,0,C202606,臻选生鲜,
B002393,U000365,P000096,轻氧数码配件旗舰款,C05,数码配件,pv,2026-02-16 12:32:00,88.00,,taobao,ios,四川省,成都市,member,search,S002394,0,C202602,轻氧数码,
B002394,U000282,P000026,臻选生鲜旗舰款,C09,生鲜,fav,2026-01-09 18:06:00,88.00,,search,windows,湖北省,武汉市,member,home,S002395,0,C202604,臻选生鲜,
B002395,U000880,P000037,悦活运动户外便携装,C07,运动户外,fav,2026-05-06 16:02:00,152.00,,taobao,windows,四川省,成都市,new,product_detail,S002396,1,C202605,悦活运动,
B002396,U000540,P000119,轻盈宠物用品日常款,C08,宠物用品,pv,2026-03-21 11:07:00,99.00,,wechat,android,河南省,郑州市,regular,category,S002397,0,C202606,轻盈宠物,
B002397,U000721,P000035,轻盈家居日用套装,C04,家居日用,pv,2026-06-06 14:21:00,116.00,,offline,android,四川省,成都市,regular,search,S002398,0,C202605,轻盈家居,
B002398,U000772,P000145,悦活宠物用品套装,C08,宠物用品,fav,2026-03-21 18:57:00,42.00,,offline,windows,福建省,厦门市,regular,category,S002399,0,C202601,悦活宠物,
B002399,U000712,P000059,轻盈美妆个护日常款,C01,美妆个护,cart,2026-05-06 16:07:00,52.00,1,jd,mac,江苏省,南京市,regular,category,S002400,0,C202605,轻盈美妆,
B002400,U000107,P000164,臻选食品饮料日常款,C02,食品饮料,cart,2026-02-04 23:47:00,73.00,1,offline,android,北京市,北京市,high_value,home,S002401,0,C202601,臻选食品,
B002401,U000804,P000060,轻氧数码配件套装,C05,数码配件,fav,2026-05-01 14:20:00,269.00,,jd,mac,上海市,上海市,regular,search,S002402,0,C202605,轻氧数码,
B002402,U000233,P000159,云感旅行用品日常款,C10,旅行用品,pv,2026-05-26 09:54:00,514.00,,wechat,mac,四川省,成都市,member,category,S002403,0,C202602,云感旅行,
B002403,U000540,P000054,轻氧美妆个护日常款,C01,美妆个护,cart,2026-04-17 17:21:00,138.00,1,search,android,河南省,郑州市,regular,search,S002404,0,C202601,轻氧美妆,
B002404,U000274,P000167,轻盈美妆个护便携装,C01,美妆个护,pv,2026-05-26 13:17:00,119.00,,search,android,广东省,深圳市,member,home,S002405,0,C202603,轻盈美妆,
B002405,U000834,P000127,悦活食品饮料便携装,C02,食品饮料,pv,2026-02-03 20:56:00,39.00,,search,mac,山东省,青岛市,new,product_detail,S002406,1,C202602,悦活食品,
B002406,U000076,P000078,轻氧运动户外升级版,C07,运动户外,pv,2026-01-07 17:04:00,332.00,,jd,ios,河南省,郑州市,high_value,search,S002407,0,C202601,轻氧运动,
B002407,U000122,P000121,悦活运动户外旗舰款,C07,运动户外,pv,2026-06-24 16:30:00,291.00,,wechat,mac,四川省,成都市,member,home,S002408,0,C202602,悦活运动,
B002408,U000095,P000071,轻盈宠物用品旗舰款,C08,宠物用品,pv,2026-02-24 13:25:00,144.00,,offline,ios,广东省,深圳市,high_value,category,S002409,0,C202604,轻盈宠物,
B002409,U000304,P000115,悦活美妆个护套装,C01,美妆个护,cart,2026-02-02 21:16:00,86.00,1,search,mac,湖北省,武汉市,member,search,S002410,0,C202601,悦活美妆,
B002410,U000111,P000045,云感食品饮料套装,C02,食品饮料,pv,2026-02-23 16:12:00,67.00,,douyin,ios,浙江省,杭州市,high_value,home,S002411,0,C202604,云感食品,
B002411,U000725,P000016,原野运动户外旗舰款,C07,运动户外,pv,2026-05-09 17:46:00,164.00,,offline,ios,山东省,青岛市,regular,search,S002412,0,C202601,原野运动,
B002412,U000401,P000026,臻选生鲜旗舰款,C09,生鲜,pv,2026-04-15 08:34:00,88.00,,wechat,android,浙江省,杭州市,member,home,S002413,0,C202602,臻选生鲜,
B002413,U000598,P000162,轻氧食品饮料便携装,C02,食品饮料,fav,2026-01-31 20:58:00,73.00,,search,windows,福建省,厦门市,regular,product_detail,S002414,0,C202604,轻氧食品,
B002414,U000427,P000153,云感美妆个护升级版,C01,美妆个护,pv,2026-01-11 08:59:00,48.00,,wechat,ios,福建省,厦门市,regular,category,S002415,0,C202606,云感美妆,
B002415,U000346,P000170,臻选生鲜套装,C09,生鲜,fav,2026-05-20 21:24:00,77.00,,offline,windows,山东省,青岛市,member,category,S002416,0,C202606,臻选生鲜,
B002416,U000084,P000053,轻盈服饰升级版,C03,服饰,fav,2026-05-16 17:11:00,262.00,,wechat,windows,河南省,郑州市,high_value,home,S002417,0,C202603,轻盈服饰,
B002417,U000484,P000091,悦活母婴用品旗舰款,C06,母婴用品,pv,2026-02-11 08:49:00,87.00,,wechat,windows,河南省,郑州市,regular,product_detail,S002418,0,C202603,悦活母婴,
B002418,U000078,P000171,云感生鲜旗舰款,C09,生鲜,fav,2026-02-14 13:09:00,30.00,,search,mac,湖北省,武汉市,high_value,home,S002419,0,C202605,云感生鲜,
B002419,U000330,P000147,云感数码配件便携装,C05,数码配件,fav,2026-04-28 18:47:00,281.00,,taobao,ios,河南省,郑州市,member,search,S002420,0,C202605,云感数码,
B002420,U000600,P000048,轻氧宠物用品升级版,C08,宠物用品,pv,2026-05-17 17:15:00,142.00,,search,mac,上海市,上海市,regular,category,S002421,0,C202604,轻氧宠物,
B002421,U000198,P000138,轻氧数码配件升级版,C05,数码配件,pv,2026-05-21 22:05:00,150.00,,taobao,ios,湖北省,武汉市,member,category,S002422,0,C202602,轻氧数码,
B002422,U000144,P000070,原野宠物用品套装,C08,宠物用品,pv,2026-03-21 12:53:00,147.00,,jd,windows,广东省,深圳市,member,home,S002423,0,C202602,原野宠物,
B002423,U000496,P000128,臻选旅行用品升级版,C10,旅行用品,pv,2026-02-24 19:07:00,514.00,,douyin,mac,湖北省,武汉市,regular,home,S002424,0,C202603,臻选旅行,
B002424,U000697,P000043,悦活服饰升级版,C03,服饰,pv,2026-06-10 11:09:00,237.00,,douyin,ios,山东省,青岛市,regular,home,S002425,0,C202606,悦活服饰,
B002425,U000354,P000079,悦活服饰日常款,C03,服饰,pv,2026-01-12 08:23:00,452.00,,douyin,mac,上海市,上海市,member,category,S002426,0,C202606,悦活服饰,
B002426,U000032,P000005,轻盈数码配件套装,C05,数码配件,pv,2026-03-15 22:36:00,256.00,,wechat,android,四川省,成都市,high_value,product_detail,S002427,0,C202602,轻盈数码,
B002427,U000636,P000057,云感数码配件便携装,C05,数码配件,pv,2026-03-27 21:34:00,79.00,,offline,ios,北京市,北京市,regular,category,S002428,0,C202605,云感数码,
B002428,U000510,P000070,原野宠物用品套装,C08,宠物用品,pv,2026-02-03 21:13:00,147.00,,offline,ios,北京市,北京市,regular,home,S002429,0,C202604,原野宠物,
B002429,U000131,P000098,臻选家居日用升级版,C04,家居日用,fav,2026-04-08 15:21:00,90.00,,taobao,mac,湖北省,武汉市,member,category,S002430,0,C202606,臻选家居,
B002430,U000427,P000044,臻选食品饮料日常款,C02,食品饮料,pv,2026-04-02 11:58:00,28.00,,offline,ios,福建省,厦门市,regular,search,S002431,0,C202601,臻选食品,
B002431,U000331,P000055,悦活宠物用品套装,C08,宠物用品,cart,2026-04-19 22:11:00,100.00,1,wechat,ios,福建省,厦门市,member,product_detail,S002432,0,C202601,悦活宠物,
B002432,U000185,P000115,悦活美妆个护套装,C01,美妆个护,fav,2026-05-13 18:51:00,86.00,,search,ios,山东省,青岛市,member,search,S002433,0,C202604,悦活美妆,
B002433,U000320,P000061,悦活家居日用旗舰款,C04,家居日用,pv,2026-03-04 10:34:00,157.00,,jd,android,四川省,成都市,member,category,S002434,0,C202602,悦活家居,
B002434,U000404,P000127,悦活食品饮料便携装,C02,食品饮料,pv,2026-05-15 22:51:00,39.00,,jd,mac,广东省,深圳市,member,search,S002435,0,C202606,悦活食品,
B002435,U000105,P000084,轻氧服饰日常款,C03,服饰,pv,2026-05-12 23:22:00,130.00,,wechat,mac,四川省,成都市,high_value,product_detail,S002436,0,C202602,轻氧服饰,
B002436,U000027,P000154,原野生鲜日常款,C09,生鲜,cart,2026-03-07 11:18:00,103.00,1,jd,mac,浙江省,杭州市,high_value,product_detail,S002437,0,C202602,原野生鲜,
B002437,U000851,P000102,轻氧母婴用品便携装,C06,母婴用品,pv,2026-04-12 18:18:00,104.00,,taobao,mac,江苏省,南京市,new,search,S002438,1,C202601,轻氧母婴,
B002438,U000778,P000082,原野旅行用品便携装,C10,旅行用品,pv,2026-03-15 10:38:00,253.00,,offline,windows,浙江省,杭州市,regular,home,S002439,0,C202602,原野旅行,
B002439,U000816,P000165,云感生鲜套装,C09,生鲜,fav,2026-02-12 10:33:00,43.00,,taobao,mac,上海市,上海市,regular,home,S002440,0,C202603,云感生鲜,
B002440,U000374,P000125,轻盈生鲜套装,C09,生鲜,fav,2026-02-24 21:17:00,62.00,,jd,android,山东省,青岛市,member,search,S002441,0,C202606,轻盈生鲜,
B002441,U000614,P000142,原野母婴用品便携装,C06,母婴用品,fav,2026-01-07 19:22:00,161.00,,douyin,android,北京市,北京市,regular,product_detail,S002442,0,C202602,原野母婴,
B002442,U000745,P000122,臻选运动户外便携装,C07,运动户外,cart,2026-05-07 23:51:00,212.00,1,jd,windows,四川省,成都市,regular,home,S002443,0,C202602,臻选运动,
B002443,U000248,P000059,轻盈美妆个护日常款,C01,美妆个护,pv,2026-02-06 22:10:00,52.00,,search,windows,浙江省,杭州市,member,category,S002444,0,C202603,轻盈美妆,
B002444,U000555,P000089,轻盈美妆个护日常款,C01,美妆个护,cart,2026-05-18 13:47:00,69.00,1,jd,ios,山东省,青岛市,regular,home,S002445,0,C202602,轻盈美妆,
B002445,U000445,P000122,臻选运动户外便携装,C07,运动户外,pv,2026-05-30 17:45:00,212.00,,douyin,mac,福建省,厦门市,regular,home,S002446,0,C202601,臻选运动,
B002446,U000325,P000006,轻氧母婴用品旗舰款,C06,母婴用品,cart,2026-05-05 13:16:00,161.00,1,douyin,mac,福建省,厦门市,member,product_detail,S002447,0,C202605,轻氧母婴,
B002447,U000459,P000154,原野生鲜日常款,C09,生鲜,pv,2026-05-11 18:18:00,103.00,,jd,ios,湖北省,武汉市,regular,product_detail,S002448,0,C202604,原野生鲜,
B002448,U000072,P000019,悦活家居日用日常款,C04,家居日用,pv,2026-03-28 08:15:00,71.00,,douyin,ios,四川省,成都市,high_value,product_detail,S002449,0,C202601,悦活家居,
B002449,U000459,P000029,轻盈食品饮料日常款,C02,食品饮料,fav,2026-04-25 20:09:00,91.00,,taobao,ios,湖北省,武汉市,regular,search,S002450,0,C202603,轻盈食品,
B002450,U000636,P000126,轻氧旅行用品旗舰款,C10,旅行用品,pv,2026-04-10 23:56:00,248.00,,search,ios,北京市,北京市,regular,search,S002451,0,C202602,轻氧旅行,
B002451,U000086,P000146,臻选生鲜旗舰款,C09,生鲜,fav,2026-04-09 14:38:00,112.00,,search,windows,浙江省,杭州市,high_value,category,S002452,0,C202606,臻选生鲜,
B002452,U000020,P000060,轻氧数码配件套装,C05,数码配件,pv,2026-05-16 18:44:00,269.00,,taobao,ios,江苏省,南京市,high_value,search,S002453,0,C202606,轻氧数码,
B002453,U000233,P000043,悦活服饰升级版,C03,服饰,cart,2026-05-26 12:25:00,237.00,1,taobao,mac,四川省,成都市,member,product_detail,S002454,0,C202606,悦活服饰,
B002454,U000547,P000040,原野数码配件套装,C05,数码配件,cart,2026-06-14 11:31:00,162.00,1,taobao,android,湖北省,武汉市,regular,search,S002455,0,C202603,原野数码,
B002455,U000033,P000088,原野家居日用升级版,C04,家居日用,fav,2026-05-24 19:25:00,89.00,,taobao,mac,北京市,北京市,high_value,category,S002456,0,C202604,原野家居,
B002456,U000235,P000100,原野运动户外套装,C07,运动户外,fav,2026-03-24 11:33:00,235.00,,jd,android,四川省,成都市,member,search,S002457,0,C202602,原野运动,
B002457,U000671,P000142,原野母婴用品便携装,C06,母婴用品,pv,2026-05-02 08:28:00,161.00,,search,ios,河南省,郑州市,regular,home,S002458,0,C202601,原野母婴,
B002458,U000188,P000028,原野数码配件升级版,C05,数码配件,cart,2026-05-19 10:13:00,158.00,1,taobao,android,浙江省,杭州市,member,product_detail,S002459,0,C202606,原野数码,
B002459,U000777,P000147,云感数码配件便携装,C05,数码配件,cart,2026-05-04 15:31:00,281.00,1,wechat,ios,浙江省,杭州市,regular,search,S002460,0,C202605,云感数码,
B002460,U000533,P000092,臻选服饰便携装,C03,服饰,pv,2026-01-12 22:44:00,291.00,,search,ios,四川省,成都市,regular,category,S002461,0,C202604,臻选服饰,
B002461,U000314,P000090,轻氧旅行用品套装,C10,旅行用品,pv,2026-03-14 17:23:00,170.00,,jd,android,浙江省,杭州市,member,category,S002462,0,C202606,轻氧旅行,
B002462,U000415,P000082,原野旅行用品便携装,C10,旅行用品,pv,2026-02-23 12:08:00,253.00,,wechat,windows,浙江省,杭州市,member,category,S002463,0,C202602,原野旅行,
B002463,U000373,P000104,臻选旅行用品日常款,C10,旅行用品,pv,2026-03-26 16:05:00,352.00,,search,ios,福建省,厦门市,member,product_detail,S002464,0,C202604,臻选旅行,
B002464,U000181,P000064,原野宠物用品日常款,C08,宠物用品,pv,2026-05-13 13:20:00,140.00,,douyin,android,四川省,成都市,member,home,S002465,0,C202605,原野宠物,
B002465,U000678,P000085,悦活家居日用套装,C04,家居日用,pv,2026-04-14 16:36:00,70.00,,wechat,windows,浙江省,杭州市,regular,category,S002466,0,C202606,悦活家居,
B002466,U000163,P000097,悦活母婴用品便携装,C06,母婴用品,pv,2026-03-31 19:30:00,123.00,,taobao,mac,江苏省,南京市,member,category,S002467,0,C202603,悦活母婴,
B002467,U000640,P000024,轻氧食品饮料日常款,C02,食品饮料,pv,2026-01-08 13:11:00,55.00,,offline,android,浙江省,杭州市,regular,search,S002468,0,C202606,轻氧食品,
B002468,U000810,P000137,轻盈数码配件便携装,C05,数码配件,fav,2026-06-01 09:20:00,216.00,,douyin,ios,四川省,成都市,regular,category,S002469,0,C202602,轻盈数码,
B002469,U000324,P000167,轻盈美妆个护便携装,C01,美妆个护,fav,2026-02-03 21:22:00,119.00,,taobao,android,福建省,厦门市,member,product_detail,S002470,0,C202602,轻盈美妆,
B002470,U000133,P000056,臻选旅行用品旗舰款,C10,旅行用品,pv,2026-04-01 13:32:00,443.00,,search,ios,广东省,深圳市,member,search,S002471,0,C202606,臻选旅行,
B002471,U000464,P000115,悦活美妆个护套装,C01,美妆个护,pv,2026-06-18 20:14:00,86.00,,jd,android,浙江省,杭州市,regular,category,S002472,0,C202601,悦活美妆,
B002472,U000168,P000068,臻选旅行用品升级版,C10,旅行用品,fav,2026-05-05 15:30:00,202.00,,taobao,android,上海市,上海市,member,product_detail,S002473,0,C202606,臻选旅行,
B002473,U000787,P000124,原野食品饮料日常款,C02,食品饮料,cart,2026-05-24 21:01:00,60.00,1,jd,mac,江苏省,南京市,regular,product_detail,S002474,0,C202605,原野食品,
B002474,U000791,P000114,轻氧母婴用品日常款,C06,母婴用品,cart,2026-01-10 11:44:00,142.00,1,douyin,windows,上海市,上海市,regular,search,S002475,0,C202603,轻氧母婴,
B002475,U000348,P000081,云感数码配件旗舰款,C05,数码配件,cart,2026-04-17 09:35:00,152.00,1,jd,ios,北京市,北京市,member,category,S002476,0,C202605,云感数码,
B002476,U000357,P000138,轻氧数码配件升级版,C05,数码配件,pv,2026-02-04 18:49:00,150.00,,douyin,ios,北京市,北京市,member,search,S002477,0,C202601,轻氧数码,
B002477,U000043,P000134,臻选数码配件日常款,C05,数码配件,cart,2026-06-24 18:45:00,120.00,1,taobao,ios,河南省,郑州市,high_value,home,S002478,0,C202605,臻选数码,
B002478,U000885,P000145,悦活宠物用品套装,C08,宠物用品,pv,2026-03-11 12:41:00,42.00,,taobao,mac,江苏省,南京市,new,product_detail,S002479,1,C202601,悦活宠物,
B002479,U000297,P000042,轻氧美妆个护便携装,C01,美妆个护,pv,2026-02-14 19:16:00,69.00,,offline,mac,江苏省,南京市,member,home,S002480,0,C202601,轻氧美妆,
B002480,U000426,P000037,悦活运动户外便携装,C07,运动户外,pv,2026-05-07 17:08:00,152.00,,offline,windows,广东省,深圳市,regular,category,S002481,0,C202604,悦活运动,
B002481,U000668,P000018,轻氧生鲜升级版,C09,生鲜,pv,2026-02-22 08:37:00,81.00,,jd,windows,上海市,上海市,regular,search,S002482,0,C202602,轻氧生鲜,
B002482,U000198,P000110,臻选美妆个护套装,C01,美妆个护,fav,2026-04-06 12:00:00,81.00,,search,ios,湖北省,武汉市,member,category,S002483,0,C202601,臻选美妆,
B002483,U000310,P000130,原野服饰套装,C03,服饰,pv,2026-05-08 18:32:00,194.00,,search,mac,江苏省,南京市,member,category,S002484,0,C202606,原野服饰,
B002484,U000097,P000058,原野生鲜升级版,C09,生鲜,pv,2026-03-13 11:57:00,44.00,,offline,ios,福建省,厦门市,high_value,category,S002485,0,C202606,原野生鲜,
B002485,U000722,P000018,轻氧生鲜升级版,C09,生鲜,pv,2026-04-25 13:30:00,81.00,,offline,android,浙江省,杭州市,regular,search,S002486,0,C202604,轻氧生鲜,
B002486,U000594,P000052,原野数码配件便携装,C05,数码配件,fav,2026-06-08 21:42:00,173.00,,offline,ios,广东省,深圳市,regular,product_detail,S002487,0,C202603,原野数码,
B002487,U000422,P000064,原野宠物用品日常款,C08,宠物用品,cart,2026-06-04 17:19:00,140.00,1,wechat,windows,湖北省,武汉市,regular,category,S002488,0,C202605,原野宠物,
B002488,U000244,P000156,轻氧母婴用品旗舰款,C06,母婴用品,pv,2026-05-31 17:01:00,153.00,,taobao,mac,河南省,郑州市,member,search,S002489,0,C202604,轻氧母婴,
B002489,U000377,P000008,臻选美妆个护升级版,C01,美妆个护,fav,2026-02-23 16:44:00,69.00,,wechat,windows,四川省,成都市,member,search,S002490,0,C202601,臻选美妆,
B002490,U000537,P000121,悦活运动户外旗舰款,C07,运动户外,cart,2026-03-15 20:13:00,291.00,1,offline,android,山东省,青岛市,regular,category,S002491,0,C202605,悦活运动,
B002491,U000128,P000040,原野数码配件套装,C05,数码配件,fav,2026-05-26 17:12:00,162.00,,offline,ios,江苏省,南京市,member,category,S002492,0,C202604,原野数码,
B002492,U000366,P000046,原野食品饮料旗舰款,C02,食品饮料,cart,2026-04-18 10:42:00,69.00,1,wechat,android,上海市,上海市,member,category,S002493,0,C202602,原野食品,
B002493,U000847,P000153,云感美妆个护升级版,C01,美妆个护,pv,2026-03-08 13:54:00,48.00,,jd,android,浙江省,杭州市,new,search,S002494,1,C202601,云感美妆,
B002494,U000077,P000030,轻氧家居日用套装,C04,家居日用,pv,2026-06-17 23:00:00,106.00,,taobao,android,福建省,厦门市,high_value,category,S002495,0,C202603,轻氧家居,
B002495,U000866,P000008,臻选美妆个护升级版,C01,美妆个护,pv,2026-06-10 08:41:00,69.00,,taobao,android,湖北省,武汉市,new,home,S002496,1,C202604,臻选美妆,
B002496,U000712,P000117,云感食品饮料便携装,C02,食品饮料,cart,2026-01-20 11:17:00,54.00,1,taobao,mac,江苏省,南京市,regular,home,S002497,0,C202601,云感食品,
B002497,U000312,P000012,轻氧母婴用品便携装,C06,母婴用品,cart,2026-03-14 17:00:00,128.00,1,offline,android,湖北省,武汉市,member,product_detail,S002498,0,C202603,轻氧母婴,
B002498,U000231,P000171,云感生鲜旗舰款,C09,生鲜,pv,2026-02-21 13:12:00,30.00,,douyin,android,福建省,厦门市,member,category,S002499,0,C202603,云感生鲜,
B002499,U000144,P000134,臻选数码配件日常款,C05,数码配件,cart,2026-06-08 09:00:00,120.00,1,jd,windows,广东省,深圳市,member,search,S002500,0,C202604,臻选数码,
B002500,U000756,P000060,轻氧数码配件套装,C05,数码配件,pv,2026-01-18 11:08:00,269.00,,wechat,windows,福建省,厦门市,regular,product_detail,S002501,0,C202602,轻氧数码,
B002501,U000731,P000031,悦活运动户外旗舰款,C07,运动户外,cart,2026-01-22 18:57:00,98.00,1,offline,android,北京市,北京市,regular,category,S002502,0,C202601,悦活运动,
B002502,U000717,P000073,悦活家居日用升级版,C04,家居日用,pv,2026-03-21 16:58:00,147.00,,douyin,mac,北京市,北京市,regular,category,S002503,0,C202605,悦活家居,
B002503,U000348,P000137,轻盈数码配件便携装,C05,数码配件,cart,2026-02-27 22:33:00,216.00,1,taobao,ios,北京市,北京市,member,search,S002504,0,C202601,轻盈数码,
B002504,U000324,P000056,臻选旅行用品旗舰款,C10,旅行用品,fav,2026-02-21 11:55:00,443.00,,douyin,android,福建省,厦门市,member,home,S002505,0,C202606,臻选旅行,
B002505,U000091,P000118,原野美妆个护升级版,C01,美妆个护,pv,2026-06-22 13:02:00,133.00,,taobao,mac,福建省,厦门市,high_value,home,S002506,0,C202605,原野美妆,
B002506,U000214,P000139,悦活运动户外日常款,C07,运动户外,cart,2026-04-27 18:25:00,358.00,1,offline,ios,上海市,上海市,member,search,S002507,0,C202605,悦活运动,
B002507,U000558,P000032,臻选生鲜便携装,C09,生鲜,pv,2026-05-11 22:48:00,71.00,,search,android,湖北省,武汉市,regular,home,S002508,0,C202601,臻选生鲜,
B002508,U000024,P000139,悦活运动户外日常款,C07,运动户外,fav,2026-02-05 14:23:00,358.00,,search,ios,湖北省,武汉市,high_value,product_detail,S002509,0,C202603,悦活运动,
B002509,U000636,P000005,轻盈数码配件套装,C05,数码配件,pv,2026-03-18 12:50:00,256.00,,wechat,ios,北京市,北京市,regular,search,S002510,0,C202601,轻盈数码,
B002510,U000837,P000025,悦活宠物用品套装,C08,宠物用品,fav,2026-03-11 21:12:00,105.00,,douyin,android,上海市,上海市,new,search,S002511,1,C202606,悦活宠物,
B002511,U000260,P000046,原野食品饮料旗舰款,C02,食品饮料,pv,2026-06-15 12:10:00,69.00,,douyin,android,上海市,上海市,member,home,S002512,0,C202601,原野食品,
B002512,U000533,P000079,悦活服饰日常款,C03,服饰,pv,2026-02-19 19:37:00,452.00,,taobao,ios,四川省,成都市,regular,product_detail,S002513,0,C202604,悦活服饰,
B002513,U000871,P000143,轻盈美妆个护升级版,C01,美妆个护,cart,2026-05-23 21:53:00,53.00,1,offline,windows,广东省,深圳市,new,search,S002514,1,C202602,轻盈美妆,
B002514,U000786,P000018,轻氧生鲜升级版,C09,生鲜,pv,2026-05-01 11:17:00,81.00,,offline,windows,浙江省,杭州市,regular,search,S002515,0,C202605,轻氧生鲜,
B002515,U000833,P000102,轻氧母婴用品便携装,C06,母婴用品,pv,2026-01-14 21:23:00,104.00,,wechat,mac,福建省,厦门市,new,product_detail,S002516,1,C202606,轻氧母婴,
B002516,U000544,P000133,悦活美妆个护升级版,C01,美妆个护,pv,2026-04-21 15:35:00,47.00,,douyin,ios,江苏省,南京市,regular,category,S002517,0,C202601,悦活美妆,
B002517,U000535,P000171,云感生鲜旗舰款,C09,生鲜,pv,2026-03-31 18:54:00,30.00,,douyin,android,上海市,上海市,regular,category,S002518,0,C202605,云感生鲜,
B002518,U000677,P000081,云感数码配件旗舰款,C05,数码配件,fav,2026-06-03 12:21:00,152.00,,douyin,android,上海市,上海市,regular,category,S002519,0,C202601,云感数码,
B002519,U000843,P000158,臻选母婴用品升级版,C06,母婴用品,cart,2026-06-26 17:10:00,121.00,1,search,mac,福建省,厦门市,new,product_detail,S002520,1,C202606,臻选母婴,
B002520,U000565,P000108,轻氧母婴用品升级版,C06,母婴用品,pv,2026-01-09 19:27:00,86.00,,jd,windows,河南省,郑州市,regular,search,S002521,0,C202605,轻氧母婴,
B002521,U000293,P000155,轻盈生鲜套装,C09,生鲜,pv,2026-02-12 22:21:00,106.00,,taobao,android,广东省,深圳市,member,search,S002522,0,C202601,轻盈生鲜,
B002522,U000771,P000062,臻选旅行用品便携装,C10,旅行用品,fav,2026-01-23 23:59:00,226.00,,douyin,ios,四川省,成都市,regular,search,S002523,0,C202602,臻选旅行,
B002523,U000283,P000160,原野旅行用品套装,C10,旅行用品,cart,2026-04-09 12:17:00,231.00,1,taobao,windows,湖北省,武汉市,member,home,S002524,0,C202604,原野旅行,
B002524,U000232,P000088,原野家居日用升级版,C04,家居日用,fav,2026-03-18 13:56:00,89.00,,wechat,ios,江苏省,南京市,member,category,S002525,0,C202605,原野家居,
B002525,U000591,P000024,轻氧食品饮料日常款,C02,食品饮料,pv,2026-05-08 15:45:00,55.00,,search,android,上海市,上海市,regular,home,S002526,0,C202603,轻氧食品,
B002526,U000680,P000145,悦活宠物用品套装,C08,宠物用品,fav,2026-02-18 15:29:00,42.00,,wechat,mac,福建省,厦门市,regular,home,S002527,0,C202602,悦活宠物,
B002527,U000333,P000128,臻选旅行用品升级版,C10,旅行用品,cart,2026-06-13 23:21:00,514.00,1,douyin,android,广东省,深圳市,member,home,S002528,0,C202605,臻选旅行,
B002528,U000386,P000028,原野数码配件升级版,C05,数码配件,cart,2026-01-30 15:44:00,158.00,1,jd,windows,福建省,厦门市,member,home,S002529,0,C202603,原野数码,
B002529,U000761,P000046,原野食品饮料旗舰款,C02,食品饮料,cart,2026-03-23 08:04:00,69.00,1,douyin,windows,福建省,厦门市,regular,category,S002530,0,C202601,原野食品,
B002530,U000780,P000122,臻选运动户外便携装,C07,运动户外,cart,2026-03-08 16:55:00,212.00,1,taobao,android,浙江省,杭州市,regular,product_detail,S002531,0,C202601,臻选运动,
B002531,U000735,P000074,臻选美妆个护日常款,C01,美妆个护,cart,2026-02-23 23:53:00,71.00,1,douyin,ios,山东省,青岛市,regular,search,S002532,0,C202605,臻选美妆,
B002532,U000708,P000078,轻氧运动户外升级版,C07,运动户外,pv,2026-04-25 12:48:00,332.00,,douyin,windows,北京市,北京市,regular,category,S002533,0,C202601,轻氧运动,
B002533,U000584,P000113,轻盈旅行用品升级版,C10,旅行用品,pv,2026-02-20 12:53:00,483.00,,taobao,ios,江苏省,南京市,regular,category,S002534,0,C202606,轻盈旅行,
B002534,U000288,P000095,轻盈旅行用品套装,C10,旅行用品,cart,2026-04-20 12:01:00,577.00,1,jd,windows,湖北省,武汉市,member,category,S002535,0,C202604,轻盈旅行,
B002535,U000697,P000013,悦活食品饮料升级版,C02,食品饮料,pv,2026-04-24 12:37:00,91.00,,taobao,ios,山东省,青岛市,regular,search,S002536,0,C202601,悦活食品,
B002536,U000127,P000153,云感美妆个护升级版,C01,美妆个护,pv,2026-05-28 17:54:00,48.00,,offline,windows,广东省,深圳市,member,product_detail,S002537,0,C202603,云感美妆,
B002537,U000448,P000075,云感母婴用品套装,C06,母婴用品,cart,2026-01-19 09:25:00,82.00,1,wechat,ios,江苏省,南京市,regular,category,S002538,0,C202604,云感母婴,
B002538,U000679,P000070,原野宠物用品套装,C08,宠物用品,fav,2026-02-23 17:37:00,147.00,,taobao,windows,山东省,青岛市,regular,category,S002539,0,C202603,原野宠物,
B002539,U000483,P000035,轻盈家居日用套装,C04,家居日用,fav,2026-04-25 08:51:00,116.00,,offline,android,浙江省,杭州市,regular,product_detail,S002540,0,C202604,轻盈家居,
B002540,U000233,P000006,轻氧母婴用品旗舰款,C06,母婴用品,fav,2026-02-16 23:55:00,161.00,,jd,mac,四川省,成都市,member,category,S002541,0,C202602,轻氧母婴,
B002541,U000051,P000002,臻选服饰便携装,C03,服饰,cart,2026-03-10 10:22:00,332.00,1,wechat,windows,山东省,青岛市,high_value,search,S002542,0,C202604,臻选服饰,
B002542,U000837,P000104,臻选旅行用品日常款,C10,旅行用品,fav,2026-05-07 21:12:00,352.00,,offline,android,上海市,上海市,new,search,S002543,1,C202605,臻选旅行,
B002543,U000145,P000078,轻氧运动户外升级版,C07,运动户外,cart,2026-05-17 18:26:00,332.00,1,wechat,ios,江苏省,南京市,member,category,S002544,0,C202606,轻氧运动,
B002544,U000470,P000111,云感宠物用品旗舰款,C08,宠物用品,pv,2026-03-24 20:31:00,117.00,,jd,windows,湖北省,武汉市,regular,category,S002545,0,C202606,云感宠物,
B002545,U000337,P000126,轻氧旅行用品旗舰款,C10,旅行用品,fav,2026-02-23 21:19:00,248.00,,offline,mac,福建省,厦门市,member,home,S002546,0,C202604,轻氧旅行,
B002546,U000274,P000104,臻选旅行用品日常款,C10,旅行用品,pv,2026-03-27 08:20:00,352.00,,taobao,android,广东省,深圳市,member,product_detail,S002547,0,C202606,臻选旅行,
B002547,U000210,P000156,轻氧母婴用品旗舰款,C06,母婴用品,pv,2026-02-28 14:53:00,153.00,,taobao,ios,四川省,成都市,member,search,S002548,0,C202604,轻氧母婴,
B002548,U000188,P000070,原野宠物用品套装,C08,宠物用品,pv,2026-06-25 23:35:00,147.00,,offline,android,浙江省,杭州市,member,category,S002549,0,C202602,原野宠物,
B002549,U000074,P000115,悦活美妆个护套装,C01,美妆个护,pv,2026-03-26 16:09:00,86.00,,search,ios,福建省,厦门市,high_value,search,S002550,0,C202601,悦活美妆,
B002550,U000865,P000158,臻选母婴用品升级版,C06,母婴用品,cart,2026-04-18 11:15:00,121.00,1,wechat,android,江苏省,南京市,new,search,S002551,1,C202603,臻选母婴,
B002551,U000323,P000091,悦活母婴用品旗舰款,C06,母婴用品,pv,2026-04-20 18:21:00,87.00,,jd,android,湖北省,武汉市,member,search,S002552,0,C202603,悦活母婴,
B002552,U000378,P000100,原野运动户外套装,C07,运动户外,fav,2026-01-03 19:11:00,235.00,,wechat,ios,浙江省,杭州市,member,category,S002553,0,C202606,原野运动,
B002553,U000296,P000095,轻盈旅行用品套装,C10,旅行用品,cart,2026-06-04 13:39:00,577.00,1,taobao,mac,江苏省,南京市,member,category,S002554,0,C202604,轻盈旅行,
B002554,U000483,P000077,轻盈服饰便携装,C03,服饰,pv,2026-02-15 15:04:00,279.00,,search,android,浙江省,杭州市,regular,search,S002555,0,C202605,轻盈服饰,
B002555,U000205,P000073,悦活家居日用升级版,C04,家居日用,pv,2026-05-23 08:45:00,147.00,,douyin,windows,山东省,青岛市,member,category,S002556,0,C202606,悦活家居,
B002556,U000817,P000150,轻氧母婴用品套装,C06,母婴用品,pv,2026-03-03 22:01:00,76.00,,douyin,windows,四川省,成都市,regular,search,S002557,0,C202601,轻氧母婴,
B002557,U000388,P000063,云感母婴用品升级版,C06,母婴用品,pv,2026-06-30 09:17:00,165.00,,douyin,windows,河南省,郑州市,member,category,S002558,0,C202601,云感母婴,
B002558,U000019,P000139,悦活运动户外日常款,C07,运动户外,fav,2026-06-26 21:54:00,358.00,,jd,android,浙江省,杭州市,high_value,home,S002559,0,C202606,悦活运动,
B002559,U000293,P000012,轻氧母婴用品便携装,C06,母婴用品,cart,2026-01-06 21:04:00,128.00,1,offline,android,广东省,深圳市,member,category,S002560,0,C202605,轻氧母婴,
B002560,U000298,P000056,臻选旅行用品旗舰款,C10,旅行用品,cart,2026-04-20 14:45:00,443.00,1,douyin,ios,江苏省,南京市,member,product_detail,S002561,0,C202601,臻选旅行,
B002561,U000374,P000027,云感宠物用品便携装,C08,宠物用品,fav,2026-06-19 20:44:00,96.00,,wechat,android,山东省,青岛市,member,home,S002562,0,C202602,云感宠物,
B002562,U000534,P000080,臻选家居日用套装,C04,家居日用,pv,2026-06-29 13:19:00,148.00,,douyin,ios,上海市,上海市,regular,home,S002563,0,C202605,臻选家居,
B002563,U000551,P000109,悦活旅行用品日常款,C10,旅行用品,cart,2026-01-11 21:43:00,614.00,1,search,android,湖北省,武汉市,regular,home,S002564,0,C202603,悦活旅行,
B002564,U000625,P000033,云感美妆个护升级版,C01,美妆个护,pv,2026-04-17 13:39:00,88.00,,wechat,android,上海市,上海市,regular,search,S002565,0,C202601,云感美妆,
B002565,U000827,P000168,轻氧服饰升级版,C03,服饰,pv,2026-03-11 18:56:00,368.00,,wechat,ios,上海市,上海市,new,home,S002566,1,C202602,轻氧服饰,
B002566,U000777,P000136,原野运动户外旗舰款,C07,运动户外,pv,2026-04-29 20:38:00,169.00,,wechat,ios,浙江省,杭州市,regular,category,S002567,0,C202606,原野运动,
B002567,U000685,P000002,臻选服饰便携装,C03,服饰,pv,2026-01-07 11:38:00,332.00,,taobao,mac,山东省,青岛市,regular,category,S002568,0,C202604,臻选服饰,
B002568,U000002,P000156,轻氧母婴用品旗舰款,C06,母婴用品,fav,2026-06-09 19:21:00,153.00,,wechat,android,浙江省,杭州市,high_value,search,S002569,0,C202602,轻氧母婴,
B002569,U000140,P000016,原野运动户外旗舰款,C07,运动户外,pv,2026-06-13 11:23:00,164.00,,wechat,ios,广东省,深圳市,member,category,S002570,0,C202603,原野运动,
B002570,U000157,P000050,臻选生鲜套装,C09,生鲜,cart,2026-02-28 22:12:00,108.00,1,douyin,ios,上海市,上海市,member,home,S002571,0,C202605,臻选生鲜,
B002571,U000696,P000045,云感食品饮料套装,C02,食品饮料,pv,2026-04-15 16:09:00,67.00,,wechat,ios,江苏省,南京市,regular,search,S002572,0,C202603,云感食品,
B002572,U000329,P000119,轻盈宠物用品日常款,C08,宠物用品,cart,2026-06-27 15:36:00,99.00,1,search,ios,上海市,上海市,member,search,S002573,0,C202604,轻盈宠物,
B002573,U000796,P000154,原野生鲜日常款,C09,生鲜,pv,2026-03-01 12:12:00,103.00,,search,android,浙江省,杭州市,regular,search,S002574,0,C202602,原野生鲜,
B002574,U000767,P000121,悦活运动户外旗舰款,C07,运动户外,pv,2026-01-23 10:26:00,291.00,,wechat,windows,湖北省,武汉市,regular,product_detail,S002575,0,C202606,悦活运动,
B002575,U000042,P000094,原野运动户外日常款,C07,运动户外,cart,2026-02-14 08:05:00,136.00,1,wechat,ios,湖北省,武汉市,high_value,category,S002576,0,C202601,原野运动,
B002576,U000101,P000087,云感旅行用品便携装,C10,旅行用品,fav,2026-06-12 15:39:00,609.00,,douyin,windows,江苏省,南京市,high_value,product_detail,S002577,0,C202604,云感旅行,
B002577,U000545,P000014,臻选食品饮料日常款,C02,食品饮料,cart,2026-04-10 08:59:00,60.00,1,search,windows,四川省,成都市,regular,category,S002578,0,C202602,臻选食品,
B002578,U000485,P000116,臻选数码配件旗舰款,C05,数码配件,cart,2026-03-24 08:21:00,228.00,1,jd,windows,山东省,青岛市,regular,home,S002579,0,C202606,臻选数码,
B002579,U000213,P000128,臻选旅行用品升级版,C10,旅行用品,pv,2026-05-27 23:34:00,514.00,,offline,ios,浙江省,杭州市,member,product_detail,S002580,0,C202606,臻选旅行,
B002580,U000569,P000031,悦活运动户外旗舰款,C07,运动户外,cart,2026-05-05 19:09:00,98.00,1,jd,windows,上海市,上海市,regular,search,S002581,0,C202601,悦活运动,
B002581,U000375,P000006,轻氧母婴用品旗舰款,C06,母婴用品,pv,2026-03-21 08:45:00,161.00,,search,ios,浙江省,杭州市,member,home,S002582,0,C202605,轻氧母婴,
B002582,U000003,P000025,悦活宠物用品套装,C08,宠物用品,fav,2026-01-27 21:03:00,105.00,,search,ios,山东省,青岛市,high_value,category,S002583,0,C202603,悦活宠物,
B002583,U000433,P000055,悦活宠物用品套装,C08,宠物用品,pv,2026-01-29 21:21:00,100.00,,offline,android,北京市,北京市,regular,category,S002584,0,C202605,悦活宠物,
B002584,U000003,P000012,轻氧母婴用品便携装,C06,母婴用品,pv,2026-04-07 11:09:00,128.00,,wechat,ios,山东省,青岛市,high_value,category,S002585,0,C202606,轻氧母婴,
B002585,U000221,P000096,轻氧数码配件旗舰款,C05,数码配件,pv,2026-04-22 10:13:00,88.00,,taobao,windows,河南省,郑州市,member,home,S002586,0,C202604,轻氧数码,
B002586,U000065,P000143,轻盈美妆个护升级版,C01,美妆个护,fav,2026-04-21 21:07:00,53.00,,search,windows,北京市,北京市,high_value,home,S002587,0,C202605,轻盈美妆,
B002587,U000730,P000035,轻盈家居日用套装,C04,家居日用,cart,2026-04-27 11:55:00,116.00,1,jd,android,四川省,成都市,regular,product_detail,S002588,0,C202602,轻盈家居,
B002588,U000573,P000112,原野生鲜便携装,C09,生鲜,cart,2026-02-19 10:17:00,113.00,1,offline,mac,北京市,北京市,regular,product_detail,S002589,0,C202605,原野生鲜,
B002589,U000363,P000057,云感数码配件便携装,C05,数码配件,cart,2026-01-29 15:18:00,79.00,1,offline,ios,山东省,青岛市,member,search,S002590,0,C202605,云感数码,
B002590,U000514,P000037,悦活运动户外便携装,C07,运动户外,cart,2026-03-26 10:58:00,152.00,1,wechat,mac,山东省,青岛市,regular,home,S002591,0,C202606,悦活运动,
B002591,U000758,P000113,轻盈旅行用品升级版,C10,旅行用品,pv,2026-02-07 22:24:00,483.00,,douyin,ios,四川省,成都市,regular,category,S002592,0,C202601,轻盈旅行,
B002592,U000434,P000113,轻盈旅行用品升级版,C10,旅行用品,pv,2026-04-04 13:26:00,483.00,,jd,mac,北京市,北京市,regular,home,S002593,0,C202604,轻盈旅行,
B002593,U000607,P000124,原野食品饮料日常款,C02,食品饮料,cart,2026-04-26 17:42:00,60.00,1,search,windows,湖北省,武汉市,regular,home,S002594,0,C202604,原野食品,
B002594,U000369,P000017,轻盈食品饮料便携装,C02,食品饮料,pv,2026-03-21 08:38:00,71.00,,jd,ios,江苏省,南京市,member,search,S002595,0,C202603,轻盈食品,
B002595,U000049,P000079,悦活服饰日常款,C03,服饰,cart,2026-04-24 17:12:00,452.00,1,jd,windows,北京市,北京市,high_value,search,S002596,0,C202602,悦活服饰,
B002596,U000481,P000150,轻氧母婴用品套装,C06,母婴用品,fav,2026-05-15 18:17:00,76.00,,jd,android,江苏省,南京市,regular,home,S002597,0,C202603,轻氧母婴,
B002597,U000339,P000149,轻盈家居日用日常款,C04,家居日用,fav,2026-06-29 15:47:00,110.00,,douyin,mac,山东省,青岛市,member,search,S002598,0,C202601,轻盈家居,
B002598,U000191,P000097,悦活母婴用品便携装,C06,母婴用品,pv,2026-04-02 19:44:00,123.00,,douyin,ios,河南省,郑州市,member,search,S002599,0,C202601,悦活母婴,
B002599,U000230,P000148,原野数码配件升级版,C05,数码配件,fav,2026-04-30 12:51:00,136.00,,offline,ios,山东省,青岛市,member,search,S002600,0,C202604,原野数码,
B002600,U000612,P000111,云感宠物用品旗舰款,C08,宠物用品,pv,2026-06-29 12:38:00,117.00,,offline,windows,四川省,成都市,regular,home,S002601,0,C202603,云感宠物,
B002601,U000106,P000027,云感宠物用品便携装,C08,宠物用品,pv,2026-01-18 20:21:00,96.00,,douyin,android,广东省,深圳市,high_value,product_detail,S002602,0,C202604,云感宠物,
B002602,U000115,P000151,悦活美妆个护旗舰款,C01,美妆个护,pv,2026-04-13 12:10:00,38.00,,wechat,windows,江苏省,南京市,high_value,product_detail,S002603,0,C202601,悦活美妆,
B002603,U000043,P000019,悦活家居日用日常款,C04,家居日用,cart,2026-01-03 12:25:00,71.00,1,search,ios,河南省,郑州市,high_value,home,S002604,0,C202603,悦活家居,
B002604,U000120,P000119,轻盈宠物用品日常款,C08,宠物用品,fav,2026-01-22 20:27:00,99.00,,jd,windows,广东省,深圳市,high_value,search,S002605,0,C202602,轻盈宠物,
B002605,U000162,P000087,云感旅行用品便携装,C10,旅行用品,cart,2026-01-19 19:33:00,609.00,1,offline,mac,浙江省,杭州市,member,product_detail,S002606,0,C202605,云感旅行,
B002606,U000636,P000131,轻盈生鲜旗舰款,C09,生鲜,pv,2026-02-04 17:04:00,85.00,,wechat,ios,北京市,北京市,regular,category,S002607,0,C202601,轻盈生鲜,
B002607,U000337,P000098,臻选家居日用升级版,C04,家居日用,cart,2026-02-26 13:44:00,90.00,1,taobao,mac,福建省,厦门市,member,home,S002608,0,C202604,臻选家居,
B002608,U000882,P000130,原野服饰套装,C03,服饰,cart,2026-04-23 13:51:00,194.00,1,jd,mac,上海市,上海市,new,search,S002609,1,C202601,原野服饰,
B002609,U000678,P000007,悦活服饰便携装,C03,服饰,fav,2026-06-08 10:41:00,344.00,,jd,windows,浙江省,杭州市,regular,home,S002610,0,C202605,悦活服饰,
B002610,U000897,P000161,轻盈家居日用旗舰款,C04,家居日用,fav,2026-01-28 22:10:00,160.00,,jd,mac,福建省,厦门市,new,home,S002611,1,C202602,轻盈家居,
B002611,U000436,P000115,悦活美妆个护套装,C01,美妆个护,cart,2026-04-19 14:49:00,86.00,1,jd,ios,河南省,郑州市,regular,home,S002612,0,C202602,悦活美妆,
B002612,U000542,P000040,原野数码配件套装,C05,数码配件,cart,2026-04-19 21:47:00,162.00,1,wechat,android,河南省,郑州市,regular,product_detail,S002613,0,C202604,原野数码,
B002613,U000408,P000023,轻盈食品饮料升级版,C02,食品饮料,pv,2026-01-24 23:08:00,79.00,,jd,windows,北京市,北京市,member,category,S002614,0,C202606,轻盈食品,
B002614,U000213,P000172,原野宠物用品便携装,C08,宠物用品,pv,2026-05-26 18:20:00,99.00,,wechat,ios,浙江省,杭州市,member,home,S002615,0,C202605,原野宠物,
B002615,U000789,P000035,轻盈家居日用套装,C04,家居日用,fav,2026-06-27 20:42:00,116.00,,offline,android,山东省,青岛市,regular,search,S002616,0,C202601,轻盈家居,
B002616,U000897,P000145,悦活宠物用品套装,C08,宠物用品,pv,2026-02-24 16:42:00,42.00,,jd,mac,福建省,厦门市,new,search,S002617,1,C202605,悦活宠物,
B002617,U000762,P000150,轻氧母婴用品套装,C06,母婴用品,pv,2026-01-07 18:49:00,76.00,,jd,windows,湖北省,武汉市,regular,product_detail,S002618,0,C202603,轻氧母婴,
B002618,U000714,P000166,原野服饰旗舰款,C03,服饰,fav,2026-04-10 13:58:00,378.00,,jd,android,江苏省,南京市,regular,home,S002619,0,C202605,原野服饰,
B002619,U000062,P000134,臻选数码配件日常款,C05,数码配件,pv,2026-03-16 17:24:00,120.00,,taobao,windows,浙江省,杭州市,high_value,home,S002620,0,C202604,臻选数码,
B002620,U000214,P000148,原野数码配件升级版,C05,数码配件,pv,2026-02-24 10:51:00,136.00,,taobao,ios,上海市,上海市,member,product_detail,S002621,0,C202604,原野数码,
B002621,U000825,P000072,轻氧美妆个护便携装,C01,美妆个护,cart,2026-03-18 10:01:00,122.00,1,search,windows,北京市,北京市,new,product_detail,S002622,1,C202603,轻氧美妆,
B002622,U000212,P000009,云感数码配件日常款,C05,数码配件,pv,2026-06-14 15:46:00,295.00,,taobao,windows,四川省,成都市,member,product_detail,S002623,0,C202605,云感数码,
B002623,U000239,P000071,轻盈宠物用品旗舰款,C08,宠物用品,cart,2026-06-04 14:29:00,144.00,1,search,windows,山东省,青岛市,member,category,S002624,0,C202601,轻盈宠物,
B002624,U000568,P000099,云感服饰日常款,C03,服饰,pv,2026-03-11 19:51:00,230.00,,wechat,windows,山东省,青岛市,regular,search,S002625,0,C202604,云感服饰,
B002625,U000623,P000139,悦活运动户外日常款,C07,运动户外,pv,2026-06-14 16:19:00,358.00,,search,android,江苏省,南京市,regular,category,S002626,0,C202603,悦活运动,
B002626,U000611,P000088,原野家居日用升级版,C04,家居日用,fav,2026-06-30 09:48:00,89.00,,jd,windows,河南省,郑州市,regular,search,S002627,0,C202606,原野家居,
B002627,U000209,P000082,原野旅行用品便携装,C10,旅行用品,cart,2026-02-01 13:52:00,253.00,1,wechat,ios,河南省,郑州市,member,home,S002628,0,C202602,原野旅行,
B002628,U000261,P000169,悦活生鲜日常款,C09,生鲜,cart,2026-04-03 21:34:00,42.00,1,jd,mac,浙江省,杭州市,member,search,S002629,0,C202604,悦活生鲜,
B002629,U000428,P000032,臻选生鲜便携装,C09,生鲜,pv,2026-03-31 10:08:00,71.00,,douyin,mac,浙江省,杭州市,regular,home,S002630,0,C202604,臻选生鲜,
B002630,U000718,P000107,轻盈运动户外便携装,C07,运动户外,cart,2026-03-02 09:02:00,176.00,1,search,mac,河南省,郑州市,regular,home,S002631,0,C202601,轻盈运动,
B002631,U000897,P000113,轻盈旅行用品升级版,C10,旅行用品,pv,2026-04-19 16:36:00,483.00,,taobao,mac,福建省,厦门市,new,product_detail,S002632,1,C202604,轻盈旅行,
B002632,U000161,P000145,悦活宠物用品套装,C08,宠物用品,pv,2026-04-08 17:40:00,42.00,,wechat,android,河南省,郑州市,member,search,S002633,0,C202603,悦活宠物,
B002633,U000343,P000090,轻氧旅行用品套装,C10,旅行用品,cart,2026-03-31 20:54:00,170.00,1,search,android,江苏省,南京市,member,home,S002634,0,C202606,轻氧旅行,
B002634,U000126,P000028,原野数码配件升级版,C05,数码配件,fav,2026-03-12 22:37:00,158.00,,taobao,android,浙江省,杭州市,member,category,S002635,0,C202601,原野数码,
B002635,U000139,P000089,轻盈美妆个护日常款,C01,美妆个护,pv,2026-04-17 18:43:00,69.00,,offline,windows,山东省,青岛市,member,home,S002636,0,C202605,轻盈美妆,
B002636,U000777,P000110,臻选美妆个护套装,C01,美妆个护,pv,2026-04-12 20:11:00,81.00,,jd,ios,浙江省,杭州市,regular,category,S002637,0,C202601,臻选美妆,
B002637,U000126,P000051,云感宠物用品旗舰款,C08,宠物用品,pv,2026-06-04 09:10:00,64.00,,wechat,android,浙江省,杭州市,member,search,S002638,0,C202602,云感宠物,
B002638,U000579,P000159,云感旅行用品日常款,C10,旅行用品,fav,2026-02-09 22:37:00,514.00,,wechat,windows,北京市,北京市,regular,product_detail,S002639,0,C202606,云感旅行,
B002639,U000814,P000140,臻选食品饮料套装,C02,食品饮料,pv,2026-03-03 16:31:00,71.00,,taobao,windows,北京市,北京市,regular,product_detail,S002640,0,C202604,臻选食品,
B002640,U000456,P000006,轻氧母婴用品旗舰款,C06,母婴用品,cart,2026-01-13 11:59:00,161.00,1,wechat,ios,北京市,北京市,regular,home,S002641,0,C202605,轻氧母婴,
B002641,U000330,P000114,轻氧母婴用品日常款,C06,母婴用品,cart,2026-02-01 12:52:00,142.00,1,search,ios,河南省,郑州市,member,search,S002642,0,C202605,轻氧母婴,
B002642,U000437,P000016,原野运动户外旗舰款,C07,运动户外,cart,2026-01-21 14:18:00,164.00,1,offline,windows,北京市,北京市,regular,search,S002643,0,C202604,原野运动,
B002643,U000093,P000132,轻氧家居日用便携装,C04,家居日用,fav,2026-03-24 16:50:00,91.00,,offline,windows,湖北省,武汉市,high_value,product_detail,S002644,0,C202604,轻氧家居,
B002644,U000777,P000159,云感旅行用品日常款,C10,旅行用品,cart,2026-02-07 23:13:00,514.00,1,taobao,ios,浙江省,杭州市,regular,search,S002645,0,C202602,云感旅行,
B002645,U000674,P000024,轻氧食品饮料日常款,C02,食品饮料,pv,2026-01-18 22:42:00,55.00,,search,mac,江苏省,南京市,regular,product_detail,S002646,0,C202606,轻氧食品,
B002646,U000593,P000109,悦活旅行用品日常款,C10,旅行用品,pv,2026-01-25 21:33:00,614.00,,wechat,mac,湖北省,武汉市,regular,search,S002647,0,C202603,悦活旅行,
B002647,U000852,P000143,轻盈美妆个护升级版,C01,美妆个护,fav,2026-03-11 14:03:00,53.00,,wechat,ios,四川省,成都市,new,category,S002648,1,C202603,轻盈美妆,
B002648,U000257,P000018,轻氧生鲜升级版,C09,生鲜,pv,2026-06-13 13:48:00,81.00,,wechat,mac,河南省,郑州市,member,search,S002649,0,C202601,轻氧生鲜,
B002649,U000768,P000144,轻氧美妆个护日常款,C01,美妆个护,pv,2026-05-13 11:24:00,118.00,,search,ios,河南省,郑州市,regular,home,S002650,0,C202601,轻氧美妆,
B002650,U000826,P000153,云感美妆个护升级版,C01,美妆个护,fav,2026-06-19 20:34:00,48.00,,douyin,windows,江苏省,南京市,new,home,S002651,1,C202601,云感美妆,
B002651,U000078,P000117,云感食品饮料便携装,C02,食品饮料,fav,2026-04-19 20:12:00,54.00,,taobao,mac,湖北省,武汉市,high_value,search,S002652,0,C202605,云感食品,
B002652,U000018,P000037,悦活运动户外便携装,C07,运动户外,fav,2026-04-26 22:35:00,152.00,,search,android,山东省,青岛市,high_value,search,S002653,0,C202601,悦活运动,
B002653,U000464,P000113,轻盈旅行用品升级版,C10,旅行用品,fav,2026-03-09 08:10:00,483.00,,wechat,android,浙江省,杭州市,regular,category,S002654,0,C202602,轻盈旅行,
B002654,U000887,P000022,原野母婴用品便携装,C06,母婴用品,cart,2026-02-16 19:47:00,190.00,1,offline,android,福建省,厦门市,new,home,S002655,1,C202604,原野母婴,
B002655,U000239,P000085,悦活家居日用套装,C04,家居日用,cart,2026-05-28 15:01:00,70.00,1,search,windows,山东省,青岛市,member,search,S002656,0,C202601,悦活家居,
B002656,U000263,P000080,臻选家居日用套装,C04,家居日用,cart,2026-01-15 08:07:00,148.00,1,search,mac,山东省,青岛市,member,home,S002657,0,C202601,臻选家居,
B002657,U000895,P000030,轻氧家居日用套装,C04,家居日用,pv,2026-05-07 12:42:00,106.00,,search,windows,江苏省,南京市,new,product_detail,S002658,1,C202605,轻氧家居,
B002658,U000140,P000121,悦活运动户外旗舰款,C07,运动户外,pv,2026-06-24 10:23:00,291.00,,taobao,ios,广东省,深圳市,member,category,S002659,0,C202604,悦活运动,
B002659,U000731,P000134,臻选数码配件日常款,C05,数码配件,pv,2026-04-11 14:05:00,120.00,,douyin,android,北京市,北京市,regular,product_detail,S002660,0,C202601,臻选数码,
B002660,U000868,P000040,原野数码配件套装,C05,数码配件,fav,2026-06-23 23:37:00,162.00,,douyin,android,上海市,上海市,new,category,S002661,1,C202604,原野数码,
B002661,U000338,P000161,轻盈家居日用旗舰款,C04,家居日用,cart,2026-01-20 23:36:00,160.00,1,taobao,android,上海市,上海市,member,product_detail,S002662,0,C202604,轻盈家居,
B002662,U000617,P000008,臻选美妆个护升级版,C01,美妆个护,cart,2026-04-18 15:12:00,69.00,1,douyin,ios,北京市,北京市,regular,product_detail,S002663,0,C202602,臻选美妆,
B002663,U000494,P000034,原野生鲜日常款,C09,生鲜,fav,2026-06-09 13:19:00,71.00,,offline,android,广东省,深圳市,regular,product_detail,S002664,0,C202602,原野生鲜,
B002664,U000690,P000116,臻选数码配件旗舰款,C05,数码配件,fav,2026-05-24 14:53:00,228.00,,search,ios,北京市,北京市,regular,search,S002665,0,C202605,臻选数码,
B002665,U000806,P000083,轻盈运动户外升级版,C07,运动户外,cart,2026-01-01 14:54:00,227.00,1,jd,android,河南省,郑州市,regular,search,S002666,0,C202606,轻盈运动,
B002666,U000561,P000124,原野食品饮料日常款,C02,食品饮料,pv,2026-04-29 22:51:00,60.00,,wechat,windows,北京市,北京市,regular,home,S002667,0,C202606,原野食品,
B002667,U000869,P000045,云感食品饮料套装,C02,食品饮料,pv,2026-01-29 21:25:00,67.00,,taobao,windows,四川省,成都市,new,product_detail,S002668,1,C202601,云感食品,
B002668,U000336,P000146,臻选生鲜旗舰款,C09,生鲜,cart,2026-03-04 09:18:00,112.00,1,jd,mac,山东省,青岛市,member,product_detail,S002669,0,C202602,臻选生鲜,
B002669,U000143,P000064,原野宠物用品日常款,C08,宠物用品,pv,2026-01-12 08:13:00,140.00,,jd,windows,北京市,北京市,member,search,S002670,0,C202601,原野宠物,
B002670,U000859,P000028,原野数码配件升级版,C05,数码配件,cart,2026-02-21 19:03:00,158.00,1,taobao,ios,广东省,深圳市,new,search,S002671,1,C202602,原野数码,
B002671,U000647,P000141,云感数码配件旗舰款,C05,数码配件,pv,2026-01-30 15:14:00,220.00,,offline,android,北京市,北京市,regular,category,S002672,0,C202606,云感数码,
B002672,U000757,P000165,云感生鲜套装,C09,生鲜,pv,2026-01-08 20:54:00,43.00,,douyin,windows,广东省,深圳市,regular,home,S002673,0,C202605,云感生鲜,
B002673,U000401,P000155,轻盈生鲜套装,C09,生鲜,cart,2026-06-17 09:44:00,106.00,1,taobao,android,浙江省,杭州市,member,product_detail,S002674,0,C202603,轻盈生鲜,
B002674,U000184,P000160,原野旅行用品套装,C10,旅行用品,pv,2026-06-12 17:50:00,231.00,,search,android,浙江省,杭州市,member,home,S002675,0,C202605,原野旅行,
B002675,U000718,P000110,臻选美妆个护套装,C01,美妆个护,cart,2026-06-05 16:38:00,81.00,1,jd,mac,河南省,郑州市,regular,product_detail,S002676,0,C202602,臻选美妆,
B002676,U000156,P000137,轻盈数码配件便携装,C05,数码配件,fav,2026-04-26 23:28:00,216.00,,offline,mac,浙江省,杭州市,member,home,S002677,0,C202606,轻盈数码,
B002677,U000507,P000067,悦活旅行用品便携装,C10,旅行用品,cart,2026-05-09 12:47:00,195.00,1,offline,windows,广东省,深圳市,regular,search,S002678,0,C202603,悦活旅行,
B002678,U000818,P000093,云感生鲜升级版,C09,生鲜,pv,2026-06-25 19:02:00,39.00,,offline,mac,河南省,郑州市,regular,product_detail,S002679,0,C202603,云感生鲜,
B002679,U000831,P000110,臻选美妆个护套装,C01,美妆个护,fav,2026-04-25 08:06:00,81.00,,douyin,windows,浙江省,杭州市,new,home,S002680,1,C202603,臻选美妆,
B002680,U000021,P000088,原野家居日用升级版,C04,家居日用,fav,2026-05-29 10:51:00,89.00,,taobao,ios,山东省,青岛市,high_value,category,S002681,0,C202605,原野家居,
B002681,U000850,P000030,轻氧家居日用套装,C04,家居日用,cart,2026-03-11 09:08:00,106.00,1,wechat,windows,湖北省,武汉市,new,product_detail,S002682,1,C202605,轻氧家居,
B002682,U000501,P000036,轻氧食品饮料旗舰款,C02,食品饮料,pv,2026-01-28 22:01:00,73.00,,offline,ios,浙江省,杭州市,regular,product_detail,S002683,0,C202604,轻氧食品,
B002683,U000021,P000076,原野美妆个护旗舰款,C01,美妆个护,cart,2026-06-15 21:35:00,77.00,1,taobao,ios,山东省,青岛市,high_value,category,S002684,0,C202601,原野美妆,
B002684,U000728,P000023,轻盈食品饮料升级版,C02,食品饮料,pv,2026-04-24 11:08:00,79.00,,jd,windows,浙江省,杭州市,regular,category,S002685,0,C202602,轻盈食品,
B002685,U000854,P000124,原野食品饮料日常款,C02,食品饮料,cart,2026-06-12 11:52:00,60.00,1,offline,android,河南省,郑州市,new,product_detail,S002686,1,C202606,原野食品,
B002686,U000840,P000012,轻氧母婴用品便携装,C06,母婴用品,pv,2026-02-09 21:55:00,128.00,,douyin,mac,江苏省,南京市,new,home,S002687,1,C202605,轻氧母婴,
B002687,U000758,P000059,轻盈美妆个护日常款,C01,美妆个护,cart,2026-03-17 09:19:00,52.00,1,wechat,ios,四川省,成都市,regular,search,S002688,0,C202606,轻盈美妆,
B002688,U000671,P000113,轻盈旅行用品升级版,C10,旅行用品,fav,2026-06-05 23:22:00,483.00,,jd,ios,河南省,郑州市,regular,product_detail,S002689,0,C202602,轻盈旅行,
B002689,U000501,P000079,悦活服饰日常款,C03,服饰,fav,2026-04-04 22:37:00,452.00,,taobao,ios,浙江省,杭州市,regular,home,S002690,0,C202601,悦活服饰,
B002690,U000886,P000127,悦活食品饮料便携装,C02,食品饮料,pv,2026-05-03 10:33:00,39.00,,jd,android,山东省,青岛市,new,home,S002691,1,C202605,悦活食品,
B002691,U000032,P000167,轻盈美妆个护便携装,C01,美妆个护,pv,2026-03-07 08:02:00,119.00,,jd,android,四川省,成都市,high_value,home,S002692,0,C202602,轻盈美妆,
B002692,U000515,P000090,轻氧旅行用品套装,C10,旅行用品,pv,2026-05-23 11:51:00,170.00,,offline,ios,上海市,上海市,regular,home,S002693,0,C202606,轻氧旅行,
B002693,U000845,P000045,云感食品饮料套装,C02,食品饮料,pv,2026-06-07 21:44:00,67.00,,offline,mac,上海市,上海市,new,category,S002694,1,C202606,云感食品,
B002694,U000528,P000042,轻氧美妆个护便携装,C01,美妆个护,fav,2026-06-30 19:46:00,69.00,,taobao,mac,广东省,深圳市,regular,product_detail,S002695,0,C202605,轻氧美妆,
B002695,U000277,P000007,悦活服饰便携装,C03,服饰,pv,2026-03-30 16:29:00,344.00,,offline,ios,福建省,厦门市,member,search,S002696,0,C202603,悦活服饰,
B002696,U000879,P000134,臻选数码配件日常款,C05,数码配件,pv,2026-06-18 11:14:00,120.00,,jd,android,广东省,深圳市,new,product_detail,S002697,1,C202602,臻选数码,
B002697,U000508,P000121,悦活运动户外旗舰款,C07,运动户外,fav,2026-04-16 18:20:00,291.00,,offline,android,河南省,郑州市,regular,product_detail,S002698,0,C202602,悦活运动,
B002698,U000796,P000120,轻氧宠物用品套装,C08,宠物用品,fav,2026-05-18 08:17:00,58.00,,wechat,android,浙江省,杭州市,regular,category,S002699,0,C202603,轻氧宠物,
B002699,U000389,P000025,悦活宠物用品套装,C08,宠物用品,pv,2026-05-23 16:15:00,105.00,,taobao,ios,广东省,深圳市,member,search,S002700,0,C202605,悦活宠物,
B002700,U000896,P000059,轻盈美妆个护日常款,C01,美妆个护,cart,2026-04-26 10:05:00,52.00,1,jd,android,湖北省,武汉市,new,product_detail,S002701,1,C202606,轻盈美妆,
B002701,U000754,P000080,臻选家居日用套装,C04,家居日用,pv,2026-04-11 16:19:00,148.00,,wechat,mac,四川省,成都市,regular,product_detail,S002702,0,C202601,臻选家居,
B002702,U000063,P000047,轻盈服饰便携装,C03,服饰,pv,2026-02-11 18:40:00,154.00,,taobao,mac,湖北省,武汉市,high_value,product_detail,S002703,0,C202601,轻盈服饰,
B002703,U000210,P000070,原野宠物用品套装,C08,宠物用品,fav,2026-01-14 20:10:00,147.00,,jd,ios,四川省,成都市,member,category,S002704,0,C202606,原野宠物,
B002704,U000806,P000014,臻选食品饮料日常款,C02,食品饮料,fav,2026-05-17 23:30:00,60.00,,douyin,android,河南省,郑州市,regular,product_detail,S002705,0,C202606,臻选食品,
B002705,U000399,P000100,原野运动户外套装,C07,运动户外,pv,2026-02-02 20:09:00,235.00,,search,mac,江苏省,南京市,member,search,S002706,0,C202605,原野运动,
B002706,U000670,P000051,云感宠物用品旗舰款,C08,宠物用品,cart,2026-01-15 19:33:00,64.00,1,jd,android,福建省,厦门市,regular,product_detail,S002707,0,C202606,云感宠物,
B002707,U000765,P000069,云感运动户外日常款,C07,运动户外,cart,2026-06-26 16:05:00,268.00,1,wechat,ios,山东省,青岛市,regular,home,S002708,0,C202604,云感运动,
B002708,U000276,P000107,轻盈运动户外便携装,C07,运动户外,pv,2026-05-01 08:48:00,176.00,,taobao,ios,四川省,成都市,member,category,S002709,0,C202603,轻盈运动,
B002709,U000774,P000057,云感数码配件便携装,C05,数码配件,pv,2026-02-02 10:43:00,79.00,,taobao,mac,湖北省,武汉市,regular,home,S002710,0,C202601,云感数码,
B002710,U000239,P000094,原野运动户外日常款,C07,运动户外,pv,2026-03-15 13:01:00,136.00,,search,windows,山东省,青岛市,member,home,S002711,0,C202601,原野运动,
B002711,U000777,P000142,原野母婴用品便携装,C06,母婴用品,pv,2026-06-19 15:39:00,161.00,,jd,ios,浙江省,杭州市,regular,search,S002712,0,C202606,原野母婴,
B002712,U000564,P000029,轻盈食品饮料日常款,C02,食品饮料,pv,2026-03-17 21:49:00,91.00,,offline,ios,北京市,北京市,regular,product_detail,S002713,0,C202604,轻盈食品,
B002713,U000674,P000002,臻选服饰便携装,C03,服饰,cart,2026-05-17 20:25:00,332.00,1,taobao,mac,江苏省,南京市,regular,home,S002714,0,C202602,臻选服饰,
B002714,U000637,P000020,臻选数码配件套装,C05,数码配件,cart,2026-01-17 22:32:00,252.00,1,search,windows,江苏省,南京市,regular,home,S002715,0,C202606,臻选数码,
B002715,U000108,P000107,轻盈运动户外便携装,C07,运动户外,cart,2026-02-19 18:12:00,176.00,1,search,mac,福建省,厦门市,high_value,search,S002716,0,C202604,轻盈运动,
B002716,U000852,P000126,轻氧旅行用品旗舰款,C10,旅行用品,pv,2026-05-21 19:54:00,248.00,,search,ios,四川省,成都市,new,search,S002717,1,C202604,轻氧旅行,
B002717,U000151,P000157,悦活旅行用品便携装,C10,旅行用品,cart,2026-02-11 09:44:00,436.00,1,offline,mac,福建省,厦门市,member,category,S002718,0,C202606,悦活旅行,
B002718,U000297,P000061,悦活家居日用旗舰款,C04,家居日用,pv,2026-02-18 18:25:00,157.00,,douyin,mac,江苏省,南京市,member,search,S002719,0,C202601,悦活家居,
B002719,U000292,P000113,轻盈旅行用品升级版,C10,旅行用品,pv,2026-03-18 12:13:00,483.00,,taobao,android,福建省,厦门市,member,product_detail,S002720,0,C202603,轻盈旅行,
B002720,U000035,P000075,云感母婴用品套装,C06,母婴用品,pv,2026-03-09 09:45:00,82.00,,jd,android,山东省,青岛市,high_value,home,S002721,0,C202605,云感母婴,
B002721,U000730,P000033,云感美妆个护升级版,C01,美妆个护,fav,2026-03-25 11:33:00,88.00,,jd,android,四川省,成都市,regular,search,S002722,0,C202604,云感美妆,
B002722,U000630,P000131,轻盈生鲜旗舰款,C09,生鲜,cart,2026-03-24 08:08:00,85.00,1,offline,windows,湖北省,武汉市,regular,product_detail,S002723,0,C202602,轻盈生鲜,
B002723,U000654,P000030,轻氧家居日用套装,C04,家居日用,cart,2026-06-04 22:44:00,106.00,1,jd,windows,上海市,上海市,regular,category,S002724,0,C202603,轻氧家居,
B002724,U000133,P000165,云感生鲜套装,C09,生鲜,fav,2026-03-02 13:54:00,43.00,,douyin,ios,广东省,深圳市,member,product_detail,S002725,0,C202606,云感生鲜,
B002725,U000657,P000076,原野美妆个护旗舰款,C01,美妆个护,pv,2026-04-29 18:06:00,77.00,,wechat,android,福建省,厦门市,regular,home,S002726,0,C202601,原野美妆,
B002726,U000764,P000161,轻盈家居日用旗舰款,C04,家居日用,pv,2026-04-05 14:11:00,160.00,,wechat,android,广东省,深圳市,regular,search,S002727,0,C202602,轻盈家居,
B002727,U000445,P000089,轻盈美妆个护日常款,C01,美妆个护,cart,2026-03-09 11:42:00,69.00,1,taobao,mac,福建省,厦门市,regular,category,S002728,0,C202604,轻盈美妆,
B002728,U000550,P000040,原野数码配件套装,C05,数码配件,pv,2026-01-04 08:10:00,162.00,,douyin,android,河南省,郑州市,regular,home,S002729,0,C202603,原野数码,
B002729,U000219,P000043,悦活服饰升级版,C03,服饰,pv,2026-02-24 20:26:00,237.00,,offline,mac,湖北省,武汉市,member,category,S002730,0,C202603,悦活服饰,
B002730,U000106,P000141,云感数码配件旗舰款,C05,数码配件,pv,2026-04-20 18:27:00,220.00,,wechat,android,广东省,深圳市,high_value,search,S002731,0,C202601,云感数码,
B002731,U000525,P000169,悦活生鲜日常款,C09,生鲜,pv,2026-05-15 08:14:00,42.00,,wechat,mac,广东省,深圳市,regular,search,S002732,0,C202606,悦活生鲜,
B002732,U000523,P000145,悦活宠物用品套装,C08,宠物用品,pv,2026-05-19 12:35:00,42.00,,wechat,windows,江苏省,南京市,regular,product_detail,S002733,0,C202605,悦活宠物,
B002733,U000882,P000166,原野服饰旗舰款,C03,服饰,fav,2026-03-24 22:33:00,378.00,,search,mac,上海市,上海市,new,search,S002734,1,C202605,原野服饰,
B002734,U000507,P000153,云感美妆个护升级版,C01,美妆个护,pv,2026-04-30 15:12:00,48.00,,jd,windows,广东省,深圳市,regular,home,S002735,0,C202604,云感美妆,
B002735,U000171,P000112,原野生鲜便携装,C09,生鲜,fav,2026-05-29 09:15:00,113.00,,jd,mac,四川省,成都市,member,home,S002736,0,C202603,原野生鲜,
B002736,U000314,P000158,臻选母婴用品升级版,C06,母婴用品,pv,2026-05-27 20:40:00,121.00,,search,android,浙江省,杭州市,member,product_detail,S002737,0,C202601,臻选母婴,
B002737,U000241,P000076,原野美妆个护旗舰款,C01,美妆个护,pv,2026-04-15 23:44:00,77.00,,taobao,mac,江苏省,南京市,member,category,S002738,0,C202604,原野美妆,
B002738,U000077,P000022,原野母婴用品便携装,C06,母婴用品,pv,2026-02-18 09:51:00,190.00,,jd,android,福建省,厦门市,high_value,product_detail,S002739,0,C202604,原野母婴,
B002739,U000110,P000116,臻选数码配件旗舰款,C05,数码配件,pv,2026-05-05 21:51:00,228.00,,jd,mac,福建省,厦门市,high_value,home,S002740,0,C202606,臻选数码,
B002740,U000049,P000060,轻氧数码配件套装,C05,数码配件,fav,2026-05-07 20:46:00,269.00,,douyin,windows,北京市,北京市,high_value,search,S002741,0,C202605,轻氧数码,
B002741,U000275,P000099,云感服饰日常款,C03,服饰,pv,2026-04-09 14:43:00,230.00,,taobao,windows,北京市,北京市,member,product_detail,S002742,0,C202606,云感服饰,
B002742,U000586,P000137,轻盈数码配件便携装,C05,数码配件,cart,2026-05-26 09:38:00,216.00,1,jd,ios,山东省,青岛市,regular,product_detail,S002743,0,C202605,轻盈数码,
B002743,U000589,P000058,原野生鲜升级版,C09,生鲜,fav,2026-03-26 21:32:00,44.00,,taobao,windows,河南省,郑州市,regular,search,S002744,0,C202603,原野生鲜,
B002744,U000699,P000112,原野生鲜便携装,C09,生鲜,pv,2026-06-22 23:10:00,113.00,,douyin,android,北京市,北京市,regular,category,S002745,0,C202606,原野生鲜,
B002745,U000764,P000148,原野数码配件升级版,C05,数码配件,cart,2026-05-06 16:48:00,136.00,1,search,android,广东省,深圳市,regular,search,S002746,0,C202606,原野数码,
B002746,U000237,P000065,轻盈生鲜套装,C09,生鲜,pv,2026-01-30 23:31:00,41.00,,douyin,ios,江苏省,南京市,member,home,S002747,0,C202605,轻盈生鲜,
B002747,U000626,P000136,原野运动户外旗舰款,C07,运动户外,pv,2026-05-23 18:59:00,169.00,,jd,windows,上海市,上海市,regular,search,S002748,0,C202605,原野运动,
B002748,U000259,P000143,轻盈美妆个护升级版,C01,美妆个护,fav,2026-05-10 20:03:00,53.00,,taobao,android,上海市,上海市,member,search,S002749,0,C202601,轻盈美妆,
B002749,U000296,P000033,云感美妆个护升级版,C01,美妆个护,pv,2026-06-15 13:49:00,88.00,,jd,mac,江苏省,南京市,member,product_detail,S002750,0,C202602,云感美妆,
B002750,U000511,P000045,云感食品饮料套装,C02,食品饮料,pv,2026-04-27 09:58:00,67.00,,jd,ios,江苏省,南京市,regular,home,S002751,0,C202601,云感食品,
B002751,U000330,P000068,臻选旅行用品升级版,C10,旅行用品,pv,2026-01-09 18:11:00,202.00,,search,ios,河南省,郑州市,member,category,S002752,0,C202601,臻选旅行,
B002752,U000885,P000006,轻氧母婴用品旗舰款,C06,母婴用品,cart,2026-05-03 10:24:00,161.00,1,douyin,mac,江苏省,南京市,new,search,S002753,1,C202601,轻氧母婴,
B002753,U000575,P000137,轻盈数码配件便携装,C05,数码配件,cart,2026-02-07 13:41:00,216.00,1,taobao,windows,上海市,上海市,regular,search,S002754,0,C202602,轻盈数码,
B002754,U000205,P000172,原野宠物用品便携装,C08,宠物用品,fav,2026-05-01 10:38:00,99.00,,offline,windows,山东省,青岛市,member,search,S002755,0,C202605,原野宠物,
B002755,U000256,P000004,原野旅行用品日常款,C10,旅行用品,pv,2026-01-04 17:03:00,271.00,,wechat,android,湖北省,武汉市,member,category,S002756,0,C202601,原野旅行,
B002756,U000664,P000147,云感数码配件便携装,C05,数码配件,pv,2026-04-17 12:42:00,281.00,,offline,mac,山东省,青岛市,regular,search,S002757,0,C202605,云感数码,
B002757,U000015,P000156,轻氧母婴用品旗舰款,C06,母婴用品,pv,2026-01-29 20:09:00,153.00,,taobao,mac,湖北省,武汉市,high_value,product_detail,S002758,0,C202606,轻氧母婴,
B002758,U000418,P000035,轻盈家居日用套装,C04,家居日用,cart,2026-03-17 12:44:00,116.00,1,taobao,android,山东省,青岛市,member,home,S002759,0,C202604,轻盈家居,
B002759,U000145,P000124,原野食品饮料日常款,C02,食品饮料,cart,2026-03-19 08:36:00,60.00,1,offline,ios,江苏省,南京市,member,home,S002760,0,C202603,原野食品,
B002760,U000660,P000100,原野运动户外套装,C07,运动户外,pv,2026-01-02 14:39:00,235.00,,douyin,mac,上海市,上海市,regular,category,S002761,0,C202601,原野运动,
B002761,U000667,P000102,轻氧母婴用品便携装,C06,母婴用品,cart,2026-02-20 20:39:00,104.00,1,offline,windows,江苏省,南京市,regular,search,S002762,0,C202605,轻氧母婴,
B002762,U000369,P000068,臻选旅行用品升级版,C10,旅行用品,pv,2026-04-20 22:05:00,202.00,,offline,ios,江苏省,南京市,member,category,S002763,0,C202605,臻选旅行,
B002763,U000473,P000103,悦活美妆个护升级版,C01,美妆个护,cart,2026-03-31 15:44:00,76.00,1,offline,android,河南省,郑州市,regular,home,S002764,0,C202601,悦活美妆,
B002764,U000442,P000133,悦活美妆个护升级版,C01,美妆个护,pv,2026-02-01 15:36:00,47.00,,search,ios,湖北省,武汉市,regular,home,S002765,0,C202605,悦活美妆,
B002765,U000534,P000153,云感美妆个护升级版,C01,美妆个护,cart,2026-02-14 18:27:00,48.00,1,taobao,ios,上海市,上海市,regular,search,S002766,0,C202601,云感美妆,
B002766,U000134,P000080,臻选家居日用套装,C04,家居日用,pv,2026-06-22 16:44:00,148.00,,jd,ios,山东省,青岛市,member,home,S002767,0,C202601,臻选家居,
B002767,U000592,P000156,轻氧母婴用品旗舰款,C06,母婴用品,cart,2026-04-17 23:58:00,153.00,1,jd,mac,山东省,青岛市,regular,category,S002768,0,C202605,轻氧母婴,
B002768,U000581,P000160,原野旅行用品套装,C10,旅行用品,fav,2026-02-03 11:19:00,231.00,,jd,windows,上海市,上海市,regular,home,S002769,0,C202603,原野旅行,
B002769,U000250,P000015,云感母婴用品套装,C06,母婴用品,pv,2026-03-01 21:45:00,128.00,,taobao,mac,上海市,上海市,member,category,S002770,0,C202601,云感母婴,
B002770,U000539,P000076,原野美妆个护旗舰款,C01,美妆个护,fav,2026-01-12 14:47:00,77.00,,jd,ios,北京市,北京市,regular,home,S002771,0,C202601,原野美妆,
B002771,U000048,P000106,原野母婴用品旗舰款,C06,母婴用品,pv,2026-04-14 08:28:00,102.00,,wechat,ios,河南省,郑州市,high_value,home,S002772,0,C202606,原野母婴,
B002772,U000200,P000024,轻氧食品饮料日常款,C02,食品饮料,cart,2026-05-24 08:11:00,55.00,1,taobao,ios,浙江省,杭州市,member,product_detail,S002773,0,C202604,轻氧食品,
B002773,U000244,P000150,轻氧母婴用品套装,C06,母婴用品,cart,2026-04-30 20:01:00,76.00,1,taobao,mac,河南省,郑州市,member,search,S002774,0,C202602,轻氧母婴,
B002774,U000561,P000131,轻盈生鲜旗舰款,C09,生鲜,pv,2026-05-24 21:54:00,85.00,,taobao,windows,北京市,北京市,regular,product_detail,S002775,0,C202605,轻盈生鲜,
B002775,U000008,P000157,悦活旅行用品便携装,C10,旅行用品,cart,2026-03-05 17:43:00,436.00,1,wechat,mac,江苏省,南京市,high_value,home,S002776,0,C202603,悦活旅行,
B002776,U000381,P000165,云感生鲜套装,C09,生鲜,pv,2026-04-15 18:52:00,43.00,,wechat,windows,广东省,深圳市,member,product_detail,S002777,0,C202602,云感生鲜,
B002777,U000702,P000106,原野母婴用品旗舰款,C06,母婴用品,fav,2026-01-20 20:05:00,102.00,,taobao,ios,上海市,上海市,regular,category,S002778,0,C202602,原野母婴,
B002778,U000004,P000058,原野生鲜升级版,C09,生鲜,cart,2026-02-23 20:28:00,44.00,1,jd,ios,四川省,成都市,high_value,home,S002779,0,C202605,原野生鲜,
B002779,U000131,P000092,臻选服饰便携装,C03,服饰,pv,2026-05-21 22:14:00,291.00,,douyin,mac,湖北省,武汉市,member,search,S002780,0,C202603,臻选服饰,
B002780,U000186,P000166,原野服饰旗舰款,C03,服饰,cart,2026-02-08 18:31:00,378.00,1,jd,mac,上海市,上海市,member,category,S002781,0,C202602,原野服饰,
B002781,U000711,P000026,臻选生鲜旗舰款,C09,生鲜,pv,2026-06-02 20:38:00,88.00,,wechat,windows,上海市,上海市,regular,product_detail,S002782,0,C202605,臻选生鲜,
B002782,U000164,P000158,臻选母婴用品升级版,C06,母婴用品,cart,2026-03-06 20:36:00,121.00,1,jd,ios,上海市,上海市,member,search,S002783,0,C202604,臻选母婴,
B002783,U000858,P000136,原野运动户外旗舰款,C07,运动户外,cart,2026-06-24 23:15:00,169.00,1,search,android,上海市,上海市,new,product_detail,S002784,1,C202604,原野运动,
B002784,U000139,P000113,轻盈旅行用品升级版,C10,旅行用品,pv,2026-02-04 08:31:00,483.00,,jd,windows,山东省,青岛市,member,search,S002785,0,C202605,轻盈旅行,
B002785,U000341,P000100,原野运动户外套装,C07,运动户外,fav,2026-01-02 23:55:00,235.00,,jd,ios,江苏省,南京市,member,search,S002786,0,C202603,原野运动,
B002786,U000797,P000130,原野服饰套装,C03,服饰,cart,2026-05-02 08:08:00,194.00,1,wechat,windows,山东省,青岛市,regular,home,S002787,0,C202603,原野服饰,
B002787,U000618,P000117,云感食品饮料便携装,C02,食品饮料,cart,2026-04-08 22:39:00,54.00,1,jd,windows,福建省,厦门市,regular,home,S002788,0,C202604,云感食品,
B002788,U000366,P000126,轻氧旅行用品旗舰款,C10,旅行用品,fav,2026-01-30 11:27:00,248.00,,taobao,android,上海市,上海市,member,category,S002789,0,C202606,轻氧旅行,
B002789,U000694,P000037,悦活运动户外便携装,C07,运动户外,pv,2026-06-14 18:20:00,152.00,,jd,ios,浙江省,杭州市,regular,category,S002790,0,C202603,悦活运动,
B002790,U000057,P000072,轻氧美妆个护便携装,C01,美妆个护,pv,2026-02-04 20:39:00,122.00,,search,android,北京市,北京市,high_value,product_detail,S002791,0,C202603,轻氧美妆,
B002791,U000166,P000087,云感旅行用品便携装,C10,旅行用品,pv,2026-04-01 23:55:00,609.00,,wechat,mac,北京市,北京市,member,category,S002792,0,C202606,云感旅行,
B002792,U000609,P000140,臻选食品饮料套装,C02,食品饮料,cart,2026-05-14 15:10:00,71.00,1,offline,windows,浙江省,杭州市,regular,search,S002793,0,C202604,臻选食品,
B002793,U000739,P000097,悦活母婴用品便携装,C06,母婴用品,cart,2026-05-12 21:35:00,123.00,1,jd,ios,湖北省,武汉市,regular,category,S002794,0,C202604,悦活母婴,
B002794,U000664,P000053,轻盈服饰升级版,C03,服饰,pv,2026-05-07 18:00:00,262.00,,jd,mac,山东省,青岛市,regular,home,S002795,0,C202604,轻盈服饰,
B002795,U000400,P000144,轻氧美妆个护日常款,C01,美妆个护,cart,2026-05-08 15:28:00,118.00,1,offline,mac,广东省,深圳市,member,product_detail,S002796,0,C202601,轻氧美妆,
B002796,U000547,P000044,臻选食品饮料日常款,C02,食品饮料,pv,2026-03-25 19:41:00,28.00,,douyin,android,湖北省,武汉市,regular,category,S002797,0,C202603,臻选食品,
B002797,U000797,P000155,轻盈生鲜套装,C09,生鲜,pv,2026-05-09 17:01:00,106.00,,search,windows,山东省,青岛市,regular,home,S002798,0,C202602,轻盈生鲜,
B002798,U000610,P000049,悦活数码配件日常款,C05,数码配件,cart,2026-02-14 14:47:00,141.00,1,douyin,windows,湖北省,武汉市,regular,product_detail,S002799,0,C202605,悦活数码,
B002799,U000032,P000135,云感数码配件套装,C05,数码配件,cart,2026-01-07 18:22:00,182.00,1,search,android,四川省,成都市,high_value,home,S002800,0,C202605,云感数码,
B002800,U000897,P000093,云感生鲜升级版,C09,生鲜,fav,2026-02-17 13:24:00,39.00,,taobao,mac,福建省,厦门市,new,home,S002801,1,C202601,云感生鲜,
B002801,U000259,P000006,轻氧母婴用品旗舰款,C06,母婴用品,cart,2026-02-10 11:12:00,161.00,1,jd,android,上海市,上海市,member,product_detail,S002802,0,C202605,轻氧母婴,
B002802,U000042,P000056,臻选旅行用品旗舰款,C10,旅行用品,pv,2026-01-17 16:02:00,443.00,,search,ios,湖北省,武汉市,high_value,search,S002803,0,C202603,臻选旅行,
B002803,U000594,P000151,悦活美妆个护旗舰款,C01,美妆个护,fav,2026-06-15 19:16:00,38.00,,douyin,ios,广东省,深圳市,regular,search,S002804,0,C202606,悦活美妆,
B002804,U000567,P000063,云感母婴用品升级版,C06,母婴用品,cart,2026-04-27 23:06:00,165.00,1,jd,mac,上海市,上海市,regular,product_detail,S002805,0,C202606,云感母婴,
B002805,U000745,P000016,原野运动户外旗舰款,C07,运动户外,cart,2026-02-10 17:46:00,164.00,1,offline,windows,四川省,成都市,regular,product_detail,S002806,0,C202604,原野运动,
B002806,U000347,P000044,臻选食品饮料日常款,C02,食品饮料,fav,2026-02-17 20:43:00,28.00,,taobao,mac,河南省,郑州市,member,category,S002807,0,C202606,臻选食品,
B002807,U000424,P000006,轻氧母婴用品旗舰款,C06,母婴用品,pv,2026-04-29 18:13:00,161.00,,douyin,mac,上海市,上海市,regular,home,S002808,0,C202605,轻氧母婴,
B002808,U000702,P000099,云感服饰日常款,C03,服饰,pv,2026-02-28 18:27:00,230.00,,jd,ios,上海市,上海市,regular,category,S002809,0,C202604,云感服饰,
B002809,U000028,P000100,原野运动户外套装,C07,运动户外,pv,2026-01-01 22:14:00,235.00,,douyin,windows,四川省,成都市,high_value,category,S002810,0,C202603,原野运动,
B002810,U000543,P000158,臻选母婴用品升级版,C06,母婴用品,cart,2026-06-18 19:04:00,121.00,1,offline,windows,上海市,上海市,regular,product_detail,S002811,0,C202601,臻选母婴,
B002811,U000849,P000078,轻氧运动户外升级版,C07,运动户外,pv,2026-05-20 09:32:00,332.00,,douyin,windows,四川省,成都市,new,product_detail,S002812,1,C202603,轻氧运动,
B002812,U000531,P000061,悦活家居日用旗舰款,C04,家居日用,pv,2026-02-04 16:01:00,157.00,,jd,mac,广东省,深圳市,regular,product_detail,S002813,0,C202603,悦活家居,
B002813,U000099,P000002,臻选服饰便携装,C03,服饰,fav,2026-02-10 17:08:00,332.00,,taobao,windows,上海市,上海市,high_value,product_detail,S002814,0,C202606,臻选服饰,
B002814,U000760,P000048,轻氧宠物用品升级版,C08,宠物用品,pv,2026-02-02 17:46:00,142.00,,search,windows,北京市,北京市,regular,product_detail,S002815,0,C202605,轻氧宠物,
B002815,U000357,P000058,原野生鲜升级版,C09,生鲜,cart,2026-02-25 21:01:00,44.00,1,wechat,ios,北京市,北京市,member,home,S002816,0,C202602,原野生鲜,
B002816,U000807,P000076,原野美妆个护旗舰款,C01,美妆个护,pv,2026-05-15 17:16:00,77.00,,jd,windows,上海市,上海市,regular,category,S002817,0,C202604,原野美妆,
B002817,U000737,P000130,原野服饰套装,C03,服饰,cart,2026-05-05 12:52:00,194.00,1,offline,ios,上海市,上海市,regular,home,S002818,0,C202606,原野服饰,
B002818,U000342,P000070,原野宠物用品套装,C08,宠物用品,pv,2026-06-05 11:26:00,147.00,,search,mac,福建省,厦门市,member,search,S002819,0,C202606,原野宠物,
B002819,U000441,P000139,悦活运动户外日常款,C07,运动户外,pv,2026-05-24 21:02:00,358.00,,jd,android,江苏省,南京市,regular,search,S002820,0,C202606,悦活运动,
B002820,U000209,P000051,云感宠物用品旗舰款,C08,宠物用品,pv,2026-03-02 22:36:00,64.00,,taobao,ios,河南省,郑州市,member,category,S002821,0,C202605,云感宠物,
B002821,U000601,P000014,臻选食品饮料日常款,C02,食品饮料,cart,2026-02-16 11:02:00,60.00,1,douyin,ios,江苏省,南京市,regular,product_detail,S002822,0,C202601,臻选食品,
B002822,U000826,P000054,轻氧美妆个护日常款,C01,美妆个护,pv,2026-04-23 17:03:00,138.00,,douyin,windows,江苏省,南京市,new,search,S002823,1,C202604,轻氧美妆,
B002823,U000244,P000086,臻选数码配件旗舰款,C05,数码配件,pv,2026-03-13 12:28:00,150.00,,offline,mac,河南省,郑州市,member,product_detail,S002824,0,C202602,臻选数码,
B002824,U000032,P000066,轻氧母婴用品旗舰款,C06,母婴用品,cart,2026-06-22 23:45:00,76.00,1,jd,android,四川省,成都市,high_value,home,S002825,0,C202602,轻氧母婴,
B002825,U000178,P000071,轻盈宠物用品旗舰款,C08,宠物用品,cart,2026-06-18 10:06:00,144.00,1,wechat,android,浙江省,杭州市,member,search,S002826,0,C202604,轻盈宠物,
B002826,U000870,P000005,轻盈数码配件套装,C05,数码配件,cart,2026-03-03 14:11:00,256.00,1,taobao,ios,江苏省,南京市,new,category,S002827,1,C202603,轻盈数码,
B002827,U000543,P000098,臻选家居日用升级版,C04,家居日用,pv,2026-02-14 12:26:00,90.00,,search,windows,上海市,上海市,regular,category,S002828,0,C202601,臻选家居,
B002828,U000294,P000022,原野母婴用品便携装,C06,母婴用品,cart,2026-03-08 20:11:00,190.00,1,offline,android,广东省,深圳市,member,search,S002829,0,C202602,原野母婴,
B002829,U000243,P000053,轻盈服饰升级版,C03,服饰,fav,2026-06-27 19:40:00,262.00,,search,ios,广东省,深圳市,member,home,S002830,0,C202605,轻盈服饰,
B002830,U000132,P000080,臻选家居日用套装,C04,家居日用,pv,2026-03-23 17:14:00,148.00,,offline,android,广东省,深圳市,member,home,S002831,0,C202604,臻选家居,
B002831,U000044,P000028,原野数码配件升级版,C05,数码配件,pv,2026-02-16 15:07:00,158.00,,jd,android,浙江省,杭州市,high_value,category,S002832,0,C202604,原野数码,
B002832,U000339,P000020,臻选数码配件套装,C05,数码配件,pv,2026-05-28 15:51:00,252.00,,douyin,mac,山东省,青岛市,member,category,S002833,0,C202603,臻选数码,
B002833,U000507,P000117,云感食品饮料便携装,C02,食品饮料,fav,2026-04-25 12:48:00,54.00,,offline,windows,广东省,深圳市,regular,home,S002834,0,C202603,云感食品,
B002834,U000523,P000163,悦活生鲜升级版,C09,生鲜,pv,2026-01-01 14:56:00,69.00,,search,windows,江苏省,南京市,regular,search,S002835,0,C202605,悦活生鲜,
B002835,U000484,P000110,臻选美妆个护套装,C01,美妆个护,pv,2026-05-07 18:25:00,81.00,,taobao,windows,河南省,郑州市,regular,home,S002836,0,C202604,臻选美妆,
B002836,U000105,P000102,轻氧母婴用品便携装,C06,母婴用品,pv,2026-04-15 10:52:00,104.00,,search,mac,四川省,成都市,high_value,home,S002837,0,C202602,轻氧母婴,
B002837,U000677,P000047,轻盈服饰便携装,C03,服饰,cart,2026-05-17 09:06:00,154.00,1,search,android,上海市,上海市,regular,search,S002838,0,C202601,轻盈服饰,
B002838,U000701,P000070,原野宠物用品套装,C08,宠物用品,fav,2026-03-10 21:53:00,147.00,,taobao,ios,福建省,厦门市,regular,search,S002839,0,C202601,原野宠物,
B002839,U000371,P000166,原野服饰旗舰款,C03,服饰,cart,2026-03-17 14:08:00,378.00,1,offline,windows,上海市,上海市,member,category,S002840,0,C202604,原野服饰,
B002840,U000293,P000071,轻盈宠物用品旗舰款,C08,宠物用品,fav,2026-01-23 10:53:00,144.00,,wechat,android,广东省,深圳市,member,home,S002841,0,C202605,轻盈宠物,
B002841,U000040,P000076,原野美妆个护旗舰款,C01,美妆个护,cart,2026-03-23 14:27:00,77.00,1,taobao,windows,北京市,北京市,high_value,product_detail,S002842,0,C202601,原野美妆,
B002842,U000560,P000107,轻盈运动户外便携装,C07,运动户外,pv,2026-01-06 23:05:00,176.00,,taobao,ios,山东省,青岛市,regular,category,S002843,0,C202603,轻盈运动,
B002843,U000578,P000030,轻氧家居日用套装,C04,家居日用,cart,2026-03-29 19:51:00,106.00,1,offline,windows,浙江省,杭州市,regular,search,S002844,0,C202601,轻氧家居,
B002844,U000757,P000161,轻盈家居日用旗舰款,C04,家居日用,pv,2026-05-09 12:01:00,160.00,,wechat,windows,广东省,深圳市,regular,home,S002845,0,C202605,轻盈家居,
B002845,U000050,P000113,轻盈旅行用品升级版,C10,旅行用品,cart,2026-04-18 13:44:00,483.00,1,douyin,windows,河南省,郑州市,high_value,home,S002846,0,C202601,轻盈旅行,
B002846,U000334,P000019,悦活家居日用日常款,C04,家居日用,pv,2026-04-28 10:17:00,71.00,,douyin,windows,福建省,厦门市,member,product_detail,S002847,0,C202603,悦活家居,
B002847,U000303,P000137,轻盈数码配件便携装,C05,数码配件,cart,2026-04-27 18:39:00,216.00,1,douyin,android,北京市,北京市,member,home,S002848,0,C202601,轻盈数码,
B002848,U000286,P000084,轻氧服饰日常款,C03,服饰,pv,2026-04-11 21:52:00,130.00,,jd,mac,山东省,青岛市,member,home,S002849,0,C202604,轻氧服饰,
B002849,U000183,P000071,轻盈宠物用品旗舰款,C08,宠物用品,pv,2026-04-29 10:48:00,144.00,,search,android,山东省,青岛市,member,product_detail,S002850,0,C202606,轻盈宠物,
B002850,U000728,P000071,轻盈宠物用品旗舰款,C08,宠物用品,pv,2026-04-23 19:53:00,144.00,,douyin,windows,浙江省,杭州市,regular,home,S002851,0,C202602,轻盈宠物,
B002851,U000746,P000103,悦活美妆个护升级版,C01,美妆个护,pv,2026-06-09 15:31:00,76.00,,douyin,windows,上海市,上海市,regular,search,S002852,0,C202606,悦活美妆,
B002852,U000280,P000081,云感数码配件旗舰款,C05,数码配件,cart,2026-06-30 11:52:00,152.00,1,search,windows,江苏省,南京市,member,category,S002853,0,C202603,云感数码,
B002853,U000075,P000058,原野生鲜升级版,C09,生鲜,cart,2026-03-13 13:35:00,44.00,1,douyin,mac,江苏省,南京市,high_value,category,S002854,0,C202601,原野生鲜,
B002854,U000846,P000159,云感旅行用品日常款,C10,旅行用品,pv,2026-05-16 23:53:00,514.00,,offline,mac,山东省,青岛市,new,search,S002855,1,C202603,云感旅行,
B002855,U000862,P000016,原野运动户外旗舰款,C07,运动户外,cart,2026-06-05 21:08:00,164.00,1,taobao,windows,北京市,北京市,new,product_detail,S002856,1,C202601,原野运动,
B002856,U000607,P000032,臻选生鲜便携装,C09,生鲜,pv,2026-02-18 12:54:00,71.00,,jd,windows,湖北省,武汉市,regular,category,S002857,0,C202605,臻选生鲜,
B002857,U000487,P000131,轻盈生鲜旗舰款,C09,生鲜,fav,2026-02-16 22:13:00,85.00,,douyin,windows,广东省,深圳市,regular,category,S002858,0,C202606,轻盈生鲜,
B002858,U000772,P000100,原野运动户外套装,C07,运动户外,pv,2026-03-29 15:45:00,235.00,,jd,windows,福建省,厦门市,regular,product_detail,S002859,0,C202606,原野运动,
B002859,U000310,P000113,轻盈旅行用品升级版,C10,旅行用品,pv,2026-02-06 21:00:00,483.00,,jd,mac,江苏省,南京市,member,product_detail,S002860,0,C202606,轻盈旅行,
B002860,U000503,P000159,云感旅行用品日常款,C10,旅行用品,pv,2026-05-19 12:11:00,514.00,,jd,windows,浙江省,杭州市,regular,category,S002861,0,C202605,云感旅行,
B002861,U000326,P000007,悦活服饰便携装,C03,服饰,fav,2026-04-03 13:17:00,344.00,,taobao,windows,河南省,郑州市,member,home,S002862,0,C202606,悦活服饰,
B002862,U000619,P000163,悦活生鲜升级版,C09,生鲜,fav,2026-02-11 16:21:00,69.00,,search,mac,上海市,上海市,regular,product_detail,S002863,0,C202606,悦活生鲜,
B002863,U000677,P000031,悦活运动户外旗舰款,C07,运动户外,pv,2026-05-27 17:25:00,98.00,,search,android,上海市,上海市,regular,home,S002864,0,C202601,悦活运动,
B002864,U000474,P000170,臻选生鲜套装,C09,生鲜,pv,2026-01-01 19:38:00,77.00,,wechat,ios,山东省,青岛市,regular,category,S002865,0,C202604,臻选生鲜,
B002865,U000741,P000053,轻盈服饰升级版,C03,服饰,pv,2026-04-01 19:56:00,262.00,,offline,android,福建省,厦门市,regular,home,S002866,0,C202606,轻盈服饰,
B002866,U000670,P000097,悦活母婴用品便携装,C06,母婴用品,pv,2026-03-22 13:26:00,123.00,,wechat,android,福建省,厦门市,regular,product_detail,S002867,0,C202606,悦活母婴,
B002867,U000774,P000102,轻氧母婴用品便携装,C06,母婴用品,fav,2026-04-23 19:54:00,104.00,,douyin,mac,湖北省,武汉市,regular,category,S002868,0,C202606,轻氧母婴,
B002868,U000481,P000102,轻氧母婴用品便携装,C06,母婴用品,cart,2026-04-15 15:06:00,104.00,1,douyin,android,江苏省,南京市,regular,product_detail,S002869,0,C202606,轻氧母婴,
B002869,U000471,P000099,云感服饰日常款,C03,服饰,fav,2026-04-18 11:03:00,230.00,,wechat,mac,上海市,上海市,regular,product_detail,S002870,0,C202601,云感服饰,
B002870,U000257,P000115,悦活美妆个护套装,C01,美妆个护,pv,2026-04-13 09:06:00,86.00,,douyin,mac,河南省,郑州市,member,product_detail,S002871,0,C202606,悦活美妆,
B002871,U000026,P000125,轻盈生鲜套装,C09,生鲜,cart,2026-04-20 15:39:00,62.00,1,jd,windows,上海市,上海市,high_value,product_detail,S002872,0,C202604,轻盈生鲜,
B002872,U000727,P000147,云感数码配件便携装,C05,数码配件,fav,2026-05-26 08:44:00,281.00,,taobao,ios,四川省,成都市,regular,home,S002873,0,C202602,云感数码,
B002873,U000194,P000045,云感食品饮料套装,C02,食品饮料,pv,2026-04-21 18:07:00,67.00,,search,mac,河南省,郑州市,member,product_detail,S002874,0,C202602,云感食品,
B002874,U000464,P000091,悦活母婴用品旗舰款,C06,母婴用品,cart,2026-01-12 14:29:00,87.00,1,taobao,android,浙江省,杭州市,regular,category,S002875,0,C202604,悦活母婴,
B002875,U000786,P000056,臻选旅行用品旗舰款,C10,旅行用品,fav,2026-06-03 18:26:00,443.00,,douyin,windows,浙江省,杭州市,regular,product_detail,S002876,0,C202606,臻选旅行,
B002876,U000791,P000059,轻盈美妆个护日常款,C01,美妆个护,pv,2026-06-24 19:44:00,52.00,,douyin,windows,上海市,上海市,regular,home,S002877,0,C202603,轻盈美妆,
B002877,U000534,P000103,悦活美妆个护升级版,C01,美妆个护,fav,2026-05-29 17:19:00,76.00,,douyin,ios,上海市,上海市,regular,product_detail,S002878,0,C202602,悦活美妆,
B002878,U000644,P000004,原野旅行用品日常款,C10,旅行用品,pv,2026-01-13 09:23:00,271.00,,wechat,mac,山东省,青岛市,regular,search,S002879,0,C202602,原野旅行,
B002879,U000668,P000034,原野生鲜日常款,C09,生鲜,pv,2026-01-02 21:54:00,71.00,,douyin,windows,上海市,上海市,regular,home,S002880,0,C202601,原野生鲜,
B002880,U000264,P000146,臻选生鲜旗舰款,C09,生鲜,pv,2026-02-11 21:32:00,112.00,,taobao,mac,江苏省,南京市,member,product_detail,S002881,0,C202602,臻选生鲜,
B002881,U000204,P000092,臻选服饰便携装,C03,服饰,fav,2026-06-12 20:45:00,291.00,,search,ios,湖北省,武汉市,member,home,S002882,0,C202602,臻选服饰,
B002882,U000594,P000053,轻盈服饰升级版,C03,服饰,pv,2026-03-10 16:33:00,262.00,,offline,ios,广东省,深圳市,regular,category,S002883,0,C202604,轻盈服饰,
B002883,U000375,P000128,臻选旅行用品升级版,C10,旅行用品,cart,2026-04-16 23:18:00,514.00,1,wechat,ios,浙江省,杭州市,member,category,S002884,0,C202605,臻选旅行,
B002884,U000678,P000066,轻氧母婴用品旗舰款,C06,母婴用品,cart,2026-05-08 14:14:00,76.00,1,jd,windows,浙江省,杭州市,regular,product_detail,S002885,0,C202605,轻氧母婴,
B002885,U000090,P000169,悦活生鲜日常款,C09,生鲜,pv,2026-03-01 17:17:00,42.00,,taobao,android,北京市,北京市,high_value,search,S002886,0,C202602,悦活生鲜,
B002886,U000613,P000109,悦活旅行用品日常款,C10,旅行用品,pv,2026-06-09 17:04:00,614.00,,taobao,windows,江苏省,南京市,regular,search,S002887,0,C202601,悦活旅行,
B002887,U000546,P000075,云感母婴用品套装,C06,母婴用品,fav,2026-04-20 18:54:00,82.00,,taobao,mac,福建省,厦门市,regular,search,S002888,0,C202604,云感母婴,
B002888,U000648,P000098,臻选家居日用升级版,C04,家居日用,pv,2026-02-06 11:40:00,90.00,,offline,mac,湖北省,武汉市,regular,product_detail,S002889,0,C202602,臻选家居,
B002889,U000424,P000110,臻选美妆个护套装,C01,美妆个护,cart,2026-01-28 11:10:00,81.00,1,douyin,mac,上海市,上海市,regular,home,S002890,0,C202605,臻选美妆,
B002890,U000051,P000104,臻选旅行用品日常款,C10,旅行用品,fav,2026-04-23 20:58:00,352.00,,wechat,windows,山东省,青岛市,high_value,category,S002891,0,C202605,臻选旅行,
B002891,U000077,P000172,原野宠物用品便携装,C08,宠物用品,cart,2026-06-04 20:50:00,99.00,1,offline,android,福建省,厦门市,high_value,category,S002892,0,C202604,原野宠物,
B002892,U000657,P000150,轻氧母婴用品套装,C06,母婴用品,pv,2026-05-02 16:35:00,76.00,,wechat,android,福建省,厦门市,regular,category,S002893,0,C202605,轻氧母婴,
B002893,U000884,P000120,轻氧宠物用品套装,C08,宠物用品,fav,2026-01-14 10:15:00,58.00,,search,mac,福建省,厦门市,new,category,S002894,1,C202605,轻氧宠物,
B002894,U000521,P000085,悦活家居日用套装,C04,家居日用,fav,2026-01-05 15:49:00,70.00,,jd,mac,上海市,上海市,regular,product_detail,S002895,0,C202605,悦活家居,
B002895,U000475,P000043,悦活服饰升级版,C03,服饰,pv,2026-05-09 09:04:00,237.00,,taobao,ios,福建省,厦门市,regular,product_detail,S002896,0,C202604,悦活服饰,
B002896,U000859,P000074,臻选美妆个护日常款,C01,美妆个护,cart,2026-03-10 17:43:00,71.00,1,wechat,ios,广东省,深圳市,new,search,S002897,1,C202604,臻选美妆,
B002897,U000217,P000019,悦活家居日用日常款,C04,家居日用,fav,2026-03-05 21:42:00,71.00,,jd,android,广东省,深圳市,member,product_detail,S002898,0,C202601,悦活家居,
B002898,U000425,P000085,悦活家居日用套装,C04,家居日用,cart,2026-01-17 19:08:00,70.00,1,search,android,四川省,成都市,regular,category,S002899,0,C202604,悦活家居,
B002899,U000341,P000163,悦活生鲜升级版,C09,生鲜,fav,2026-01-14 23:33:00,69.00,,offline,ios,江苏省,南京市,member,search,S002900,0,C202603,悦活生鲜,
B002900,U000676,P000059,轻盈美妆个护日常款,C01,美妆个护,cart,2026-02-15 09:39:00,52.00,1,wechat,android,河南省,郑州市,regular,search,S002901,0,C202604,轻盈美妆,
B002901,U000291,P000053,轻盈服饰升级版,C03,服饰,pv,2026-06-17 18:40:00,262.00,,douyin,mac,四川省,成都市,member,search,S002902,0,C202602,轻盈服饰,
B002902,U000027,P000145,悦活宠物用品套装,C08,宠物用品,pv,2026-04-03 12:55:00,42.00,,wechat,mac,浙江省,杭州市,high_value,search,S002903,0,C202605,悦活宠物,
B002903,U000315,P000018,轻氧生鲜升级版,C09,生鲜,cart,2026-01-30 23:01:00,81.00,1,taobao,android,江苏省,南京市,member,product_detail,S002904,0,C202605,轻氧生鲜,
B002904,U000211,P000125,轻盈生鲜套装,C09,生鲜,pv,2026-01-12 20:01:00,62.00,,search,windows,江苏省,南京市,member,home,S002905,0,C202604,轻盈生鲜,
B002905,U000803,P000087,云感旅行用品便携装,C10,旅行用品,fav,2026-05-09 10:50:00,609.00,,jd,windows,广东省,深圳市,regular,category,S002906,0,C202603,云感旅行,
B002906,U000562,P000051,云感宠物用品旗舰款,C08,宠物用品,pv,2026-01-05 16:20:00,64.00,,jd,windows,四川省,成都市,regular,product_detail,S002907,0,C202601,云感宠物,
B002907,U000309,P000096,轻氧数码配件旗舰款,C05,数码配件,pv,2026-06-29 17:52:00,88.00,,douyin,android,湖北省,武汉市,member,search,S002908,0,C202604,轻氧数码,
B002908,U000125,P000158,臻选母婴用品升级版,C06,母婴用品,fav,2026-02-21 13:11:00,121.00,,wechat,windows,四川省,成都市,member,category,S002909,0,C202602,臻选母婴,
B002909,U000805,P000170,臻选生鲜套装,C09,生鲜,cart,2026-01-18 14:11:00,77.00,1,wechat,mac,浙江省,杭州市,regular,product_detail,S002910,0,C202605,臻选生鲜,
B002910,U000878,P000077,轻盈服饰便携装,C03,服饰,pv,2026-04-03 23:41:00,279.00,,offline,mac,福建省,厦门市,new,search,S002911,1,C202602,轻盈服饰,
B002911,U000819,P000142,原野母婴用品便携装,C06,母婴用品,cart,2026-06-11 16:09:00,161.00,1,douyin,ios,广东省,深圳市,regular,search,S002912,0,C202601,原野母婴,
B002912,U000415,P000090,轻氧旅行用品套装,C10,旅行用品,pv,2026-05-17 19:30:00,170.00,,search,windows,浙江省,杭州市,member,product_detail,S002913,0,C202606,轻氧旅行,
B002913,U000035,P000171,云感生鲜旗舰款,C09,生鲜,pv,2026-06-27 21:23:00,30.00,,jd,android,山东省,青岛市,high_value,category,S002914,0,C202606,云感生鲜,
B002914,U000732,P000123,云感宠物用品升级版,C08,宠物用品,cart,2026-04-12 23:06:00,83.00,1,wechat,android,河南省,郑州市,regular,category,S002915,0,C202606,云感宠物,
B002915,U000488,P000079,悦活服饰日常款,C03,服饰,fav,2026-03-14 20:20:00,452.00,,taobao,ios,北京市,北京市,regular,home,S002916,0,C202602,悦活服饰,
B002916,U000616,P000062,臻选旅行用品便携装,C10,旅行用品,fav,2026-04-25 09:58:00,226.00,,douyin,windows,广东省,深圳市,regular,product_detail,S002917,0,C202605,臻选旅行,
B002917,U000450,P000023,轻盈食品饮料升级版,C02,食品饮料,pv,2026-06-12 13:24:00,79.00,,offline,windows,四川省,成都市,regular,product_detail,S002918,0,C202602,轻盈食品,
B002918,U000303,P000025,悦活宠物用品套装,C08,宠物用品,pv,2026-04-18 19:22:00,105.00,,search,android,北京市,北京市,member,search,S002919,0,C202601,悦活宠物,
B002919,U000367,P000078,轻氧运动户外升级版,C07,运动户外,cart,2026-02-22 13:47:00,332.00,1,douyin,ios,江苏省,南京市,member,home,S002920,0,C202606,轻氧运动,
B002920,U000510,P000059,轻盈美妆个护日常款,C01,美妆个护,cart,2026-01-30 13:35:00,52.00,1,douyin,ios,北京市,北京市,regular,search,S002921,0,C202604,轻盈美妆,
B002921,U000507,P000076,原野美妆个护旗舰款,C01,美妆个护,fav,2026-01-24 14:25:00,77.00,,taobao,windows,广东省,深圳市,regular,product_detail,S002922,0,C202602,原野美妆,
B002922,U000094,P000048,轻氧宠物用品升级版,C08,宠物用品,cart,2026-05-16 22:14:00,142.00,1,wechat,ios,上海市,上海市,high_value,search,S002923,0,C202604,轻氧宠物,
B002923,U000293,P000087,云感旅行用品便携装,C10,旅行用品,fav,2026-05-03 11:57:00,609.00,,search,android,广东省,深圳市,member,home,S002924,0,C202604,云感旅行,
B002924,U000706,P000159,云感旅行用品日常款,C10,旅行用品,pv,2026-02-15 22:00:00,514.00,,taobao,mac,福建省,厦门市,regular,search,S002925,0,C202603,云感旅行,
B002925,U000135,P000085,悦活家居日用套装,C04,家居日用,fav,2026-05-23 23:19:00,70.00,,jd,windows,山东省,青岛市,member,product_detail,S002926,0,C202601,悦活家居,
B002926,U000212,P000122,臻选运动户外便携装,C07,运动户外,pv,2026-01-07 20:41:00,212.00,,offline,windows,四川省,成都市,member,home,S002927,0,C202606,臻选运动,
B002927,U000078,P000009,云感数码配件日常款,C05,数码配件,fav,2026-03-15 20:28:00,295.00,,search,mac,湖北省,武汉市,high_value,product_detail,S002928,0,C202606,云感数码,
B002928,U000840,P000116,臻选数码配件旗舰款,C05,数码配件,cart,2026-06-08 14:05:00,228.00,1,offline,mac,江苏省,南京市,new,search,S002929,1,C202602,臻选数码,
B002929,U000398,P000025,悦活宠物用品套装,C08,宠物用品,pv,2026-02-23 15:55:00,105.00,,douyin,mac,河南省,郑州市,member,search,S002930,0,C202602,悦活宠物,
B002930,U000079,P000024,轻氧食品饮料日常款,C02,食品饮料,cart,2026-04-25 10:19:00,55.00,1,douyin,ios,上海市,上海市,high_value,product_detail,S002931,0,C202605,轻氧食品,
B002931,U000381,P000074,臻选美妆个护日常款,C01,美妆个护,pv,2026-01-28 18:01:00,71.00,,wechat,windows,广东省,深圳市,member,category,S002932,0,C202602,臻选美妆,
B002932,U000585,P000003,云感生鲜升级版,C09,生鲜,pv,2026-06-05 15:40:00,73.00,,search,android,山东省,青岛市,regular,search,S002933,0,C202602,云感生鲜,
B002933,U000035,P000158,臻选母婴用品升级版,C06,母婴用品,pv,2026-05-15 23:54:00,121.00,,taobao,android,山东省,青岛市,high_value,category,S002934,0,C202606,臻选母婴,
B002934,U000697,P000006,轻氧母婴用品旗舰款,C06,母婴用品,cart,2026-01-31 16:50:00,161.00,1,wechat,ios,山东省,青岛市,regular,category,S002935,0,C202604,轻氧母婴,
B002935,U000207,P000112,原野生鲜便携装,C09,生鲜,cart,2026-06-26 13:33:00,113.00,1,taobao,mac,四川省,成都市,member,search,S002936,0,C202601,原野生鲜,
B002936,U000796,P000054,轻氧美妆个护日常款,C01,美妆个护,pv,2026-04-05 12:18:00,138.00,,jd,android,浙江省,杭州市,regular,search,S002937,0,C202605,轻氧美妆,
B002937,U000338,P000007,悦活服饰便携装,C03,服饰,fav,2026-01-11 13:23:00,344.00,,wechat,android,上海市,上海市,member,home,S002938,0,C202604,悦活服饰,
B002938,U000168,P000029,轻盈食品饮料日常款,C02,食品饮料,cart,2026-03-16 18:51:00,91.00,1,search,android,上海市,上海市,member,product_detail,S002939,0,C202603,轻盈食品,
B002939,U000757,P000092,臻选服饰便携装,C03,服饰,fav,2026-02-17 20:05:00,291.00,,douyin,windows,广东省,深圳市,regular,search,S002940,0,C202601,臻选服饰,
B002940,U000513,P000120,轻氧宠物用品套装,C08,宠物用品,cart,2026-01-29 17:07:00,58.00,1,jd,windows,四川省,成都市,regular,search,S002941,0,C202601,轻氧宠物,
B002941,U000298,P000108,轻氧母婴用品升级版,C06,母婴用品,pv,2026-06-21 22:08:00,86.00,,douyin,ios,江苏省,南京市,member,search,S002942,0,C202606,轻氧母婴,
B002942,U000348,P000112,原野生鲜便携装,C09,生鲜,cart,2026-05-26 14:12:00,113.00,1,search,ios,北京市,北京市,member,search,S002943,0,C202603,原野生鲜,
B002943,U000417,P000043,悦活服饰升级版,C03,服饰,pv,2026-02-11 23:16:00,237.00,,douyin,ios,北京市,北京市,member,search,S002944,0,C202604,悦活服饰,
B002944,U000205,P000082,原野旅行用品便携装,C10,旅行用品,pv,2026-04-06 19:01:00,253.00,,taobao,windows,山东省,青岛市,member,category,S002945,0,C202606,原野旅行,
B002945,U000217,P000097,悦活母婴用品便携装,C06,母婴用品,cart,2026-01-08 20:09:00,123.00,1,wechat,android,广东省,深圳市,member,category,S002946,0,C202606,悦活母婴,
B002946,U000484,P000055,悦活宠物用品套装,C08,宠物用品,cart,2026-04-21 16:51:00,100.00,1,offline,windows,河南省,郑州市,regular,category,S002947,0,C202602,悦活宠物,
B002947,U000068,P000083,轻盈运动户外升级版,C07,运动户外,cart,2026-04-06 13:27:00,227.00,1,wechat,windows,四川省,成都市,high_value,product_detail,S002948,0,C202601,轻盈运动,
B002948,U000221,P000159,云感旅行用品日常款,C10,旅行用品,pv,2026-04-22 12:35:00,514.00,,offline,windows,河南省,郑州市,member,category,S002949,0,C202601,云感旅行,
B002949,U000694,P000011,轻盈旅行用品旗舰款,C10,旅行用品,pv,2026-05-20 18:06:00,224.00,,douyin,ios,浙江省,杭州市,regular,category,S002950,0,C202603,轻盈旅行,
B002950,U000667,P000083,轻盈运动户外升级版,C07,运动户外,pv,2026-05-12 20:27:00,227.00,,jd,windows,江苏省,南京市,regular,search,S002951,0,C202604,轻盈运动,
B002951,U000342,P000143,轻盈美妆个护升级版,C01,美妆个护,fav,2026-04-07 21:56:00,53.00,,jd,mac,福建省,厦门市,member,product_detail,S002952,0,C202605,轻盈美妆,
B002952,U000786,P000131,轻盈生鲜旗舰款,C09,生鲜,fav,2026-03-23 17:44:00,85.00,,taobao,windows,浙江省,杭州市,regular,home,S002953,0,C202606,轻盈生鲜,
B002953,U000311,P000169,悦活生鲜日常款,C09,生鲜,cart,2026-05-24 18:36:00,42.00,1,offline,ios,上海市,上海市,member,home,S002954,0,C202606,悦活生鲜,
B002954,U000387,P000066,轻氧母婴用品旗舰款,C06,母婴用品,cart,2026-03-09 13:04:00,76.00,1,jd,mac,河南省,郑州市,member,home,S002955,0,C202605,轻氧母婴,
B002955,U000576,P000016,原野运动户外旗舰款,C07,运动户外,fav,2026-03-07 10:41:00,164.00,,jd,android,福建省,厦门市,regular,home,S002956,0,C202605,原野运动,
B002956,U000161,P000123,云感宠物用品升级版,C08,宠物用品,fav,2026-05-25 15:49:00,83.00,,jd,android,河南省,郑州市,member,product_detail,S002957,0,C202606,云感宠物,
B002957,U000084,P000051,云感宠物用品旗舰款,C08,宠物用品,pv,2026-01-16 22:46:00,64.00,,douyin,windows,河南省,郑州市,high_value,search,S002958,0,C202602,云感宠物,
B002958,U000193,P000002,臻选服饰便携装,C03,服饰,cart,2026-02-12 20:24:00,332.00,1,search,ios,江苏省,南京市,member,category,S002959,0,C202605,臻选服饰,
B002959,U000421,P000089,轻盈美妆个护日常款,C01,美妆个护,cart,2026-05-29 18:32:00,69.00,1,taobao,android,北京市,北京市,regular,category,S002960,0,C202601,轻盈美妆,
B002960,U000450,P000156,轻氧母婴用品旗舰款,C06,母婴用品,cart,2026-06-01 19:47:00,153.00,1,douyin,windows,四川省,成都市,regular,home,S002961,0,C202601,轻氧母婴,
B002961,U000454,P000065,轻盈生鲜套装,C09,生鲜,pv,2026-01-01 21:06:00,41.00,,search,mac,河南省,郑州市,regular,category,S002962,0,C202602,轻盈生鲜,
B002962,U000275,P000170,臻选生鲜套装,C09,生鲜,pv,2026-05-22 17:51:00,77.00,,offline,windows,北京市,北京市,member,home,S002963,0,C202606,臻选生鲜,
B002963,U000811,P000047,轻盈服饰便携装,C03,服饰,cart,2026-04-29 08:47:00,154.00,1,taobao,mac,四川省,成都市,regular,category,S002964,0,C202601,轻盈服饰,
B002964,U000119,P000001,悦活家居日用旗舰款,C04,家居日用,pv,2026-02-24 16:33:00,141.00,,search,windows,河南省,郑州市,high_value,home,S002965,0,C202605,悦活家居,
B002965,U000231,P000170,臻选生鲜套装,C09,生鲜,pv,2026-06-10 12:42:00,77.00,,offline,android,福建省,厦门市,member,category,S002966,0,C202603,臻选生鲜,
B002966,U000832,P000120,轻氧宠物用品套装,C08,宠物用品,cart,2026-05-19 13:11:00,58.00,1,offline,mac,四川省,成都市,new,product_detail,S002967,1,C202606,轻氧宠物,
B002967,U000316,P000119,轻盈宠物用品日常款,C08,宠物用品,pv,2026-06-10 14:41:00,99.00,,taobao,mac,河南省,郑州市,member,product_detail,S002968,0,C202601,轻盈宠物,
B002968,U000268,P000059,轻盈美妆个护日常款,C01,美妆个护,pv,2026-04-29 12:40:00,52.00,,offline,android,江苏省,南京市,member,home,S002969,0,C202606,轻盈美妆,
B002969,U000829,P000018,轻氧生鲜升级版,C09,生鲜,fav,2026-01-10 18:46:00,81.00,,offline,windows,江苏省,南京市,new,home,S002970,1,C202601,轻氧生鲜,
B002970,U000292,P000163,悦活生鲜升级版,C09,生鲜,pv,2026-02-15 18:25:00,69.00,,taobao,android,福建省,厦门市,member,search,S002971,0,C202606,悦活生鲜,
B002971,U000207,P000162,轻氧食品饮料便携装,C02,食品饮料,cart,2026-02-03 11:21:00,73.00,1,search,mac,四川省,成都市,member,category,S002972,0,C202604,轻氧食品,
B002972,U000576,P000074,臻选美妆个护日常款,C01,美妆个护,pv,2026-02-07 18:05:00,71.00,,search,android,福建省,厦门市,regular,product_detail,S002973,0,C202605,臻选美妆,
B002973,U000433,P000162,轻氧食品饮料便携装,C02,食品饮料,pv,2026-02-10 20:22:00,73.00,,douyin,android,北京市,北京市,regular,category,S002974,0,C202601,轻氧食品,
B002974,U000293,P000123,云感宠物用品升级版,C08,宠物用品,cart,2026-04-11 21:18:00,83.00,1,wechat,android,广东省,深圳市,member,product_detail,S002975,0,C202601,云感宠物,
B002975,U000321,P000048,轻氧宠物用品升级版,C08,宠物用品,cart,2026-03-16 09:47:00,142.00,1,offline,ios,四川省,成都市,member,product_detail,S002976,0,C202601,轻氧宠物,
B002976,U000688,P000106,原野母婴用品旗舰款,C06,母婴用品,pv,2026-02-28 09:22:00,102.00,,search,ios,福建省,厦门市,regular,home,S002977,0,C202606,原野母婴,
B002977,U000801,P000154,原野生鲜日常款,C09,生鲜,cart,2026-05-27 12:08:00,103.00,1,douyin,mac,江苏省,南京市,regular,category,S002978,0,C202606,原野生鲜,
B002978,U000445,P000154,原野生鲜日常款,C09,生鲜,pv,2026-06-30 22:46:00,103.00,,offline,mac,福建省,厦门市,regular,product_detail,S002979,0,C202602,原野生鲜,
B002979,U000417,P000010,原野旅行用品套装,C10,旅行用品,cart,2026-06-07 13:17:00,302.00,1,search,ios,北京市,北京市,member,category,S002980,0,C202605,原野旅行,
B002980,U000536,P000141,云感数码配件旗舰款,C05,数码配件,pv,2026-01-21 09:52:00,220.00,,search,windows,江苏省,南京市,regular,search,S002981,0,C202601,云感数码,
B002981,U000093,P000031,悦活运动户外旗舰款,C07,运动户外,pv,2026-03-21 16:33:00,98.00,,offline,windows,湖北省,武汉市,high_value,product_detail,S002982,0,C202606,悦活运动,
B002982,U000330,P000001,悦活家居日用旗舰款,C04,家居日用,pv,2026-03-10 22:52:00,141.00,,douyin,ios,河南省,郑州市,member,search,S002983,0,C202605,悦活家居,
B002983,U000336,P000004,原野旅行用品日常款,C10,旅行用品,cart,2026-06-12 13:32:00,271.00,1,douyin,mac,山东省,青岛市,member,search,S002984,0,C202606,原野旅行,
B002984,U000508,P000094,原野运动户外日常款,C07,运动户外,fav,2026-02-14 18:41:00,136.00,,search,android,河南省,郑州市,regular,search,S002985,0,C202602,原野运动,
B002985,U000270,P000077,轻盈服饰便携装,C03,服饰,cart,2026-05-29 11:35:00,279.00,1,taobao,ios,山东省,青岛市,member,search,S002986,0,C202604,轻盈服饰,
B002986,U000318,P000047,轻盈服饰便携装,C03,服饰,cart,2026-04-06 23:11:00,154.00,1,wechat,windows,四川省,成都市,member,home,S002987,0,C202605,轻盈服饰,
B002987,U000615,P000122,臻选运动户外便携装,C07,运动户外,cart,2026-05-25 23:42:00,212.00,1,offline,windows,浙江省,杭州市,regular,home,S002988,0,C202606,臻选运动,
B002988,U000799,P000102,轻氧母婴用品便携装,C06,母婴用品,pv,2026-05-16 08:12:00,104.00,,wechat,mac,湖北省,武汉市,regular,category,S002989,0,C202603,轻氧母婴,
B002989,U000215,P000106,原野母婴用品旗舰款,C06,母婴用品,pv,2026-05-13 12:18:00,102.00,,douyin,mac,浙江省,杭州市,member,product_detail,S002990,0,C202603,原野母婴,
B002990,U000191,P000114,轻氧母婴用品日常款,C06,母婴用品,pv,2026-03-05 18:48:00,142.00,,offline,ios,河南省,郑州市,member,product_detail,S002991,0,C202603,轻氧母婴,
B002991,U000033,P000147,云感数码配件便携装,C05,数码配件,pv,2026-02-28 13:50:00,281.00,,offline,mac,北京市,北京市,high_value,home,S002992,0,C202603,云感数码,
B002992,U000413,P000045,云感食品饮料套装,C02,食品饮料,pv,2026-06-26 08:48:00,67.00,,offline,mac,四川省,成都市,member,product_detail,S002993,0,C202602,云感食品,
B002993,U000864,P000114,轻氧母婴用品日常款,C06,母婴用品,fav,2026-05-15 20:26:00,142.00,,offline,mac,福建省,厦门市,new,product_detail,S002994,1,C202603,轻氧母婴,
B002994,U000208,P000103,悦活美妆个护升级版,C01,美妆个护,fav,2026-02-14 23:16:00,76.00,,taobao,ios,山东省,青岛市,member,home,S002995,0,C202603,悦活美妆,
B002995,U000269,P000041,轻盈家居日用旗舰款,C04,家居日用,fav,2026-01-15 17:09:00,166.00,,search,windows,山东省,青岛市,member,home,S002996,0,C202601,轻盈家居,
B002996,U000100,P000152,臻选数码配件便携装,C05,数码配件,pv,2026-01-20 14:57:00,302.00,,offline,android,浙江省,杭州市,high_value,search,S002997,0,C202602,臻选数码,
B002997,U000243,P000044,臻选食品饮料日常款,C02,食品饮料,fav,2026-01-03 19:55:00,28.00,,douyin,ios,广东省,深圳市,member,home,S002998,0,C202604,臻选食品,
B002998,U000472,P000104,臻选旅行用品日常款,C10,旅行用品,pv,2026-05-23 19:14:00,352.00,,wechat,ios,广东省,深圳市,regular,search,S002999,0,C202601,臻选旅行,
B002999,U000204,P000053,轻盈服饰升级版,C03,服饰,pv,2026-05-04 16:55:00,262.00,,taobao,ios,湖北省,武汉市,member,home,S003000,0,C202606,轻盈服饰,
B003000,U000256,P000002,臻选服饰便携装,C03,服饰,pv,2026-06-04 21:42:00,332.00,,douyin,android,湖北省,武汉市,member,category,S003001,0,C202602,臻选服饰,
B003001,U000662,P000058,原野生鲜升级版,C09,生鲜,pv,2026-01-27 19:11:00,44.00,,jd,mac,湖北省,武汉市,regular,search,S003002,0,C202605,原野生鲜,
B003002,U000050,P000005,轻盈数码配件套装,C05,数码配件,cart,2026-01-15 12:30:00,256.00,1,search,windows,河南省,郑州市,high_value,category,S003003,0,C202601,轻盈数码,
B003003,U000408,P000080,臻选家居日用套装,C04,家居日用,fav,2026-04-01 15:12:00,148.00,,search,windows,北京市,北京市,member,product_detail,S003004,0,C202604,臻选家居,
B003004,U000296,P000096,轻氧数码配件旗舰款,C05,数码配件,pv,2026-02-02 19:21:00,88.00,,search,mac,江苏省,南京市,member,search,S003005,0,C202602,轻氧数码,
B003005,U000112,P000003,云感生鲜升级版,C09,生鲜,pv,2026-01-20 18:34:00,73.00,,taobao,ios,广东省,深圳市,high_value,home,S003006,0,C202606,云感生鲜,
B003006,U000280,P000097,悦活母婴用品便携装,C06,母婴用品,cart,2026-01-24 19:46:00,123.00,1,offline,windows,江苏省,南京市,member,product_detail,S003007,0,C202602,悦活母婴,
B003007,U000783,P000002,臻选服饰便携装,C03,服饰,fav,2026-02-21 22:44:00,332.00,,taobao,windows,江苏省,南京市,regular,category,S003008,0,C202606,臻选服饰,
B003008,U000006,P000138,轻氧数码配件升级版,C05,数码配件,pv,2026-02-24 11:48:00,150.00,,wechat,windows,江苏省,南京市,high_value,search,S003009,0,C202605,轻氧数码,
B003009,U000444,P000092,臻选服饰便携装,C03,服饰,fav,2026-04-14 18:10:00,291.00,,taobao,android,广东省,深圳市,regular,home,S003010,0,C202605,臻选服饰,
B003010,U000660,P000050,臻选生鲜套装,C09,生鲜,pv,2026-02-04 23:26:00,108.00,,wechat,mac,上海市,上海市,regular,home,S003011,0,C202604,臻选生鲜,
B003011,U000658,P000163,悦活生鲜升级版,C09,生鲜,cart,2026-01-06 17:19:00,69.00,1,offline,android,江苏省,南京市,regular,category,S003012,0,C202603,悦活生鲜,
B003012,U000816,P000168,轻氧服饰升级版,C03,服饰,cart,2026-02-13 12:52:00,368.00,1,wechat,mac,上海市,上海市,regular,search,S003013,0,C202602,轻氧服饰,
B003013,U000350,P000006,轻氧母婴用品旗舰款,C06,母婴用品,cart,2026-02-12 15:51:00,161.00,1,offline,windows,福建省,厦门市,member,home,S003014,0,C202602,轻氧母婴,
B003014,U000298,P000070,原野宠物用品套装,C08,宠物用品,cart,2026-06-17 17:04:00,147.00,1,offline,ios,江苏省,南京市,member,home,S003015,0,C202606,原野宠物,
B003015,U000054,P000042,轻氧美妆个护便携装,C01,美妆个护,fav,2026-06-13 18:52:00,69.00,,douyin,mac,福建省,厦门市,high_value,search,S003016,0,C202606,轻氧美妆,
B003016,U000749,P000146,臻选生鲜旗舰款,C09,生鲜,cart,2026-04-25 19:33:00,112.00,1,douyin,windows,山东省,青岛市,regular,category,S003017,0,C202603,臻选生鲜,
B003017,U000773,P000073,悦活家居日用升级版,C04,家居日用,pv,2026-06-24 13:23:00,147.00,,offline,android,上海市,上海市,regular,product_detail,S003018,0,C202603,悦活家居,
B003018,U000079,P000152,臻选数码配件便携装,C05,数码配件,fav,2026-05-17 19:23:00,302.00,,wechat,ios,上海市,上海市,high_value,category,S003019,0,C202603,臻选数码,
B003019,U000168,P000051,云感宠物用品旗舰款,C08,宠物用品,pv,2026-01-15 21:59:00,64.00,,search,android,上海市,上海市,member,product_detail,S003020,0,C202606,云感宠物,
B003020,U000361,P000104,臻选旅行用品日常款,C10,旅行用品,fav,2026-05-06 13:06:00,352.00,,jd,windows,北京市,北京市,member,category,S003021,0,C202606,臻选旅行,
B003021,U000198,P000102,轻氧母婴用品便携装,C06,母婴用品,cart,2026-05-29 21:04:00,104.00,1,douyin,ios,湖北省,武汉市,member,home,S003022,0,C202603,轻氧母婴,
B003022,U000061,P000127,悦活食品饮料便携装,C02,食品饮料,fav,2026-06-10 16:07:00,39.00,,taobao,windows,北京市,北京市,high_value,product_detail,S003023,0,C202602,悦活食品,
B003023,U000441,P000093,云感生鲜升级版,C09,生鲜,pv,2026-05-13 14:28:00,39.00,,douyin,android,江苏省,南京市,regular,product_detail,S003024,0,C202604,云感生鲜,
B003024,U000341,P000142,原野母婴用品便携装,C06,母婴用品,pv,2026-03-15 10:12:00,161.00,,douyin,ios,江苏省,南京市,member,home,S003025,0,C202604,原野母婴,
B003025,U000715,P000127,悦活食品饮料便携装,C02,食品饮料,fav,2026-03-05 17:53:00,39.00,,wechat,windows,湖北省,武汉市,regular,category,S003026,0,C202604,悦活食品,
B003026,U000326,P000104,臻选旅行用品日常款,C10,旅行用品,pv,2026-05-19 18:44:00,352.00,,search,windows,河南省,郑州市,member,category,S003027,0,C202605,臻选旅行,
B003027,U000612,P000102,轻氧母婴用品便携装,C06,母婴用品,pv,2026-04-26 23:16:00,104.00,,taobao,windows,四川省,成都市,regular,product_detail,S003028,0,C202602,轻氧母婴,
B003028,U000468,P000077,轻盈服饰便携装,C03,服饰,cart,2026-03-25 18:50:00,279.00,1,search,mac,福建省,厦门市,regular,search,S003029,0,C202604,轻盈服饰,
B003029,U000065,P000101,轻盈生鲜旗舰款,C09,生鲜,cart,2026-04-21 08:25:00,111.00,1,search,windows,北京市,北京市,high_value,home,S003030,0,C202601,轻盈生鲜,
B003030,U000234,P000146,臻选生鲜旗舰款,C09,生鲜,pv,2026-06-28 12:08:00,112.00,,jd,mac,河南省,郑州市,member,search,S003031,0,C202606,臻选生鲜,
B003031,U000176,P000060,轻氧数码配件套装,C05,数码配件,pv,2026-01-21 12:47:00,269.00,,offline,android,湖北省,武汉市,member,product_detail,S003032,0,C202604,轻氧数码,
B003032,U000824,P000164,臻选食品饮料日常款,C02,食品饮料,pv,2026-03-12 19:31:00,73.00,,search,windows,上海市,上海市,new,product_detail,S003033,1,C202604,臻选食品,
B003033,U000883,P000131,轻盈生鲜旗舰款,C09,生鲜,pv,2026-06-11 22:03:00,85.00,,taobao,ios,湖北省,武汉市,new,category,S003034,1,C202606,轻盈生鲜,
B003034,U000257,P000066,轻氧母婴用品旗舰款,C06,母婴用品,fav,2026-06-20 21:47:00,76.00,,wechat,mac,河南省,郑州市,member,search,S003035,0,C202604,轻氧母婴,
B003035,U000479,P000143,轻盈美妆个护升级版,C01,美妆个护,pv,2026-01-30 18:35:00,53.00,,offline,windows,湖北省,武汉市,regular,home,S003036,0,C202604,轻盈美妆,
B003036,U000122,P000042,轻氧美妆个护便携装,C01,美妆个护,fav,2026-06-28 17:00:00,69.00,,search,mac,四川省,成都市,member,search,S003037,0,C202602,轻氧美妆,
B003037,U000220,P000097,悦活母婴用品便携装,C06,母婴用品,pv,2026-01-19 17:53:00,123.00,,douyin,mac,广东省,深圳市,member,category,S003038,0,C202605,悦活母婴,
B003038,U000900,P000161,轻盈家居日用旗舰款,C04,家居日用,pv,2026-04-30 16:49:00,160.00,,wechat,ios,北京市,北京市,new,search,S003039,1,C202605,轻盈家居,
B003039,U000551,P000138,轻氧数码配件升级版,C05,数码配件,cart,2026-01-26 10:48:00,150.00,1,douyin,android,湖北省,武汉市,regular,search,S003040,0,C202601,轻氧数码,
B003040,U000592,P000147,云感数码配件便携装,C05,数码配件,pv,2026-01-07 16:38:00,281.00,,taobao,mac,山东省,青岛市,regular,category,S003041,0,C202604,云感数码,
B003041,U000011,P000158,臻选母婴用品升级版,C06,母婴用品,pv,2026-02-09 21:46:00,121.00,,douyin,mac,浙江省,杭州市,high_value,search,S003042,0,C202606,臻选母婴,
B003042,U000627,P000075,云感母婴用品套装,C06,母婴用品,cart,2026-05-06 21:07:00,82.00,1,wechat,android,福建省,厦门市,regular,product_detail,S003043,0,C202606,云感母婴,
B003043,U000433,P000074,臻选美妆个护日常款,C01,美妆个护,pv,2026-02-26 08:51:00,71.00,,douyin,android,北京市,北京市,regular,product_detail,S003044,0,C202605,臻选美妆,
B003044,U000330,P000092,臻选服饰便携装,C03,服饰,pv,2026-05-15 17:53:00,291.00,,offline,ios,河南省,郑州市,member,search,S003045,0,C202606,臻选服饰,
B003045,U000203,P000054,轻氧美妆个护日常款,C01,美妆个护,pv,2026-02-25 23:04:00,138.00,,jd,windows,浙江省,杭州市,member,category,S003046,0,C202601,轻氧美妆,
B003046,U000350,P000119,轻盈宠物用品日常款,C08,宠物用品,cart,2026-01-01 21:22:00,99.00,1,taobao,windows,福建省,厦门市,member,category,S003047,0,C202603,轻盈宠物,
B003047,U000851,P000083,轻盈运动户外升级版,C07,运动户外,pv,2026-01-06 21:17:00,227.00,,wechat,mac,江苏省,南京市,new,category,S003048,1,C202602,轻盈运动,
B003048,U000118,P000051,云感宠物用品旗舰款,C08,宠物用品,pv,2026-04-15 17:57:00,64.00,,douyin,ios,广东省,深圳市,high_value,home,S003049,0,C202606,云感宠物,
B003049,U000370,P000151,悦活美妆个护旗舰款,C01,美妆个护,pv,2026-01-11 12:18:00,38.00,,taobao,android,河南省,郑州市,member,product_detail,S003050,0,C202603,悦活美妆,
B003050,U000659,P000124,原野食品饮料日常款,C02,食品饮料,cart,2026-01-21 23:39:00,60.00,1,douyin,mac,浙江省,杭州市,regular,product_detail,S003051,0,C202602,原野食品,
B003051,U000864,P000143,轻盈美妆个护升级版,C01,美妆个护,cart,2026-04-01 17:51:00,53.00,1,douyin,mac,福建省,厦门市,new,product_detail,S003052,1,C202605,轻盈美妆,
B003052,U000650,P000088,原野家居日用升级版,C04,家居日用,pv,2026-03-03 08:11:00,89.00,,wechat,android,上海市,上海市,regular,search,S003053,0,C202604,原野家居,
B003053,U000781,P000003,云感生鲜升级版,C09,生鲜,fav,2026-05-21 15:40:00,73.00,,search,android,广东省,深圳市,regular,product_detail,S003054,0,C202605,云感生鲜,
B003054,U000683,P000026,臻选生鲜旗舰款,C09,生鲜,pv,2026-01-19 17:59:00,88.00,,jd,windows,湖北省,武汉市,regular,product_detail,S003055,0,C202606,臻选生鲜,
B003055,U000764,P000053,轻盈服饰升级版,C03,服饰,pv,2026-02-27 14:07:00,262.00,,wechat,android,广东省,深圳市,regular,product_detail,S003056,0,C202604,轻盈服饰,
B003056,U000537,P000112,原野生鲜便携装,C09,生鲜,pv,2026-04-27 19:02:00,113.00,,douyin,android,山东省,青岛市,regular,product_detail,S003057,0,C202603,原野生鲜,
B003057,U000401,P000041,轻盈家居日用旗舰款,C04,家居日用,pv,2026-02-12 10:02:00,166.00,,douyin,android,浙江省,杭州市,member,home,S003058,0,C202606,轻盈家居,
B003058,U000526,P000126,轻氧旅行用品旗舰款,C10,旅行用品,cart,2026-01-17 23:04:00,248.00,1,wechat,android,浙江省,杭州市,regular,product_detail,S003059,0,C202602,轻氧旅行,
B003059,U000619,P000021,云感宠物用品旗舰款,C08,宠物用品,pv,2026-02-13 22:05:00,160.00,,douyin,mac,上海市,上海市,regular,product_detail,S003060,0,C202601,云感宠物,
B003060,U000272,P000117,云感食品饮料便携装,C02,食品饮料,fav,2026-02-01 23:22:00,54.00,,offline,windows,北京市,北京市,member,product_detail,S003061,0,C202605,云感食品,
B003061,U000326,P000171,云感生鲜旗舰款,C09,生鲜,fav,2026-06-29 19:57:00,30.00,,taobao,windows,河南省,郑州市,member,search,S003062,0,C202606,云感生鲜,
B003062,U000412,P000148,原野数码配件升级版,C05,数码配件,cart,2026-03-11 21:53:00,136.00,1,wechat,android,山东省,青岛市,member,category,S003063,0,C202606,原野数码,
B003063,U000382,P000075,云感母婴用品套装,C06,母婴用品,fav,2026-06-09 19:57:00,82.00,,wechat,mac,浙江省,杭州市,member,product_detail,S003064,0,C202605,云感母婴,
B003064,U000479,P000045,云感食品饮料套装,C02,食品饮料,cart,2026-03-18 11:44:00,67.00,1,douyin,windows,湖北省,武汉市,regular,product_detail,S003065,0,C202601,云感食品,
B003065,U000692,P000138,轻氧数码配件升级版,C05,数码配件,fav,2026-06-14 22:58:00,150.00,,taobao,android,河南省,郑州市,regular,search,S003066,0,C202603,轻氧数码,
B003066,U000731,P000097,悦活母婴用品便携装,C06,母婴用品,cart,2026-03-16 14:01:00,123.00,1,taobao,android,北京市,北京市,regular,category,S003067,0,C202601,悦活母婴,
B003067,U000510,P000130,原野服饰套装,C03,服饰,pv,2026-02-25 19:43:00,194.00,,douyin,ios,北京市,北京市,regular,home,S003068,0,C202606,原野服饰,
B003068,U000064,P000056,臻选旅行用品旗舰款,C10,旅行用品,fav,2026-05-01 08:52:00,443.00,,taobao,windows,山东省,青岛市,high_value,search,S003069,0,C202601,臻选旅行,
B003069,U000023,P000163,悦活生鲜升级版,C09,生鲜,fav,2026-01-09 21:54:00,69.00,,wechat,windows,湖北省,武汉市,high_value,product_detail,S003070,0,C202604,悦活生鲜,
B003070,U000173,P000071,轻盈宠物用品旗舰款,C08,宠物用品,fav,2026-01-08 16:58:00,144.00,,offline,mac,浙江省,杭州市,member,search,S003071,0,C202606,轻盈宠物,
B003071,U000469,P000046,原野食品饮料旗舰款,C02,食品饮料,pv,2026-05-13 16:12:00,69.00,,jd,ios,广东省,深圳市,regular,category,S003072,0,C202604,原野食品,
B003072,U000167,P000094,原野运动户外日常款,C07,运动户外,cart,2026-03-25 17:12:00,136.00,1,jd,mac,广东省,深圳市,member,category,S003073,0,C202606,原野运动,
B003073,U000776,P000066,轻氧母婴用品旗舰款,C06,母婴用品,pv,2026-02-04 09:08:00,76.00,,jd,windows,湖北省,武汉市,regular,home,S003074,0,C202604,轻氧母婴,
B003074,U000194,P000057,云感数码配件便携装,C05,数码配件,fav,2026-01-01 22:41:00,79.00,,wechat,mac,河南省,郑州市,member,home,S003075,0,C202605,云感数码,
B003075,U000805,P000052,原野数码配件便携装,C05,数码配件,pv,2026-05-12 18:00:00,173.00,,wechat,mac,浙江省,杭州市,regular,search,S003076,0,C202605,原野数码,
B003076,U000164,P000143,轻盈美妆个护升级版,C01,美妆个护,cart,2026-01-02 13:31:00,53.00,1,wechat,ios,上海市,上海市,member,category,S003077,0,C202606,轻盈美妆,
B003077,U000821,P000146,臻选生鲜旗舰款,C09,生鲜,fav,2026-04-25 11:13:00,112.00,,wechat,ios,山东省,青岛市,new,home,S003078,1,C202601,臻选生鲜,
B003078,U000844,P000038,臻选母婴用品升级版,C06,母婴用品,cart,2026-04-02 22:01:00,188.00,1,wechat,ios,北京市,北京市,new,category,S003079,1,C202601,臻选母婴,
B003079,U000324,P000083,轻盈运动户外升级版,C07,运动户外,pv,2026-05-06 13:14:00,227.00,,douyin,android,福建省,厦门市,member,product_detail,S003080,0,C202606,轻盈运动,
B003080,U000166,P000164,臻选食品饮料日常款,C02,食品饮料,pv,2026-06-20 17:59:00,73.00,,wechat,mac,北京市,北京市,member,product_detail,S003081,0,C202601,臻选食品,
B003081,U000267,P000030,轻氧家居日用套装,C04,家居日用,pv,2026-01-04 13:46:00,106.00,,jd,android,四川省,成都市,member,search,S003082,0,C202605,轻氧家居,
B003082,U000252,P000149,轻盈家居日用日常款,C04,家居日用,pv,2026-02-03 21:04:00,110.00,,search,ios,湖北省,武汉市,member,category,S003083,0,C202601,轻盈家居,
B003083,U000803,P000052,原野数码配件便携装,C05,数码配件,pv,2026-04-11 16:58:00,173.00,,offline,windows,广东省,深圳市,regular,category,S003084,0,C202605,原野数码,
B003084,U000336,P000131,轻盈生鲜旗舰款,C09,生鲜,cart,2026-04-12 14:56:00,85.00,1,taobao,mac,山东省,青岛市,member,search,S003085,0,C202605,轻盈生鲜,
B003085,U000201,P000055,悦活宠物用品套装,C08,宠物用品,fav,2026-03-04 13:11:00,100.00,,douyin,mac,上海市,上海市,member,product_detail,S003086,0,C202606,悦活宠物,
B003086,U000366,P000109,悦活旅行用品日常款,C10,旅行用品,pv,2026-01-06 23:24:00,614.00,,wechat,android,上海市,上海市,member,product_detail,S003087,0,C202601,悦活旅行,
B003087,U000420,P000027,云感宠物用品便携装,C08,宠物用品,pv,2026-05-28 20:03:00,96.00,,search,android,湖北省,武汉市,member,home,S003088,0,C202606,云感宠物,
B003088,U000190,P000126,轻氧旅行用品旗舰款,C10,旅行用品,fav,2026-04-13 17:22:00,248.00,,wechat,android,河南省,郑州市,member,product_detail,S003089,0,C202601,轻氧旅行,
B003089,U000725,P000118,原野美妆个护升级版,C01,美妆个护,pv,2026-03-14 20:12:00,133.00,,taobao,ios,山东省,青岛市,regular,product_detail,S003090,0,C202606,原野美妆,
B003090,U000158,P000131,轻盈生鲜旗舰款,C09,生鲜,pv,2026-06-29 18:43:00,85.00,,wechat,windows,四川省,成都市,member,home,S003091,0,C202606,轻盈生鲜,
B003091,U000488,P000023,轻盈食品饮料升级版,C02,食品饮料,fav,2026-03-31 12:24:00,79.00,,search,ios,北京市,北京市,regular,search,S003092,0,C202604,轻盈食品,
B003092,U000380,P000134,臻选数码配件日常款,C05,数码配件,pv,2026-05-10 18:02:00,120.00,,jd,windows,湖北省,武汉市,member,home,S003093,0,C202603,臻选数码,
B003093,U000486,P000106,原野母婴用品旗舰款,C06,母婴用品,cart,2026-02-25 10:17:00,102.00,1,offline,android,山东省,青岛市,regular,category,S003094,0,C202603,原野母婴,
B003094,U000077,P000070,原野宠物用品套装,C08,宠物用品,pv,2026-02-17 21:26:00,147.00,,wechat,android,福建省,厦门市,high_value,home,S003095,0,C202602,原野宠物,
B003095,U000818,P000163,悦活生鲜升级版,C09,生鲜,cart,2026-04-25 11:09:00,69.00,1,taobao,mac,河南省,郑州市,regular,home,S003096,0,C202601,悦活生鲜,
B003096,U000663,P000085,悦活家居日用套装,C04,家居日用,fav,2026-01-04 13:29:00,70.00,,offline,mac,上海市,上海市,regular,search,S003097,0,C202603,悦活家居,
B003097,U000152,P000046,原野食品饮料旗舰款,C02,食品饮料,cart,2026-06-13 09:44:00,69.00,1,taobao,mac,湖北省,武汉市,member,product_detail,S003098,0,C202602,原野食品,
B003098,U000290,P000119,轻盈宠物用品日常款,C08,宠物用品,pv,2026-04-14 19:08:00,99.00,,wechat,android,福建省,厦门市,member,home,S003099,0,C202601,轻盈宠物,
B003099,U000660,P000169,悦活生鲜日常款,C09,生鲜,pv,2026-02-22 09:09:00,42.00,,jd,mac,上海市,上海市,regular,search,S003100,0,C202603,悦活生鲜,
B003100,U000598,P000065,轻盈生鲜套装,C09,生鲜,cart,2026-03-13 16:32:00,41.00,1,jd,windows,福建省,厦门市,regular,category,S003101,0,C202601,轻盈生鲜,
B003101,U000773,P000027,云感宠物用品便携装,C08,宠物用品,fav,2026-01-19 09:38:00,96.00,,jd,android,上海市,上海市,regular,home,S003102,0,C202604,云感宠物,
B003102,U000745,P000068,臻选旅行用品升级版,C10,旅行用品,pv,2026-06-19 08:13:00,202.00,,search,windows,四川省,成都市,regular,category,S003103,0,C202605,臻选旅行,
B003103,U000775,P000050,臻选生鲜套装,C09,生鲜,cart,2026-02-18 18:43:00,108.00,1,douyin,mac,江苏省,南京市,regular,category,S003104,0,C202601,臻选生鲜,
B003104,U000740,P000103,悦活美妆个护升级版,C01,美妆个护,cart,2026-06-17 08:47:00,76.00,1,search,android,山东省,青岛市,regular,search,S003105,0,C202604,悦活美妆,
B003105,U000819,P000024,轻氧食品饮料日常款,C02,食品饮料,fav,2026-04-06 13:13:00,55.00,,wechat,ios,广东省,深圳市,regular,category,S003106,0,C202606,轻氧食品,
B003106,U000463,P000011,轻盈旅行用品旗舰款,C10,旅行用品,pv,2026-04-29 16:39:00,224.00,,wechat,ios,浙江省,杭州市,regular,search,S003107,0,C202602,轻盈旅行,
B003107,U000659,P000150,轻氧母婴用品套装,C06,母婴用品,cart,2026-06-29 19:44:00,76.00,1,jd,mac,浙江省,杭州市,regular,category,S003108,0,C202604,轻氧母婴,
B003108,U000513,P000073,悦活家居日用升级版,C04,家居日用,pv,2026-01-12 10:37:00,147.00,,wechat,windows,四川省,成都市,regular,home,S003109,0,C202603,悦活家居,
B003109,U000406,P000105,云感运动户外套装,C07,运动户外,cart,2026-01-04 09:15:00,142.00,1,jd,ios,上海市,上海市,member,product_detail,S003110,0,C202605,云感运动,
B003110,U000012,P000111,云感宠物用品旗舰款,C08,宠物用品,cart,2026-04-21 21:08:00,117.00,1,wechat,android,山东省,青岛市,high_value,category,S003111,0,C202602,云感宠物,
B003111,U000419,P000131,轻盈生鲜旗舰款,C09,生鲜,pv,2026-02-21 08:13:00,85.00,,douyin,android,湖北省,武汉市,member,search,S003112,0,C202602,轻盈生鲜,
B003112,U000881,P000060,轻氧数码配件套装,C05,数码配件,pv,2026-03-27 19:20:00,269.00,,jd,android,北京市,北京市,new,home,S003113,1,C202602,轻氧数码,
B003113,U000728,P000012,轻氧母婴用品便携装,C06,母婴用品,cart,2026-05-31 21:27:00,128.00,1,douyin,windows,浙江省,杭州市,regular,search,S003114,0,C202601,轻氧母婴,
B003114,U000554,P000171,云感生鲜旗舰款,C09,生鲜,fav,2026-01-10 12:53:00,30.00,,jd,mac,四川省,成都市,regular,search,S003115,0,C202605,云感生鲜,
B003115,U000856,P000121,悦活运动户外旗舰款,C07,运动户外,cart,2026-06-22 21:18:00,291.00,1,jd,windows,北京市,北京市,new,search,S003116,1,C202604,悦活运动,
B003116,U000350,P000089,轻盈美妆个护日常款,C01,美妆个护,cart,2026-03-05 20:34:00,69.00,1,search,windows,福建省,厦门市,member,product_detail,S003117,0,C202604,轻盈美妆,
B003117,U000474,P000097,悦活母婴用品便携装,C06,母婴用品,pv,2026-04-20 22:08:00,123.00,,wechat,ios,山东省,青岛市,regular,home,S003118,0,C202603,悦活母婴,
B003118,U000242,P000131,轻盈生鲜旗舰款,C09,生鲜,fav,2026-03-26 17:46:00,85.00,,jd,ios,山东省,青岛市,member,category,S003119,0,C202603,轻盈生鲜,
B003119,U000019,P000063,云感母婴用品升级版,C06,母婴用品,fav,2026-03-13 19:07:00,165.00,,offline,android,浙江省,杭州市,high_value,search,S003120,0,C202606,云感母婴,
B003120,U000081,P000003,云感生鲜升级版,C09,生鲜,pv,2026-03-27 17:17:00,73.00,,jd,android,广东省,深圳市,high_value,product_detail,S003121,0,C202605,云感生鲜,
B003121,U000195,P000086,臻选数码配件旗舰款,C05,数码配件,pv,2026-03-16 14:26:00,150.00,,offline,android,四川省,成都市,member,search,S003122,0,C202606,臻选数码,
B003122,U000724,P000100,原野运动户外套装,C07,运动户外,cart,2026-02-14 16:46:00,235.00,1,taobao,mac,河南省,郑州市,regular,category,S003123,0,C202605,原野运动,
B003123,U000036,P000075,云感母婴用品套装,C06,母婴用品,cart,2026-05-10 09:51:00,82.00,1,wechat,ios,北京市,北京市,high_value,product_detail,S003124,0,C202601,云感母婴,
B003124,U000772,P000024,轻氧食品饮料日常款,C02,食品饮料,pv,2026-02-02 09:33:00,55.00,,jd,windows,福建省,厦门市,regular,search,S003125,0,C202602,轻氧食品,
B003125,U000639,P000130,原野服饰套装,C03,服饰,pv,2026-04-05 14:06:00,194.00,,search,ios,上海市,上海市,regular,category,S003126,0,C202601,原野服饰,
B003126,U000674,P000097,悦活母婴用品便携装,C06,母婴用品,cart,2026-01-31 09:34:00,123.00,1,search,mac,江苏省,南京市,regular,category,S003127,0,C202605,悦活母婴,
B003127,U000427,P000005,轻盈数码配件套装,C05,数码配件,cart,2026-06-27 18:10:00,256.00,1,search,ios,福建省,厦门市,regular,search,S003128,0,C202606,轻盈数码,
B003128,U000361,P000111,云感宠物用品旗舰款,C08,宠物用品,cart,2026-01-21 14:26:00,117.00,1,search,windows,北京市,北京市,member,home,S003129,0,C202604,云感宠物,
B003129,U000179,P000060,轻氧数码配件套装,C05,数码配件,pv,2026-04-28 11:24:00,269.00,,wechat,windows,四川省,成都市,member,search,S003130,0,C202603,轻氧数码,
B003130,U000354,P000081,云感数码配件旗舰款,C05,数码配件,cart,2026-01-04 12:13:00,152.00,1,jd,mac,上海市,上海市,member,search,S003131,0,C202605,云感数码,
B003131,U000259,P000048,轻氧宠物用品升级版,C08,宠物用品,pv,2026-05-01 23:48:00,142.00,,douyin,android,上海市,上海市,member,product_detail,S003132,0,C202604,轻氧宠物,
B003132,U000864,P000111,云感宠物用品旗舰款,C08,宠物用品,cart,2026-04-01 16:21:00,117.00,1,search,mac,福建省,厦门市,new,search,S003133,1,C202606,云感宠物,
B003133,U000302,P000143,轻盈美妆个护升级版,C01,美妆个护,cart,2026-05-18 10:37:00,53.00,1,jd,windows,浙江省,杭州市,member,search,S003134,0,C202601,轻盈美妆,
B003134,U000888,P000019,悦活家居日用日常款,C04,家居日用,fav,2026-05-21 13:53:00,71.00,,search,android,上海市,上海市,new,search,S003135,1,C202606,悦活家居,
B003135,U000203,P000006,轻氧母婴用品旗舰款,C06,母婴用品,cart,2026-03-14 23:47:00,161.00,1,douyin,windows,浙江省,杭州市,member,search,S003136,0,C202602,轻氧母婴,
B003136,U000512,P000118,原野美妆个护升级版,C01,美妆个护,pv,2026-01-30 16:46:00,133.00,,jd,ios,浙江省,杭州市,regular,product_detail,S003137,0,C202602,原野美妆,
B003137,U000430,P000052,原野数码配件便携装,C05,数码配件,pv,2026-06-02 22:38:00,173.00,,taobao,ios,福建省,厦门市,regular,search,S003138,0,C202605,原野数码,
B003138,U000185,P000137,轻盈数码配件便携装,C05,数码配件,fav,2026-02-03 15:12:00,216.00,,douyin,ios,山东省,青岛市,member,product_detail,S003139,0,C202605,轻盈数码,
B003139,U000297,P000165,云感生鲜套装,C09,生鲜,pv,2026-04-04 17:50:00,43.00,,wechat,mac,江苏省,南京市,member,product_detail,S003140,0,C202603,云感生鲜,
B003140,U000691,P000009,云感数码配件日常款,C05,数码配件,fav,2026-04-17 21:16:00,295.00,,offline,android,山东省,青岛市,regular,search,S003141,0,C202601,云感数码,
B003141,U000493,P000121,悦活运动户外旗舰款,C07,运动户外,fav,2026-01-20 13:06:00,291.00,,douyin,mac,江苏省,南京市,regular,search,S003142,0,C202601,悦活运动,
B003142,U000266,P000169,悦活生鲜日常款,C09,生鲜,pv,2026-05-15 21:42:00,42.00,,jd,windows,湖北省,武汉市,member,home,S003143,0,C202601,悦活生鲜,
B003143,U000223,P000102,轻氧母婴用品便携装,C06,母婴用品,pv,2026-01-23 12:50:00,104.00,,search,ios,北京市,北京市,member,category,S003144,0,C202604,轻氧母婴,
B003144,U000690,P000079,悦活服饰日常款,C03,服饰,fav,2026-05-27 14:08:00,452.00,,offline,ios,北京市,北京市,regular,home,S003145,0,C202604,悦活服饰,
B003145,U000175,P000121,悦活运动户外旗舰款,C07,运动户外,fav,2026-04-14 09:14:00,291.00,,wechat,android,福建省,厦门市,member,home,S003146,0,C202603,悦活运动,
B003146,U000459,P000060,轻氧数码配件套装,C05,数码配件,cart,2026-03-01 21:29:00,269.00,1,taobao,ios,湖北省,武汉市,regular,category,S003147,0,C202601,轻氧数码,
B003147,U000161,P000009,云感数码配件日常款,C05,数码配件,cart,2026-04-17 10:09:00,295.00,1,search,android,河南省,郑州市,member,home,S003148,0,C202605,云感数码,
B003148,U000291,P000110,臻选美妆个护套装,C01,美妆个护,pv,2026-06-05 09:04:00,81.00,,jd,mac,四川省,成都市,member,search,S003149,0,C202602,臻选美妆,
B003149,U000198,P000080,臻选家居日用套装,C04,家居日用,pv,2026-06-23 21:27:00,148.00,,wechat,ios,湖北省,武汉市,member,product_detail,S003150,0,C202602,臻选家居,
B003150,U000672,P000159,云感旅行用品日常款,C10,旅行用品,pv,2026-06-26 16:54:00,514.00,,douyin,windows,上海市,上海市,regular,category,S003151,0,C202602,云感旅行,
B003151,U000469,P000080,臻选家居日用套装,C04,家居日用,cart,2026-05-07 15:44:00,148.00,1,offline,ios,广东省,深圳市,regular,search,S003152,0,C202606,臻选家居,
B003152,U000778,P000071,轻盈宠物用品旗舰款,C08,宠物用品,cart,2026-01-07 20:53:00,144.00,1,search,windows,浙江省,杭州市,regular,home,S003153,0,C202605,轻盈宠物,
B003153,U000430,P000168,轻氧服饰升级版,C03,服饰,cart,2026-03-17 14:27:00,368.00,1,search,ios,福建省,厦门市,regular,category,S003154,0,C202603,轻氧服饰,
B003154,U000475,P000022,原野母婴用品便携装,C06,母婴用品,pv,2026-04-29 18:58:00,190.00,,taobao,ios,福建省,厦门市,regular,category,S003155,0,C202606,原野母婴,
B003155,U000504,P000063,云感母婴用品升级版,C06,母婴用品,pv,2026-06-17 18:52:00,165.00,,wechat,mac,四川省,成都市,regular,home,S003156,0,C202602,云感母婴,
B003156,U000540,P000063,云感母婴用品升级版,C06,母婴用品,pv,2026-02-25 10:55:00,165.00,,taobao,android,河南省,郑州市,regular,product_detail,S003157,0,C202605,云感母婴,
B003157,U000612,P000145,悦活宠物用品套装,C08,宠物用品,fav,2026-03-22 13:03:00,42.00,,jd,windows,四川省,成都市,regular,search,S003158,0,C202602,悦活宠物,
B003158,U000628,P000129,云感服饰日常款,C03,服饰,fav,2026-06-16 21:01:00,307.00,,offline,android,河南省,郑州市,regular,home,S003159,0,C202605,云感服饰,
B003159,U000695,P000103,悦活美妆个护升级版,C01,美妆个护,fav,2026-03-29 12:53:00,76.00,,taobao,mac,山东省,青岛市,regular,home,S003160,0,C202605,悦活美妆,
B003160,U000595,P000029,轻盈食品饮料日常款,C02,食品饮料,pv,2026-04-09 18:44:00,91.00,,taobao,mac,福建省,厦门市,regular,product_detail,S003161,0,C202606,轻盈食品,
B003161,U000750,P000110,臻选美妆个护套装,C01,美妆个护,fav,2026-01-01 18:09:00,81.00,,search,windows,福建省,厦门市,regular,search,S003162,0,C202605,臻选美妆,
B003162,U000446,P000033,云感美妆个护升级版,C01,美妆个护,fav,2026-06-07 12:27:00,88.00,,taobao,ios,四川省,成都市,regular,search,S003163,0,C202603,云感美妆,
B003163,U000507,P000071,轻盈宠物用品旗舰款,C08,宠物用品,cart,2026-02-04 08:51:00,144.00,1,douyin,windows,广东省,深圳市,regular,product_detail,S003164,0,C202602,轻盈宠物,
B003164,U000466,P000017,轻盈食品饮料便携装,C02,食品饮料,pv,2026-03-22 11:27:00,71.00,,douyin,mac,河南省,郑州市,regular,home,S003165,0,C202606,轻盈食品,
B003165,U000227,P000045,云感食品饮料套装,C02,食品饮料,fav,2026-06-02 08:45:00,67.00,,offline,android,山东省,青岛市,member,product_detail,S003166,0,C202603,云感食品,
B003166,U000799,P000106,原野母婴用品旗舰款,C06,母婴用品,fav,2026-05-17 19:43:00,102.00,,jd,mac,湖北省,武汉市,regular,category,S003167,0,C202604,原野母婴,
B003167,U000483,P000156,轻氧母婴用品旗舰款,C06,母婴用品,pv,2026-02-13 21:19:00,153.00,,search,android,浙江省,杭州市,regular,category,S003168,0,C202603,轻氧母婴,
B003168,U000170,P000076,原野美妆个护旗舰款,C01,美妆个护,pv,2026-02-21 20:30:00,77.00,,douyin,android,山东省,青岛市,member,home,S003169,0,C202602,原野美妆,
B003169,U000305,P000150,轻氧母婴用品套装,C06,母婴用品,pv,2026-02-27 19:43:00,76.00,,wechat,ios,上海市,上海市,member,product_detail,S003170,0,C202604,轻氧母婴,
B003170,U000264,P000132,轻氧家居日用便携装,C04,家居日用,fav,2026-01-27 19:06:00,91.00,,jd,mac,江苏省,南京市,member,search,S003171,0,C202603,轻氧家居,
B003171,U000543,P000158,臻选母婴用品升级版,C06,母婴用品,pv,2026-03-20 20:55:00,121.00,,offline,windows,上海市,上海市,regular,search,S003172,0,C202602,臻选母婴,
B003172,U000023,P000115,悦活美妆个护套装,C01,美妆个护,fav,2026-06-09 18:53:00,86.00,,jd,windows,湖北省,武汉市,high_value,home,S003173,0,C202603,悦活美妆,
B003173,U000551,P000068,臻选旅行用品升级版,C10,旅行用品,cart,2026-03-07 15:38:00,202.00,1,search,android,湖北省,武汉市,regular,category,S003174,0,C202604,臻选旅行,
B003174,U000091,P000095,轻盈旅行用品套装,C10,旅行用品,pv,2026-04-20 18:39:00,577.00,,offline,mac,福建省,厦门市,high_value,search,S003175,0,C202604,轻盈旅行,
B003175,U000472,P000006,轻氧母婴用品旗舰款,C06,母婴用品,cart,2026-04-03 17:44:00,161.00,1,jd,ios,广东省,深圳市,regular,search,S003176,0,C202601,轻氧母婴,
B003176,U000061,P000123,云感宠物用品升级版,C08,宠物用品,fav,2026-03-29 21:04:00,83.00,,taobao,windows,北京市,北京市,high_value,search,S003177,0,C202604,云感宠物,
B003177,U000588,P000107,轻盈运动户外便携装,C07,运动户外,pv,2026-03-09 15:09:00,176.00,,offline,android,上海市,上海市,regular,search,S003178,0,C202604,轻盈运动,
B003178,U000566,P000128,臻选旅行用品升级版,C10,旅行用品,pv,2026-01-24 21:24:00,514.00,,search,android,福建省,厦门市,regular,category,S003179,0,C202605,臻选旅行,
B003179,U000629,P000067,悦活旅行用品便携装,C10,旅行用品,cart,2026-04-16 21:09:00,195.00,1,search,android,山东省,青岛市,regular,category,S003180,0,C202604,悦活旅行,
B003180,U000218,P000118,原野美妆个护升级版,C01,美妆个护,pv,2026-03-07 11:13:00,133.00,,offline,android,湖北省,武汉市,member,search,S003181,0,C202601,原野美妆,
B003181,U000857,P000063,云感母婴用品升级版,C06,母婴用品,pv,2026-01-27 11:36:00,165.00,,search,ios,山东省,青岛市,new,category,S003182,1,C202605,云感母婴,
B003182,U000344,P000058,原野生鲜升级版,C09,生鲜,pv,2026-06-09 18:57:00,44.00,,taobao,windows,湖北省,武汉市,member,search,S003183,0,C202601,原野生鲜,
B003183,U000270,P000043,悦活服饰升级版,C03,服饰,pv,2026-05-27 08:55:00,237.00,,search,ios,山东省,青岛市,member,search,S003184,0,C202606,悦活服饰,
B003184,U000838,P000132,轻氧家居日用便携装,C04,家居日用,pv,2026-02-26 11:18:00,91.00,,jd,mac,浙江省,杭州市,new,home,S003185,1,C202606,轻氧家居,
B003185,U000756,P000055,悦活宠物用品套装,C08,宠物用品,cart,2026-01-28 17:42:00,100.00,1,douyin,windows,福建省,厦门市,regular,category,S003186,0,C202603,悦活宠物,
B003186,U000717,P000076,原野美妆个护旗舰款,C01,美妆个护,cart,2026-01-06 12:40:00,77.00,1,search,mac,北京市,北京市,regular,category,S003187,0,C202602,原野美妆,
B003187,U000051,P000134,臻选数码配件日常款,C05,数码配件,fav,2026-06-01 09:43:00,120.00,,douyin,windows,山东省,青岛市,high_value,search,S003188,0,C202603,臻选数码,
B003188,U000593,P000044,臻选食品饮料日常款,C02,食品饮料,fav,2026-03-27 23:24:00,28.00,,wechat,mac,湖北省,武汉市,regular,search,S003189,0,C202602,臻选食品,
B003189,U000864,P000078,轻氧运动户外升级版,C07,运动户外,pv,2026-05-06 15:44:00,332.00,,taobao,mac,福建省,厦门市,new,home,S003190,1,C202601,轻氧运动,
B003190,U000738,P000122,臻选运动户外便携装,C07,运动户外,cart,2026-04-19 22:22:00,212.00,1,douyin,mac,浙江省,杭州市,regular,product_detail,S003191,0,C202604,臻选运动,
B003191,U000254,P000057,云感数码配件便携装,C05,数码配件,cart,2026-04-29 17:16:00,79.00,1,douyin,ios,上海市,上海市,member,category,S003192,0,C202603,云感数码,
B003192,U000826,P000167,轻盈美妆个护便携装,C01,美妆个护,cart,2026-01-08 16:05:00,119.00,1,wechat,windows,江苏省,南京市,new,category,S003193,1,C202604,轻盈美妆,
B003193,U000899,P000022,原野母婴用品便携装,C06,母婴用品,pv,2026-06-13 11:24:00,190.00,,douyin,windows,北京市,北京市,new,home,S003194,1,C202605,原野母婴,
B003194,U000890,P000122,臻选运动户外便携装,C07,运动户外,fav,2026-05-16 16:11:00,212.00,,wechat,windows,浙江省,杭州市,new,category,S003195,1,C202601,臻选运动,
B003195,U000875,P000031,悦活运动户外旗舰款,C07,运动户外,pv,2026-05-29 20:53:00,98.00,,taobao,android,上海市,上海市,new,category,S003196,1,C202602,悦活运动,
B003196,U000371,P000070,原野宠物用品套装,C08,宠物用品,cart,2026-06-01 18:43:00,147.00,1,wechat,windows,上海市,上海市,member,product_detail,S003197,0,C202605,原野宠物,
B003197,U000546,P000061,悦活家居日用旗舰款,C04,家居日用,cart,2026-04-01 10:28:00,157.00,1,wechat,mac,福建省,厦门市,regular,search,S003198,0,C202604,悦活家居,
B003198,U000806,P000138,轻氧数码配件升级版,C05,数码配件,cart,2026-05-30 11:51:00,150.00,1,jd,android,河南省,郑州市,regular,search,S003199,0,C202606,轻氧数码,
B003199,U000040,P000101,轻盈生鲜旗舰款,C09,生鲜,pv,2026-03-05 16:53:00,111.00,,search,windows,北京市,北京市,high_value,search,S003200,0,C202606,轻盈生鲜,
B003200,U000192,P000076,原野美妆个护旗舰款,C01,美妆个护,fav,2026-05-26 19:21:00,77.00,,taobao,mac,山东省,青岛市,member,product_detail,S003201,0,C202602,原野美妆,
B003201,U000649,P000126,轻氧旅行用品旗舰款,C10,旅行用品,pv,2026-05-13 10:30:00,248.00,,wechat,windows,福建省,厦门市,regular,home,S003202,0,C202606,轻氧旅行,
B003202,U000155,P000050,臻选生鲜套装,C09,生鲜,pv,2026-01-21 12:49:00,108.00,,wechat,windows,四川省,成都市,member,search,S003203,0,C202603,臻选生鲜,
B003203,U000044,P000102,轻氧母婴用品便携装,C06,母婴用品,cart,2026-04-10 22:26:00,104.00,1,jd,android,浙江省,杭州市,high_value,category,S003204,0,C202604,轻氧母婴,
B003204,U000550,P000074,臻选美妆个护日常款,C01,美妆个护,pv,2026-06-13 10:05:00,71.00,,jd,android,河南省,郑州市,regular,product_detail,S003205,0,C202601,臻选美妆,
B003205,U000680,P000011,轻盈旅行用品旗舰款,C10,旅行用品,cart,2026-01-13 19:41:00,224.00,1,search,mac,福建省,厦门市,regular,category,S003206,0,C202606,轻盈旅行,
B003206,U000352,P000001,悦活家居日用旗舰款,C04,家居日用,pv,2026-01-30 17:44:00,141.00,,douyin,android,四川省,成都市,member,category,S003207,0,C202606,悦活家居,
B003207,U000844,P000154,原野生鲜日常款,C09,生鲜,pv,2026-05-02 09:42:00,103.00,,taobao,ios,北京市,北京市,new,search,S003208,1,C202606,原野生鲜,
B003208,U000599,P000172,原野宠物用品便携装,C08,宠物用品,fav,2026-06-17 18:20:00,99.00,,search,android,北京市,北京市,regular,search,S003209,0,C202606,原野宠物,
B003209,U000305,P000127,悦活食品饮料便携装,C02,食品饮料,fav,2026-03-26 12:30:00,39.00,,search,ios,上海市,上海市,member,home,S003210,0,C202604,悦活食品,
B003210,U000474,P000100,原野运动户外套装,C07,运动户外,fav,2026-01-18 10:18:00,235.00,,jd,ios,山东省,青岛市,regular,category,S003211,0,C202602,原野运动,
B003211,U000642,P000129,云感服饰日常款,C03,服饰,cart,2026-02-12 21:17:00,307.00,1,jd,android,河南省,郑州市,regular,search,S003212,0,C202602,云感服饰,
B003212,U000656,P000162,轻氧食品饮料便携装,C02,食品饮料,pv,2026-02-22 23:30:00,73.00,,wechat,windows,四川省,成都市,regular,search,S003213,0,C202601,轻氧食品,
B003213,U000516,P000045,云感食品饮料套装,C02,食品饮料,cart,2026-02-11 11:27:00,67.00,1,jd,windows,广东省,深圳市,regular,home,S003214,0,C202605,云感食品,
B003214,U000770,P000011,轻盈旅行用品旗舰款,C10,旅行用品,pv,2026-02-20 22:30:00,224.00,,offline,windows,江苏省,南京市,regular,search,S003215,0,C202606,轻盈旅行,
B003215,U000021,P000136,原野运动户外旗舰款,C07,运动户外,cart,2026-02-18 13:14:00,169.00,1,taobao,ios,山东省,青岛市,high_value,product_detail,S003216,0,C202606,原野运动,
B003216,U000410,P000154,原野生鲜日常款,C09,生鲜,fav,2026-05-21 22:40:00,103.00,,offline,mac,江苏省,南京市,member,category,S003217,0,C202604,原野生鲜,
B003217,U000005,P000106,原野母婴用品旗舰款,C06,母婴用品,cart,2026-06-15 16:17:00,102.00,1,douyin,mac,上海市,上海市,high_value,home,S003218,0,C202602,原野母婴,
B003218,U000405,P000108,轻氧母婴用品升级版,C06,母婴用品,cart,2026-02-06 23:54:00,86.00,1,wechat,windows,福建省,厦门市,member,home,S003219,0,C202601,轻氧母婴,
B003219,U000055,P000005,轻盈数码配件套装,C05,数码配件,pv,2026-06-10 08:32:00,256.00,,douyin,windows,广东省,深圳市,high_value,home,S003220,0,C202601,轻盈数码,
B003220,U000053,P000141,云感数码配件旗舰款,C05,数码配件,pv,2026-05-09 23:31:00,220.00,,wechat,ios,浙江省,杭州市,high_value,category,S003221,0,C202604,云感数码,
B003221,U000687,P000049,悦活数码配件日常款,C05,数码配件,cart,2026-05-14 11:41:00,141.00,1,douyin,android,北京市,北京市,regular,product_detail,S003222,0,C202603,悦活数码,
B003222,U000580,P000086,臻选数码配件旗舰款,C05,数码配件,fav,2026-04-11 14:06:00,150.00,,taobao,ios,广东省,深圳市,regular,category,S003223,0,C202605,臻选数码,
B003223,U000281,P000116,臻选数码配件旗舰款,C05,数码配件,fav,2026-06-22 17:22:00,228.00,,offline,android,湖北省,武汉市,member,search,S003224,0,C202606,臻选数码,
B003224,U000755,P000070,原野宠物用品套装,C08,宠物用品,pv,2026-02-09 14:40:00,147.00,,search,windows,浙江省,杭州市,regular,product_detail,S003225,0,C202606,原野宠物,
B003225,U000518,P000030,轻氧家居日用套装,C04,家居日用,cart,2026-03-07 13:48:00,106.00,1,taobao,ios,上海市,上海市,regular,category,S003226,0,C202605,轻氧家居,
B003226,U000110,P000079,悦活服饰日常款,C03,服饰,pv,2026-05-27 19:54:00,452.00,,taobao,mac,福建省,厦门市,high_value,product_detail,S003227,0,C202605,悦活服饰,
B003227,U000004,P000065,轻盈生鲜套装,C09,生鲜,pv,2026-05-11 11:46:00,41.00,,search,ios,四川省,成都市,high_value,search,S003228,0,C202604,轻盈生鲜,
B003228,U000212,P000161,轻盈家居日用旗舰款,C04,家居日用,fav,2026-03-16 17:49:00,160.00,,offline,windows,四川省,成都市,member,search,S003229,0,C202604,轻盈家居,
B003229,U000541,P000116,臻选数码配件旗舰款,C05,数码配件,pv,2026-02-06 09:36:00,228.00,,search,ios,浙江省,杭州市,regular,product_detail,S003230,0,C202601,臻选数码,
B003230,U000459,P000065,轻盈生鲜套装,C09,生鲜,fav,2026-05-12 08:48:00,41.00,,search,ios,湖北省,武汉市,regular,search,S003231,0,C202602,轻盈生鲜,
B003231,U000293,P000006,轻氧母婴用品旗舰款,C06,母婴用品,fav,2026-05-16 11:35:00,161.00,,jd,android,广东省,深圳市,member,home,S003232,0,C202605,轻氧母婴,
B003232,U000845,P000040,原野数码配件套装,C05,数码配件,pv,2026-04-25 10:44:00,162.00,,douyin,mac,上海市,上海市,new,product_detail,S003233,1,C202606,原野数码,
B003233,U000273,P000115,悦活美妆个护套装,C01,美妆个护,cart,2026-03-17 11:42:00,86.00,1,jd,android,湖北省,武汉市,member,search,S003234,0,C202602,悦活美妆,
B003234,U000564,P000132,轻氧家居日用便携装,C04,家居日用,pv,2026-05-01 16:27:00,91.00,,wechat,ios,北京市,北京市,regular,home,S003235,0,C202602,轻氧家居,
B003235,U000662,P000062,臻选旅行用品便携装,C10,旅行用品,pv,2026-03-14 19:37:00,226.00,,offline,mac,湖北省,武汉市,regular,search,S003236,0,C202605,臻选旅行,
B003236,U000725,P000119,轻盈宠物用品日常款,C08,宠物用品,pv,2026-02-12 11:47:00,99.00,,offline,ios,山东省,青岛市,regular,search,S003237,0,C202603,轻盈宠物,
B003237,U000713,P000043,悦活服饰升级版,C03,服饰,pv,2026-03-06 08:01:00,237.00,,douyin,android,广东省,深圳市,regular,product_detail,S003238,0,C202602,悦活服饰,
B003238,U000687,P000058,原野生鲜升级版,C09,生鲜,pv,2026-04-26 11:40:00,44.00,,search,android,北京市,北京市,regular,product_detail,S003239,0,C202601,原野生鲜,
B003239,U000866,P000128,臻选旅行用品升级版,C10,旅行用品,pv,2026-05-26 11:32:00,514.00,,search,android,湖北省,武汉市,new,product_detail,S003240,1,C202605,臻选旅行,
B003240,U000549,P000111,云感宠物用品旗舰款,C08,宠物用品,fav,2026-03-21 09:39:00,117.00,,taobao,windows,福建省,厦门市,regular,search,S003241,0,C202602,云感宠物,
B003241,U000321,P000065,轻盈生鲜套装,C09,生鲜,pv,2026-01-29 21:45:00,41.00,,search,ios,四川省,成都市,member,home,S003242,0,C202605,轻盈生鲜,
B003242,U000584,P000145,悦活宠物用品套装,C08,宠物用品,cart,2026-03-11 17:58:00,42.00,1,wechat,ios,江苏省,南京市,regular,product_detail,S003243,0,C202602,悦活宠物,
B003243,U000449,P000036,轻氧食品饮料旗舰款,C02,食品饮料,pv,2026-01-13 21:48:00,73.00,,offline,android,上海市,上海市,regular,home,S003244,0,C202603,轻氧食品,
B003244,U000794,P000062,臻选旅行用品便携装,C10,旅行用品,cart,2026-02-07 19:14:00,226.00,1,offline,ios,北京市,北京市,regular,category,S003245,0,C202604,臻选旅行,
B003245,U000123,P000134,臻选数码配件日常款,C05,数码配件,cart,2026-04-19 13:18:00,120.00,1,search,ios,浙江省,杭州市,member,product_detail,S003246,0,C202602,臻选数码,
B003246,U000892,P000168,轻氧服饰升级版,C03,服饰,pv,2026-01-05 10:32:00,368.00,,douyin,windows,广东省,深圳市,new,product_detail,S003247,1,C202603,轻氧服饰,
B003247,U000614,P000071,轻盈宠物用品旗舰款,C08,宠物用品,cart,2026-01-13 13:51:00,144.00,1,offline,android,北京市,北京市,regular,home,S003248,0,C202604,轻盈宠物,
B003248,U000329,P000096,轻氧数码配件旗舰款,C05,数码配件,pv,2026-02-17 11:07:00,88.00,,taobao,ios,上海市,上海市,member,home,S003249,0,C202605,轻氧数码,
B003249,U000119,P000143,轻盈美妆个护升级版,C01,美妆个护,pv,2026-04-19 08:05:00,53.00,,offline,windows,河南省,郑州市,high_value,home,S003250,0,C202601,轻盈美妆,
B003250,U000648,P000148,原野数码配件升级版,C05,数码配件,fav,2026-01-03 12:19:00,136.00,,jd,mac,湖北省,武汉市,regular,search,S003251,0,C202604,原野数码,
B003251,U000617,P000172,原野宠物用品便携装,C08,宠物用品,pv,2026-02-05 23:13:00,99.00,,offline,ios,北京市,北京市,regular,home,S003252,0,C202601,原野宠物,
B003252,U000757,P000046,原野食品饮料旗舰款,C02,食品饮料,fav,2026-05-02 08:04:00,69.00,,search,windows,广东省,深圳市,regular,home,S003253,0,C202601,原野食品,
B003253,U000007,P000036,轻氧食品饮料旗舰款,C02,食品饮料,fav,2026-06-03 20:25:00,73.00,,taobao,ios,江苏省,南京市,high_value,product_detail,S003254,0,C202605,轻氧食品,
B003254,U000308,P000092,臻选服饰便携装,C03,服饰,pv,2026-03-13 09:36:00,291.00,,jd,mac,北京市,北京市,member,home,S003255,0,C202604,臻选服饰,
B003255,U000899,P000144,轻氧美妆个护日常款,C01,美妆个护,cart,2026-05-25 19:16:00,118.00,1,search,windows,北京市,北京市,new,product_detail,S003256,1,C202601,轻氧美妆,
B003256,U000320,P000052,原野数码配件便携装,C05,数码配件,cart,2026-04-17 23:13:00,173.00,1,wechat,android,四川省,成都市,member,home,S003257,0,C202603,原野数码,
B003257,U000354,P000094,原野运动户外日常款,C07,运动户外,fav,2026-03-27 19:10:00,136.00,,jd,mac,上海市,上海市,member,search,S003258,0,C202601,原野运动,
B003258,U000033,P000080,臻选家居日用套装,C04,家居日用,cart,2026-05-09 08:15:00,148.00,1,taobao,mac,北京市,北京市,high_value,product_detail,S003259,0,C202603,臻选家居,
B003259,U000205,P000144,轻氧美妆个护日常款,C01,美妆个护,pv,2026-02-17 08:40:00,118.00,,taobao,windows,山东省,青岛市,member,product_detail,S003260,0,C202601,轻氧美妆,
B003260,U000083,P000131,轻盈生鲜旗舰款,C09,生鲜,cart,2026-01-11 22:10:00,85.00,1,taobao,windows,浙江省,杭州市,high_value,product_detail,S003261,0,C202602,轻盈生鲜,
B003261,U000577,P000074,臻选美妆个护日常款,C01,美妆个护,fav,2026-05-17 21:28:00,71.00,,wechat,android,湖北省,武汉市,regular,product_detail,S003262,0,C202603,臻选美妆,
B003262,U000338,P000153,云感美妆个护升级版,C01,美妆个护,cart,2026-06-21 12:29:00,48.00,1,search,android,上海市,上海市,member,product_detail,S003263,0,C202601,云感美妆,
B003263,U000257,P000079,悦活服饰日常款,C03,服饰,pv,2026-06-13 22:08:00,452.00,,douyin,mac,河南省,郑州市,member,product_detail,S003264,0,C202606,悦活服饰,
B003264,U000383,P000050,臻选生鲜套装,C09,生鲜,cart,2026-01-11 11:01:00,108.00,1,douyin,android,上海市,上海市,member,home,S003265,0,C202603,臻选生鲜,
B003265,U000199,P000061,悦活家居日用旗舰款,C04,家居日用,pv,2026-02-25 12:48:00,157.00,,search,mac,山东省,青岛市,member,product_detail,S003266,0,C202606,悦活家居,
B003266,U000751,P000116,臻选数码配件旗舰款,C05,数码配件,pv,2026-03-18 23:41:00,228.00,,search,android,福建省,厦门市,regular,search,S003267,0,C202602,臻选数码,
B003267,U000282,P000018,轻氧生鲜升级版,C09,生鲜,cart,2026-02-09 10:36:00,81.00,1,taobao,windows,湖北省,武汉市,member,home,S003268,0,C202601,轻氧生鲜,
B003268,U000817,P000003,云感生鲜升级版,C09,生鲜,pv,2026-01-23 08:10:00,73.00,,offline,windows,四川省,成都市,regular,product_detail,S003269,0,C202601,云感生鲜,
B003269,U000218,P000108,轻氧母婴用品升级版,C06,母婴用品,pv,2026-02-01 11:21:00,86.00,,search,android,湖北省,武汉市,member,category,S003270,0,C202603,轻氧母婴,
B003270,U000413,P000146,臻选生鲜旗舰款,C09,生鲜,fav,2026-04-07 20:00:00,112.00,,jd,mac,四川省,成都市,member,home,S003271,0,C202606,臻选生鲜,
B003271,U000807,P000160,原野旅行用品套装,C10,旅行用品,cart,2026-01-11 20:09:00,231.00,1,jd,windows,上海市,上海市,regular,home,S003272,0,C202603,原野旅行,
B003272,U000196,P000077,轻盈服饰便携装,C03,服饰,cart,2026-02-12 23:13:00,279.00,1,douyin,ios,河南省,郑州市,member,search,S003273,0,C202601,轻盈服饰,
B003273,U000690,P000042,轻氧美妆个护便携装,C01,美妆个护,cart,2026-05-29 18:35:00,69.00,1,wechat,ios,北京市,北京市,regular,product_detail,S003274,0,C202602,轻氧美妆,
B003274,U000298,P000015,云感母婴用品套装,C06,母婴用品,cart,2026-04-30 14:23:00,128.00,1,douyin,ios,江苏省,南京市,member,search,S003275,0,C202606,云感母婴,
B003275,U000373,P000145,悦活宠物用品套装,C08,宠物用品,pv,2026-05-25 09:20:00,42.00,,wechat,ios,福建省,厦门市,member,product_detail,S003276,0,C202604,悦活宠物,
B003276,U000286,P000108,轻氧母婴用品升级版,C06,母婴用品,cart,2026-05-27 23:28:00,86.00,1,offline,mac,山东省,青岛市,member,home,S003277,0,C202601,轻氧母婴,
B003277,U000809,P000034,原野生鲜日常款,C09,生鲜,pv,2026-06-25 14:58:00,71.00,,douyin,ios,福建省,厦门市,regular,product_detail,S003278,0,C202603,原野生鲜,
B003278,U000675,P000133,悦活美妆个护升级版,C01,美妆个护,cart,2026-05-15 10:24:00,47.00,1,search,windows,北京市,北京市,regular,product_detail,S003279,0,C202605,悦活美妆,
B003279,U000537,P000124,原野食品饮料日常款,C02,食品饮料,pv,2026-04-29 19:30:00,60.00,,jd,android,山东省,青岛市,regular,product_detail,S003280,0,C202604,原野食品,
B003280,U000319,P000081,云感数码配件旗舰款,C05,数码配件,pv,2026-01-02 13:49:00,152.00,,wechat,mac,四川省,成都市,member,search,S003281,0,C202606,云感数码,
B003281,U000747,P000145,悦活宠物用品套装,C08,宠物用品,cart,2026-04-30 17:36:00,42.00,1,wechat,windows,福建省,厦门市,regular,search,S003282,0,C202602,悦活宠物,
B003282,U000203,P000072,轻氧美妆个护便携装,C01,美妆个护,cart,2026-03-01 10:12:00,122.00,1,offline,windows,浙江省,杭州市,member,home,S003283,0,C202605,轻氧美妆,
B003283,U000557,P000016,原野运动户外旗舰款,C07,运动户外,fav,2026-04-18 17:34:00,164.00,,jd,android,河南省,郑州市,regular,home,S003284,0,C202601,原野运动,
B003284,U000055,P000002,臻选服饰便携装,C03,服饰,cart,2026-05-01 10:07:00,332.00,1,search,windows,广东省,深圳市,high_value,search,S003285,0,C202604,臻选服饰,
B003285,U000280,P000036,轻氧食品饮料旗舰款,C02,食品饮料,pv,2026-01-28 23:23:00,73.00,,jd,windows,江苏省,南京市,member,category,S003286,0,C202602,轻氧食品,
B003286,U000652,P000092,臻选服饰便携装,C03,服饰,pv,2026-01-01 23:07:00,291.00,,wechat,mac,河南省,郑州市,regular,search,S003287,0,C202602,臻选服饰,
B003287,U000277,P000137,轻盈数码配件便携装,C05,数码配件,pv,2026-04-14 19:11:00,216.00,,douyin,ios,福建省,厦门市,member,product_detail,S003288,0,C202603,轻盈数码,
B003288,U000601,P000157,悦活旅行用品便携装,C10,旅行用品,pv,2026-04-10 17:57:00,436.00,,offline,ios,江苏省,南京市,regular,home,S003289,0,C202605,悦活旅行,
B003289,U000217,P000069,云感运动户外日常款,C07,运动户外,fav,2026-03-14 23:32:00,268.00,,offline,android,广东省,深圳市,member,product_detail,S003290,0,C202604,云感运动,
B003290,U000687,P000056,臻选旅行用品旗舰款,C10,旅行用品,fav,2026-04-24 15:58:00,443.00,,taobao,android,北京市,北京市,regular,search,S003291,0,C202601,臻选旅行,
B003291,U000259,P000066,轻氧母婴用品旗舰款,C06,母婴用品,pv,2026-01-01 17:10:00,76.00,,offline,android,上海市,上海市,member,home,S003292,0,C202606,轻氧母婴,
B003292,U000546,P000113,轻盈旅行用品升级版,C10,旅行用品,fav,2026-05-26 23:57:00,483.00,,offline,mac,福建省,厦门市,regular,search,S003293,0,C202601,轻盈旅行,
B003293,U000300,P000078,轻氧运动户外升级版,C07,运动户外,cart,2026-02-23 15:50:00,332.00,1,jd,android,湖北省,武汉市,member,home,S003294,0,C202604,轻氧运动,
B003294,U000246,P000122,臻选运动户外便携装,C07,运动户外,fav,2026-05-13 21:11:00,212.00,,jd,ios,福建省,厦门市,member,product_detail,S003295,0,C202606,臻选运动,
B003295,U000144,P000058,原野生鲜升级版,C09,生鲜,pv,2026-05-14 16:48:00,44.00,,jd,windows,广东省,深圳市,member,home,S003296,0,C202606,原野生鲜,
B003296,U000451,P000011,轻盈旅行用品旗舰款,C10,旅行用品,fav,2026-05-18 21:39:00,224.00,,search,mac,湖北省,武汉市,regular,search,S003297,0,C202605,轻盈旅行,
B003297,U000053,P000060,轻氧数码配件套装,C05,数码配件,pv,2026-06-11 12:54:00,269.00,,offline,ios,浙江省,杭州市,high_value,search,S003298,0,C202602,轻氧数码,
B003298,U000325,P000096,轻氧数码配件旗舰款,C05,数码配件,pv,2026-06-28 14:55:00,88.00,,wechat,mac,福建省,厦门市,member,home,S003299,0,C202604,轻氧数码,
B003299,U000012,P000041,轻盈家居日用旗舰款,C04,家居日用,pv,2026-06-17 12:18:00,166.00,,taobao,android,山东省,青岛市,high_value,search,S003300,0,C202602,轻盈家居,
B003300,U000208,P000030,轻氧家居日用套装,C04,家居日用,cart,2026-03-19 11:40:00,106.00,1,douyin,ios,山东省,青岛市,member,home,S003301,0,C202606,轻氧家居,
B003301,U000292,P000001,悦活家居日用旗舰款,C04,家居日用,pv,2026-02-22 21:24:00,141.00,,search,android,福建省,厦门市,member,product_detail,S003302,0,C202605,悦活家居,
B003302,U000322,P000032,臻选生鲜便携装,C09,生鲜,pv,2026-04-20 20:13:00,71.00,,wechat,ios,广东省,深圳市,member,category,S003303,0,C202604,臻选生鲜,
B003303,U000784,P000097,悦活母婴用品便携装,C06,母婴用品,pv,2026-04-05 23:31:00,123.00,,jd,android,江苏省,南京市,regular,search,S003304,0,C202602,悦活母婴,
B003304,U000062,P000110,臻选美妆个护套装,C01,美妆个护,fav,2026-03-13 19:47:00,81.00,,taobao,windows,浙江省,杭州市,high_value,product_detail,S003305,0,C202603,臻选美妆,
B003305,U000522,P000074,臻选美妆个护日常款,C01,美妆个护,cart,2026-06-16 08:53:00,71.00,1,offline,mac,河南省,郑州市,regular,category,S003306,0,C202603,臻选美妆,
B003306,U000721,P000076,原野美妆个护旗舰款,C01,美妆个护,fav,2026-01-20 20:37:00,77.00,,search,android,四川省,成都市,regular,product_detail,S003307,0,C202603,原野美妆,
B003307,U000805,P000128,臻选旅行用品升级版,C10,旅行用品,fav,2026-03-03 15:50:00,514.00,,offline,mac,浙江省,杭州市,regular,search,S003308,0,C202602,臻选旅行,
B003308,U000147,P000020,臻选数码配件套装,C05,数码配件,pv,2026-06-22 20:00:00,252.00,,offline,windows,湖北省,武汉市,member,product_detail,S003309,0,C202605,臻选数码,
B003309,U000286,P000072,轻氧美妆个护便携装,C01,美妆个护,pv,2026-03-11 14:40:00,122.00,,jd,mac,山东省,青岛市,member,search,S003310,0,C202605,轻氧美妆,
B003310,U000213,P000001,悦活家居日用旗舰款,C04,家居日用,pv,2026-05-30 19:50:00,141.00,,search,ios,浙江省,杭州市,member,category,S003311,0,C202601,悦活家居,
B003311,U000374,P000099,云感服饰日常款,C03,服饰,cart,2026-06-16 09:29:00,230.00,1,offline,android,山东省,青岛市,member,search,S003312,0,C202602,云感服饰,
B003312,U000795,P000052,原野数码配件便携装,C05,数码配件,fav,2026-04-29 18:58:00,173.00,,offline,windows,湖北省,武汉市,regular,search,S003313,0,C202604,原野数码,
B003313,U000145,P000070,原野宠物用品套装,C08,宠物用品,pv,2026-01-26 10:06:00,147.00,,wechat,ios,江苏省,南京市,member,product_detail,S003314,0,C202603,原野宠物,
B003314,U000883,P000109,悦活旅行用品日常款,C10,旅行用品,pv,2026-01-04 18:30:00,614.00,,taobao,ios,湖北省,武汉市,new,home,S003315,1,C202602,悦活旅行,
B003315,U000116,P000037,悦活运动户外便携装,C07,运动户外,pv,2026-04-22 22:08:00,152.00,,wechat,windows,河南省,郑州市,high_value,home,S003316,0,C202606,悦活运动,
B003316,U000710,P000114,轻氧母婴用品日常款,C06,母婴用品,pv,2026-04-26 22:58:00,142.00,,douyin,mac,四川省,成都市,regular,product_detail,S003317,0,C202603,轻氧母婴,
B003317,U000898,P000073,悦活家居日用升级版,C04,家居日用,fav,2026-04-15 16:00:00,147.00,,search,ios,山东省,青岛市,new,home,S003318,1,C202605,悦活家居,
B003318,U000217,P000094,原野运动户外日常款,C07,运动户外,pv,2026-04-04 18:48:00,136.00,,offline,android,广东省,深圳市,member,category,S003319,0,C202602,原野运动,
B003319,U000026,P000049,悦活数码配件日常款,C05,数码配件,pv,2026-04-17 19:22:00,141.00,,wechat,windows,上海市,上海市,high_value,category,S003320,0,C202602,悦活数码,
B003320,U000215,P000166,原野服饰旗舰款,C03,服饰,pv,2026-03-11 13:38:00,378.00,,douyin,mac,浙江省,杭州市,member,home,S003321,0,C202601,原野服饰,
B003321,U000770,P000047,轻盈服饰便携装,C03,服饰,cart,2026-03-13 20:08:00,154.00,1,search,windows,江苏省,南京市,regular,home,S003322,0,C202606,轻盈服饰,
B003322,U000202,P000035,轻盈家居日用套装,C04,家居日用,fav,2026-02-15 20:59:00,116.00,,jd,mac,山东省,青岛市,member,product_detail,S003323,0,C202605,轻盈家居,
B003323,U000819,P000152,臻选数码配件便携装,C05,数码配件,fav,2026-05-11 21:05:00,302.00,,taobao,ios,广东省,深圳市,regular,search,S003324,0,C202601,臻选数码,
B003324,U000823,P000018,轻氧生鲜升级版,C09,生鲜,pv,2026-05-27 10:07:00,81.00,,wechat,ios,广东省,深圳市,new,category,S003325,1,C202604,轻氧生鲜,
B003325,U000440,P000040,原野数码配件套装,C05,数码配件,pv,2026-02-20 14:53:00,162.00,,wechat,android,河南省,郑州市,regular,home,S003326,0,C202603,原野数码,
B003326,U000116,P000006,轻氧母婴用品旗舰款,C06,母婴用品,cart,2026-01-22 21:36:00,161.00,1,jd,windows,河南省,郑州市,high_value,search,S003327,0,C202603,轻氧母婴,
B003327,U000459,P000071,轻盈宠物用品旗舰款,C08,宠物用品,cart,2026-04-24 23:25:00,144.00,1,douyin,ios,湖北省,武汉市,regular,product_detail,S003328,0,C202603,轻盈宠物,
B003328,U000683,P000164,臻选食品饮料日常款,C02,食品饮料,pv,2026-05-29 12:05:00,73.00,,douyin,windows,湖北省,武汉市,regular,search,S003329,0,C202605,臻选食品,
B003329,U000772,P000018,轻氧生鲜升级版,C09,生鲜,pv,2026-02-17 20:52:00,81.00,,search,windows,福建省,厦门市,regular,category,S003330,0,C202604,轻氧生鲜,
B003330,U000147,P000009,云感数码配件日常款,C05,数码配件,fav,2026-06-30 17:09:00,295.00,,taobao,windows,湖北省,武汉市,member,product_detail,S003331,0,C202602,云感数码,
B003331,U000575,P000115,悦活美妆个护套装,C01,美妆个护,pv,2026-01-30 12:27:00,86.00,,wechat,windows,上海市,上海市,regular,search,S003332,0,C202606,悦活美妆,
B003332,U000094,P000022,原野母婴用品便携装,C06,母婴用品,cart,2026-05-02 16:59:00,190.00,1,jd,ios,上海市,上海市,high_value,search,S003333,0,C202602,原野母婴,
B003333,U000868,P000059,轻盈美妆个护日常款,C01,美妆个护,pv,2026-02-26 10:47:00,52.00,,douyin,android,上海市,上海市,new,home,S003334,1,C202606,轻盈美妆,
B003334,U000885,P000055,悦活宠物用品套装,C08,宠物用品,pv,2026-06-09 11:38:00,100.00,,offline,mac,江苏省,南京市,new,category,S003335,1,C202603,悦活宠物,
B003335,U000756,P000088,原野家居日用升级版,C04,家居日用,pv,2026-02-15 14:43:00,89.00,,taobao,windows,福建省,厦门市,regular,home,S003336,0,C202604,原野家居,
B003336,U000010,P000160,原野旅行用品套装,C10,旅行用品,pv,2026-06-15 13:37:00,231.00,,offline,android,浙江省,杭州市,high_value,home,S003337,0,C202602,原野旅行,
B003337,U000687,P000075,云感母婴用品套装,C06,母婴用品,cart,2026-06-28 15:43:00,82.00,1,jd,android,北京市,北京市,regular,product_detail,S003338,0,C202601,云感母婴,
B003338,U000158,P000108,轻氧母婴用品升级版,C06,母婴用品,fav,2026-03-19 15:54:00,86.00,,douyin,windows,四川省,成都市,member,category,S003339,0,C202606,轻氧母婴,
B003339,U000407,P000004,原野旅行用品日常款,C10,旅行用品,pv,2026-05-29 15:34:00,271.00,,douyin,windows,广东省,深圳市,member,home,S003340,0,C202602,原野旅行,
B003340,U000060,P000156,轻氧母婴用品旗舰款,C06,母婴用品,pv,2026-04-23 11:27:00,153.00,,search,android,上海市,上海市,high_value,search,S003341,0,C202605,轻氧母婴,
B003341,U000052,P000172,原野宠物用品便携装,C08,宠物用品,pv,2026-02-11 19:05:00,99.00,,wechat,android,北京市,北京市,high_value,search,S003342,0,C202601,原野宠物,
B003342,U000626,P000004,原野旅行用品日常款,C10,旅行用品,pv,2026-03-19 15:59:00,271.00,,taobao,windows,上海市,上海市,regular,home,S003343,0,C202604,原野旅行,
B003343,U000102,P000017,轻盈食品饮料便携装,C02,食品饮料,cart,2026-02-11 23:42:00,71.00,1,offline,mac,北京市,北京市,high_value,category,S003344,0,C202604,轻盈食品,
B003344,U000161,P000116,臻选数码配件旗舰款,C05,数码配件,fav,2026-02-08 18:45:00,228.00,,wechat,android,河南省,郑州市,member,search,S003345,0,C202601,臻选数码,
B003345,U000579,P000029,轻盈食品饮料日常款,C02,食品饮料,pv,2026-04-30 12:31:00,91.00,,search,windows,北京市,北京市,regular,category,S003346,0,C202601,轻盈食品,
B003346,U000348,P000159,云感旅行用品日常款,C10,旅行用品,cart,2026-06-27 08:47:00,514.00,1,wechat,ios,北京市,北京市,member,search,S003347,0,C202602,云感旅行,
B003347,U000054,P000136,原野运动户外旗舰款,C07,运动户外,pv,2026-04-01 22:22:00,169.00,,wechat,mac,福建省,厦门市,high_value,home,S003348,0,C202603,原野运动,
B003348,U000101,P000008,臻选美妆个护升级版,C01,美妆个护,cart,2026-01-30 08:13:00,69.00,1,jd,windows,江苏省,南京市,high_value,product_detail,S003349,0,C202603,臻选美妆,
B003349,U000084,P000023,轻盈食品饮料升级版,C02,食品饮料,cart,2026-06-13 21:39:00,79.00,1,search,windows,河南省,郑州市,high_value,search,S003350,0,C202601,轻盈食品,
B003350,U000887,P000166,原野服饰旗舰款,C03,服饰,cart,2026-03-05 10:44:00,378.00,1,jd,android,福建省,厦门市,new,search,S003351,1,C202606,原野服饰,
B003351,U000707,P000142,原野母婴用品便携装,C06,母婴用品,cart,2026-01-23 13:11:00,161.00,1,taobao,ios,浙江省,杭州市,regular,home,S003352,0,C202601,原野母婴,
B003352,U000719,P000107,轻盈运动户外便携装,C07,运动户外,pv,2026-02-19 17:31:00,176.00,,jd,android,上海市,上海市,regular,product_detail,S003353,0,C202604,轻盈运动,
B003353,U000837,P000017,轻盈食品饮料便携装,C02,食品饮料,pv,2026-05-22 21:23:00,71.00,,offline,android,上海市,上海市,new,home,S003354,1,C202604,轻盈食品,
B003354,U000209,P000147,云感数码配件便携装,C05,数码配件,fav,2026-05-23 13:21:00,281.00,,douyin,ios,河南省,郑州市,member,category,S003355,0,C202605,云感数码,
B003355,U000806,P000033,云感美妆个护升级版,C01,美妆个护,cart,2026-03-12 14:38:00,88.00,1,douyin,android,河南省,郑州市,regular,product_detail,S003356,0,C202601,云感美妆,
B003356,U000604,P000049,悦活数码配件日常款,C05,数码配件,cart,2026-03-12 18:23:00,141.00,1,wechat,android,福建省,厦门市,regular,search,S003357,0,C202604,悦活数码,
B003357,U000111,P000153,云感美妆个护升级版,C01,美妆个护,pv,2026-04-01 14:18:00,48.00,,wechat,ios,浙江省,杭州市,high_value,home,S003358,0,C202602,云感美妆,
B003358,U000005,P000153,云感美妆个护升级版,C01,美妆个护,pv,2026-06-10 10:49:00,48.00,,jd,mac,上海市,上海市,high_value,category,S003359,0,C202605,云感美妆,
B003359,U000204,P000121,悦活运动户外旗舰款,C07,运动户外,cart,2026-03-13 21:27:00,291.00,1,taobao,ios,湖北省,武汉市,member,category,S003360,0,C202606,悦活运动,
B003360,U000502,P000051,云感宠物用品旗舰款,C08,宠物用品,cart,2026-05-06 20:45:00,64.00,1,search,android,浙江省,杭州市,regular,product_detail,S003361,0,C202601,云感宠物,
B003361,U000098,P000168,轻氧服饰升级版,C03,服饰,pv,2026-01-14 19:16:00,368.00,,douyin,windows,福建省,厦门市,high_value,category,S003362,0,C202602,轻氧服饰,
B003362,U000531,P000149,轻盈家居日用日常款,C04,家居日用,pv,2026-01-20 21:01:00,110.00,,search,mac,广东省,深圳市,regular,search,S003363,0,C202603,轻盈家居,
B003363,U000518,P000145,悦活宠物用品套装,C08,宠物用品,cart,2026-02-19 15:39:00,42.00,1,offline,ios,上海市,上海市,regular,category,S003364,0,C202604,悦活宠物,
B003364,U000786,P000007,悦活服饰便携装,C03,服饰,fav,2026-01-02 12:06:00,344.00,,douyin,windows,浙江省,杭州市,regular,home,S003365,0,C202605,悦活服饰,
B003365,U000712,P000127,悦活食品饮料便携装,C02,食品饮料,pv,2026-05-04 12:06:00,39.00,,offline,mac,江苏省,南京市,regular,home,S003366,0,C202603,悦活食品,
B003366,U000448,P000093,云感生鲜升级版,C09,生鲜,fav,2026-04-29 18:31:00,39.00,,offline,ios,江苏省,南京市,regular,search,S003367,0,C202603,云感生鲜,
B003367,U000531,P000073,悦活家居日用升级版,C04,家居日用,pv,2026-02-15 09:52:00,147.00,,search,mac,广东省,深圳市,regular,home,S003368,0,C202604,悦活家居,
B003368,U000140,P000080,臻选家居日用套装,C04,家居日用,pv,2026-05-01 14:28:00,148.00,,search,ios,广东省,深圳市,member,category,S003369,0,C202603,臻选家居,
B003369,U000210,P000023,轻盈食品饮料升级版,C02,食品饮料,pv,2026-04-26 12:24:00,79.00,,search,ios,四川省,成都市,member,product_detail,S003370,0,C202603,轻盈食品,
B003370,U000417,P000159,云感旅行用品日常款,C10,旅行用品,fav,2026-06-01 23:36:00,514.00,,jd,ios,北京市,北京市,member,home,S003371,0,C202604,云感旅行,
B003371,U000611,P000138,轻氧数码配件升级版,C05,数码配件,fav,2026-04-13 14:09:00,150.00,,taobao,windows,河南省,郑州市,regular,category,S003372,0,C202602,轻氧数码,
B003372,U000169,P000135,云感数码配件套装,C05,数码配件,pv,2026-06-20 10:08:00,182.00,,wechat,ios,福建省,厦门市,member,category,S003373,0,C202603,云感数码,
B003373,U000887,P000024,轻氧食品饮料日常款,C02,食品饮料,pv,2026-02-05 21:22:00,55.00,,search,android,福建省,厦门市,new,category,S003374,1,C202605,轻氧食品,
B003374,U000460,P000004,原野旅行用品日常款,C10,旅行用品,pv,2026-03-26 10:22:00,271.00,,taobao,ios,上海市,上海市,regular,home,S003375,0,C202606,原野旅行,
B003375,U000897,P000119,轻盈宠物用品日常款,C08,宠物用品,pv,2026-03-10 19:39:00,99.00,,offline,mac,福建省,厦门市,new,search,S003376,1,C202606,轻盈宠物,
B003376,U000208,P000028,原野数码配件升级版,C05,数码配件,pv,2026-01-17 20:23:00,158.00,,taobao,ios,山东省,青岛市,member,product_detail,S003377,0,C202601,原野数码,
B003377,U000221,P000115,悦活美妆个护套装,C01,美妆个护,pv,2026-03-17 21:32:00,86.00,,jd,windows,河南省,郑州市,member,search,S003378,0,C202606,悦活美妆,
B003378,U000213,P000137,轻盈数码配件便携装,C05,数码配件,pv,2026-01-22 20:16:00,216.00,,taobao,ios,浙江省,杭州市,member,search,S003379,0,C202601,轻盈数码,
B003379,U000753,P000131,轻盈生鲜旗舰款,C09,生鲜,cart,2026-02-03 18:30:00,85.00,1,douyin,android,上海市,上海市,regular,home,S003380,0,C202605,轻盈生鲜,
B003380,U000121,P000031,悦活运动户外旗舰款,C07,运动户外,cart,2026-03-27 17:43:00,98.00,1,search,windows,上海市,上海市,member,search,S003381,0,C202601,悦活运动,
B003381,U000293,P000128,臻选旅行用品升级版,C10,旅行用品,cart,2026-05-11 10:37:00,514.00,1,wechat,android,广东省,深圳市,member,search,S003382,0,C202601,臻选旅行,
B003382,U000619,P000085,悦活家居日用套装,C04,家居日用,pv,2026-02-01 21:49:00,70.00,,taobao,mac,上海市,上海市,regular,product_detail,S003383,0,C202602,悦活家居,
B003383,U000024,P000116,臻选数码配件旗舰款,C05,数码配件,pv,2026-03-18 14:04:00,228.00,,douyin,ios,湖北省,武汉市,high_value,product_detail,S003384,0,C202605,臻选数码,
B003384,U000308,P000090,轻氧旅行用品套装,C10,旅行用品,pv,2026-02-23 16:23:00,170.00,,taobao,mac,北京市,北京市,member,home,S003385,0,C202602,轻氧旅行,
B003385,U000098,P000034,原野生鲜日常款,C09,生鲜,pv,2026-06-25 21:56:00,71.00,,wechat,windows,福建省,厦门市,high_value,category,S003386,0,C202601,原野生鲜,
B003386,U000442,P000105,云感运动户外套装,C07,运动户外,pv,2026-06-25 11:14:00,142.00,,taobao,ios,湖北省,武汉市,regular,category,S003387,0,C202601,云感运动,
B003387,U000113,P000035,轻盈家居日用套装,C04,家居日用,cart,2026-02-04 17:19:00,116.00,1,taobao,windows,江苏省,南京市,high_value,product_detail,S003388,0,C202601,轻盈家居,
B003388,U000041,P000014,臻选食品饮料日常款,C02,食品饮料,pv,2026-06-28 15:15:00,60.00,,jd,mac,广东省,深圳市,high_value,product_detail,S003389,0,C202603,臻选食品,
B003389,U000409,P000032,臻选生鲜便携装,C09,生鲜,cart,2026-01-13 13:12:00,71.00,1,offline,android,四川省,成都市,member,search,S003390,0,C202603,臻选生鲜,
B003390,U000099,P000023,轻盈食品饮料升级版,C02,食品饮料,fav,2026-04-17 19:19:00,79.00,,jd,windows,上海市,上海市,high_value,search,S003391,0,C202604,轻盈食品,
B003391,U000475,P000083,轻盈运动户外升级版,C07,运动户外,pv,2026-03-01 21:54:00,227.00,,douyin,ios,福建省,厦门市,regular,product_detail,S003392,0,C202603,轻盈运动,
B003392,U000018,P000069,云感运动户外日常款,C07,运动户外,fav,2026-02-15 16:07:00,268.00,,offline,android,山东省,青岛市,high_value,home,S003393,0,C202606,云感运动,
B003393,U000684,P000032,臻选生鲜便携装,C09,生鲜,pv,2026-04-12 17:19:00,71.00,,douyin,windows,浙江省,杭州市,regular,home,S003394,0,C202603,臻选生鲜,
B003394,U000341,P000134,臻选数码配件日常款,C05,数码配件,pv,2026-06-26 14:49:00,120.00,,wechat,ios,江苏省,南京市,member,search,S003395,0,C202605,臻选数码,
B003395,U000707,P000120,轻氧宠物用品套装,C08,宠物用品,fav,2026-02-22 13:19:00,58.00,,offline,ios,浙江省,杭州市,regular,category,S003396,0,C202606,轻氧宠物,
B003396,U000807,P000051,云感宠物用品旗舰款,C08,宠物用品,cart,2026-02-11 22:15:00,64.00,1,douyin,windows,上海市,上海市,regular,home,S003397,0,C202602,云感宠物,
B003397,U000120,P000073,悦活家居日用升级版,C04,家居日用,pv,2026-04-28 08:53:00,147.00,,wechat,windows,广东省,深圳市,high_value,category,S003398,0,C202603,悦活家居,
B003398,U000632,P000082,原野旅行用品便携装,C10,旅行用品,fav,2026-03-29 08:59:00,253.00,,offline,android,广东省,深圳市,regular,product_detail,S003399,0,C202603,原野旅行,
B003399,U000660,P000120,轻氧宠物用品套装,C08,宠物用品,fav,2026-03-29 14:11:00,58.00,,search,mac,上海市,上海市,regular,product_detail,S003400,0,C202603,轻氧宠物,
B003400,U000793,P000144,轻氧美妆个护日常款,C01,美妆个护,pv,2026-03-16 23:38:00,118.00,,jd,ios,河南省,郑州市,regular,category,S003401,0,C202603,轻氧美妆,
B003401,U000778,P000136,原野运动户外旗舰款,C07,运动户外,cart,2026-04-13 08:24:00,169.00,1,wechat,windows,浙江省,杭州市,regular,product_detail,S003402,0,C202603,原野运动,
B003402,U000505,P000036,轻氧食品饮料旗舰款,C02,食品饮料,fav,2026-01-13 15:13:00,73.00,,search,mac,浙江省,杭州市,regular,home,S003403,0,C202601,轻氧食品,
B003403,U000221,P000040,原野数码配件套装,C05,数码配件,pv,2026-01-21 23:30:00,162.00,,search,windows,河南省,郑州市,member,product_detail,S003404,0,C202601,原野数码,
B003404,U000184,P000041,轻盈家居日用旗舰款,C04,家居日用,pv,2026-02-02 11:12:00,166.00,,offline,android,浙江省,杭州市,member,product_detail,S003405,0,C202603,轻盈家居,
B003405,U000151,P000115,悦活美妆个护套装,C01,美妆个护,cart,2026-02-28 18:07:00,86.00,1,search,mac,福建省,厦门市,member,home,S003406,0,C202602,悦活美妆,
B003406,U000188,P000004,原野旅行用品日常款,C10,旅行用品,cart,2026-04-25 13:54:00,271.00,1,search,android,浙江省,杭州市,member,home,S003407,0,C202603,原野旅行,
B003407,U000626,P000001,悦活家居日用旗舰款,C04,家居日用,pv,2026-04-24 19:20:00,141.00,,offline,windows,上海市,上海市,regular,category,S003408,0,C202601,悦活家居,
B003408,U000717,P000050,臻选生鲜套装,C09,生鲜,pv,2026-01-18 18:05:00,108.00,,taobao,mac,北京市,北京市,regular,category,S003409,0,C202604,臻选生鲜,
B003409,U000350,P000058,原野生鲜升级版,C09,生鲜,pv,2026-02-02 15:28:00,44.00,,search,windows,福建省,厦门市,member,product_detail,S003410,0,C202606,原野生鲜,
B003410,U000643,P000141,云感数码配件旗舰款,C05,数码配件,pv,2026-03-07 17:49:00,220.00,,jd,mac,四川省,成都市,regular,product_detail,S003411,0,C202604,云感数码,
B003411,U000414,P000102,轻氧母婴用品便携装,C06,母婴用品,cart,2026-02-26 16:36:00,104.00,1,douyin,android,四川省,成都市,member,home,S003412,0,C202605,轻氧母婴,
B003412,U000876,P000051,云感宠物用品旗舰款,C08,宠物用品,fav,2026-03-20 09:36:00,64.00,,jd,android,山东省,青岛市,new,category,S003413,1,C202602,云感宠物,
B003413,U000117,P000141,云感数码配件旗舰款,C05,数码配件,pv,2026-03-25 15:11:00,220.00,,taobao,mac,四川省,成都市,high_value,category,S003414,0,C202603,云感数码,
B003414,U000652,P000029,轻盈食品饮料日常款,C02,食品饮料,pv,2026-06-18 20:54:00,91.00,,taobao,mac,河南省,郑州市,regular,product_detail,S003415,0,C202605,轻盈食品,
B003415,U000024,P000152,臻选数码配件便携装,C05,数码配件,pv,2026-04-29 14:30:00,302.00,,wechat,ios,湖北省,武汉市,high_value,search,S003416,0,C202602,臻选数码,
B003416,U000117,P000126,轻氧旅行用品旗舰款,C10,旅行用品,pv,2026-03-14 20:31:00,248.00,,taobao,mac,四川省,成都市,high_value,product_detail,S003417,0,C202604,轻氧旅行,
B003417,U000892,P000051,云感宠物用品旗舰款,C08,宠物用品,pv,2026-03-19 14:39:00,64.00,,offline,windows,广东省,深圳市,new,category,S003418,1,C202606,云感宠物,
B003418,U000535,P000065,轻盈生鲜套装,C09,生鲜,cart,2026-01-06 11:59:00,41.00,1,jd,android,上海市,上海市,regular,home,S003419,0,C202602,轻盈生鲜,
B003419,U000502,P000139,悦活运动户外日常款,C07,运动户外,pv,2026-04-02 11:59:00,358.00,,taobao,android,浙江省,杭州市,regular,search,S003420,0,C202603,悦活运动,
B003420,U000649,P000014,臻选食品饮料日常款,C02,食品饮料,fav,2026-02-03 15:57:00,60.00,,taobao,windows,福建省,厦门市,regular,home,S003421,0,C202606,臻选食品,
B003421,U000811,P000091,悦活母婴用品旗舰款,C06,母婴用品,pv,2026-03-20 16:09:00,87.00,,jd,mac,四川省,成都市,regular,home,S003422,0,C202605,悦活母婴,
B003422,U000708,P000076,原野美妆个护旗舰款,C01,美妆个护,cart,2026-04-10 12:57:00,77.00,1,offline,windows,北京市,北京市,regular,search,S003423,0,C202603,原野美妆,
B003423,U000863,P000050,臻选生鲜套装,C09,生鲜,pv,2026-01-31 13:20:00,108.00,,douyin,ios,广东省,深圳市,new,search,S003424,1,C202601,臻选生鲜,
B003424,U000034,P000090,轻氧旅行用品套装,C10,旅行用品,pv,2026-05-11 09:41:00,170.00,,search,windows,北京市,北京市,high_value,product_detail,S003425,0,C202604,轻氧旅行,
B003425,U000189,P000148,原野数码配件升级版,C05,数码配件,pv,2026-04-08 14:59:00,136.00,,search,windows,上海市,上海市,member,home,S003426,0,C202601,原野数码,
B003426,U000592,P000115,悦活美妆个护套装,C01,美妆个护,fav,2026-02-21 20:28:00,86.00,,taobao,mac,山东省,青岛市,regular,product_detail,S003427,0,C202602,悦活美妆,
B003427,U000729,P000123,云感宠物用品升级版,C08,宠物用品,pv,2026-06-24 16:41:00,83.00,,douyin,mac,福建省,厦门市,regular,category,S003428,0,C202601,云感宠物,
B003428,U000497,P000081,云感数码配件旗舰款,C05,数码配件,cart,2026-05-20 12:56:00,152.00,1,taobao,android,江苏省,南京市,regular,search,S003429,0,C202601,云感数码,
B003429,U000023,P000134,臻选数码配件日常款,C05,数码配件,pv,2026-02-26 23:39:00,120.00,,jd,windows,湖北省,武汉市,high_value,search,S003430,0,C202605,臻选数码,
B003430,U000037,P000014,臻选食品饮料日常款,C02,食品饮料,pv,2026-02-04 18:04:00,60.00,,douyin,android,广东省,深圳市,high_value,product_detail,S003431,0,C202605,臻选食品,
B003431,U000640,P000087,云感旅行用品便携装,C10,旅行用品,cart,2026-06-04 10:59:00,609.00,1,wechat,android,浙江省,杭州市,regular,product_detail,S003432,0,C202604,云感旅行,
B003432,U000749,P000019,悦活家居日用日常款,C04,家居日用,pv,2026-05-28 21:54:00,71.00,,offline,windows,山东省,青岛市,regular,search,S003433,0,C202602,悦活家居,
B003433,U000431,P000012,轻氧母婴用品便携装,C06,母婴用品,cart,2026-04-10 09:24:00,128.00,1,wechat,ios,山东省,青岛市,regular,search,S003434,0,C202602,轻氧母婴,
B003434,U000233,P000160,原野旅行用品套装,C10,旅行用品,pv,2026-03-08 22:26:00,231.00,,search,mac,四川省,成都市,member,category,S003435,0,C202603,原野旅行,
B003435,U000808,P000081,云感数码配件旗舰款,C05,数码配件,fav,2026-02-03 19:52:00,152.00,,jd,windows,江苏省,南京市,regular,search,S003436,0,C202605,云感数码,
B003436,U000277,P000079,悦活服饰日常款,C03,服饰,fav,2026-05-15 21:31:00,452.00,,wechat,ios,福建省,厦门市,member,search,S003437,0,C202605,悦活服饰,
B003437,U000790,P000010,原野旅行用品套装,C10,旅行用品,fav,2026-06-24 12:23:00,302.00,,offline,mac,江苏省,南京市,regular,category,S003438,0,C202603,原野旅行,
B003438,U000410,P000150,轻氧母婴用品套装,C06,母婴用品,fav,2026-03-10 17:54:00,76.00,,search,mac,江苏省,南京市,member,product_detail,S003439,0,C202601,轻氧母婴,
B003439,U000155,P000168,轻氧服饰升级版,C03,服饰,cart,2026-05-06 09:24:00,368.00,1,offline,windows,四川省,成都市,member,product_detail,S003440,0,C202604,轻氧服饰,
B003440,U000359,P000094,原野运动户外日常款,C07,运动户外,cart,2026-03-17 08:06:00,136.00,1,wechat,android,山东省,青岛市,member,category,S003441,0,C202605,原野运动,
B003441,U000856,P000085,悦活家居日用套装,C04,家居日用,fav,2026-02-25 10:23:00,70.00,,search,windows,北京市,北京市,new,category,S003442,1,C202601,悦活家居,
B003442,U000356,P000112,原野生鲜便携装,C09,生鲜,pv,2026-04-26 13:56:00,113.00,,offline,ios,福建省,厦门市,member,search,S003443,0,C202606,原野生鲜,
B003443,U000458,P000043,悦活服饰升级版,C03,服饰,cart,2026-02-12 23:34:00,237.00,1,taobao,android,湖北省,武汉市,regular,search,S003444,0,C202604,悦活服饰,
B003444,U000686,P000140,臻选食品饮料套装,C02,食品饮料,cart,2026-04-09 11:14:00,71.00,1,jd,windows,四川省,成都市,regular,category,S003445,0,C202602,臻选食品,
B003445,U000575,P000009,云感数码配件日常款,C05,数码配件,fav,2026-03-09 14:35:00,295.00,,search,windows,上海市,上海市,regular,product_detail,S003446,0,C202602,云感数码,
B003446,U000096,P000062,臻选旅行用品便携装,C10,旅行用品,fav,2026-05-30 11:42:00,226.00,,offline,mac,四川省,成都市,high_value,search,S003447,0,C202604,臻选旅行,
B003447,U000804,P000043,悦活服饰升级版,C03,服饰,fav,2026-06-25 22:05:00,237.00,,offline,mac,上海市,上海市,regular,search,S003448,0,C202601,悦活服饰,
B003448,U000620,P000136,原野运动户外旗舰款,C07,运动户外,pv,2026-03-23 18:44:00,169.00,,offline,windows,北京市,北京市,regular,home,S003449,0,C202605,原野运动,
B003449,U000115,P000085,悦活家居日用套装,C04,家居日用,pv,2026-05-13 12:32:00,70.00,,wechat,windows,江苏省,南京市,high_value,category,S003450,0,C202604,悦活家居,
B003450,U000024,P000111,云感宠物用品旗舰款,C08,宠物用品,pv,2026-05-12 21:04:00,117.00,,offline,ios,湖北省,武汉市,high_value,product_detail,S003451,0,C202603,云感宠物,
B003451,U000207,P000160,原野旅行用品套装,C10,旅行用品,pv,2026-06-15 21:48:00,231.00,,wechat,mac,四川省,成都市,member,category,S003452,0,C202604,原野旅行,
B003452,U000808,P000100,原野运动户外套装,C07,运动户外,cart,2026-05-11 12:30:00,235.00,1,jd,windows,江苏省,南京市,regular,search,S003453,0,C202603,原野运动,
B003453,U000078,P000165,云感生鲜套装,C09,生鲜,cart,2026-03-08 14:11:00,43.00,1,taobao,mac,湖北省,武汉市,high_value,home,S003454,0,C202605,云感生鲜,
B003454,U000471,P000058,原野生鲜升级版,C09,生鲜,pv,2026-06-04 18:58:00,44.00,,offline,mac,上海市,上海市,regular,search,S003455,0,C202602,原野生鲜,
B003455,U000357,P000161,轻盈家居日用旗舰款,C04,家居日用,pv,2026-01-17 21:56:00,160.00,,wechat,ios,北京市,北京市,member,product_detail,S003456,0,C202605,轻盈家居,
B003456,U000239,P000149,轻盈家居日用日常款,C04,家居日用,fav,2026-05-17 20:56:00,110.00,,jd,windows,山东省,青岛市,member,home,S003457,0,C202606,轻盈家居,
B003457,U000278,P000004,原野旅行用品日常款,C10,旅行用品,cart,2026-03-13 20:57:00,271.00,1,wechat,android,湖北省,武汉市,member,category,S003458,0,C202604,原野旅行,
B003458,U000854,P000080,臻选家居日用套装,C04,家居日用,cart,2026-05-14 20:32:00,148.00,1,search,android,河南省,郑州市,new,category,S003459,1,C202602,臻选家居,
B003459,U000690,P000148,原野数码配件升级版,C05,数码配件,cart,2026-05-14 21:48:00,136.00,1,douyin,ios,北京市,北京市,regular,home,S003460,0,C202606,原野数码,
B003460,U000209,P000058,原野生鲜升级版,C09,生鲜,pv,2026-05-09 18:55:00,44.00,,wechat,ios,河南省,郑州市,member,home,S003461,0,C202603,原野生鲜,
B003461,U000184,P000056,臻选旅行用品旗舰款,C10,旅行用品,pv,2026-04-17 16:49:00,443.00,,wechat,android,浙江省,杭州市,member,product_detail,S003462,0,C202606,臻选旅行,
B003462,U000539,P000109,悦活旅行用品日常款,C10,旅行用品,pv,2026-06-06 14:42:00,614.00,,jd,ios,北京市,北京市,regular,product_detail,S003463,0,C202604,悦活旅行,
B003463,U000714,P000135,云感数码配件套装,C05,数码配件,pv,2026-02-10 15:37:00,182.00,,jd,android,江苏省,南京市,regular,home,S003464,0,C202606,云感数码,
B003464,U000825,P000137,轻盈数码配件便携装,C05,数码配件,fav,2026-03-17 12:37:00,216.00,,taobao,windows,北京市,北京市,new,home,S003465,1,C202601,轻盈数码,
B003465,U000771,P000004,原野旅行用品日常款,C10,旅行用品,pv,2026-03-19 23:20:00,271.00,,wechat,ios,四川省,成都市,regular,home,S003466,0,C202604,原野旅行,
B003466,U000213,P000018,轻氧生鲜升级版,C09,生鲜,fav,2026-03-31 22:00:00,81.00,,taobao,ios,浙江省,杭州市,member,search,S003467,0,C202601,轻氧生鲜,
B003467,U000416,P000117,云感食品饮料便携装,C02,食品饮料,cart,2026-05-11 20:50:00,54.00,1,search,ios,浙江省,杭州市,member,category,S003468,0,C202602,云感食品,
B003468,U000186,P000057,云感数码配件便携装,C05,数码配件,cart,2026-02-03 15:43:00,79.00,1,offline,mac,上海市,上海市,member,search,S003469,0,C202606,云感数码,
B003469,U000532,P000073,悦活家居日用升级版,C04,家居日用,pv,2026-05-26 08:38:00,147.00,,jd,android,山东省,青岛市,regular,search,S003470,0,C202606,悦活家居,
B003470,U000052,P000042,轻氧美妆个护便携装,C01,美妆个护,pv,2026-06-16 14:04:00,69.00,,jd,android,北京市,北京市,high_value,product_detail,S003471,0,C202603,轻氧美妆,
B003471,U000643,P000135,云感数码配件套装,C05,数码配件,cart,2026-05-13 08:04:00,182.00,1,offline,mac,四川省,成都市,regular,product_detail,S003472,0,C202602,云感数码,
B003472,U000293,P000062,臻选旅行用品便携装,C10,旅行用品,fav,2026-04-26 16:42:00,226.00,,search,android,广东省,深圳市,member,product_detail,S003473,0,C202603,臻选旅行,
B003473,U000233,P000061,悦活家居日用旗舰款,C04,家居日用,pv,2026-05-13 14:04:00,157.00,,taobao,mac,四川省,成都市,member,category,S003474,0,C202601,悦活家居,
B003474,U000218,P000003,云感生鲜升级版,C09,生鲜,cart,2026-06-14 10:45:00,73.00,1,douyin,android,湖北省,武汉市,member,product_detail,S003475,0,C202605,云感生鲜,
B003475,U000128,P000039,云感生鲜日常款,C09,生鲜,pv,2026-06-29 16:09:00,109.00,,jd,ios,江苏省,南京市,member,category,S003476,0,C202604,云感生鲜,
B003476,U000587,P000064,原野宠物用品日常款,C08,宠物用品,cart,2026-06-23 10:18:00,140.00,1,search,ios,湖北省,武汉市,regular,product_detail,S003477,0,C202602,原野宠物,
B003477,U000622,P000049,悦活数码配件日常款,C05,数码配件,pv,2026-04-08 16:59:00,141.00,,jd,ios,河南省,郑州市,regular,search,S003478,0,C202603,悦活数码,
B003478,U000441,P000132,轻氧家居日用便携装,C04,家居日用,cart,2026-03-02 08:49:00,91.00,1,douyin,android,江苏省,南京市,regular,search,S003479,0,C202604,轻氧家居,
B003479,U000502,P000058,原野生鲜升级版,C09,生鲜,pv,2026-03-23 09:28:00,44.00,,douyin,android,浙江省,杭州市,regular,product_detail,S003480,0,C202601,原野生鲜,
B003480,U000730,P000117,云感食品饮料便携装,C02,食品饮料,fav,2026-02-03 23:22:00,54.00,,taobao,android,四川省,成都市,regular,home,S003481,0,C202602,云感食品,
B003481,U000020,P000049,悦活数码配件日常款,C05,数码配件,fav,2026-04-03 12:52:00,141.00,,douyin,ios,江苏省,南京市,high_value,product_detail,S003482,0,C202605,悦活数码,
B003482,U000146,P000082,原野旅行用品便携装,C10,旅行用品,cart,2026-03-01 12:05:00,253.00,1,taobao,mac,浙江省,杭州市,member,search,S003483,0,C202605,原野旅行,
B003483,U000231,P000086,臻选数码配件旗舰款,C05,数码配件,fav,2026-02-07 18:16:00,150.00,,taobao,android,福建省,厦门市,member,search,S003484,0,C202602,臻选数码,
B003484,U000265,P000099,云感服饰日常款,C03,服饰,fav,2026-03-25 13:41:00,230.00,,jd,android,山东省,青岛市,member,search,S003485,0,C202605,云感服饰,
B003485,U000756,P000030,轻氧家居日用套装,C04,家居日用,pv,2026-06-25 19:46:00,106.00,,search,windows,福建省,厦门市,regular,product_detail,S003486,0,C202606,轻氧家居,
B003486,U000852,P000027,云感宠物用品便携装,C08,宠物用品,pv,2026-03-04 18:01:00,96.00,,douyin,ios,四川省,成都市,new,search,S003487,1,C202606,云感宠物,
B003487,U000038,P000084,轻氧服饰日常款,C03,服饰,fav,2026-05-15 17:27:00,130.00,,offline,windows,四川省,成都市,high_value,category,S003488,0,C202601,轻氧服饰,
B003488,U000112,P000102,轻氧母婴用品便携装,C06,母婴用品,pv,2026-03-09 11:25:00,104.00,,jd,ios,广东省,深圳市,high_value,category,S003489,0,C202603,轻氧母婴,
B003489,U000329,P000099,云感服饰日常款,C03,服饰,cart,2026-01-19 18:33:00,230.00,1,jd,ios,上海市,上海市,member,category,S003490,0,C202601,云感服饰,
B003490,U000145,P000035,轻盈家居日用套装,C04,家居日用,cart,2026-01-07 13:15:00,116.00,1,wechat,ios,江苏省,南京市,member,search,S003491,0,C202604,轻盈家居,
B003491,U000318,P000110,臻选美妆个护套装,C01,美妆个护,cart,2026-05-19 09:34:00,81.00,1,taobao,windows,四川省,成都市,member,search,S003492,0,C202602,臻选美妆,
B003492,U000307,P000152,臻选数码配件便携装,C05,数码配件,pv,2026-05-19 14:14:00,302.00,,wechat,windows,四川省,成都市,member,search,S003493,0,C202603,臻选数码,
B003493,U000100,P000122,臻选运动户外便携装,C07,运动户外,pv,2026-02-09 20:49:00,212.00,,search,android,浙江省,杭州市,high_value,home,S003494,0,C202602,臻选运动,
B003494,U000090,P000127,悦活食品饮料便携装,C02,食品饮料,cart,2026-06-05 18:39:00,39.00,1,taobao,android,北京市,北京市,high_value,category,S003495,0,C202603,悦活食品,
B003495,U000068,P000041,轻盈家居日用旗舰款,C04,家居日用,pv,2026-03-16 22:32:00,166.00,,douyin,windows,四川省,成都市,high_value,product_detail,S003496,0,C202605,轻盈家居,
B003496,U000279,P000145,悦活宠物用品套装,C08,宠物用品,pv,2026-04-29 10:36:00,42.00,,search,android,浙江省,杭州市,member,search,S003497,0,C202605,悦活宠物,
B003497,U000655,P000016,原野运动户外旗舰款,C07,运动户外,fav,2026-01-24 11:17:00,164.00,,search,windows,福建省,厦门市,regular,search,S003498,0,C202603,原野运动,
B003498,U000059,P000059,轻盈美妆个护日常款,C01,美妆个护,pv,2026-05-13 18:53:00,52.00,,jd,mac,湖北省,武汉市,high_value,home,S003499,0,C202606,轻盈美妆,
B003499,U000759,P000009,云感数码配件日常款,C05,数码配件,fav,2026-06-05 20:20:00,295.00,,wechat,windows,河南省,郑州市,regular,category,S003500,0,C202603,云感数码,
B003500,U000113,P000079,悦活服饰日常款,C03,服饰,cart,2026-02-04 11:14:00,452.00,1,search,windows,江苏省,南京市,high_value,category,S003501,0,C202602,悦活服饰,
B003501,U000887,P000091,悦活母婴用品旗舰款,C06,母婴用品,cart,2026-06-07 17:52:00,87.00,1,wechat,android,福建省,厦门市,new,category,S003502,1,C202603,悦活母婴,
B003502,U000866,P000110,臻选美妆个护套装,C01,美妆个护,pv,2026-02-13 13:30:00,81.00,,wechat,android,湖北省,武汉市,new,home,S003503,1,C202606,臻选美妆,
B003503,U000846,P000154,原野生鲜日常款,C09,生鲜,cart,2026-03-08 13:06:00,103.00,1,wechat,mac,山东省,青岛市,new,search,S003504,1,C202601,原野生鲜,
B003504,U000568,P000021,云感宠物用品旗舰款,C08,宠物用品,cart,2026-05-12 09:09:00,160.00,1,taobao,windows,山东省,青岛市,regular,product_detail,S003505,0,C202601,云感宠物,
B003505,U000086,P000003,云感生鲜升级版,C09,生鲜,cart,2026-06-23 12:57:00,73.00,1,taobao,windows,浙江省,杭州市,high_value,search,S003506,0,C202606,云感生鲜,
B003506,U000552,P000126,轻氧旅行用品旗舰款,C10,旅行用品,pv,2026-01-26 13:02:00,248.00,,wechat,windows,四川省,成都市,regular,home,S003507,0,C202606,轻氧旅行,
B003507,U000086,P000091,悦活母婴用品旗舰款,C06,母婴用品,cart,2026-03-04 23:54:00,87.00,1,taobao,windows,浙江省,杭州市,high_value,category,S003508,0,C202606,悦活母婴,
B003508,U000726,P000138,轻氧数码配件升级版,C05,数码配件,pv,2026-03-25 13:41:00,150.00,,jd,windows,江苏省,南京市,regular,product_detail,S003509,0,C202604,轻氧数码,
B003509,U000747,P000085,悦活家居日用套装,C04,家居日用,pv,2026-06-06 09:30:00,70.00,,jd,windows,福建省,厦门市,regular,home,S003510,0,C202605,悦活家居,
B003510,U000152,P000070,原野宠物用品套装,C08,宠物用品,fav,2026-02-04 15:45:00,147.00,,douyin,mac,湖北省,武汉市,member,search,S003511,0,C202603,原野宠物,
B003511,U000705,P000085,悦活家居日用套装,C04,家居日用,pv,2026-01-25 16:25:00,70.00,,search,android,北京市,北京市,regular,home,S003512,0,C202603,悦活家居,
B003512,U000499,P000145,悦活宠物用品套装,C08,宠物用品,fav,2026-02-11 10:15:00,42.00,,taobao,mac,河南省,郑州市,regular,product_detail,S003513,0,C202604,悦活宠物,
B003513,U000121,P000096,轻氧数码配件旗舰款,C05,数码配件,fav,2026-03-29 09:06:00,88.00,,jd,windows,上海市,上海市,member,product_detail,S003514,0,C202601,轻氧数码,
B003514,U000240,P000087,云感旅行用品便携装,C10,旅行用品,pv,2026-04-23 15:48:00,609.00,,taobao,windows,河南省,郑州市,member,product_detail,S003515,0,C202602,云感旅行,
B003515,U000748,P000078,轻氧运动户外升级版,C07,运动户外,pv,2026-03-09 15:12:00,332.00,,taobao,windows,江苏省,南京市,regular,product_detail,S003516,0,C202605,轻氧运动,
B003516,U000125,P000130,原野服饰套装,C03,服饰,pv,2026-03-16 08:03:00,194.00,,search,windows,四川省,成都市,member,search,S003517,0,C202603,原野服饰,
B003517,U000171,P000084,轻氧服饰日常款,C03,服饰,pv,2026-05-02 15:50:00,130.00,,taobao,mac,四川省,成都市,member,category,S003518,0,C202606,轻氧服饰,
B003518,U000741,P000010,原野旅行用品套装,C10,旅行用品,fav,2026-04-28 23:09:00,302.00,,jd,android,福建省,厦门市,regular,product_detail,S003519,0,C202603,原野旅行,
B003519,U000384,P000051,云感宠物用品旗舰款,C08,宠物用品,cart,2026-02-10 19:11:00,64.00,1,jd,ios,河南省,郑州市,member,product_detail,S003520,0,C202605,云感宠物,
B003520,U000720,P000140,臻选食品饮料套装,C02,食品饮料,pv,2026-06-30 23:38:00,71.00,,wechat,ios,福建省,厦门市,regular,search,S003521,0,C202604,臻选食品,
B003521,U000122,P000054,轻氧美妆个护日常款,C01,美妆个护,cart,2026-02-08 18:51:00,138.00,1,jd,mac,四川省,成都市,member,search,S003522,0,C202602,轻氧美妆,
B003522,U000535,P000166,原野服饰旗舰款,C03,服饰,cart,2026-06-15 17:27:00,378.00,1,search,android,上海市,上海市,regular,product_detail,S003523,0,C202603,原野服饰,
B003523,U000761,P000011,轻盈旅行用品旗舰款,C10,旅行用品,fav,2026-06-12 13:43:00,224.00,,taobao,windows,福建省,厦门市,regular,category,S003524,0,C202602,轻盈旅行,
B003524,U000275,P000052,原野数码配件便携装,C05,数码配件,fav,2026-02-22 14:12:00,173.00,,search,windows,北京市,北京市,member,product_detail,S003525,0,C202601,原野数码,
B003525,U000798,P000127,悦活食品饮料便携装,C02,食品饮料,fav,2026-05-21 18:59:00,39.00,,wechat,ios,江苏省,南京市,regular,search,S003526,0,C202605,悦活食品,
B003526,U000819,P000059,轻盈美妆个护日常款,C01,美妆个护,pv,2026-05-25 09:38:00,52.00,,jd,ios,广东省,深圳市,regular,search,S003527,0,C202604,轻盈美妆,
B003527,U000436,P000058,原野生鲜升级版,C09,生鲜,cart,2026-02-05 15:17:00,44.00,1,douyin,ios,河南省,郑州市,regular,product_detail,S003528,0,C202604,原野生鲜,
B003528,U000408,P000117,云感食品饮料便携装,C02,食品饮料,fav,2026-06-05 23:11:00,54.00,,taobao,windows,北京市,北京市,member,category,S003529,0,C202605,云感食品,
B003529,U000699,P000019,悦活家居日用日常款,C04,家居日用,pv,2026-05-01 11:33:00,71.00,,douyin,android,北京市,北京市,regular,category,S003530,0,C202603,悦活家居,
B003530,U000185,P000141,云感数码配件旗舰款,C05,数码配件,fav,2026-06-08 12:08:00,220.00,,jd,ios,山东省,青岛市,member,home,S003531,0,C202601,云感数码,
B003531,U000021,P000138,轻氧数码配件升级版,C05,数码配件,pv,2026-06-21 11:37:00,150.00,,offline,ios,山东省,青岛市,high_value,category,S003532,0,C202606,轻氧数码,
B003532,U000723,P000024,轻氧食品饮料日常款,C02,食品饮料,cart,2026-04-18 08:15:00,55.00,1,douyin,mac,上海市,上海市,regular,home,S003533,0,C202601,轻氧食品,
B003533,U000848,P000131,轻盈生鲜旗舰款,C09,生鲜,fav,2026-03-31 21:28:00,85.00,,search,android,江苏省,南京市,new,category,S003534,1,C202604,轻盈生鲜,
B003534,U000232,P000068,臻选旅行用品升级版,C10,旅行用品,cart,2026-01-17 20:39:00,202.00,1,search,ios,江苏省,南京市,member,home,S003535,0,C202603,臻选旅行,
B003535,U000713,P000003,云感生鲜升级版,C09,生鲜,cart,2026-05-01 23:51:00,73.00,1,jd,android,广东省,深圳市,regular,product_detail,S003536,0,C202604,云感生鲜,
B003536,U000121,P000029,轻盈食品饮料日常款,C02,食品饮料,fav,2026-01-10 17:44:00,91.00,,search,windows,上海市,上海市,member,product_detail,S003537,0,C202605,轻盈食品,
B003537,U000626,P000081,云感数码配件旗舰款,C05,数码配件,cart,2026-01-14 14:13:00,152.00,1,offline,windows,上海市,上海市,regular,search,S003538,0,C202602,云感数码,
B003538,U000227,P000118,原野美妆个护升级版,C01,美妆个护,pv,2026-02-27 13:13:00,133.00,,jd,android,山东省,青岛市,member,search,S003539,0,C202601,原野美妆,
B003539,U000614,P000117,云感食品饮料便携装,C02,食品饮料,fav,2026-05-16 09:11:00,54.00,,wechat,android,北京市,北京市,regular,category,S003540,0,C202606,云感食品,
B003540,U000367,P000024,轻氧食品饮料日常款,C02,食品饮料,cart,2026-03-28 14:35:00,55.00,1,douyin,ios,江苏省,南京市,member,category,S003541,0,C202601,轻氧食品,
B003541,U000270,P000138,轻氧数码配件升级版,C05,数码配件,fav,2026-01-18 10:15:00,150.00,,taobao,ios,山东省,青岛市,member,category,S003542,0,C202602,轻氧数码,
B003542,U000071,P000109,悦活旅行用品日常款,C10,旅行用品,pv,2026-03-14 11:54:00,614.00,,offline,android,北京市,北京市,high_value,product_detail,S003543,0,C202606,悦活旅行,
B003543,U000142,P000139,悦活运动户外日常款,C07,运动户外,cart,2026-01-07 08:43:00,358.00,1,wechat,ios,湖北省,武汉市,member,home,S003544,0,C202604,悦活运动,
B003544,U000218,P000028,原野数码配件升级版,C05,数码配件,pv,2026-01-22 11:44:00,158.00,,douyin,android,湖北省,武汉市,member,category,S003545,0,C202606,原野数码,
B003545,U000786,P000101,轻盈生鲜旗舰款,C09,生鲜,pv,2026-03-22 15:52:00,111.00,,taobao,windows,浙江省,杭州市,regular,home,S003546,0,C202604,轻盈生鲜,
B003546,U000449,P000166,原野服饰旗舰款,C03,服饰,cart,2026-06-14 08:06:00,378.00,1,search,android,上海市,上海市,regular,search,S003547,0,C202606,原野服饰,
B003547,U000202,P000131,轻盈生鲜旗舰款,C09,生鲜,pv,2026-04-21 20:47:00,85.00,,jd,mac,山东省,青岛市,member,search,S003548,0,C202602,轻盈生鲜,
B003548,U000163,P000091,悦活母婴用品旗舰款,C06,母婴用品,fav,2026-05-12 16:55:00,87.00,,search,mac,江苏省,南京市,member,home,S003549,0,C202602,悦活母婴,
B003549,U000332,P000149,轻盈家居日用日常款,C04,家居日用,pv,2026-02-11 23:46:00,110.00,,taobao,windows,广东省,深圳市,member,product_detail,S003550,0,C202604,轻盈家居,
B003550,U000057,P000008,臻选美妆个护升级版,C01,美妆个护,pv,2026-01-27 10:46:00,69.00,,search,android,北京市,北京市,high_value,category,S003551,0,C202601,臻选美妆,
B003551,U000369,P000165,云感生鲜套装,C09,生鲜,pv,2026-01-13 12:03:00,43.00,,douyin,ios,江苏省,南京市,member,home,S003552,0,C202606,云感生鲜,
B003552,U000222,P000103,悦活美妆个护升级版,C01,美妆个护,pv,2026-03-19 20:08:00,76.00,,taobao,android,福建省,厦门市,member,category,S003553,0,C202605,悦活美妆,
B003553,U000748,P000159,云感旅行用品日常款,C10,旅行用品,cart,2026-06-04 22:39:00,514.00,1,offline,windows,江苏省,南京市,regular,search,S003554,0,C202603,云感旅行,
B003554,U000848,P000162,轻氧食品饮料便携装,C02,食品饮料,fav,2026-01-21 21:37:00,73.00,,jd,android,江苏省,南京市,new,search,S003555,1,C202604,轻氧食品,
B003555,U000086,P000114,轻氧母婴用品日常款,C06,母婴用品,cart,2026-05-07 20:48:00,142.00,1,taobao,windows,浙江省,杭州市,high_value,home,S003556,0,C202601,轻氧母婴,
B003556,U000505,P000166,原野服饰旗舰款,C03,服饰,cart,2026-02-22 22:22:00,378.00,1,search,mac,浙江省,杭州市,regular,category,S003557,0,C202601,原野服饰,
B003557,U000342,P000061,悦活家居日用旗舰款,C04,家居日用,pv,2026-05-01 20:39:00,157.00,,jd,mac,福建省,厦门市,member,category,S003558,0,C202602,悦活家居,
B003558,U000031,P000122,臻选运动户外便携装,C07,运动户外,fav,2026-04-12 22:15:00,212.00,,jd,mac,江苏省,南京市,high_value,product_detail,S003559,0,C202602,臻选运动,
B003559,U000696,P000053,轻盈服饰升级版,C03,服饰,pv,2026-02-22 14:27:00,262.00,,jd,ios,江苏省,南京市,regular,home,S003560,0,C202602,轻盈服饰,
B003560,U000047,P000029,轻盈食品饮料日常款,C02,食品饮料,pv,2026-02-15 19:15:00,91.00,,search,ios,河南省,郑州市,high_value,search,S003561,0,C202602,轻盈食品,
B003561,U000576,P000051,云感宠物用品旗舰款,C08,宠物用品,pv,2026-01-21 18:38:00,64.00,,jd,android,福建省,厦门市,regular,category,S003562,0,C202605,云感宠物,
B003562,U000008,P000051,云感宠物用品旗舰款,C08,宠物用品,pv,2026-02-11 15:58:00,64.00,,douyin,mac,江苏省,南京市,high_value,search,S003563,0,C202601,云感宠物,
B003563,U000055,P000023,轻盈食品饮料升级版,C02,食品饮料,pv,2026-04-06 09:13:00,79.00,,wechat,windows,广东省,深圳市,high_value,search,S003564,0,C202603,轻盈食品,
B003564,U000445,P000065,轻盈生鲜套装,C09,生鲜,cart,2026-03-08 19:41:00,41.00,1,jd,mac,福建省,厦门市,regular,home,S003565,0,C202601,轻盈生鲜,
B003565,U000492,P000028,原野数码配件升级版,C05,数码配件,fav,2026-03-06 23:18:00,158.00,,jd,android,北京市,北京市,regular,home,S003566,0,C202604,原野数码,
B003566,U000155,P000115,悦活美妆个护套装,C01,美妆个护,pv,2026-06-28 08:25:00,86.00,,wechat,windows,四川省,成都市,member,product_detail,S003567,0,C202603,悦活美妆,
B003567,U000492,P000026,臻选生鲜旗舰款,C09,生鲜,cart,2026-01-29 18:17:00,88.00,1,taobao,android,北京市,北京市,regular,product_detail,S003568,0,C202603,臻选生鲜,
B003568,U000379,P000136,原野运动户外旗舰款,C07,运动户外,cart,2026-03-08 08:46:00,169.00,1,douyin,mac,江苏省,南京市,member,search,S003569,0,C202606,原野运动,
B003569,U000672,P000103,悦活美妆个护升级版,C01,美妆个护,fav,2026-05-17 21:44:00,76.00,,offline,windows,上海市,上海市,regular,search,S003570,0,C202605,悦活美妆,
B003570,U000268,P000145,悦活宠物用品套装,C08,宠物用品,cart,2026-03-23 22:22:00,42.00,1,jd,android,江苏省,南京市,member,category,S003571,0,C202604,悦活宠物,
B003571,U000717,P000122,臻选运动户外便携装,C07,运动户外,cart,2026-03-06 22:15:00,212.00,1,douyin,mac,北京市,北京市,regular,home,S003572,0,C202602,臻选运动,
B003572,U000586,P000108,轻氧母婴用品升级版,C06,母婴用品,pv,2026-01-15 15:26:00,86.00,,jd,ios,山东省,青岛市,regular,category,S003573,0,C202603,轻氧母婴,
B003573,U000042,P000079,悦活服饰日常款,C03,服饰,fav,2026-05-25 16:15:00,452.00,,offline,ios,湖北省,武汉市,high_value,search,S003574,0,C202602,悦活服饰,
B003574,U000718,P000022,原野母婴用品便携装,C06,母婴用品,pv,2026-02-11 17:33:00,190.00,,douyin,mac,河南省,郑州市,regular,category,S003575,0,C202602,原野母婴,
B003575,U000090,P000027,云感宠物用品便携装,C08,宠物用品,pv,2026-01-17 21:17:00,96.00,,douyin,android,北京市,北京市,high_value,category,S003576,0,C202602,云感宠物,
B003576,U000417,P000170,臻选生鲜套装,C09,生鲜,fav,2026-02-16 18:42:00,77.00,,offline,ios,北京市,北京市,member,search,S003577,0,C202602,臻选生鲜,
B003577,U000543,P000009,云感数码配件日常款,C05,数码配件,pv,2026-02-18 11:03:00,295.00,,taobao,windows,上海市,上海市,regular,search,S003578,0,C202601,云感数码,
B003578,U000812,P000111,云感宠物用品旗舰款,C08,宠物用品,pv,2026-01-02 12:02:00,117.00,,douyin,android,湖北省,武汉市,regular,home,S003579,0,C202602,云感宠物,
B003579,U000707,P000069,云感运动户外日常款,C07,运动户外,pv,2026-02-27 18:29:00,268.00,,offline,ios,浙江省,杭州市,regular,product_detail,S003580,0,C202606,云感运动,
B003580,U000615,P000172,原野宠物用品便携装,C08,宠物用品,pv,2026-05-07 19:20:00,99.00,,taobao,windows,浙江省,杭州市,regular,product_detail,S003581,0,C202605,原野宠物,
B003581,U000733,P000160,原野旅行用品套装,C10,旅行用品,fav,2026-05-13 20:25:00,231.00,,taobao,mac,福建省,厦门市,regular,category,S003582,0,C202603,原野旅行,
B003582,U000643,P000162,轻氧食品饮料便携装,C02,食品饮料,fav,2026-06-26 23:42:00,73.00,,search,mac,四川省,成都市,regular,search,S003583,0,C202603,轻氧食品,
B003583,U000161,P000059,轻盈美妆个护日常款,C01,美妆个护,pv,2026-02-22 11:31:00,52.00,,wechat,android,河南省,郑州市,member,category,S003584,0,C202605,轻盈美妆,
B003584,U000162,P000167,轻盈美妆个护便携装,C01,美妆个护,pv,2026-06-08 15:30:00,119.00,,wechat,mac,浙江省,杭州市,member,search,S003585,0,C202603,轻盈美妆,
B003585,U000105,P000170,臻选生鲜套装,C09,生鲜,pv,2026-05-11 22:23:00,77.00,,search,mac,四川省,成都市,high_value,product_detail,S003586,0,C202603,臻选生鲜,
B003586,U000257,P000066,轻氧母婴用品旗舰款,C06,母婴用品,cart,2026-03-13 19:53:00,76.00,1,jd,mac,河南省,郑州市,member,category,S003587,0,C202603,轻氧母婴,
B003587,U000481,P000082,原野旅行用品便携装,C10,旅行用品,pv,2026-03-18 20:11:00,253.00,,wechat,android,江苏省,南京市,regular,home,S003588,0,C202606,原野旅行,
B003588,U000507,P000083,轻盈运动户外升级版,C07,运动户外,cart,2026-03-13 13:34:00,227.00,1,search,windows,广东省,深圳市,regular,home,S003589,0,C202602,轻盈运动,
B003589,U000125,P000109,悦活旅行用品日常款,C10,旅行用品,pv,2026-01-22 18:04:00,614.00,,douyin,windows,四川省,成都市,member,category,S003590,0,C202605,悦活旅行,
B003590,U000108,P000073,悦活家居日用升级版,C04,家居日用,pv,2026-02-25 19:57:00,147.00,,taobao,mac,福建省,厦门市,high_value,search,S003591,0,C202604,悦活家居,
B003591,U000471,P000027,云感宠物用品便携装,C08,宠物用品,pv,2026-03-09 16:45:00,96.00,,jd,mac,上海市,上海市,regular,category,S003592,0,C202601,云感宠物,
B003592,U000070,P000108,轻氧母婴用品升级版,C06,母婴用品,pv,2026-06-19 08:11:00,86.00,,wechat,ios,广东省,深圳市,high_value,category,S003593,0,C202603,轻氧母婴,
B003593,U000819,P000045,云感食品饮料套装,C02,食品饮料,pv,2026-04-26 23:16:00,67.00,,offline,ios,广东省,深圳市,regular,product_detail,S003594,0,C202605,云感食品,
B003594,U000645,P000020,臻选数码配件套装,C05,数码配件,pv,2026-04-23 17:45:00,252.00,,douyin,android,山东省,青岛市,regular,product_detail,S003595,0,C202601,臻选数码,
B003595,U000086,P000051,云感宠物用品旗舰款,C08,宠物用品,fav,2026-03-05 09:03:00,64.00,,search,windows,浙江省,杭州市,high_value,home,S003596,0,C202604,云感宠物,
B003596,U000873,P000151,悦活美妆个护旗舰款,C01,美妆个护,pv,2026-04-22 23:16:00,38.00,,wechat,ios,四川省,成都市,new,home,S003597,1,C202604,悦活美妆,
B003597,U000077,P000071,轻盈宠物用品旗舰款,C08,宠物用品,pv,2026-03-22 14:40:00,144.00,,douyin,android,福建省,厦门市,high_value,product_detail,S003598,0,C202604,轻盈宠物,
B003598,U000068,P000076,原野美妆个护旗舰款,C01,美妆个护,cart,2026-02-07 16:03:00,77.00,1,wechat,windows,四川省,成都市,high_value,category,S003599,0,C202606,原野美妆,
B003599,U000722,P000094,原野运动户外日常款,C07,运动户外,cart,2026-05-28 08:54:00,136.00,1,taobao,android,浙江省,杭州市,regular,search,S003600,0,C202605,原野运动,
B003600,U000758,P000042,轻氧美妆个护便携装,C01,美妆个护,fav,2026-05-27 15:35:00,69.00,,douyin,ios,四川省,成都市,regular,home,S003601,0,C202606,轻氧美妆,
B003601,U000352,P000032,臻选生鲜便携装,C09,生鲜,pv,2026-02-11 11:04:00,71.00,,taobao,android,四川省,成都市,member,home,S003602,0,C202602,臻选生鲜,
B003602,U000248,P000043,悦活服饰升级版,C03,服饰,pv,2026-04-09 21:11:00,237.00,,douyin,windows,浙江省,杭州市,member,search,S003603,0,C202601,悦活服饰,
B003603,U000816,P000029,轻盈食品饮料日常款,C02,食品饮料,pv,2026-01-07 17:07:00,91.00,,offline,mac,上海市,上海市,regular,product_detail,S003604,0,C202601,轻盈食品,
B003604,U000674,P000122,臻选运动户外便携装,C07,运动户外,fav,2026-06-27 08:58:00,212.00,,offline,mac,江苏省,南京市,regular,category,S003605,0,C202603,臻选运动,
B003605,U000652,P000151,悦活美妆个护旗舰款,C01,美妆个护,fav,2026-03-07 18:28:00,38.00,,jd,mac,河南省,郑州市,regular,product_detail,S003606,0,C202601,悦活美妆,
B003606,U000487,P000153,云感美妆个护升级版,C01,美妆个护,cart,2026-02-08 09:52:00,48.00,1,taobao,windows,广东省,深圳市,regular,product_detail,S003607,0,C202602,云感美妆,
B003607,U000769,P000028,原野数码配件升级版,C05,数码配件,pv,2026-02-07 20:04:00,158.00,,jd,ios,广东省,深圳市,regular,product_detail,S003608,0,C202603,原野数码,
B003608,U000065,P000020,臻选数码配件套装,C05,数码配件,fav,2026-06-23 19:32:00,252.00,,taobao,windows,北京市,北京市,high_value,product_detail,S003609,0,C202606,臻选数码,
B003609,U000577,P000171,云感生鲜旗舰款,C09,生鲜,pv,2026-06-13 10:42:00,30.00,,douyin,android,湖北省,武汉市,regular,product_detail,S003610,0,C202601,云感生鲜,
B003610,U000376,P000159,云感旅行用品日常款,C10,旅行用品,pv,2026-02-15 11:46:00,514.00,,wechat,windows,北京市,北京市,member,search,S003611,0,C202603,云感旅行,
B003611,U000847,P000062,臻选旅行用品便携装,C10,旅行用品,fav,2026-01-16 20:06:00,226.00,,jd,android,浙江省,杭州市,new,search,S003612,1,C202601,臻选旅行,
B003612,U000381,P000167,轻盈美妆个护便携装,C01,美妆个护,pv,2026-05-17 15:10:00,119.00,,offline,windows,广东省,深圳市,member,category,S003613,0,C202604,轻盈美妆,
B003613,U000148,P000157,悦活旅行用品便携装,C10,旅行用品,pv,2026-04-17 19:03:00,436.00,,wechat,windows,福建省,厦门市,member,product_detail,S003614,0,C202604,悦活旅行,
B003614,U000869,P000069,云感运动户外日常款,C07,运动户外,cart,2026-01-11 21:10:00,268.00,1,wechat,windows,四川省,成都市,new,category,S003615,1,C202604,云感运动,
B003615,U000223,P000102,轻氧母婴用品便携装,C06,母婴用品,pv,2026-03-03 14:39:00,104.00,,taobao,ios,北京市,北京市,member,search,S003616,0,C202602,轻氧母婴,
B003616,U000077,P000155,轻盈生鲜套装,C09,生鲜,cart,2026-06-17 20:18:00,106.00,1,jd,android,福建省,厦门市,high_value,category,S003617,0,C202605,轻盈生鲜,
B003617,U000100,P000167,轻盈美妆个护便携装,C01,美妆个护,fav,2026-01-20 21:14:00,119.00,,offline,android,浙江省,杭州市,high_value,product_detail,S003618,0,C202601,轻盈美妆,
B003618,U000088,P000108,轻氧母婴用品升级版,C06,母婴用品,pv,2026-04-07 23:02:00,86.00,,douyin,mac,北京市,北京市,high_value,search,S003619,0,C202606,轻氧母婴,
B003619,U000155,P000013,悦活食品饮料升级版,C02,食品饮料,fav,2026-01-08 19:05:00,91.00,,search,windows,四川省,成都市,member,product_detail,S003620,0,C202602,悦活食品,
B003620,U000704,P000110,臻选美妆个护套装,C01,美妆个护,fav,2026-06-10 15:54:00,81.00,,douyin,mac,江苏省,南京市,regular,home,S003621,0,C202601,臻选美妆,
B003621,U000374,P000136,原野运动户外旗舰款,C07,运动户外,pv,2026-02-04 15:26:00,169.00,,wechat,android,山东省,青岛市,member,search,S003622,0,C202604,原野运动,
B003622,U000408,P000071,轻盈宠物用品旗舰款,C08,宠物用品,pv,2026-03-22 20:06:00,144.00,,douyin,windows,北京市,北京市,member,home,S003623,0,C202602,轻盈宠物,
B003623,U000130,P000111,云感宠物用品旗舰款,C08,宠物用品,pv,2026-01-15 23:55:00,117.00,,jd,android,北京市,北京市,member,home,S003624,0,C202602,云感宠物,
B003624,U000692,P000143,轻盈美妆个护升级版,C01,美妆个护,pv,2026-06-16 09:52:00,53.00,,wechat,android,河南省,郑州市,regular,category,S003625,0,C202601,轻盈美妆,
B003625,U000115,P000003,云感生鲜升级版,C09,生鲜,pv,2026-03-29 19:20:00,73.00,,taobao,windows,江苏省,南京市,high_value,search,S003626,0,C202602,云感生鲜,
B003626,U000417,P000032,臻选生鲜便携装,C09,生鲜,cart,2026-03-13 21:58:00,71.00,1,offline,ios,北京市,北京市,member,search,S003627,0,C202603,臻选生鲜,
B003627,U000309,P000091,悦活母婴用品旗舰款,C06,母婴用品,cart,2026-03-08 15:21:00,87.00,1,offline,android,湖北省,武汉市,member,product_detail,S003628,0,C202605,悦活母婴,
B003628,U000465,P000008,臻选美妆个护升级版,C01,美妆个护,fav,2026-04-18 11:28:00,69.00,,offline,android,山东省,青岛市,regular,category,S003629,0,C202606,臻选美妆,
B003629,U000046,P000142,原野母婴用品便携装,C06,母婴用品,cart,2026-01-18 21:20:00,161.00,1,jd,mac,湖北省,武汉市,high_value,home,S003630,0,C202601,原野母婴,
B003630,U000430,P000094,原野运动户外日常款,C07,运动户外,fav,2026-05-24 16:12:00,136.00,,search,ios,福建省,厦门市,regular,category,S003631,0,C202601,原野运动,
B003631,U000440,P000123,云感宠物用品升级版,C08,宠物用品,pv,2026-01-13 18:49:00,83.00,,jd,android,河南省,郑州市,regular,category,S003632,0,C202602,云感宠物,
B003632,U000461,P000125,轻盈生鲜套装,C09,生鲜,pv,2026-06-17 08:29:00,62.00,,offline,ios,福建省,厦门市,regular,search,S003633,0,C202606,轻盈生鲜,
B003633,U000200,P000151,悦活美妆个护旗舰款,C01,美妆个护,pv,2026-03-01 17:30:00,38.00,,douyin,ios,浙江省,杭州市,member,search,S003634,0,C202601,悦活美妆,
B003634,U000095,P000005,轻盈数码配件套装,C05,数码配件,pv,2026-04-26 14:59:00,256.00,,taobao,ios,广东省,深圳市,high_value,search,S003635,0,C202605,轻盈数码,
B003635,U000056,P000023,轻盈食品饮料升级版,C02,食品饮料,fav,2026-03-04 14:39:00,79.00,,offline,android,浙江省,杭州市,high_value,product_detail,S003636,0,C202603,轻盈食品,
B003636,U000836,P000006,轻氧母婴用品旗舰款,C06,母婴用品,pv,2026-04-05 19:10:00,161.00,,offline,windows,上海市,上海市,new,category,S003637,1,C202606,轻氧母婴,
B003637,U000616,P000102,轻氧母婴用品便携装,C06,母婴用品,pv,2026-01-02 08:53:00,104.00,,douyin,windows,广东省,深圳市,regular,search,S003638,0,C202605,轻氧母婴,
B003638,U000150,P000046,原野食品饮料旗舰款,C02,食品饮料,pv,2026-01-27 21:54:00,69.00,,offline,windows,江苏省,南京市,member,product_detail,S003639,0,C202604,原野食品,
B003639,U000447,P000040,原野数码配件套装,C05,数码配件,cart,2026-02-12 20:10:00,162.00,1,offline,ios,上海市,上海市,regular,search,S003640,0,C202605,原野数码,
B003640,U000171,P000137,轻盈数码配件便携装,C05,数码配件,pv,2026-03-16 09:08:00,216.00,,search,mac,四川省,成都市,member,search,S003641,0,C202606,轻盈数码,
B003641,U000232,P000151,悦活美妆个护旗舰款,C01,美妆个护,cart,2026-03-10 09:04:00,38.00,1,wechat,ios,江苏省,南京市,member,home,S003642,0,C202604,悦活美妆,
B003642,U000784,P000130,原野服饰套装,C03,服饰,pv,2026-03-29 16:35:00,194.00,,jd,android,江苏省,南京市,regular,category,S003643,0,C202605,原野服饰,
B003643,U000179,P000113,轻盈旅行用品升级版,C10,旅行用品,pv,2026-05-12 17:48:00,483.00,,douyin,windows,四川省,成都市,member,product_detail,S003644,0,C202603,轻盈旅行,
B003644,U000626,P000165,云感生鲜套装,C09,生鲜,cart,2026-03-27 13:01:00,43.00,1,taobao,windows,上海市,上海市,regular,search,S003645,0,C202605,云感生鲜,
B003645,U000236,P000123,云感宠物用品升级版,C08,宠物用品,fav,2026-04-09 21:25:00,83.00,,taobao,ios,湖北省,武汉市,member,home,S003646,0,C202603,云感宠物,
B003646,U000134,P000155,轻盈生鲜套装,C09,生鲜,cart,2026-01-14 13:44:00,106.00,1,douyin,ios,山东省,青岛市,member,home,S003647,0,C202604,轻盈生鲜,
B003647,U000415,P000018,轻氧生鲜升级版,C09,生鲜,cart,2026-01-22 16:05:00,81.00,1,jd,windows,浙江省,杭州市,member,category,S003648,0,C202603,轻氧生鲜,
B003648,U000189,P000054,轻氧美妆个护日常款,C01,美妆个护,cart,2026-04-11 20:08:00,138.00,1,douyin,windows,上海市,上海市,member,category,S003649,0,C202601,轻氧美妆,
B003649,U000346,P000041,轻盈家居日用旗舰款,C04,家居日用,fav,2026-06-06 13:05:00,166.00,,douyin,windows,山东省,青岛市,member,category,S003650,0,C202602,轻盈家居,
B003650,U000217,P000014,臻选食品饮料日常款,C02,食品饮料,pv,2026-02-26 16:28:00,60.00,,search,android,广东省,深圳市,member,search,S003651,0,C202603,臻选食品,
B003651,U000536,P000089,轻盈美妆个护日常款,C01,美妆个护,cart,2026-02-07 11:32:00,69.00,1,offline,windows,江苏省,南京市,regular,search,S003652,0,C202602,轻盈美妆,
B003652,U000632,P000075,云感母婴用品套装,C06,母婴用品,pv,2026-05-06 16:43:00,82.00,,search,android,广东省,深圳市,regular,category,S003653,0,C202605,云感母婴,
B003653,U000151,P000035,轻盈家居日用套装,C04,家居日用,pv,2026-05-20 09:57:00,116.00,,jd,mac,福建省,厦门市,member,search,S003654,0,C202604,轻盈家居,
B003654,U000868,P000160,原野旅行用品套装,C10,旅行用品,pv,2026-05-01 16:59:00,231.00,,taobao,android,上海市,上海市,new,home,S003655,1,C202605,原野旅行,
B003655,U000788,P000051,云感宠物用品旗舰款,C08,宠物用品,pv,2026-06-28 10:48:00,64.00,,search,windows,河南省,郑州市,regular,search,S003656,0,C202606,云感宠物,
B003656,U000565,P000002,臻选服饰便携装,C03,服饰,cart,2026-01-15 18:43:00,332.00,1,jd,windows,河南省,郑州市,regular,product_detail,S003657,0,C202606,臻选服饰,
B003657,U000713,P000165,云感生鲜套装,C09,生鲜,fav,2026-06-23 15:59:00,43.00,,jd,android,广东省,深圳市,regular,home,S003658,0,C202606,云感生鲜,
B003658,U000245,P000002,臻选服饰便携装,C03,服饰,cart,2026-03-15 23:15:00,332.00,1,wechat,mac,北京市,北京市,member,home,S003659,0,C202606,臻选服饰,
B003659,U000089,P000019,悦活家居日用日常款,C04,家居日用,pv,2026-05-12 12:40:00,71.00,,taobao,ios,湖北省,武汉市,high_value,category,S003660,0,C202603,悦活家居,
B003660,U000842,P000171,云感生鲜旗舰款,C09,生鲜,pv,2026-05-06 19:32:00,30.00,,douyin,windows,广东省,深圳市,new,search,S003661,1,C202604,云感生鲜,
B003661,U000123,P000063,云感母婴用品升级版,C06,母婴用品,cart,2026-06-25 11:32:00,165.00,1,douyin,ios,浙江省,杭州市,member,home,S003662,0,C202606,云感母婴,
B003662,U000025,P000105,云感运动户外套装,C07,运动户外,pv,2026-04-12 12:55:00,142.00,,douyin,mac,四川省,成都市,high_value,product_detail,S003663,0,C202602,云感运动,
B003663,U000779,P000077,轻盈服饰便携装,C03,服饰,cart,2026-05-26 23:40:00,279.00,1,jd,windows,上海市,上海市,regular,category,S003664,0,C202601,轻盈服饰,
B003664,U000283,P000066,轻氧母婴用品旗舰款,C06,母婴用品,pv,2026-04-25 08:51:00,76.00,,douyin,windows,湖北省,武汉市,member,search,S003665,0,C202605,轻氧母婴,
B003665,U000259,P000042,轻氧美妆个护便携装,C01,美妆个护,pv,2026-03-24 18:01:00,69.00,,douyin,android,上海市,上海市,member,product_detail,S003666,0,C202601,轻氧美妆,
B003666,U000086,P000064,原野宠物用品日常款,C08,宠物用品,fav,2026-05-21 21:47:00,140.00,,wechat,windows,浙江省,杭州市,high_value,search,S003667,0,C202604,原野宠物,
B003667,U000801,P000031,悦活运动户外旗舰款,C07,运动户外,cart,2026-04-12 21:34:00,98.00,1,wechat,mac,江苏省,南京市,regular,home,S003668,0,C202604,悦活运动,
B003668,U000390,P000078,轻氧运动户外升级版,C07,运动户外,pv,2026-05-06 17:15:00,332.00,,douyin,android,上海市,上海市,member,category,S003669,0,C202604,轻氧运动,
B003669,U000887,P000050,臻选生鲜套装,C09,生鲜,pv,2026-05-24 17:22:00,108.00,,wechat,android,福建省,厦门市,new,category,S003670,1,C202606,臻选生鲜,
B003670,U000155,P000156,轻氧母婴用品旗舰款,C06,母婴用品,fav,2026-01-19 14:37:00,153.00,,jd,windows,四川省,成都市,member,search,S003671,0,C202604,轻氧母婴,
B003671,U000834,P000089,轻盈美妆个护日常款,C01,美妆个护,fav,2026-06-30 13:40:00,69.00,,search,mac,山东省,青岛市,new,product_detail,S003672,1,C202606,轻盈美妆,
B003672,U000181,P000127,悦活食品饮料便携装,C02,食品饮料,pv,2026-05-08 08:56:00,39.00,,search,android,四川省,成都市,member,product_detail,S003673,0,C202601,悦活食品,
B003673,U000609,P000092,臻选服饰便携装,C03,服饰,cart,2026-05-25 21:39:00,291.00,1,jd,windows,浙江省,杭州市,regular,product_detail,S003674,0,C202605,臻选服饰,
B003674,U000884,P000116,臻选数码配件旗舰款,C05,数码配件,pv,2026-01-14 19:59:00,228.00,,taobao,mac,福建省,厦门市,new,category,S003675,1,C202604,臻选数码,
B003675,U000126,P000053,轻盈服饰升级版,C03,服饰,fav,2026-02-14 10:03:00,262.00,,douyin,android,浙江省,杭州市,member,search,S003676,0,C202601,轻盈服饰,
B003676,U000278,P000029,轻盈食品饮料日常款,C02,食品饮料,cart,2026-04-12 21:16:00,91.00,1,taobao,android,湖北省,武汉市,member,product_detail,S003677,0,C202604,轻盈食品,
B003677,U000137,P000148,原野数码配件升级版,C05,数码配件,pv,2026-05-02 15:43:00,136.00,,wechat,android,湖北省,武汉市,member,category,S003678,0,C202606,原野数码,
B003678,U000661,P000128,臻选旅行用品升级版,C10,旅行用品,fav,2026-03-25 22:25:00,514.00,,offline,windows,福建省,厦门市,regular,product_detail,S003679,0,C202605,臻选旅行,
B003679,U000890,P000093,云感生鲜升级版,C09,生鲜,cart,2026-06-28 11:02:00,39.00,1,jd,windows,浙江省,杭州市,new,search,S003680,1,C202605,云感生鲜,
B003680,U000514,P000015,云感母婴用品套装,C06,母婴用品,pv,2026-01-26 13:36:00,128.00,,search,mac,山东省,青岛市,regular,home,S003681,0,C202604,云感母婴,
B003681,U000865,P000006,轻氧母婴用品旗舰款,C06,母婴用品,cart,2026-03-21 16:31:00,161.00,1,search,android,江苏省,南京市,new,home,S003682,1,C202604,轻氧母婴,
B003682,U000874,P000041,轻盈家居日用旗舰款,C04,家居日用,cart,2026-04-09 16:15:00,166.00,1,jd,windows,上海市,上海市,new,home,S003683,1,C202602,轻盈家居,
B003683,U000874,P000071,轻盈宠物用品旗舰款,C08,宠物用品,fav,2026-02-25 09:24:00,144.00,,taobao,windows,上海市,上海市,new,product_detail,S003684,1,C202603,轻盈宠物,
B003684,U000744,P000014,臻选食品饮料日常款,C02,食品饮料,cart,2026-03-07 23:40:00,60.00,1,offline,windows,浙江省,杭州市,regular,category,S003685,0,C202604,臻选食品,
B003685,U000047,P000061,悦活家居日用旗舰款,C04,家居日用,pv,2026-04-13 13:43:00,157.00,,search,ios,河南省,郑州市,high_value,product_detail,S003686,0,C202601,悦活家居,
B003686,U000197,P000094,原野运动户外日常款,C07,运动户外,pv,2026-06-14 23:44:00,136.00,,offline,mac,上海市,上海市,member,search,S003687,0,C202606,原野运动,
B003687,U000704,P000073,悦活家居日用升级版,C04,家居日用,cart,2026-04-24 08:19:00,147.00,1,wechat,mac,江苏省,南京市,regular,home,S003688,0,C202602,悦活家居,
B003688,U000381,P000145,悦活宠物用品套装,C08,宠物用品,pv,2026-02-08 09:39:00,42.00,,wechat,windows,广东省,深圳市,member,category,S003689,0,C202602,悦活宠物,
B003689,U000317,P000148,原野数码配件升级版,C05,数码配件,fav,2026-03-26 21:30:00,136.00,,search,ios,广东省,深圳市,member,home,S003690,0,C202603,原野数码,
B003690,U000052,P000112,原野生鲜便携装,C09,生鲜,pv,2026-01-04 16:23:00,113.00,,douyin,android,北京市,北京市,high_value,category,S003691,0,C202605,原野生鲜,
B003691,U000661,P000054,轻氧美妆个护日常款,C01,美妆个护,pv,2026-05-24 23:52:00,138.00,,taobao,windows,福建省,厦门市,regular,home,S003692,0,C202606,轻氧美妆,
B003692,U000490,P000093,云感生鲜升级版,C09,生鲜,pv,2026-03-23 18:28:00,39.00,,taobao,mac,山东省,青岛市,regular,search,S003693,0,C202601,云感生鲜,
B003693,U000215,P000108,轻氧母婴用品升级版,C06,母婴用品,pv,2026-01-07 20:57:00,86.00,,douyin,mac,浙江省,杭州市,member,home,S003694,0,C202603,轻氧母婴,
B003694,U000467,P000020,臻选数码配件套装,C05,数码配件,pv,2026-01-17 22:37:00,252.00,,douyin,mac,湖北省,武汉市,regular,product_detail,S003695,0,C202604,臻选数码,
B003695,U000464,P000137,轻盈数码配件便携装,C05,数码配件,cart,2026-03-06 11:44:00,216.00,1,search,android,浙江省,杭州市,regular,category,S003696,0,C202606,轻盈数码,
B003696,U000807,P000056,臻选旅行用品旗舰款,C10,旅行用品,cart,2026-02-15 18:03:00,443.00,1,jd,windows,上海市,上海市,regular,category,S003697,0,C202606,臻选旅行,
B003697,U000080,P000125,轻盈生鲜套装,C09,生鲜,pv,2026-04-15 17:18:00,62.00,,douyin,android,广东省,深圳市,high_value,home,S003698,0,C202604,轻盈生鲜,
B003698,U000851,P000098,臻选家居日用升级版,C04,家居日用,cart,2026-01-05 17:11:00,90.00,1,jd,mac,江苏省,南京市,new,search,S003699,1,C202601,臻选家居,
B003699,U000534,P000070,原野宠物用品套装,C08,宠物用品,fav,2026-04-28 13:23:00,147.00,,jd,ios,上海市,上海市,regular,category,S003700,0,C202604,原野宠物,
B003700,U000471,P000003,云感生鲜升级版,C09,生鲜,pv,2026-01-25 09:45:00,73.00,,taobao,mac,上海市,上海市,regular,category,S003701,0,C202601,云感生鲜,
B003701,U000349,P000135,云感数码配件套装,C05,数码配件,fav,2026-04-17 12:47:00,182.00,,wechat,ios,浙江省,杭州市,member,product_detail,S003702,0,C202605,云感数码,
B003702,U000628,P000141,云感数码配件旗舰款,C05,数码配件,cart,2026-03-16 20:52:00,220.00,1,search,android,河南省,郑州市,regular,product_detail,S003703,0,C202604,云感数码,
B003703,U000788,P000165,云感生鲜套装,C09,生鲜,pv,2026-02-13 13:48:00,43.00,,offline,windows,河南省,郑州市,regular,product_detail,S003704,0,C202601,云感生鲜,
B003704,U000683,P000016,原野运动户外旗舰款,C07,运动户外,pv,2026-05-27 15:51:00,164.00,,jd,windows,湖北省,武汉市,regular,product_detail,S003705,0,C202605,原野运动,
B003705,U000065,P000035,轻盈家居日用套装,C04,家居日用,cart,2026-03-06 11:05:00,116.00,1,douyin,windows,北京市,北京市,high_value,search,S003706,0,C202603,轻盈家居,
B003706,U000325,P000137,轻盈数码配件便携装,C05,数码配件,fav,2026-06-14 21:33:00,216.00,,wechat,mac,福建省,厦门市,member,search,S003707,0,C202603,轻盈数码,
B003707,U000384,P000062,臻选旅行用品便携装,C10,旅行用品,cart,2026-06-03 09:37:00,226.00,1,search,ios,河南省,郑州市,member,home,S003708,0,C202601,臻选旅行,
B003708,U000531,P000090,轻氧旅行用品套装,C10,旅行用品,pv,2026-06-08 11:02:00,170.00,,wechat,mac,广东省,深圳市,regular,product_detail,S003709,0,C202601,轻氧旅行,
B003709,U000076,P000089,轻盈美妆个护日常款,C01,美妆个护,pv,2026-03-06 12:36:00,69.00,,offline,ios,河南省,郑州市,high_value,search,S003710,0,C202601,轻盈美妆,
B003710,U000299,P000013,悦活食品饮料升级版,C02,食品饮料,pv,2026-03-21 08:35:00,91.00,,jd,ios,广东省,深圳市,member,home,S003711,0,C202604,悦活食品,
B003711,U000300,P000145,悦活宠物用品套装,C08,宠物用品,cart,2026-05-19 08:16:00,42.00,1,taobao,android,湖北省,武汉市,member,search,S003712,0,C202606,悦活宠物,
B003712,U000852,P000010,原野旅行用品套装,C10,旅行用品,pv,2026-03-21 19:20:00,302.00,,offline,ios,四川省,成都市,new,product_detail,S003713,1,C202601,原野旅行,
B003713,U000287,P000087,云感旅行用品便携装,C10,旅行用品,cart,2026-06-03 09:50:00,609.00,1,taobao,ios,河南省,郑州市,member,product_detail,S003714,0,C202602,云感旅行,
B003714,U000839,P000114,轻氧母婴用品日常款,C06,母婴用品,cart,2026-01-10 13:03:00,142.00,1,taobao,ios,福建省,厦门市,new,search,S003715,1,C202606,轻氧母婴,
B003715,U000038,P000146,臻选生鲜旗舰款,C09,生鲜,fav,2026-03-13 10:22:00,112.00,,douyin,windows,四川省,成都市,high_value,home,S003716,0,C202603,臻选生鲜,
B003716,U000603,P000167,轻盈美妆个护便携装,C01,美妆个护,fav,2026-01-20 17:38:00,119.00,,taobao,windows,上海市,上海市,regular,home,S003717,0,C202605,轻盈美妆,
B003717,U000388,P000155,轻盈生鲜套装,C09,生鲜,fav,2026-01-24 17:49:00,106.00,,wechat,windows,河南省,郑州市,member,product_detail,S003718,0,C202603,轻盈生鲜,
B003718,U000385,P000029,轻盈食品饮料日常款,C02,食品饮料,pv,2026-03-13 19:23:00,91.00,,jd,ios,北京市,北京市,member,search,S003719,0,C202605,轻盈食品,
B003719,U000682,P000012,轻氧母婴用品便携装,C06,母婴用品,pv,2026-04-01 22:28:00,128.00,,wechat,windows,上海市,上海市,regular,product_detail,S003720,0,C202604,轻氧母婴,
B003720,U000171,P000080,臻选家居日用套装,C04,家居日用,fav,2026-06-28 12:08:00,148.00,,jd,mac,四川省,成都市,member,search,S003721,0,C202601,臻选家居,
B003721,U000190,P000156,轻氧母婴用品旗舰款,C06,母婴用品,cart,2026-03-28 14:25:00,153.00,1,search,android,河南省,郑州市,member,search,S003722,0,C202601,轻氧母婴,
B003722,U000561,P000131,轻盈生鲜旗舰款,C09,生鲜,pv,2026-01-24 20:16:00,85.00,,taobao,windows,北京市,北京市,regular,search,S003723,0,C202602,轻盈生鲜,
B003723,U000632,P000076,原野美妆个护旗舰款,C01,美妆个护,pv,2026-01-24 22:11:00,77.00,,search,android,广东省,深圳市,regular,home,S003724,0,C202602,原野美妆,
B003724,U000159,P000035,轻盈家居日用套装,C04,家居日用,pv,2026-04-08 22:02:00,116.00,,wechat,windows,河南省,郑州市,member,product_detail,S003725,0,C202606,轻盈家居,
B003725,U000412,P000146,臻选生鲜旗舰款,C09,生鲜,pv,2026-04-23 23:41:00,112.00,,search,android,山东省,青岛市,member,search,S003726,0,C202602,臻选生鲜,
B003726,U000794,P000061,悦活家居日用旗舰款,C04,家居日用,cart,2026-05-11 17:09:00,157.00,1,wechat,ios,北京市,北京市,regular,category,S003727,0,C202604,悦活家居,
B003727,U000318,P000012,轻氧母婴用品便携装,C06,母婴用品,fav,2026-04-04 17:50:00,128.00,,jd,windows,四川省,成都市,member,product_detail,S003728,0,C202605,轻氧母婴,
B003728,U000605,P000106,原野母婴用品旗舰款,C06,母婴用品,pv,2026-03-30 13:28:00,102.00,,search,windows,浙江省,杭州市,regular,search,S003729,0,C202606,原野母婴,
B003729,U000520,P000114,轻氧母婴用品日常款,C06,母婴用品,pv,2026-02-16 08:43:00,142.00,,jd,windows,山东省,青岛市,regular,category,S003730,0,C202601,轻氧母婴,
B003730,U000670,P000168,轻氧服饰升级版,C03,服饰,pv,2026-03-25 16:28:00,368.00,,douyin,android,福建省,厦门市,regular,search,S003731,0,C202605,轻氧服饰,
B003731,U000861,P000075,云感母婴用品套装,C06,母婴用品,pv,2026-02-21 18:28:00,82.00,,jd,android,湖北省,武汉市,new,search,S003732,1,C202601,云感母婴,
B003732,U000425,P000168,轻氧服饰升级版,C03,服饰,cart,2026-01-20 23:26:00,368.00,1,wechat,android,四川省,成都市,regular,product_detail,S003733,0,C202603,轻氧服饰,
B003733,U000319,P000008,臻选美妆个护升级版,C01,美妆个护,cart,2026-01-19 20:55:00,69.00,1,douyin,mac,四川省,成都市,member,home,S003734,0,C202604,臻选美妆,
B003734,U000469,P000053,轻盈服饰升级版,C03,服饰,fav,2026-05-01 14:23:00,262.00,,jd,ios,广东省,深圳市,regular,product_detail,S003735,0,C202605,轻盈服饰,
B003735,U000812,P000042,轻氧美妆个护便携装,C01,美妆个护,fav,2026-05-05 08:50:00,69.00,,offline,android,湖北省,武汉市,regular,category,S003736,0,C202604,轻氧美妆,
B003736,U000700,P000081,云感数码配件旗舰款,C05,数码配件,pv,2026-04-20 21:20:00,152.00,,wechat,ios,广东省,深圳市,regular,home,S003737,0,C202602,云感数码,
B003737,U000519,P000085,悦活家居日用套装,C04,家居日用,cart,2026-02-25 09:16:00,70.00,1,wechat,android,广东省,深圳市,regular,category,S003738,0,C202601,悦活家居,
B003738,U000456,P000138,轻氧数码配件升级版,C05,数码配件,pv,2026-03-09 20:00:00,150.00,,offline,ios,北京市,北京市,regular,category,S003739,0,C202605,轻氧数码,
B003739,U000720,P000148,原野数码配件升级版,C05,数码配件,cart,2026-06-21 18:39:00,136.00,1,jd,ios,福建省,厦门市,regular,product_detail,S003740,0,C202604,原野数码,
B003740,U000341,P000111,云感宠物用品旗舰款,C08,宠物用品,pv,2026-03-16 18:15:00,117.00,,taobao,ios,江苏省,南京市,member,category,S003741,0,C202606,云感宠物,
B003741,U000459,P000086,臻选数码配件旗舰款,C05,数码配件,fav,2026-03-03 09:10:00,150.00,,search,ios,湖北省,武汉市,regular,search,S003742,0,C202606,臻选数码,
B003742,U000627,P000147,云感数码配件便携装,C05,数码配件,cart,2026-06-25 23:00:00,281.00,1,douyin,android,福建省,厦门市,regular,search,S003743,0,C202605,云感数码,
B003743,U000288,P000035,轻盈家居日用套装,C04,家居日用,pv,2026-05-10 12:11:00,116.00,,wechat,windows,湖北省,武汉市,member,search,S003744,0,C202601,轻盈家居,
B003744,U000796,P000002,臻选服饰便携装,C03,服饰,cart,2026-04-20 22:58:00,332.00,1,offline,android,浙江省,杭州市,regular,category,S003745,0,C202606,臻选服饰,
B003745,U000348,P000116,臻选数码配件旗舰款,C05,数码配件,pv,2026-05-04 10:59:00,228.00,,search,ios,北京市,北京市,member,category,S003746,0,C202603,臻选数码,
B003746,U000142,P000172,原野宠物用品便携装,C08,宠物用品,fav,2026-05-01 17:14:00,99.00,,jd,ios,湖北省,武汉市,member,home,S003747,0,C202602,原野宠物,
B003747,U000118,P000080,臻选家居日用套装,C04,家居日用,fav,2026-02-17 15:57:00,148.00,,taobao,ios,广东省,深圳市,high_value,home,S003748,0,C202606,臻选家居,
B003748,U000688,P000123,云感宠物用品升级版,C08,宠物用品,pv,2026-05-18 16:46:00,83.00,,offline,ios,福建省,厦门市,regular,category,S003749,0,C202605,云感宠物,
B003749,U000333,P000107,轻盈运动户外便携装,C07,运动户外,pv,2026-05-31 12:16:00,176.00,,offline,android,广东省,深圳市,member,home,S003750,0,C202603,轻盈运动,
B003750,U000397,P000006,轻氧母婴用品旗舰款,C06,母婴用品,pv,2026-04-20 16:52:00,161.00,,offline,mac,江苏省,南京市,member,category,S003751,0,C202606,轻氧母婴,
B003751,U000472,P000013,悦活食品饮料升级版,C02,食品饮料,cart,2026-01-07 15:20:00,91.00,1,douyin,ios,广东省,深圳市,regular,search,S003752,0,C202606,悦活食品,
B003752,U000204,P000079,悦活服饰日常款,C03,服饰,fav,2026-06-23 19:06:00,452.00,,taobao,ios,湖北省,武汉市,member,category,S003753,0,C202603,悦活服饰,
B003753,U000652,P000115,悦活美妆个护套装,C01,美妆个护,cart,2026-04-10 21:28:00,86.00,1,jd,mac,河南省,郑州市,regular,category,S003754,0,C202605,悦活美妆,
B003754,U000599,P000098,臻选家居日用升级版,C04,家居日用,pv,2026-01-26 17:59:00,90.00,,taobao,android,北京市,北京市,regular,search,S003755,0,C202604,臻选家居,
B003755,U000476,P000138,轻氧数码配件升级版,C05,数码配件,pv,2026-03-31 21:09:00,150.00,,jd,windows,浙江省,杭州市,regular,category,S003756,0,C202605,轻氧数码,
B003756,U000163,P000035,轻盈家居日用套装,C04,家居日用,fav,2026-05-21 12:47:00,116.00,,douyin,mac,江苏省,南京市,member,home,S003757,0,C202604,轻盈家居,
B003757,U000087,P000158,臻选母婴用品升级版,C06,母婴用品,fav,2026-03-06 18:19:00,121.00,,jd,windows,福建省,厦门市,high_value,category,S003758,0,C202602,臻选母婴,
B003758,U000170,P000080,臻选家居日用套装,C04,家居日用,pv,2026-04-13 16:43:00,148.00,,douyin,android,山东省,青岛市,member,product_detail,S003759,0,C202606,臻选家居,
B003759,U000559,P000147,云感数码配件便携装,C05,数码配件,cart,2026-04-06 12:23:00,281.00,1,taobao,mac,山东省,青岛市,regular,product_detail,S003760,0,C202604,云感数码,
B003760,U000737,P000045,云感食品饮料套装,C02,食品饮料,pv,2026-03-21 16:28:00,67.00,,wechat,ios,上海市,上海市,regular,category,S003761,0,C202605,云感食品,
B003761,U000147,P000047,轻盈服饰便携装,C03,服饰,cart,2026-04-25 10:22:00,154.00,1,wechat,windows,湖北省,武汉市,member,search,S003762,0,C202601,轻盈服饰,
B003762,U000876,P000004,原野旅行用品日常款,C10,旅行用品,cart,2026-02-03 14:31:00,271.00,1,wechat,android,山东省,青岛市,new,search,S003763,1,C202605,原野旅行,
B003763,U000306,P000067,悦活旅行用品便携装,C10,旅行用品,pv,2026-06-02 19:59:00,195.00,,taobao,ios,福建省,厦门市,member,product_detail,S003764,0,C202602,悦活旅行,
B003764,U000513,P000138,轻氧数码配件升级版,C05,数码配件,cart,2026-04-07 10:21:00,150.00,1,taobao,windows,四川省,成都市,regular,category,S003765,0,C202603,轻氧数码,
B003765,U000047,P000030,轻氧家居日用套装,C04,家居日用,pv,2026-06-08 13:32:00,106.00,,search,ios,河南省,郑州市,high_value,category,S003766,0,C202605,轻氧家居,
B003766,U000058,P000006,轻氧母婴用品旗舰款,C06,母婴用品,pv,2026-05-13 09:47:00,161.00,,wechat,windows,四川省,成都市,high_value,search,S003767,0,C202604,轻氧母婴,
B003767,U000353,P000144,轻氧美妆个护日常款,C01,美妆个护,pv,2026-01-02 23:10:00,118.00,,douyin,windows,河南省,郑州市,member,category,S003768,0,C202601,轻氧美妆,
B003768,U000399,P000161,轻盈家居日用旗舰款,C04,家居日用,pv,2026-06-01 12:22:00,160.00,,wechat,mac,江苏省,南京市,member,home,S003769,0,C202604,轻盈家居,
B003769,U000243,P000073,悦活家居日用升级版,C04,家居日用,cart,2026-06-29 14:16:00,147.00,1,jd,ios,广东省,深圳市,member,product_detail,S003770,0,C202602,悦活家居,
B003770,U000730,P000165,云感生鲜套装,C09,生鲜,cart,2026-03-10 08:14:00,43.00,1,jd,android,四川省,成都市,regular,category,S003771,0,C202602,云感生鲜,
B003771,U000070,P000152,臻选数码配件便携装,C05,数码配件,cart,2026-01-30 21:36:00,302.00,1,douyin,ios,广东省,深圳市,high_value,product_detail,S003772,0,C202606,臻选数码,
B003772,U000030,P000146,臻选生鲜旗舰款,C09,生鲜,pv,2026-02-24 08:35:00,112.00,,taobao,windows,福建省,厦门市,high_value,category,S003773,0,C202605,臻选生鲜,
B003773,U000076,P000044,臻选食品饮料日常款,C02,食品饮料,cart,2026-05-01 09:58:00,28.00,1,taobao,ios,河南省,郑州市,high_value,category,S003774,0,C202606,臻选食品,
B003774,U000647,P000151,悦活美妆个护旗舰款,C01,美妆个护,pv,2026-05-27 10:51:00,38.00,,taobao,android,北京市,北京市,regular,category,S003775,0,C202605,悦活美妆,
B003775,U000095,P000016,原野运动户外旗舰款,C07,运动户外,pv,2026-04-11 13:42:00,164.00,,offline,ios,广东省,深圳市,high_value,search,S003776,0,C202602,原野运动,
B003776,U000626,P000118,原野美妆个护升级版,C01,美妆个护,pv,2026-02-03 12:11:00,133.00,,offline,windows,上海市,上海市,regular,category,S003777,0,C202606,原野美妆,
B003777,U000493,P000082,原野旅行用品便携装,C10,旅行用品,pv,2026-01-21 14:40:00,253.00,,taobao,mac,江苏省,南京市,regular,home,S003778,0,C202602,原野旅行,
B003778,U000069,P000168,轻氧服饰升级版,C03,服饰,pv,2026-02-13 08:46:00,368.00,,wechat,android,河南省,郑州市,high_value,home,S003779,0,C202604,轻氧服饰,
B003779,U000124,P000066,轻氧母婴用品旗舰款,C06,母婴用品,cart,2026-03-11 11:30:00,76.00,1,offline,ios,福建省,厦门市,member,category,S003780,0,C202603,轻氧母婴,
B003780,U000594,P000022,原野母婴用品便携装,C06,母婴用品,pv,2026-05-27 11:31:00,190.00,,taobao,ios,广东省,深圳市,regular,product_detail,S003781,0,C202605,原野母婴,
B003781,U000574,P000076,原野美妆个护旗舰款,C01,美妆个护,pv,2026-06-05 12:04:00,77.00,,douyin,ios,广东省,深圳市,regular,home,S003782,0,C202604,原野美妆,
B003782,U000673,P000121,悦活运动户外旗舰款,C07,运动户外,pv,2026-02-20 21:01:00,291.00,,search,windows,广东省,深圳市,regular,search,S003783,0,C202601,悦活运动,
B003783,U000571,P000005,轻盈数码配件套装,C05,数码配件,fav,2026-04-26 20:04:00,256.00,,jd,mac,浙江省,杭州市,regular,product_detail,S003784,0,C202603,轻盈数码,
B003784,U000090,P000149,轻盈家居日用日常款,C04,家居日用,pv,2026-04-16 17:02:00,110.00,,wechat,android,北京市,北京市,high_value,search,S003785,0,C202601,轻盈家居,
B003785,U000181,P000016,原野运动户外旗舰款,C07,运动户外,pv,2026-02-25 18:35:00,164.00,,douyin,android,四川省,成都市,member,home,S003786,0,C202603,原野运动,
B003786,U000694,P000153,云感美妆个护升级版,C01,美妆个护,pv,2026-06-26 19:42:00,48.00,,search,ios,浙江省,杭州市,regular,product_detail,S003787,0,C202601,云感美妆,
B003787,U000742,P000126,轻氧旅行用品旗舰款,C10,旅行用品,fav,2026-06-04 14:37:00,248.00,,offline,ios,河南省,郑州市,regular,category,S003788,0,C202603,轻氧旅行,
B003788,U000379,P000080,臻选家居日用套装,C04,家居日用,pv,2026-01-20 15:01:00,148.00,,offline,mac,江苏省,南京市,member,home,S003789,0,C202604,臻选家居,
B003789,U000597,P000061,悦活家居日用旗舰款,C04,家居日用,pv,2026-02-09 21:53:00,157.00,,douyin,ios,四川省,成都市,regular,category,S003790,0,C202601,悦活家居,
B003790,U000588,P000069,云感运动户外日常款,C07,运动户外,fav,2026-03-31 17:56:00,268.00,,search,android,上海市,上海市,regular,search,S003791,0,C202603,云感运动,
B003791,U000800,P000171,云感生鲜旗舰款,C09,生鲜,cart,2026-01-16 11:22:00,30.00,1,wechat,android,上海市,上海市,regular,home,S003792,0,C202602,云感生鲜,
B003792,U000254,P000040,原野数码配件套装,C05,数码配件,pv,2026-04-19 19:31:00,162.00,,offline,ios,上海市,上海市,member,product_detail,S003793,0,C202604,原野数码,
B003793,U000634,P000117,云感食品饮料便携装,C02,食品饮料,cart,2026-03-16 18:03:00,54.00,1,search,mac,广东省,深圳市,regular,search,S003794,0,C202601,云感食品,
B003794,U000453,P000039,云感生鲜日常款,C09,生鲜,pv,2026-02-24 15:53:00,109.00,,wechat,android,四川省,成都市,regular,product_detail,S003795,0,C202606,云感生鲜,
B003795,U000614,P000157,悦活旅行用品便携装,C10,旅行用品,pv,2026-03-16 14:57:00,436.00,,taobao,android,北京市,北京市,regular,category,S003796,0,C202605,悦活旅行,
B003796,U000110,P000026,臻选生鲜旗舰款,C09,生鲜,pv,2026-06-23 10:48:00,88.00,,douyin,mac,福建省,厦门市,high_value,product_detail,S003797,0,C202605,臻选生鲜,
B003797,U000315,P000072,轻氧美妆个护便携装,C01,美妆个护,cart,2026-02-17 11:20:00,122.00,1,search,android,江苏省,南京市,member,home,S003798,0,C202601,轻氧美妆,
B003798,U000348,P000166,原野服饰旗舰款,C03,服饰,cart,2026-05-14 13:34:00,378.00,1,taobao,ios,北京市,北京市,member,home,S003799,0,C202601,原野服饰,
B003799,U000504,P000165,云感生鲜套装,C09,生鲜,pv,2026-05-29 10:12:00,43.00,,jd,mac,四川省,成都市,regular,category,S003800,0,C202606,云感生鲜,
B003800,U000182,P000001,悦活家居日用旗舰款,C04,家居日用,cart,2026-01-30 12:26:00,141.00,1,jd,android,河南省,郑州市,member,category,S003801,0,C202605,悦活家居,
B003801,U000171,P000068,臻选旅行用品升级版,C10,旅行用品,pv,2026-06-02 23:22:00,202.00,,douyin,mac,四川省,成都市,member,product_detail,S003802,0,C202602,臻选旅行,
B003802,U000499,P000021,云感宠物用品旗舰款,C08,宠物用品,pv,2026-03-06 21:15:00,160.00,,search,mac,河南省,郑州市,regular,product_detail,S003803,0,C202602,云感宠物,
B003803,U000139,P000090,轻氧旅行用品套装,C10,旅行用品,fav,2026-02-25 12:15:00,170.00,,search,windows,山东省,青岛市,member,home,S003804,0,C202602,轻氧旅行,
B003804,U000382,P000029,轻盈食品饮料日常款,C02,食品饮料,cart,2026-05-29 10:27:00,91.00,1,taobao,mac,浙江省,杭州市,member,home,S003805,0,C202604,轻盈食品,
B003805,U000598,P000151,悦活美妆个护旗舰款,C01,美妆个护,pv,2026-05-12 19:01:00,38.00,,taobao,windows,福建省,厦门市,regular,home,S003806,0,C202603,悦活美妆,
B003806,U000390,P000132,轻氧家居日用便携装,C04,家居日用,cart,2026-03-24 20:39:00,91.00,1,search,android,上海市,上海市,member,home,S003807,0,C202603,轻氧家居,
B003807,U000156,P000040,原野数码配件套装,C05,数码配件,cart,2026-03-24 13:23:00,162.00,1,taobao,mac,浙江省,杭州市,member,search,S003808,0,C202605,原野数码,
B003808,U000411,P000133,悦活美妆个护升级版,C01,美妆个护,pv,2026-01-20 10:38:00,47.00,,wechat,mac,江苏省,南京市,member,home,S003809,0,C202606,悦活美妆,
B003809,U000576,P000122,臻选运动户外便携装,C07,运动户外,cart,2026-06-13 10:18:00,212.00,1,jd,android,福建省,厦门市,regular,search,S003810,0,C202606,臻选运动,
B003810,U000453,P000069,云感运动户外日常款,C07,运动户外,fav,2026-04-27 18:15:00,268.00,,wechat,android,四川省,成都市,regular,home,S003811,0,C202605,云感运动,
B003811,U000486,P000047,轻盈服饰便携装,C03,服饰,cart,2026-06-20 17:11:00,154.00,1,taobao,android,山东省,青岛市,regular,search,S003812,0,C202605,轻盈服饰,
B003812,U000827,P000038,臻选母婴用品升级版,C06,母婴用品,cart,2026-03-10 15:32:00,188.00,1,douyin,ios,上海市,上海市,new,product_detail,S003813,1,C202602,臻选母婴,
B003813,U000634,P000073,悦活家居日用升级版,C04,家居日用,pv,2026-02-15 14:08:00,147.00,,taobao,mac,广东省,深圳市,regular,home,S003814,0,C202603,悦活家居,
B003814,U000431,P000012,轻氧母婴用品便携装,C06,母婴用品,cart,2026-03-20 16:32:00,128.00,1,douyin,ios,山东省,青岛市,regular,category,S003815,0,C202602,轻氧母婴,
B003815,U000418,P000049,悦活数码配件日常款,C05,数码配件,pv,2026-04-28 12:54:00,141.00,,douyin,android,山东省,青岛市,member,product_detail,S003816,0,C202603,悦活数码,
B003816,U000578,P000031,悦活运动户外旗舰款,C07,运动户外,fav,2026-02-08 14:56:00,98.00,,wechat,windows,浙江省,杭州市,regular,search,S003817,0,C202601,悦活运动,
B003817,U000814,P000091,悦活母婴用品旗舰款,C06,母婴用品,pv,2026-03-25 18:53:00,87.00,,taobao,windows,北京市,北京市,regular,product_detail,S003818,0,C202606,悦活母婴,
B003818,U000373,P000016,原野运动户外旗舰款,C07,运动户外,cart,2026-01-10 13:47:00,164.00,1,jd,ios,福建省,厦门市,member,home,S003819,0,C202603,原野运动,
B003819,U000244,P000098,臻选家居日用升级版,C04,家居日用,pv,2026-03-12 18:48:00,90.00,,jd,mac,河南省,郑州市,member,home,S003820,0,C202601,臻选家居,
B003820,U000250,P000106,原野母婴用品旗舰款,C06,母婴用品,pv,2026-04-26 19:48:00,102.00,,search,mac,上海市,上海市,member,category,S003821,0,C202603,原野母婴,
B003821,U000780,P000055,悦活宠物用品套装,C08,宠物用品,pv,2026-03-31 20:53:00,100.00,,search,android,浙江省,杭州市,regular,search,S003822,0,C202602,悦活宠物,
B003822,U000566,P000162,轻氧食品饮料便携装,C02,食品饮料,pv,2026-01-26 22:47:00,73.00,,wechat,android,福建省,厦门市,regular,home,S003823,0,C202606,轻氧食品,
B003823,U000049,P000104,臻选旅行用品日常款,C10,旅行用品,fav,2026-03-02 11:21:00,352.00,,douyin,windows,北京市,北京市,high_value,home,S003824,0,C202602,臻选旅行,
B003824,U000694,P000076,原野美妆个护旗舰款,C01,美妆个护,pv,2026-06-01 18:01:00,77.00,,jd,ios,浙江省,杭州市,regular,category,S003825,0,C202606,原野美妆,
B003825,U000463,P000153,云感美妆个护升级版,C01,美妆个护,fav,2026-06-09 19:14:00,48.00,,search,ios,浙江省,杭州市,regular,category,S003826,0,C202601,云感美妆,
B003826,U000537,P000031,悦活运动户外旗舰款,C07,运动户外,fav,2026-06-19 23:46:00,98.00,,wechat,android,山东省,青岛市,regular,search,S003827,0,C202604,悦活运动,
B003827,U000451,P000030,轻氧家居日用套装,C04,家居日用,cart,2026-05-20 22:13:00,106.00,1,jd,mac,湖北省,武汉市,regular,search,S003828,0,C202605,轻氧家居,
B003828,U000406,P000153,云感美妆个护升级版,C01,美妆个护,fav,2026-04-15 17:22:00,48.00,,search,ios,上海市,上海市,member,category,S003829,0,C202603,云感美妆,
B003829,U000741,P000027,云感宠物用品便携装,C08,宠物用品,cart,2026-03-25 12:59:00,96.00,1,offline,android,福建省,厦门市,regular,category,S003830,0,C202604,云感宠物,
B003830,U000170,P000071,轻盈宠物用品旗舰款,C08,宠物用品,fav,2026-01-14 21:10:00,144.00,,taobao,android,山东省,青岛市,member,product_detail,S003831,0,C202604,轻盈宠物,
B003831,U000403,P000104,臻选旅行用品日常款,C10,旅行用品,pv,2026-05-08 10:29:00,352.00,,jd,windows,湖北省,武汉市,member,product_detail,S003832,0,C202602,臻选旅行,
B003832,U000692,P000111,云感宠物用品旗舰款,C08,宠物用品,cart,2026-01-22 10:30:00,117.00,1,jd,android,河南省,郑州市,regular,category,S003833,0,C202606,云感宠物,
B003833,U000292,P000035,轻盈家居日用套装,C04,家居日用,cart,2026-03-03 20:03:00,116.00,1,search,android,福建省,厦门市,member,home,S003834,0,C202604,轻盈家居,
B003834,U000819,P000121,悦活运动户外旗舰款,C07,运动户外,cart,2026-02-15 10:14:00,291.00,1,wechat,ios,广东省,深圳市,regular,category,S003835,0,C202604,悦活运动,
B003835,U000005,P000150,轻氧母婴用品套装,C06,母婴用品,cart,2026-03-16 09:42:00,76.00,1,wechat,mac,上海市,上海市,high_value,product_detail,S003836,0,C202601,轻氧母婴,
B003836,U000845,P000056,臻选旅行用品旗舰款,C10,旅行用品,pv,2026-03-12 17:04:00,443.00,,wechat,mac,上海市,上海市,new,category,S003837,1,C202606,臻选旅行,
B003837,U000281,P000018,轻氧生鲜升级版,C09,生鲜,cart,2026-02-09 17:47:00,81.00,1,taobao,android,湖北省,武汉市,member,search,S003838,0,C202603,轻氧生鲜,
B003838,U000011,P000165,云感生鲜套装,C09,生鲜,cart,2026-02-02 10:21:00,43.00,1,wechat,mac,浙江省,杭州市,high_value,search,S003839,0,C202606,云感生鲜,
B003839,U000303,P000107,轻盈运动户外便携装,C07,运动户外,cart,2026-01-09 13:17:00,176.00,1,wechat,android,北京市,北京市,member,search,S003840,0,C202601,轻盈运动,
B003840,U000011,P000158,臻选母婴用品升级版,C06,母婴用品,cart,2026-05-07 21:00:00,121.00,1,search,mac,浙江省,杭州市,high_value,product_detail,S003841,0,C202605,臻选母婴,
B003841,U000858,P000015,云感母婴用品套装,C06,母婴用品,cart,2026-03-09 08:58:00,128.00,1,taobao,android,上海市,上海市,new,home,S003842,1,C202602,云感母婴,
B003842,U000580,P000025,悦活宠物用品套装,C08,宠物用品,fav,2026-05-19 17:57:00,105.00,,wechat,ios,广东省,深圳市,regular,product_detail,S003843,0,C202604,悦活宠物,
B003843,U000355,P000050,臻选生鲜套装,C09,生鲜,pv,2026-05-28 11:02:00,108.00,,douyin,windows,浙江省,杭州市,member,category,S003844,0,C202606,臻选生鲜,
B003844,U000109,P000037,悦活运动户外便携装,C07,运动户外,pv,2026-02-11 14:49:00,152.00,,search,mac,上海市,上海市,high_value,product_detail,S003845,0,C202604,悦活运动,
B003845,U000671,P000133,悦活美妆个护升级版,C01,美妆个护,cart,2026-06-04 12:21:00,47.00,1,search,ios,河南省,郑州市,regular,category,S003846,0,C202605,悦活美妆,
B003846,U000367,P000060,轻氧数码配件套装,C05,数码配件,pv,2026-03-03 20:01:00,269.00,,jd,ios,江苏省,南京市,member,category,S003847,0,C202606,轻氧数码,
B003847,U000200,P000168,轻氧服饰升级版,C03,服饰,cart,2026-03-10 21:08:00,368.00,1,douyin,ios,浙江省,杭州市,member,category,S003848,0,C202606,轻氧服饰,
B003848,U000853,P000060,轻氧数码配件套装,C05,数码配件,fav,2026-01-13 16:17:00,269.00,,search,android,北京市,北京市,new,home,S003849,1,C202601,轻氧数码,
B003849,U000045,P000124,原野食品饮料日常款,C02,食品饮料,pv,2026-05-24 14:43:00,60.00,,offline,windows,福建省,厦门市,high_value,product_detail,S003850,0,C202602,原野食品,
B003850,U000869,P000025,悦活宠物用品套装,C08,宠物用品,cart,2026-03-03 17:41:00,105.00,1,douyin,windows,四川省,成都市,new,home,S003851,1,C202605,悦活宠物,
B003851,U000571,P000117,云感食品饮料便携装,C02,食品饮料,cart,2026-03-25 15:13:00,54.00,1,douyin,mac,浙江省,杭州市,regular,product_detail,S003852,0,C202604,云感食品,
B003852,U000582,P000169,悦活生鲜日常款,C09,生鲜,pv,2026-04-19 15:58:00,42.00,,wechat,windows,福建省,厦门市,regular,search,S003853,0,C202606,悦活生鲜,
B003853,U000558,P000106,原野母婴用品旗舰款,C06,母婴用品,cart,2026-05-27 23:14:00,102.00,1,jd,android,湖北省,武汉市,regular,home,S003854,0,C202606,原野母婴,
B003854,U000549,P000122,臻选运动户外便携装,C07,运动户外,cart,2026-06-17 15:39:00,212.00,1,douyin,windows,福建省,厦门市,regular,product_detail,S003855,0,C202604,臻选运动,
B003855,U000310,P000010,原野旅行用品套装,C10,旅行用品,pv,2026-06-09 10:27:00,302.00,,douyin,mac,江苏省,南京市,member,home,S003856,0,C202602,原野旅行,
B003856,U000686,P000131,轻盈生鲜旗舰款,C09,生鲜,fav,2026-03-19 22:24:00,85.00,,taobao,windows,四川省,成都市,regular,category,S003857,0,C202603,轻盈生鲜,
B003857,U000324,P000137,轻盈数码配件便携装,C05,数码配件,pv,2026-06-16 10:09:00,216.00,,jd,android,福建省,厦门市,member,search,S003858,0,C202604,轻盈数码,
B003858,U000815,P000094,原野运动户外日常款,C07,运动户外,pv,2026-02-12 16:59:00,136.00,,offline,mac,河南省,郑州市,regular,category,S003859,0,C202603,原野运动,
B003859,U000803,P000145,悦活宠物用品套装,C08,宠物用品,fav,2026-03-15 14:26:00,42.00,,taobao,windows,广东省,深圳市,regular,category,S003860,0,C202603,悦活宠物,
B003860,U000804,P000015,云感母婴用品套装,C06,母婴用品,cart,2026-02-11 15:53:00,128.00,1,offline,mac,上海市,上海市,regular,product_detail,S003861,0,C202603,云感母婴,
B003861,U000671,P000158,臻选母婴用品升级版,C06,母婴用品,pv,2026-03-30 11:05:00,121.00,,wechat,ios,河南省,郑州市,regular,home,S003862,0,C202601,臻选母婴,
B003862,U000733,P000172,原野宠物用品便携装,C08,宠物用品,fav,2026-03-15 23:53:00,99.00,,wechat,mac,福建省,厦门市,regular,category,S003863,0,C202603,原野宠物,
B003863,U000835,P000091,悦活母婴用品旗舰款,C06,母婴用品,fav,2026-02-03 17:37:00,87.00,,search,ios,四川省,成都市,new,home,S003864,1,C202606,悦活母婴,
B003864,U000110,P000049,悦活数码配件日常款,C05,数码配件,pv,2026-01-24 16:06:00,141.00,,jd,mac,福建省,厦门市,high_value,search,S003865,0,C202605,悦活数码,
B003865,U000554,P000005,轻盈数码配件套装,C05,数码配件,pv,2026-01-14 18:00:00,256.00,,wechat,mac,四川省,成都市,regular,search,S003866,0,C202603,轻盈数码,
B003866,U000845,P000122,臻选运动户外便携装,C07,运动户外,fav,2026-04-03 17:27:00,212.00,,jd,mac,上海市,上海市,new,search,S003867,1,C202602,臻选运动,
B003867,U000616,P000010,原野旅行用品套装,C10,旅行用品,fav,2026-05-07 11:23:00,302.00,,search,windows,广东省,深圳市,regular,search,S003868,0,C202606,原野旅行,
B003868,U000435,P000130,原野服饰套装,C03,服饰,fav,2026-04-12 19:25:00,194.00,,wechat,android,河南省,郑州市,regular,product_detail,S003869,0,C202606,原野服饰,
B003869,U000263,P000052,原野数码配件便携装,C05,数码配件,pv,2026-02-05 17:10:00,173.00,,offline,mac,山东省,青岛市,member,search,S003870,0,C202604,原野数码,
B003870,U000695,P000129,云感服饰日常款,C03,服饰,pv,2026-01-05 13:18:00,307.00,,search,mac,山东省,青岛市,regular,product_detail,S003871,0,C202602,云感服饰,
B003871,U000662,P000090,轻氧旅行用品套装,C10,旅行用品,cart,2026-03-16 13:08:00,170.00,1,douyin,mac,湖北省,武汉市,regular,search,S003872,0,C202601,轻氧旅行,
B003872,U000872,P000124,原野食品饮料日常款,C02,食品饮料,cart,2026-05-02 23:01:00,60.00,1,wechat,android,浙江省,杭州市,new,category,S003873,1,C202602,原野食品,
B003873,U000206,P000034,原野生鲜日常款,C09,生鲜,pv,2026-03-20 12:27:00,71.00,,douyin,mac,江苏省,南京市,member,search,S003874,0,C202605,原野生鲜,
B003874,U000090,P000029,轻盈食品饮料日常款,C02,食品饮料,cart,2026-04-01 11:46:00,91.00,1,offline,android,北京市,北京市,high_value,product_detail,S003875,0,C202605,轻盈食品,
B003875,U000301,P000022,原野母婴用品便携装,C06,母婴用品,pv,2026-04-20 16:51:00,190.00,,taobao,mac,湖北省,武汉市,member,category,S003876,0,C202604,原野母婴,
B003876,U000774,P000091,悦活母婴用品旗舰款,C06,母婴用品,pv,2026-05-19 15:33:00,87.00,,search,mac,湖北省,武汉市,regular,search,S003877,0,C202601,悦活母婴,
B003877,U000575,P000143,轻盈美妆个护升级版,C01,美妆个护,cart,2026-03-07 10:35:00,53.00,1,offline,windows,上海市,上海市,regular,product_detail,S003878,0,C202604,轻盈美妆,
B003878,U000850,P000014,臻选食品饮料日常款,C02,食品饮料,cart,2026-04-08 15:58:00,60.00,1,offline,windows,湖北省,武汉市,new,product_detail,S003879,1,C202605,臻选食品,
B003879,U000848,P000169,悦活生鲜日常款,C09,生鲜,cart,2026-01-14 19:10:00,42.00,1,jd,android,江苏省,南京市,new,search,S003880,1,C202606,悦活生鲜,
B003880,U000342,P000132,轻氧家居日用便携装,C04,家居日用,pv,2026-02-21 19:07:00,91.00,,douyin,mac,福建省,厦门市,member,home,S003881,0,C202605,轻氧家居,
B003881,U000724,P000136,原野运动户外旗舰款,C07,运动户外,pv,2026-02-02 18:36:00,169.00,,douyin,mac,河南省,郑州市,regular,category,S003882,0,C202601,原野运动,
B003882,U000612,P000102,轻氧母婴用品便携装,C06,母婴用品,fav,2026-02-23 11:03:00,104.00,,taobao,windows,四川省,成都市,regular,home,S003883,0,C202603,轻氧母婴,
B003883,U000679,P000076,原野美妆个护旗舰款,C01,美妆个护,pv,2026-04-29 11:43:00,77.00,,offline,windows,山东省,青岛市,regular,home,S003884,0,C202606,原野美妆,
B003884,U000845,P000104,臻选旅行用品日常款,C10,旅行用品,pv,2026-03-09 19:07:00,352.00,,offline,mac,上海市,上海市,new,home,S003885,1,C202602,臻选旅行,
B003885,U000033,P000119,轻盈宠物用品日常款,C08,宠物用品,cart,2026-01-23 13:20:00,99.00,1,search,mac,北京市,北京市,high_value,product_detail,S003886,0,C202605,轻盈宠物,
B003886,U000208,P000023,轻盈食品饮料升级版,C02,食品饮料,cart,2026-01-01 08:20:00,79.00,1,jd,ios,山东省,青岛市,member,category,S003887,0,C202603,轻盈食品,
B003887,U000281,P000001,悦活家居日用旗舰款,C04,家居日用,pv,2026-05-22 18:26:00,141.00,,wechat,android,湖北省,武汉市,member,home,S003888,0,C202603,悦活家居,
B003888,U000447,P000004,原野旅行用品日常款,C10,旅行用品,pv,2026-01-07 12:10:00,271.00,,search,ios,上海市,上海市,regular,home,S003889,0,C202606,原野旅行,
B003889,U000413,P000034,原野生鲜日常款,C09,生鲜,fav,2026-06-25 11:41:00,71.00,,wechat,mac,四川省,成都市,member,search,S003890,0,C202606,原野生鲜,
B003890,U000426,P000014,臻选食品饮料日常款,C02,食品饮料,cart,2026-03-05 20:59:00,60.00,1,jd,windows,广东省,深圳市,regular,home,S003891,0,C202605,臻选食品,
B003891,U000476,P000020,臻选数码配件套装,C05,数码配件,pv,2026-04-03 15:07:00,252.00,,wechat,windows,浙江省,杭州市,regular,home,S003892,0,C202601,臻选数码,
B003892,U000721,P000002,臻选服饰便携装,C03,服饰,pv,2026-03-11 12:27:00,332.00,,taobao,android,四川省,成都市,regular,home,S003893,0,C202602,臻选服饰,
B003893,U000087,P000064,原野宠物用品日常款,C08,宠物用品,cart,2026-02-04 16:14:00,140.00,1,offline,windows,福建省,厦门市,high_value,category,S003894,0,C202602,原野宠物,
B003894,U000221,P000120,轻氧宠物用品套装,C08,宠物用品,cart,2026-04-28 12:53:00,58.00,1,wechat,windows,河南省,郑州市,member,category,S003895,0,C202605,轻氧宠物,
B003895,U000627,P000044,臻选食品饮料日常款,C02,食品饮料,pv,2026-05-15 20:16:00,28.00,,jd,android,福建省,厦门市,regular,category,S003896,0,C202601,臻选食品,
B003896,U000458,P000136,原野运动户外旗舰款,C07,运动户外,pv,2026-04-05 22:16:00,169.00,,douyin,android,湖北省,武汉市,regular,search,S003897,0,C202602,原野运动,
B003897,U000863,P000077,轻盈服饰便携装,C03,服饰,fav,2026-05-05 17:06:00,279.00,,jd,ios,广东省,深圳市,new,search,S003898,1,C202602,轻盈服饰,
B003898,U000536,P000124,原野食品饮料日常款,C02,食品饮料,cart,2026-01-23 17:22:00,60.00,1,jd,windows,江苏省,南京市,regular,search,S003899,0,C202604,原野食品,
B003899,U000288,P000036,轻氧食品饮料旗舰款,C02,食品饮料,pv,2026-04-17 09:05:00,73.00,,search,windows,湖北省,武汉市,member,search,S003900,0,C202602,轻氧食品,
B003900,U000426,P000102,轻氧母婴用品便携装,C06,母婴用品,pv,2026-01-06 22:12:00,104.00,,offline,windows,广东省,深圳市,regular,product_detail,S003901,0,C202601,轻氧母婴,
B003901,U000064,P000084,轻氧服饰日常款,C03,服饰,cart,2026-01-03 09:33:00,130.00,1,douyin,windows,山东省,青岛市,high_value,search,S003902,0,C202604,轻氧服饰,
B003902,U000150,P000039,云感生鲜日常款,C09,生鲜,pv,2026-05-25 18:13:00,109.00,,taobao,windows,江苏省,南京市,member,category,S003903,0,C202605,云感生鲜,
B003903,U000754,P000079,悦活服饰日常款,C03,服饰,pv,2026-01-13 10:09:00,452.00,,taobao,mac,四川省,成都市,regular,search,S003904,0,C202601,悦活服饰,
B003904,U000631,P000125,轻盈生鲜套装,C09,生鲜,pv,2026-01-26 23:22:00,62.00,,search,ios,浙江省,杭州市,regular,category,S003905,0,C202601,轻盈生鲜,
B003905,U000598,P000091,悦活母婴用品旗舰款,C06,母婴用品,fav,2026-04-13 19:16:00,87.00,,douyin,windows,福建省,厦门市,regular,home,S003906,0,C202604,悦活母婴,
B003906,U000771,P000088,原野家居日用升级版,C04,家居日用,fav,2026-05-19 10:13:00,89.00,,jd,ios,四川省,成都市,regular,search,S003907,0,C202606,原野家居,
B003907,U000516,P000169,悦活生鲜日常款,C09,生鲜,pv,2026-04-17 13:19:00,42.00,,offline,windows,广东省,深圳市,regular,product_detail,S003908,0,C202601,悦活生鲜,
B003908,U000673,P000135,云感数码配件套装,C05,数码配件,pv,2026-01-07 15:15:00,182.00,,douyin,windows,广东省,深圳市,regular,home,S003909,0,C202601,云感数码,
B003909,U000867,P000016,原野运动户外旗舰款,C07,运动户外,cart,2026-02-19 10:37:00,164.00,1,jd,android,江苏省,南京市,new,product_detail,S003910,1,C202606,原野运动,
B003910,U000129,P000026,臻选生鲜旗舰款,C09,生鲜,fav,2026-06-02 18:45:00,88.00,,douyin,android,河南省,郑州市,member,category,S003911,0,C202603,臻选生鲜,
B003911,U000438,P000167,轻盈美妆个护便携装,C01,美妆个护,pv,2026-06-20 17:28:00,119.00,,douyin,windows,福建省,厦门市,regular,search,S003912,0,C202606,轻盈美妆,
B003912,U000510,P000050,臻选生鲜套装,C09,生鲜,pv,2026-06-08 13:58:00,108.00,,taobao,ios,北京市,北京市,regular,home,S003913,0,C202606,臻选生鲜,
B003913,U000263,P000046,原野食品饮料旗舰款,C02,食品饮料,pv,2026-04-11 08:18:00,69.00,,wechat,mac,山东省,青岛市,member,search,S003914,0,C202602,原野食品,
B003914,U000637,P000095,轻盈旅行用品套装,C10,旅行用品,cart,2026-06-13 17:37:00,577.00,1,taobao,windows,江苏省,南京市,regular,category,S003915,0,C202604,轻盈旅行,
B003915,U000496,P000041,轻盈家居日用旗舰款,C04,家居日用,pv,2026-05-16 08:28:00,166.00,,wechat,mac,湖北省,武汉市,regular,product_detail,S003916,0,C202604,轻盈家居,
B003916,U000072,P000037,悦活运动户外便携装,C07,运动户外,cart,2026-03-27 15:38:00,152.00,1,taobao,ios,四川省,成都市,high_value,search,S003917,0,C202602,悦活运动,
B003917,U000395,P000107,轻盈运动户外便携装,C07,运动户外,pv,2026-05-10 23:02:00,176.00,,wechat,windows,上海市,上海市,member,category,S003918,0,C202604,轻盈运动,
B003918,U000240,P000085,悦活家居日用套装,C04,家居日用,pv,2026-02-28 17:59:00,70.00,,search,windows,河南省,郑州市,member,product_detail,S003919,0,C202601,悦活家居,
B003919,U000757,P000060,轻氧数码配件套装,C05,数码配件,pv,2026-04-09 11:33:00,269.00,,search,windows,广东省,深圳市,regular,category,S003920,0,C202605,轻氧数码,
B003920,U000884,P000172,原野宠物用品便携装,C08,宠物用品,cart,2026-05-08 18:46:00,99.00,1,taobao,mac,福建省,厦门市,new,category,S003921,1,C202605,原野宠物,
B003921,U000437,P000133,悦活美妆个护升级版,C01,美妆个护,fav,2026-01-10 17:27:00,47.00,,wechat,windows,北京市,北京市,regular,search,S003922,0,C202601,悦活美妆,
B003922,U000660,P000104,臻选旅行用品日常款,C10,旅行用品,cart,2026-03-25 18:55:00,352.00,1,taobao,mac,上海市,上海市,regular,search,S003923,0,C202601,臻选旅行,
B003923,U000596,P000120,轻氧宠物用品套装,C08,宠物用品,cart,2026-06-26 15:35:00,58.00,1,search,mac,北京市,北京市,regular,search,S003924,0,C202606,轻氧宠物,
B003924,U000489,P000025,悦活宠物用品套装,C08,宠物用品,pv,2026-01-29 16:26:00,105.00,,taobao,mac,浙江省,杭州市,regular,search,S003925,0,C202602,悦活宠物,
B003925,U000504,P000055,悦活宠物用品套装,C08,宠物用品,cart,2026-02-14 13:55:00,100.00,1,douyin,mac,四川省,成都市,regular,home,S003926,0,C202602,悦活宠物,
B003926,U000094,P000135,云感数码配件套装,C05,数码配件,pv,2026-01-01 09:15:00,182.00,,wechat,ios,上海市,上海市,high_value,product_detail,S003927,0,C202602,云感数码,
B003927,U000255,P000012,轻氧母婴用品便携装,C06,母婴用品,pv,2026-05-27 11:11:00,128.00,,douyin,mac,湖北省,武汉市,member,category,S003928,0,C202606,轻氧母婴,
B003928,U000395,P000086,臻选数码配件旗舰款,C05,数码配件,pv,2026-04-02 10:32:00,150.00,,offline,windows,上海市,上海市,member,category,S003929,0,C202601,臻选数码,
B003929,U000182,P000073,悦活家居日用升级版,C04,家居日用,pv,2026-06-16 16:28:00,147.00,,taobao,android,河南省,郑州市,member,search,S003930,0,C202602,悦活家居,
B003930,U000650,P000154,原野生鲜日常款,C09,生鲜,cart,2026-04-13 09:32:00,103.00,1,taobao,android,上海市,上海市,regular,home,S003931,0,C202604,原野生鲜,
B003931,U000109,P000081,云感数码配件旗舰款,C05,数码配件,pv,2026-05-11 23:52:00,152.00,,offline,mac,上海市,上海市,high_value,category,S003932,0,C202606,云感数码,
B003932,U000761,P000117,云感食品饮料便携装,C02,食品饮料,pv,2026-04-26 10:56:00,54.00,,douyin,windows,福建省,厦门市,regular,product_detail,S003933,0,C202604,云感食品,
B003933,U000288,P000054,轻氧美妆个护日常款,C01,美妆个护,pv,2026-03-09 14:44:00,138.00,,search,windows,湖北省,武汉市,member,search,S003934,0,C202603,轻氧美妆,
B003934,U000713,P000057,云感数码配件便携装,C05,数码配件,cart,2026-01-11 08:12:00,79.00,1,taobao,android,广东省,深圳市,regular,search,S003935,0,C202606,云感数码,
B003935,U000396,P000039,云感生鲜日常款,C09,生鲜,fav,2026-01-03 16:12:00,109.00,,offline,windows,浙江省,杭州市,member,home,S003936,0,C202603,云感生鲜,
B003936,U000315,P000077,轻盈服饰便携装,C03,服饰,pv,2026-04-17 15:49:00,279.00,,douyin,android,江苏省,南京市,member,home,S003937,0,C202604,轻盈服饰,
B003937,U000817,P000078,轻氧运动户外升级版,C07,运动户外,pv,2026-06-02 17:38:00,332.00,,jd,windows,四川省,成都市,regular,search,S003938,0,C202604,轻氧运动,
B003938,U000265,P000049,悦活数码配件日常款,C05,数码配件,pv,2026-03-29 10:30:00,141.00,,search,android,山东省,青岛市,member,category,S003939,0,C202605,悦活数码,
B003939,U000812,P000098,臻选家居日用升级版,C04,家居日用,pv,2026-05-20 15:54:00,90.00,,search,android,湖北省,武汉市,regular,product_detail,S003940,0,C202602,臻选家居,
B003940,U000369,P000139,悦活运动户外日常款,C07,运动户外,cart,2026-05-11 14:40:00,358.00,1,douyin,ios,江苏省,南京市,member,category,S003941,0,C202602,悦活运动,
B003941,U000003,P000032,臻选生鲜便携装,C09,生鲜,pv,2026-06-19 09:11:00,71.00,,wechat,ios,山东省,青岛市,high_value,category,S003942,0,C202601,臻选生鲜,
B003942,U000627,P000131,轻盈生鲜旗舰款,C09,生鲜,cart,2026-02-28 23:40:00,85.00,1,douyin,android,福建省,厦门市,regular,search,S003943,0,C202601,轻盈生鲜,
B003943,U000493,P000060,轻氧数码配件套装,C05,数码配件,cart,2026-01-28 14:34:00,269.00,1,search,mac,江苏省,南京市,regular,search,S003944,0,C202606,轻氧数码,
B003944,U000363,P000038,臻选母婴用品升级版,C06,母婴用品,cart,2026-05-16 14:53:00,188.00,1,offline,ios,山东省,青岛市,member,home,S003945,0,C202606,臻选母婴,
B003945,U000527,P000009,云感数码配件日常款,C05,数码配件,fav,2026-06-20 12:44:00,295.00,,jd,android,江苏省,南京市,regular,home,S003946,0,C202604,云感数码,
B003946,U000079,P000124,原野食品饮料日常款,C02,食品饮料,pv,2026-04-29 23:18:00,60.00,,taobao,ios,上海市,上海市,high_value,category,S003947,0,C202604,原野食品,
B003947,U000020,P000083,轻盈运动户外升级版,C07,运动户外,pv,2026-05-12 17:00:00,227.00,,jd,ios,江苏省,南京市,high_value,product_detail,S003948,0,C202601,轻盈运动,
B003948,U000463,P000044,臻选食品饮料日常款,C02,食品饮料,pv,2026-04-11 13:38:00,28.00,,offline,ios,浙江省,杭州市,regular,product_detail,S003949,0,C202604,臻选食品,
B003949,U000312,P000023,轻盈食品饮料升级版,C02,食品饮料,pv,2026-02-04 10:38:00,79.00,,search,android,湖北省,武汉市,member,category,S003950,0,C202602,轻盈食品,
B003950,U000572,P000151,悦活美妆个护旗舰款,C01,美妆个护,fav,2026-04-16 22:09:00,38.00,,search,ios,四川省,成都市,regular,search,S003951,0,C202605,悦活美妆,
B003951,U000128,P000047,轻盈服饰便携装,C03,服饰,cart,2026-01-23 12:43:00,154.00,1,search,ios,江苏省,南京市,member,home,S003952,0,C202604,轻盈服饰,
B003952,U000890,P000073,悦活家居日用升级版,C04,家居日用,cart,2026-06-08 22:43:00,147.00,1,offline,windows,浙江省,杭州市,new,search,S003953,1,C202603,悦活家居,
B003953,U000508,P000014,臻选食品饮料日常款,C02,食品饮料,cart,2026-05-20 16:44:00,60.00,1,search,android,河南省,郑州市,regular,home,S003954,0,C202602,臻选食品,
B003954,U000459,P000004,原野旅行用品日常款,C10,旅行用品,pv,2026-05-17 14:29:00,271.00,,wechat,ios,湖北省,武汉市,regular,search,S003955,0,C202604,原野旅行,
B003955,U000110,P000141,云感数码配件旗舰款,C05,数码配件,pv,2026-03-13 11:58:00,220.00,,search,mac,福建省,厦门市,high_value,product_detail,S003956,0,C202603,云感数码,
B003956,U000454,P000028,原野数码配件升级版,C05,数码配件,pv,2026-02-25 14:29:00,158.00,,douyin,mac,河南省,郑州市,regular,home,S003957,0,C202601,原野数码,
B003957,U000467,P000122,臻选运动户外便携装,C07,运动户外,fav,2026-01-28 20:38:00,212.00,,jd,mac,湖北省,武汉市,regular,search,S003958,0,C202606,臻选运动,
B003958,U000590,P000152,臻选数码配件便携装,C05,数码配件,pv,2026-06-15 22:58:00,302.00,,taobao,windows,江苏省,南京市,regular,product_detail,S003959,0,C202605,臻选数码,
B003959,U000038,P000005,轻盈数码配件套装,C05,数码配件,pv,2026-05-21 23:13:00,256.00,,jd,windows,四川省,成都市,high_value,category,S003960,0,C202602,轻盈数码,
B003960,U000620,P000032,臻选生鲜便携装,C09,生鲜,fav,2026-02-03 20:58:00,71.00,,taobao,windows,北京市,北京市,regular,search,S003961,0,C202602,臻选生鲜,
B003961,U000133,P000054,轻氧美妆个护日常款,C01,美妆个护,pv,2026-04-16 15:22:00,138.00,,taobao,ios,广东省,深圳市,member,product_detail,S003962,0,C202604,轻氧美妆,
B003962,U000050,P000166,原野服饰旗舰款,C03,服饰,fav,2026-06-04 22:42:00,378.00,,offline,windows,河南省,郑州市,high_value,product_detail,S003963,0,C202604,原野服饰,
B003963,U000337,P000003,云感生鲜升级版,C09,生鲜,pv,2026-06-18 16:11:00,73.00,,offline,mac,福建省,厦门市,member,home,S003964,0,C202602,云感生鲜,
B003964,U000046,P000096,轻氧数码配件旗舰款,C05,数码配件,pv,2026-03-08 14:53:00,88.00,,wechat,mac,湖北省,武汉市,high_value,category,S003965,0,C202601,轻氧数码,
B003965,U000821,P000013,悦活食品饮料升级版,C02,食品饮料,cart,2026-02-22 13:01:00,91.00,1,jd,ios,山东省,青岛市,new,product_detail,S003966,1,C202606,悦活食品,
B003966,U000347,P000142,原野母婴用品便携装,C06,母婴用品,pv,2026-01-27 17:47:00,161.00,,wechat,mac,河南省,郑州市,member,search,S003967,0,C202601,原野母婴,
B003967,U000600,P000151,悦活美妆个护旗舰款,C01,美妆个护,cart,2026-05-04 09:41:00,38.00,1,search,mac,上海市,上海市,regular,product_detail,S003968,0,C202601,悦活美妆,
B003968,U000738,P000058,原野生鲜升级版,C09,生鲜,pv,2026-06-15 13:06:00,44.00,,wechat,mac,浙江省,杭州市,regular,search,S003969,0,C202605,原野生鲜,
B003969,U000055,P000041,轻盈家居日用旗舰款,C04,家居日用,cart,2026-06-12 18:27:00,166.00,1,taobao,windows,广东省,深圳市,high_value,category,S003970,0,C202606,轻盈家居,
B003970,U000165,P000118,原野美妆个护升级版,C01,美妆个护,cart,2026-04-22 12:26:00,133.00,1,jd,ios,浙江省,杭州市,member,search,S003971,0,C202603,原野美妆,
B003971,U000620,P000021,云感宠物用品旗舰款,C08,宠物用品,pv,2026-06-03 23:56:00,160.00,,wechat,windows,北京市,北京市,regular,home,S003972,0,C202603,云感宠物,
B003972,U000439,P000109,悦活旅行用品日常款,C10,旅行用品,pv,2026-01-28 21:48:00,614.00,,search,mac,福建省,厦门市,regular,search,S003973,0,C202604,悦活旅行,
B003973,U000672,P000149,轻盈家居日用日常款,C04,家居日用,pv,2026-04-04 18:59:00,110.00,,jd,windows,上海市,上海市,regular,home,S003974,0,C202606,轻盈家居,
B003974,U000846,P000074,臻选美妆个护日常款,C01,美妆个护,cart,2026-02-28 18:52:00,71.00,1,jd,mac,山东省,青岛市,new,category,S003975,1,C202603,臻选美妆,
B003975,U000580,P000054,轻氧美妆个护日常款,C01,美妆个护,pv,2026-05-27 17:06:00,138.00,,search,ios,广东省,深圳市,regular,home,S003976,0,C202605,轻氧美妆,
B003976,U000042,P000055,悦活宠物用品套装,C08,宠物用品,pv,2026-05-07 15:26:00,100.00,,search,ios,湖北省,武汉市,high_value,category,S003977,0,C202602,悦活宠物,
B003977,U000643,P000078,轻氧运动户外升级版,C07,运动户外,cart,2026-03-21 09:04:00,332.00,1,jd,mac,四川省,成都市,regular,product_detail,S003978,0,C202604,轻氧运动,
B003978,U000674,P000064,原野宠物用品日常款,C08,宠物用品,pv,2026-04-13 10:09:00,140.00,,douyin,mac,江苏省,南京市,regular,product_detail,S003979,0,C202605,原野宠物,
B003979,U000219,P000102,轻氧母婴用品便携装,C06,母婴用品,cart,2026-05-20 12:08:00,104.00,1,search,mac,湖北省,武汉市,member,category,S003980,0,C202602,轻氧母婴,
B003980,U000180,P000150,轻氧母婴用品套装,C06,母婴用品,pv,2026-03-18 23:00:00,76.00,,wechat,windows,河南省,郑州市,member,product_detail,S003981,0,C202604,轻氧母婴,
B003981,U000437,P000103,悦活美妆个护升级版,C01,美妆个护,fav,2026-03-30 17:52:00,76.00,,taobao,windows,北京市,北京市,regular,home,S003982,0,C202606,悦活美妆,
B003982,U000353,P000038,臻选母婴用品升级版,C06,母婴用品,pv,2026-02-14 20:49:00,188.00,,jd,windows,河南省,郑州市,member,search,S003983,0,C202602,臻选母婴,
B003983,U000677,P000035,轻盈家居日用套装,C04,家居日用,cart,2026-06-21 11:22:00,116.00,1,offline,android,上海市,上海市,regular,product_detail,S003984,0,C202603,轻盈家居,
B003984,U000052,P000168,轻氧服饰升级版,C03,服饰,pv,2026-03-12 09:30:00,368.00,,search,android,北京市,北京市,high_value,category,S003985,0,C202605,轻氧服饰,
B003985,U000248,P000103,悦活美妆个护升级版,C01,美妆个护,cart,2026-02-26 23:34:00,76.00,1,taobao,windows,浙江省,杭州市,member,home,S003986,0,C202604,悦活美妆,
B003986,U000016,P000055,悦活宠物用品套装,C08,宠物用品,pv,2026-03-19 12:06:00,100.00,,douyin,ios,江苏省,南京市,high_value,product_detail,S003987,0,C202602,悦活宠物,
B003987,U000285,P000036,轻氧食品饮料旗舰款,C02,食品饮料,pv,2026-01-13 15:16:00,73.00,,wechat,mac,浙江省,杭州市,member,product_detail,S003988,0,C202605,轻氧食品,
B003988,U000074,P000163,悦活生鲜升级版,C09,生鲜,pv,2026-02-10 09:30:00,69.00,,offline,ios,福建省,厦门市,high_value,home,S003989,0,C202605,悦活生鲜,
B003989,U000057,P000109,悦活旅行用品日常款,C10,旅行用品,pv,2026-02-15 15:47:00,614.00,,jd,android,北京市,北京市,high_value,home,S003990,0,C202602,悦活旅行,
B003990,U000723,P000162,轻氧食品饮料便携装,C02,食品饮料,cart,2026-01-21 21:52:00,73.00,1,jd,mac,上海市,上海市,regular,search,S003991,0,C202601,轻氧食品,
B003991,U000141,P000164,臻选食品饮料日常款,C02,食品饮料,pv,2026-06-28 13:16:00,73.00,,search,ios,湖北省,武汉市,member,product_detail,S003992,0,C202601,臻选食品,
B003992,U000271,P000016,原野运动户外旗舰款,C07,运动户外,pv,2026-04-09 21:09:00,164.00,,offline,android,河南省,郑州市,member,product_detail,S003993,0,C202605,原野运动,
B003993,U000494,P000148,原野数码配件升级版,C05,数码配件,fav,2026-04-11 13:18:00,136.00,,taobao,android,广东省,深圳市,regular,product_detail,S003994,0,C202602,原野数码,
B003994,U000198,P000043,悦活服饰升级版,C03,服饰,cart,2026-03-31 15:44:00,237.00,1,offline,ios,湖北省,武汉市,member,search,S003995,0,C202606,悦活服饰,
B003995,U000401,P000005,轻盈数码配件套装,C05,数码配件,pv,2026-02-15 12:46:00,256.00,,search,android,浙江省,杭州市,member,product_detail,S003996,0,C202602,轻盈数码,
B003996,U000048,P000080,臻选家居日用套装,C04,家居日用,fav,2026-03-01 14:04:00,148.00,,taobao,ios,河南省,郑州市,high_value,home,S003997,0,C202603,臻选家居,
B003997,U000832,P000123,云感宠物用品升级版,C08,宠物用品,cart,2026-01-24 22:06:00,83.00,1,search,mac,四川省,成都市,new,search,S003998,1,C202603,云感宠物,
B003998,U000741,P000051,云感宠物用品旗舰款,C08,宠物用品,cart,2026-01-31 12:49:00,64.00,1,wechat,android,福建省,厦门市,regular,product_detail,S003999,0,C202601,云感宠物,
B003999,U000874,P000127,悦活食品饮料便携装,C02,食品饮料,pv,2026-06-24 15:36:00,39.00,,offline,windows,上海市,上海市,new,home,S004000,1,C202602,悦活食品,
B004000,U000704,P000139,悦活运动户外日常款,C07,运动户外,pv,2026-03-12 11:59:00,358.00,,search,mac,江苏省,南京市,regular,product_detail,S004001,0,C202605,悦活运动,
B004001,U000612,P000007,悦活服饰便携装,C03,服饰,pv,2026-06-23 11:19:00,344.00,,douyin,windows,四川省,成都市,regular,product_detail,S004002,0,C202606,悦活服饰,
B004002,U000613,P000169,悦活生鲜日常款,C09,生鲜,pv,2026-01-21 18:28:00,42.00,,search,windows,江苏省,南京市,regular,search,S004003,0,C202602,悦活生鲜,
B004003,U000793,P000067,悦活旅行用品便携装,C10,旅行用品,pv,2026-02-09 23:33:00,195.00,,offline,ios,河南省,郑州市,regular,category,S004004,0,C202605,悦活旅行,
B004004,U000575,P000084,轻氧服饰日常款,C03,服饰,pv,2026-02-22 14:57:00,130.00,,offline,windows,上海市,上海市,regular,category,S004005,0,C202606,轻氧服饰,
B004005,U000795,P000010,原野旅行用品套装,C10,旅行用品,cart,2026-01-02 09:41:00,302.00,1,taobao,windows,湖北省,武汉市,regular,product_detail,S004006,0,C202606,原野旅行,
B004006,U000763,P000006,轻氧母婴用品旗舰款,C06,母婴用品,pv,2026-03-21 09:23:00,161.00,,jd,windows,山东省,青岛市,regular,home,S004007,0,C202605,轻氧母婴,
B004007,U000111,P000140,臻选食品饮料套装,C02,食品饮料,pv,2026-06-27 23:45:00,71.00,,douyin,ios,浙江省,杭州市,high_value,home,S004008,0,C202601,臻选食品,
B004008,U000831,P000137,轻盈数码配件便携装,C05,数码配件,pv,2026-03-16 17:43:00,216.00,,search,windows,浙江省,杭州市,new,home,S004009,1,C202606,轻盈数码,
B004009,U000593,P000027,云感宠物用品便携装,C08,宠物用品,cart,2026-02-11 12:38:00,96.00,1,wechat,mac,湖北省,武汉市,regular,category,S004010,0,C202606,云感宠物,
B004010,U000462,P000061,悦活家居日用旗舰款,C04,家居日用,cart,2026-02-01 19:19:00,157.00,1,douyin,ios,北京市,北京市,regular,search,S004011,0,C202603,悦活家居,
B004011,U000332,P000003,云感生鲜升级版,C09,生鲜,cart,2026-02-19 09:02:00,73.00,1,wechat,windows,广东省,深圳市,member,product_detail,S004012,0,C202601,云感生鲜,
B004012,U000549,P000156,轻氧母婴用品旗舰款,C06,母婴用品,pv,2026-01-03 20:26:00,153.00,,douyin,windows,福建省,厦门市,regular,product_detail,S004013,0,C202601,轻氧母婴,
B004013,U000707,P000003,云感生鲜升级版,C09,生鲜,cart,2026-06-08 09:57:00,73.00,1,taobao,ios,浙江省,杭州市,regular,search,S004014,0,C202601,云感生鲜,
B004014,U000661,P000047,轻盈服饰便携装,C03,服饰,cart,2026-04-11 23:17:00,154.00,1,douyin,windows,福建省,厦门市,regular,search,S004015,0,C202602,轻盈服饰,
B004015,U000486,P000148,原野数码配件升级版,C05,数码配件,cart,2026-06-07 12:32:00,136.00,1,taobao,android,山东省,青岛市,regular,home,S004016,0,C202605,原野数码,
B004016,U000442,P000051,云感宠物用品旗舰款,C08,宠物用品,cart,2026-03-25 11:39:00,64.00,1,jd,ios,湖北省,武汉市,regular,category,S004017,0,C202604,云感宠物,
B004017,U000584,P000115,悦活美妆个护套装,C01,美妆个护,pv,2026-03-20 09:39:00,86.00,,offline,ios,江苏省,南京市,regular,category,S004018,0,C202601,悦活美妆,
B004018,U000777,P000094,原野运动户外日常款,C07,运动户外,fav,2026-05-09 21:48:00,136.00,,wechat,ios,浙江省,杭州市,regular,search,S004019,0,C202601,原野运动,
B004019,U000209,P000023,轻盈食品饮料升级版,C02,食品饮料,pv,2026-01-01 12:17:00,79.00,,taobao,ios,河南省,郑州市,member,home,S004020,0,C202606,轻盈食品,
B004020,U000624,P000100,原野运动户外套装,C07,运动户外,pv,2026-06-22 14:38:00,235.00,,douyin,mac,湖北省,武汉市,regular,product_detail,S004021,0,C202601,原野运动,
B004021,U000885,P000054,轻氧美妆个护日常款,C01,美妆个护,pv,2026-05-05 23:46:00,138.00,,search,mac,江苏省,南京市,new,category,S004022,1,C202603,轻氧美妆,
B004022,U000083,P000039,云感生鲜日常款,C09,生鲜,pv,2026-04-17 14:44:00,109.00,,douyin,windows,浙江省,杭州市,high_value,home,S004023,0,C202606,云感生鲜,
B004023,U000574,P000074,臻选美妆个护日常款,C01,美妆个护,cart,2026-05-12 08:19:00,71.00,1,wechat,ios,广东省,深圳市,regular,category,S004024,0,C202606,臻选美妆,
B004024,U000525,P000155,轻盈生鲜套装,C09,生鲜,cart,2026-03-27 09:09:00,106.00,1,taobao,mac,广东省,深圳市,regular,home,S004025,0,C202606,轻盈生鲜,
B004025,U000102,P000036,轻氧食品饮料旗舰款,C02,食品饮料,fav,2026-05-28 11:00:00,73.00,,douyin,mac,北京市,北京市,high_value,home,S004026,0,C202605,轻氧食品,
B004026,U000658,P000110,臻选美妆个护套装,C01,美妆个护,fav,2026-04-08 22:36:00,81.00,,douyin,android,江苏省,南京市,regular,home,S004027,0,C202605,臻选美妆,
B004027,U000700,P000119,轻盈宠物用品日常款,C08,宠物用品,pv,2026-06-18 11:42:00,99.00,,offline,ios,广东省,深圳市,regular,search,S004028,0,C202606,轻盈宠物,
B004028,U000303,P000061,悦活家居日用旗舰款,C04,家居日用,cart,2026-05-24 18:18:00,157.00,1,search,android,北京市,北京市,member,search,S004029,0,C202603,悦活家居,
B004029,U000573,P000137,轻盈数码配件便携装,C05,数码配件,pv,2026-04-11 13:11:00,216.00,,taobao,mac,北京市,北京市,regular,category,S004030,0,C202604,轻盈数码,
B004030,U000111,P000029,轻盈食品饮料日常款,C02,食品饮料,pv,2026-06-27 09:38:00,91.00,,douyin,ios,浙江省,杭州市,high_value,category,S004031,0,C202605,轻盈食品,
B004031,U000120,P000069,云感运动户外日常款,C07,运动户外,fav,2026-02-07 22:31:00,268.00,,wechat,windows,广东省,深圳市,high_value,product_detail,S004032,0,C202603,云感运动,
B004032,U000606,P000038,臻选母婴用品升级版,C06,母婴用品,cart,2026-05-04 08:15:00,188.00,1,wechat,android,四川省,成都市,regular,home,S004033,0,C202606,臻选母婴,
B004033,U000695,P000155,轻盈生鲜套装,C09,生鲜,pv,2026-05-29 09:33:00,106.00,,search,mac,山东省,青岛市,regular,home,S004034,0,C202606,轻盈生鲜,
B004034,U000308,P000090,轻氧旅行用品套装,C10,旅行用品,pv,2026-06-22 19:43:00,170.00,,jd,mac,北京市,北京市,member,home,S004035,0,C202604,轻氧旅行,
B004035,U000004,P000109,悦活旅行用品日常款,C10,旅行用品,pv,2026-06-28 20:44:00,614.00,,search,ios,四川省,成都市,high_value,product_detail,S004036,0,C202603,悦活旅行,
B004036,U000482,P000140,臻选食品饮料套装,C02,食品饮料,pv,2026-05-15 11:40:00,71.00,,wechat,ios,北京市,北京市,regular,home,S004037,0,C202604,臻选食品,
B004037,U000726,P000137,轻盈数码配件便携装,C05,数码配件,pv,2026-02-12 19:53:00,216.00,,taobao,windows,江苏省,南京市,regular,category,S004038,0,C202602,轻盈数码,
B004038,U000031,P000128,臻选旅行用品升级版,C10,旅行用品,pv,2026-04-10 14:12:00,514.00,,wechat,mac,江苏省,南京市,high_value,home,S004039,0,C202602,臻选旅行,
B004039,U000144,P000098,臻选家居日用升级版,C04,家居日用,cart,2026-05-06 20:19:00,90.00,1,wechat,windows,广东省,深圳市,member,search,S004040,0,C202604,臻选家居,
B004040,U000650,P000055,悦活宠物用品套装,C08,宠物用品,pv,2026-03-26 16:19:00,100.00,,douyin,android,上海市,上海市,regular,search,S004041,0,C202603,悦活宠物,
B004041,U000318,P000042,轻氧美妆个护便携装,C01,美妆个护,pv,2026-04-11 16:01:00,69.00,,jd,windows,四川省,成都市,member,category,S004042,0,C202602,轻氧美妆,
B004042,U000082,P000019,悦活家居日用日常款,C04,家居日用,fav,2026-04-03 22:09:00,71.00,,search,windows,上海市,上海市,high_value,search,S004043,0,C202606,悦活家居,
B004043,U000567,P000034,原野生鲜日常款,C09,生鲜,pv,2026-05-30 17:11:00,71.00,,search,mac,上海市,上海市,regular,search,S004044,0,C202602,原野生鲜,
B004044,U000660,P000156,轻氧母婴用品旗舰款,C06,母婴用品,cart,2026-03-16 23:20:00,153.00,1,search,mac,上海市,上海市,regular,category,S004045,0,C202606,轻氧母婴,
B004045,U000338,P000007,悦活服饰便携装,C03,服饰,cart,2026-06-20 21:32:00,344.00,1,search,android,上海市,上海市,member,home,S004046,0,C202602,悦活服饰,
B004046,U000001,P000105,云感运动户外套装,C07,运动户外,pv,2026-04-02 08:18:00,142.00,,taobao,mac,北京市,北京市,high_value,category,S004047,0,C202605,云感运动,
B004047,U000629,P000036,轻氧食品饮料旗舰款,C02,食品饮料,cart,2026-02-10 15:50:00,73.00,1,taobao,android,山东省,青岛市,regular,home,S004048,0,C202603,轻氧食品,
B004048,U000323,P000168,轻氧服饰升级版,C03,服饰,pv,2026-05-09 17:43:00,368.00,,offline,android,湖北省,武汉市,member,search,S004049,0,C202602,轻氧服饰,
B004049,U000153,P000092,臻选服饰便携装,C03,服饰,pv,2026-03-27 20:24:00,291.00,,wechat,windows,河南省,郑州市,member,product_detail,S004050,0,C202606,臻选服饰,
B004050,U000038,P000147,云感数码配件便携装,C05,数码配件,fav,2026-05-31 21:14:00,281.00,,taobao,windows,四川省,成都市,high_value,search,S004051,0,C202601,云感数码,
B004051,U000388,P000061,悦活家居日用旗舰款,C04,家居日用,cart,2026-06-13 18:40:00,157.00,1,wechat,windows,河南省,郑州市,member,category,S004052,0,C202602,悦活家居,
B004052,U000691,P000061,悦活家居日用旗舰款,C04,家居日用,cart,2026-01-31 11:20:00,157.00,1,wechat,android,山东省,青岛市,regular,search,S004053,0,C202602,悦活家居,
B004053,U000699,P000022,原野母婴用品便携装,C06,母婴用品,pv,2026-03-25 17:55:00,190.00,,search,android,北京市,北京市,regular,category,S004054,0,C202604,原野母婴,
B004054,U000638,P000059,轻盈美妆个护日常款,C01,美妆个护,cart,2026-04-16 17:11:00,52.00,1,douyin,windows,上海市,上海市,regular,product_detail,S004055,0,C202605,轻盈美妆,
B004055,U000292,P000138,轻氧数码配件升级版,C05,数码配件,pv,2026-02-14 12:28:00,150.00,,douyin,android,福建省,厦门市,member,search,S004056,0,C202602,轻氧数码,
B004056,U000098,P000130,原野服饰套装,C03,服饰,cart,2026-05-15 19:35:00,194.00,1,search,windows,福建省,厦门市,high_value,product_detail,S004057,0,C202605,原野服饰,
B004057,U000453,P000151,悦活美妆个护旗舰款,C01,美妆个护,cart,2026-03-13 08:20:00,38.00,1,offline,android,四川省,成都市,regular,product_detail,S004058,0,C202604,悦活美妆,
B004058,U000895,P000104,臻选旅行用品日常款,C10,旅行用品,cart,2026-04-06 10:28:00,352.00,1,search,windows,江苏省,南京市,new,search,S004059,1,C202603,臻选旅行,
B004059,U000801,P000040,原野数码配件套装,C05,数码配件,pv,2026-03-14 10:23:00,162.00,,taobao,mac,江苏省,南京市,regular,search,S004060,0,C202606,原野数码,
B004060,U000806,P000151,悦活美妆个护旗舰款,C01,美妆个护,pv,2026-01-27 18:08:00,38.00,,search,android,河南省,郑州市,regular,product_detail,S004061,0,C202602,悦活美妆,
B004061,U000479,P000094,原野运动户外日常款,C07,运动户外,pv,2026-04-17 11:54:00,136.00,,jd,windows,湖北省,武汉市,regular,category,S004062,0,C202606,原野运动,
B004062,U000400,P000116,臻选数码配件旗舰款,C05,数码配件,pv,2026-02-10 23:52:00,228.00,,jd,mac,广东省,深圳市,member,home,S004063,0,C202601,臻选数码,
B004063,U000237,P000124,原野食品饮料日常款,C02,食品饮料,pv,2026-02-06 21:35:00,60.00,,jd,ios,江苏省,南京市,member,home,S004064,0,C202603,原野食品,
B004064,U000625,P000154,原野生鲜日常款,C09,生鲜,cart,2026-06-04 20:43:00,103.00,1,search,android,上海市,上海市,regular,category,S004065,0,C202601,原野生鲜,
B004065,U000721,P000133,悦活美妆个护升级版,C01,美妆个护,pv,2026-06-05 18:11:00,47.00,,search,android,四川省,成都市,regular,search,S004066,0,C202606,悦活美妆,
B004066,U000094,P000127,悦活食品饮料便携装,C02,食品饮料,pv,2026-01-25 08:54:00,39.00,,jd,ios,上海市,上海市,high_value,home,S004067,0,C202602,悦活食品,
B004067,U000144,P000108,轻氧母婴用品升级版,C06,母婴用品,cart,2026-06-24 20:16:00,86.00,1,search,windows,广东省,深圳市,member,product_detail,S004068,0,C202602,轻氧母婴,
B004068,U000781,P000043,悦活服饰升级版,C03,服饰,cart,2026-05-20 20:45:00,237.00,1,taobao,android,广东省,深圳市,regular,home,S004069,0,C202601,悦活服饰,
B004069,U000551,P000047,轻盈服饰便携装,C03,服饰,pv,2026-06-04 12:09:00,154.00,,offline,android,湖北省,武汉市,regular,product_detail,S004070,0,C202606,轻盈服饰,
B004070,U000680,P000015,云感母婴用品套装,C06,母婴用品,pv,2026-05-22 23:08:00,128.00,,taobao,mac,福建省,厦门市,regular,category,S004071,0,C202604,云感母婴,
B004071,U000682,P000010,原野旅行用品套装,C10,旅行用品,cart,2026-06-15 17:39:00,302.00,1,search,windows,上海市,上海市,regular,product_detail,S004072,0,C202603,原野旅行,
B004072,U000362,P000172,原野宠物用品便携装,C08,宠物用品,cart,2026-03-02 17:21:00,99.00,1,search,ios,广东省,深圳市,member,home,S004073,0,C202605,原野宠物,
B004073,U000617,P000033,云感美妆个护升级版,C01,美妆个护,fav,2026-05-19 18:56:00,88.00,,wechat,ios,北京市,北京市,regular,search,S004074,0,C202606,云感美妆,
B004074,U000075,P000110,臻选美妆个护套装,C01,美妆个护,cart,2026-01-26 18:06:00,81.00,1,jd,mac,江苏省,南京市,high_value,home,S004075,0,C202602,臻选美妆,
B004075,U000305,P000106,原野母婴用品旗舰款,C06,母婴用品,pv,2026-02-10 10:25:00,102.00,,offline,ios,上海市,上海市,member,search,S004076,0,C202606,原野母婴,
B004076,U000068,P000023,轻盈食品饮料升级版,C02,食品饮料,pv,2026-05-31 17:54:00,79.00,,jd,windows,四川省,成都市,high_value,product_detail,S004077,0,C202602,轻盈食品,
B004077,U000532,P000164,臻选食品饮料日常款,C02,食品饮料,pv,2026-04-22 12:44:00,73.00,,douyin,android,山东省,青岛市,regular,search,S004078,0,C202603,臻选食品,
B004078,U000603,P000112,原野生鲜便携装,C09,生鲜,pv,2026-06-05 18:00:00,113.00,,douyin,windows,上海市,上海市,regular,product_detail,S004079,0,C202604,原野生鲜,
B004079,U000677,P000085,悦活家居日用套装,C04,家居日用,fav,2026-05-20 21:28:00,70.00,,jd,android,上海市,上海市,regular,search,S004080,0,C202602,悦活家居,
B004080,U000447,P000096,轻氧数码配件旗舰款,C05,数码配件,pv,2026-01-24 12:14:00,88.00,,offline,ios,上海市,上海市,regular,home,S004081,0,C202603,轻氧数码,
B004081,U000700,P000056,臻选旅行用品旗舰款,C10,旅行用品,pv,2026-03-04 14:56:00,443.00,,offline,ios,广东省,深圳市,regular,category,S004082,0,C202605,臻选旅行,
B004082,U000848,P000078,轻氧运动户外升级版,C07,运动户外,pv,2026-01-09 12:44:00,332.00,,taobao,android,江苏省,南京市,new,product_detail,S004083,1,C202606,轻氧运动,
B004083,U000052,P000029,轻盈食品饮料日常款,C02,食品饮料,pv,2026-02-01 22:52:00,91.00,,jd,android,北京市,北京市,high_value,search,S004084,0,C202603,轻盈食品,
B004084,U000678,P000130,原野服饰套装,C03,服饰,pv,2026-02-04 23:18:00,194.00,,douyin,windows,浙江省,杭州市,regular,search,S004085,0,C202601,原野服饰,
B004085,U000574,P000100,原野运动户外套装,C07,运动户外,pv,2026-03-12 13:31:00,235.00,,jd,ios,广东省,深圳市,regular,product_detail,S004086,0,C202602,原野运动,
B004086,U000431,P000037,悦活运动户外便携装,C07,运动户外,pv,2026-04-24 22:45:00,152.00,,jd,ios,山东省,青岛市,regular,home,S004087,0,C202605,悦活运动,
B004087,U000797,P000033,云感美妆个护升级版,C01,美妆个护,fav,2026-05-15 18:49:00,88.00,,offline,windows,山东省,青岛市,regular,search,S004088,0,C202602,云感美妆,
B004088,U000644,P000043,悦活服饰升级版,C03,服饰,cart,2026-01-04 15:35:00,237.00,1,search,mac,山东省,青岛市,regular,search,S004089,0,C202606,悦活服饰,
B004089,U000298,P000136,原野运动户外旗舰款,C07,运动户外,cart,2026-03-19 22:26:00,169.00,1,search,ios,江苏省,南京市,member,product_detail,S004090,0,C202603,原野运动,
B004090,U000277,P000033,云感美妆个护升级版,C01,美妆个护,cart,2026-04-08 19:37:00,88.00,1,search,ios,福建省,厦门市,member,category,S004091,0,C202606,云感美妆,
B004091,U000346,P000149,轻盈家居日用日常款,C04,家居日用,pv,2026-02-27 13:33:00,110.00,,jd,windows,山东省,青岛市,member,product_detail,S004092,0,C202603,轻盈家居,
B004092,U000221,P000067,悦活旅行用品便携装,C10,旅行用品,pv,2026-06-20 16:54:00,195.00,,wechat,windows,河南省,郑州市,member,category,S004093,0,C202605,悦活旅行,
B004093,U000268,P000141,云感数码配件旗舰款,C05,数码配件,fav,2026-04-10 13:20:00,220.00,,jd,android,江苏省,南京市,member,home,S004094,0,C202602,云感数码,
B004094,U000077,P000154,原野生鲜日常款,C09,生鲜,pv,2026-02-22 18:36:00,103.00,,jd,android,福建省,厦门市,high_value,category,S004095,0,C202606,原野生鲜,
B004095,U000718,P000139,悦活运动户外日常款,C07,运动户外,pv,2026-02-07 14:33:00,358.00,,offline,mac,河南省,郑州市,regular,search,S004096,0,C202604,悦活运动,
B004096,U000735,P000018,轻氧生鲜升级版,C09,生鲜,pv,2026-03-04 14:10:00,81.00,,search,ios,山东省,青岛市,regular,category,S004097,0,C202601,轻氧生鲜,
B004097,U000611,P000080,臻选家居日用套装,C04,家居日用,pv,2026-01-06 19:56:00,148.00,,douyin,windows,河南省,郑州市,regular,category,S004098,0,C202603,臻选家居,
B004098,U000273,P000023,轻盈食品饮料升级版,C02,食品饮料,cart,2026-05-01 14:24:00,79.00,1,taobao,android,湖北省,武汉市,member,category,S004099,0,C202603,轻盈食品,
B004099,U000027,P000115,悦活美妆个护套装,C01,美妆个护,pv,2026-04-29 18:47:00,86.00,,taobao,mac,浙江省,杭州市,high_value,category,S004100,0,C202603,悦活美妆,
B004100,U000306,P000110,臻选美妆个护套装,C01,美妆个护,pv,2026-02-14 19:18:00,81.00,,wechat,ios,福建省,厦门市,member,home,S004101,0,C202604,臻选美妆,
B004101,U000089,P000142,原野母婴用品便携装,C06,母婴用品,pv,2026-03-03 17:59:00,161.00,,jd,ios,湖北省,武汉市,high_value,home,S004102,0,C202604,原野母婴,
B004102,U000819,P000155,轻盈生鲜套装,C09,生鲜,pv,2026-04-09 19:55:00,106.00,,offline,ios,广东省,深圳市,regular,category,S004103,0,C202602,轻盈生鲜,
B004103,U000675,P000092,臻选服饰便携装,C03,服饰,pv,2026-04-14 13:42:00,291.00,,wechat,windows,北京市,北京市,regular,product_detail,S004104,0,C202601,臻选服饰,
B004104,U000164,P000072,轻氧美妆个护便携装,C01,美妆个护,pv,2026-03-09 17:27:00,122.00,,taobao,ios,上海市,上海市,member,search,S004105,0,C202605,轻氧美妆,
B004105,U000445,P000149,轻盈家居日用日常款,C04,家居日用,cart,2026-02-17 15:23:00,110.00,1,douyin,mac,福建省,厦门市,regular,product_detail,S004106,0,C202605,轻盈家居,
B004106,U000885,P000092,臻选服饰便携装,C03,服饰,pv,2026-01-25 19:46:00,291.00,,wechat,mac,江苏省,南京市,new,category,S004107,1,C202604,臻选服饰,
B004107,U000793,P000129,云感服饰日常款,C03,服饰,fav,2026-03-26 18:53:00,307.00,,wechat,ios,河南省,郑州市,regular,product_detail,S004108,0,C202606,云感服饰,
B004108,U000592,P000092,臻选服饰便携装,C03,服饰,fav,2026-04-27 17:06:00,291.00,,douyin,mac,山东省,青岛市,regular,category,S004109,0,C202602,臻选服饰,
B004109,U000874,P000117,云感食品饮料便携装,C02,食品饮料,pv,2026-01-25 08:07:00,54.00,,jd,windows,上海市,上海市,new,product_detail,S004110,1,C202602,云感食品,
B004110,U000324,P000108,轻氧母婴用品升级版,C06,母婴用品,cart,2026-01-27 15:52:00,86.00,1,douyin,android,福建省,厦门市,member,home,S004111,0,C202602,轻氧母婴,
B004111,U000498,P000035,轻盈家居日用套装,C04,家居日用,cart,2026-05-16 13:10:00,116.00,1,wechat,windows,山东省,青岛市,regular,product_detail,S004112,0,C202604,轻盈家居,
B004112,U000453,P000093,云感生鲜升级版,C09,生鲜,cart,2026-01-24 19:48:00,39.00,1,douyin,android,四川省,成都市,regular,home,S004113,0,C202606,云感生鲜,
B004113,U000777,P000013,悦活食品饮料升级版,C02,食品饮料,cart,2026-04-09 19:06:00,91.00,1,taobao,ios,浙江省,杭州市,regular,category,S004114,0,C202605,悦活食品,
B004114,U000305,P000109,悦活旅行用品日常款,C10,旅行用品,fav,2026-04-22 11:14:00,614.00,,jd,ios,上海市,上海市,member,product_detail,S004115,0,C202601,悦活旅行,
B004115,U000748,P000063,云感母婴用品升级版,C06,母婴用品,pv,2026-06-18 15:10:00,165.00,,search,windows,江苏省,南京市,regular,category,S004116,0,C202602,云感母婴,
B004116,U000099,P000083,轻盈运动户外升级版,C07,运动户外,cart,2026-06-26 12:29:00,227.00,1,wechat,windows,上海市,上海市,high_value,search,S004117,0,C202605,轻盈运动,
B004117,U000423,P000055,悦活宠物用品套装,C08,宠物用品,pv,2026-01-19 08:48:00,100.00,,douyin,windows,浙江省,杭州市,regular,home,S004118,0,C202603,悦活宠物,
B004118,U000782,P000018,轻氧生鲜升级版,C09,生鲜,pv,2026-03-31 09:52:00,81.00,,offline,mac,湖北省,武汉市,regular,category,S004119,0,C202602,轻氧生鲜,
B004119,U000735,P000082,原野旅行用品便携装,C10,旅行用品,pv,2026-03-09 22:38:00,253.00,,search,ios,山东省,青岛市,regular,home,S004120,0,C202603,原野旅行,
B004120,U000459,P000075,云感母婴用品套装,C06,母婴用品,fav,2026-06-04 22:47:00,82.00,,douyin,ios,湖北省,武汉市,regular,search,S004121,0,C202605,云感母婴,
B004121,U000148,P000044,臻选食品饮料日常款,C02,食品饮料,pv,2026-01-20 21:36:00,28.00,,taobao,windows,福建省,厦门市,member,search,S004122,0,C202604,臻选食品,
B004122,U000773,P000005,轻盈数码配件套装,C05,数码配件,pv,2026-01-26 22:29:00,256.00,,taobao,android,上海市,上海市,regular,category,S004123,0,C202602,轻盈数码,
B004123,U000843,P000144,轻氧美妆个护日常款,C01,美妆个护,fav,2026-04-06 20:16:00,118.00,,douyin,mac,福建省,厦门市,new,category,S004124,1,C202605,轻氧美妆,
B004124,U000371,P000162,轻氧食品饮料便携装,C02,食品饮料,cart,2026-06-05 13:41:00,73.00,1,wechat,windows,上海市,上海市,member,home,S004125,0,C202605,轻氧食品,
B004125,U000739,P000019,悦活家居日用日常款,C04,家居日用,cart,2026-01-22 19:00:00,71.00,1,wechat,ios,湖北省,武汉市,regular,product_detail,S004126,0,C202601,悦活家居,
B004126,U000437,P000127,悦活食品饮料便携装,C02,食品饮料,pv,2026-03-04 08:19:00,39.00,,wechat,windows,北京市,北京市,regular,home,S004127,0,C202601,悦活食品,
B004127,U000452,P000010,原野旅行用品套装,C10,旅行用品,cart,2026-06-16 18:41:00,302.00,1,taobao,mac,江苏省,南京市,regular,category,S004128,0,C202601,原野旅行,
B004128,U000693,P000011,轻盈旅行用品旗舰款,C10,旅行用品,fav,2026-01-02 08:27:00,224.00,,wechat,mac,浙江省,杭州市,regular,home,S004129,0,C202601,轻盈旅行,
B004129,U000698,P000122,臻选运动户外便携装,C07,运动户外,pv,2026-06-06 18:14:00,212.00,,taobao,android,山东省,青岛市,regular,home,S004130,0,C202603,臻选运动,
B004130,U000594,P000050,臻选生鲜套装,C09,生鲜,pv,2026-04-14 21:16:00,108.00,,douyin,ios,广东省,深圳市,regular,product_detail,S004131,0,C202606,臻选生鲜,
B004131,U000787,P000098,臻选家居日用升级版,C04,家居日用,pv,2026-02-19 23:46:00,90.00,,offline,mac,江苏省,南京市,regular,home,S004132,0,C202603,臻选家居,
B004132,U000603,P000003,云感生鲜升级版,C09,生鲜,pv,2026-05-09 10:39:00,73.00,,douyin,windows,上海市,上海市,regular,search,S004133,0,C202602,云感生鲜,
B004133,U000694,P000159,云感旅行用品日常款,C10,旅行用品,fav,2026-01-01 08:51:00,514.00,,offline,ios,浙江省,杭州市,regular,search,S004134,0,C202603,云感旅行,
B004134,U000029,P000062,臻选旅行用品便携装,C10,旅行用品,pv,2026-04-02 08:09:00,226.00,,offline,windows,四川省,成都市,high_value,home,S004135,0,C202606,臻选旅行,
B004135,U000715,P000002,臻选服饰便携装,C03,服饰,cart,2026-04-10 15:27:00,332.00,1,taobao,windows,湖北省,武汉市,regular,home,S004136,0,C202603,臻选服饰,
B004136,U000496,P000101,轻盈生鲜旗舰款,C09,生鲜,pv,2026-06-01 08:45:00,111.00,,douyin,mac,湖北省,武汉市,regular,home,S004137,0,C202606,轻盈生鲜,
B004137,U000518,P000088,原野家居日用升级版,C04,家居日用,cart,2026-04-09 19:30:00,89.00,1,taobao,ios,上海市,上海市,regular,home,S004138,0,C202605,原野家居,
B004138,U000157,P000165,云感生鲜套装,C09,生鲜,pv,2026-01-18 14:55:00,43.00,,taobao,ios,上海市,上海市,member,category,S004139,0,C202604,云感生鲜,
B004139,U000652,P000017,轻盈食品饮料便携装,C02,食品饮料,fav,2026-05-17 19:04:00,71.00,,wechat,mac,河南省,郑州市,regular,home,S004140,0,C202604,轻盈食品,
B004140,U000014,P000133,悦活美妆个护升级版,C01,美妆个护,pv,2026-03-03 17:39:00,47.00,,jd,ios,湖北省,武汉市,high_value,category,S004141,0,C202602,悦活美妆,
B004141,U000230,P000136,原野运动户外旗舰款,C07,运动户外,pv,2026-01-16 08:41:00,169.00,,douyin,ios,山东省,青岛市,member,product_detail,S004142,0,C202602,原野运动,
B004142,U000750,P000105,云感运动户外套装,C07,运动户外,fav,2026-05-01 23:50:00,142.00,,search,windows,福建省,厦门市,regular,home,S004143,0,C202605,云感运动,
B004143,U000251,P000021,云感宠物用品旗舰款,C08,宠物用品,fav,2026-05-31 18:19:00,160.00,,search,android,福建省,厦门市,member,home,S004144,0,C202602,云感宠物,
B004144,U000673,P000064,原野宠物用品日常款,C08,宠物用品,fav,2026-03-29 11:59:00,140.00,,jd,windows,广东省,深圳市,regular,product_detail,S004145,0,C202605,原野宠物,
B004145,U000243,P000118,原野美妆个护升级版,C01,美妆个护,pv,2026-01-26 11:23:00,133.00,,douyin,ios,广东省,深圳市,member,product_detail,S004146,0,C202604,原野美妆,
B004146,U000362,P000133,悦活美妆个护升级版,C01,美妆个护,cart,2026-05-31 09:20:00,47.00,1,wechat,ios,广东省,深圳市,member,product_detail,S004147,0,C202603,悦活美妆,
B004147,U000045,P000046,原野食品饮料旗舰款,C02,食品饮料,fav,2026-06-29 20:43:00,69.00,,taobao,windows,福建省,厦门市,high_value,product_detail,S004148,0,C202604,原野食品,
B004148,U000285,P000073,悦活家居日用升级版,C04,家居日用,pv,2026-01-23 09:07:00,147.00,,search,mac,浙江省,杭州市,member,home,S004149,0,C202606,悦活家居,
B004149,U000789,P000024,轻氧食品饮料日常款,C02,食品饮料,pv,2026-01-17 11:57:00,55.00,,search,android,山东省,青岛市,regular,category,S004150,0,C202605,轻氧食品,
B004150,U000889,P000103,悦活美妆个护升级版,C01,美妆个护,cart,2026-02-14 16:50:00,76.00,1,wechat,android,广东省,深圳市,new,category,S004151,1,C202605,悦活美妆,
B004151,U000397,P000053,轻盈服饰升级版,C03,服饰,pv,2026-02-14 16:11:00,262.00,,offline,mac,江苏省,南京市,member,category,S004152,0,C202601,轻盈服饰,
B004152,U000775,P000139,悦活运动户外日常款,C07,运动户外,cart,2026-05-06 22:20:00,358.00,1,wechat,mac,江苏省,南京市,regular,category,S004153,0,C202603,悦活运动,
B004153,U000471,P000166,原野服饰旗舰款,C03,服饰,pv,2026-05-10 21:21:00,378.00,,offline,mac,上海市,上海市,regular,product_detail,S004154,0,C202604,原野服饰,
B004154,U000653,P000055,悦活宠物用品套装,C08,宠物用品,cart,2026-03-22 18:36:00,100.00,1,search,windows,北京市,北京市,regular,category,S004155,0,C202601,悦活宠物,
B004155,U000272,P000071,轻盈宠物用品旗舰款,C08,宠物用品,pv,2026-01-17 10:56:00,144.00,,search,windows,北京市,北京市,member,search,S004156,0,C202604,轻盈宠物,
B004156,U000848,P000052,原野数码配件便携装,C05,数码配件,pv,2026-05-10 08:21:00,173.00,,offline,android,江苏省,南京市,new,home,S004157,1,C202603,原野数码,
B004157,U000176,P000097,悦活母婴用品便携装,C06,母婴用品,pv,2026-02-20 18:56:00,123.00,,jd,android,湖北省,武汉市,member,search,S004158,0,C202601,悦活母婴,
B004158,U000202,P000159,云感旅行用品日常款,C10,旅行用品,pv,2026-02-26 22:49:00,514.00,,search,mac,山东省,青岛市,member,category,S004159,0,C202603,云感旅行,
B004159,U000423,P000020,臻选数码配件套装,C05,数码配件,pv,2026-04-01 18:54:00,252.00,,douyin,windows,浙江省,杭州市,regular,category,S004160,0,C202602,臻选数码,
B004160,U000050,P000165,云感生鲜套装,C09,生鲜,pv,2026-01-13 22:24:00,43.00,,offline,windows,河南省,郑州市,high_value,category,S004161,0,C202604,云感生鲜,
B004161,U000820,P000019,悦活家居日用日常款,C04,家居日用,pv,2026-03-28 13:11:00,71.00,,search,windows,上海市,上海市,regular,product_detail,S004162,0,C202601,悦活家居,
B004162,U000259,P000150,轻氧母婴用品套装,C06,母婴用品,fav,2026-06-10 18:08:00,76.00,,offline,android,上海市,上海市,member,search,S004163,0,C202603,轻氧母婴,
B004163,U000478,P000112,原野生鲜便携装,C09,生鲜,pv,2026-05-15 18:27:00,113.00,,taobao,android,北京市,北京市,regular,home,S004164,0,C202601,原野生鲜,
B004164,U000535,P000111,云感宠物用品旗舰款,C08,宠物用品,fav,2026-02-28 16:25:00,117.00,,taobao,android,上海市,上海市,regular,home,S004165,0,C202606,云感宠物,
B004165,U000749,P000030,轻氧家居日用套装,C04,家居日用,cart,2026-06-26 20:11:00,106.00,1,taobao,windows,山东省,青岛市,regular,category,S004166,0,C202604,轻氧家居,
B004166,U000272,P000165,云感生鲜套装,C09,生鲜,pv,2026-04-17 18:22:00,43.00,,search,windows,北京市,北京市,member,search,S004167,0,C202604,云感生鲜,
B004167,U000342,P000046,原野食品饮料旗舰款,C02,食品饮料,cart,2026-05-02 19:00:00,69.00,1,douyin,mac,福建省,厦门市,member,product_detail,S004168,0,C202602,原野食品,
B004168,U000236,P000171,云感生鲜旗舰款,C09,生鲜,pv,2026-06-05 20:55:00,30.00,,search,ios,湖北省,武汉市,member,search,S004169,0,C202605,云感生鲜,
B004169,U000607,P000134,臻选数码配件日常款,C05,数码配件,cart,2026-01-31 12:39:00,120.00,1,douyin,windows,湖北省,武汉市,regular,product_detail,S004170,0,C202605,臻选数码,
B004170,U000836,P000113,轻盈旅行用品升级版,C10,旅行用品,fav,2026-01-22 19:25:00,483.00,,wechat,windows,上海市,上海市,new,home,S004171,1,C202602,轻盈旅行,
B004171,U000373,P000032,臻选生鲜便携装,C09,生鲜,cart,2026-03-31 14:44:00,71.00,1,taobao,ios,福建省,厦门市,member,category,S004172,0,C202601,臻选生鲜,
B004172,U000181,P000036,轻氧食品饮料旗舰款,C02,食品饮料,pv,2026-04-13 11:04:00,73.00,,taobao,android,四川省,成都市,member,search,S004173,0,C202602,轻氧食品,
B004173,U000349,P000086,臻选数码配件旗舰款,C05,数码配件,cart,2026-03-10 17:55:00,150.00,1,offline,ios,浙江省,杭州市,member,home,S004174,0,C202603,臻选数码,
B004174,U000889,P000084,轻氧服饰日常款,C03,服饰,cart,2026-03-28 18:10:00,130.00,1,taobao,android,广东省,深圳市,new,search,S004175,1,C202605,轻氧服饰,
B004175,U000394,P000047,轻盈服饰便携装,C03,服饰,fav,2026-01-29 16:49:00,154.00,,douyin,mac,广东省,深圳市,member,category,S004176,0,C202606,轻盈服饰,
B004176,U000324,P000078,轻氧运动户外升级版,C07,运动户外,pv,2026-03-08 13:24:00,332.00,,search,android,福建省,厦门市,member,category,S004177,0,C202602,轻氧运动,
B004177,U000266,P000167,轻盈美妆个护便携装,C01,美妆个护,fav,2026-05-22 18:03:00,119.00,,taobao,windows,湖北省,武汉市,member,search,S004178,0,C202602,轻盈美妆,
B004178,U000621,P000056,臻选旅行用品旗舰款,C10,旅行用品,fav,2026-06-27 15:16:00,443.00,,douyin,android,上海市,上海市,regular,category,S004179,0,C202602,臻选旅行,
B004179,U000532,P000122,臻选运动户外便携装,C07,运动户外,fav,2026-06-06 17:27:00,212.00,,search,android,山东省,青岛市,regular,home,S004180,0,C202602,臻选运动,
B004180,U000779,P000119,轻盈宠物用品日常款,C08,宠物用品,pv,2026-06-09 19:43:00,99.00,,douyin,windows,上海市,上海市,regular,search,S004181,0,C202601,轻盈宠物,
B004181,U000148,P000168,轻氧服饰升级版,C03,服饰,cart,2026-04-26 12:08:00,368.00,1,wechat,windows,福建省,厦门市,member,search,S004182,0,C202603,轻氧服饰,
B004182,U000524,P000105,云感运动户外套装,C07,运动户外,pv,2026-02-03 08:51:00,142.00,,wechat,android,湖北省,武汉市,regular,product_detail,S004183,0,C202601,云感运动,
B004183,U000819,P000017,轻盈食品饮料便携装,C02,食品饮料,pv,2026-03-17 10:53:00,71.00,,offline,ios,广东省,深圳市,regular,search,S004184,0,C202604,轻盈食品,
B004184,U000365,P000055,悦活宠物用品套装,C08,宠物用品,cart,2026-06-08 08:54:00,100.00,1,offline,ios,四川省,成都市,member,category,S004185,0,C202602,悦活宠物,
B004185,U000793,P000003,云感生鲜升级版,C09,生鲜,pv,2026-04-21 09:24:00,73.00,,taobao,ios,河南省,郑州市,regular,search,S004186,0,C202605,云感生鲜,
B004186,U000790,P000146,臻选生鲜旗舰款,C09,生鲜,cart,2026-01-12 18:41:00,112.00,1,taobao,mac,江苏省,南京市,regular,home,S004187,0,C202603,臻选生鲜,
B004187,U000283,P000149,轻盈家居日用日常款,C04,家居日用,cart,2026-02-16 18:15:00,110.00,1,douyin,windows,湖北省,武汉市,member,product_detail,S004188,0,C202604,轻盈家居,
B004188,U000804,P000159,云感旅行用品日常款,C10,旅行用品,fav,2026-03-28 12:32:00,514.00,,search,mac,上海市,上海市,regular,search,S004189,0,C202603,云感旅行,
B004189,U000645,P000164,臻选食品饮料日常款,C02,食品饮料,cart,2026-03-04 22:33:00,73.00,1,taobao,android,山东省,青岛市,regular,category,S004190,0,C202603,臻选食品,
B004190,U000021,P000003,云感生鲜升级版,C09,生鲜,pv,2026-06-12 21:22:00,73.00,,taobao,ios,山东省,青岛市,high_value,product_detail,S004191,0,C202605,云感生鲜,
B004191,U000110,P000156,轻氧母婴用品旗舰款,C06,母婴用品,fav,2026-04-12 12:40:00,153.00,,douyin,mac,福建省,厦门市,high_value,product_detail,S004192,0,C202604,轻氧母婴,
B004192,U000844,P000157,悦活旅行用品便携装,C10,旅行用品,fav,2026-01-27 12:54:00,436.00,,douyin,ios,北京市,北京市,new,product_detail,S004193,1,C202602,悦活旅行,
B004193,U000324,P000030,轻氧家居日用套装,C04,家居日用,fav,2026-04-11 10:38:00,106.00,,wechat,android,福建省,厦门市,member,home,S004194,0,C202602,轻氧家居,
B004194,U000622,P000107,轻盈运动户外便携装,C07,运动户外,pv,2026-05-02 09:18:00,176.00,,search,ios,河南省,郑州市,regular,product_detail,S004195,0,C202604,轻盈运动,
B004195,U000373,P000131,轻盈生鲜旗舰款,C09,生鲜,pv,2026-05-03 20:00:00,85.00,,search,ios,福建省,厦门市,member,product_detail,S004196,0,C202601,轻盈生鲜,
B004196,U000779,P000166,原野服饰旗舰款,C03,服饰,cart,2026-06-13 15:29:00,378.00,1,douyin,windows,上海市,上海市,regular,category,S004197,0,C202604,原野服饰,
B004197,U000174,P000056,臻选旅行用品旗舰款,C10,旅行用品,fav,2026-02-11 22:20:00,443.00,,offline,mac,上海市,上海市,member,category,S004198,0,C202606,臻选旅行,
B004198,U000484,P000092,臻选服饰便携装,C03,服饰,pv,2026-01-01 23:57:00,291.00,,offline,windows,河南省,郑州市,regular,product_detail,S004199,0,C202601,臻选服饰,
B004199,U000740,P000147,云感数码配件便携装,C05,数码配件,cart,2026-05-13 11:32:00,281.00,1,jd,android,山东省,青岛市,regular,category,S004200,0,C202602,云感数码,
B004200,U000300,P000097,悦活母婴用品便携装,C06,母婴用品,pv,2026-03-28 17:09:00,123.00,,douyin,android,湖北省,武汉市,member,product_detail,S004201,0,C202601,悦活母婴,
B004201,U000443,P000122,臻选运动户外便携装,C07,运动户外,fav,2026-05-23 23:26:00,212.00,,taobao,android,上海市,上海市,regular,home,S004202,0,C202605,臻选运动,
B004202,U000370,P000163,悦活生鲜升级版,C09,生鲜,cart,2026-05-31 17:17:00,69.00,1,offline,android,河南省,郑州市,member,product_detail,S004203,0,C202601,悦活生鲜,
B004203,U000515,P000093,云感生鲜升级版,C09,生鲜,pv,2026-02-23 19:03:00,39.00,,taobao,ios,上海市,上海市,regular,product_detail,S004204,0,C202606,云感生鲜,
B004204,U000703,P000157,悦活旅行用品便携装,C10,旅行用品,fav,2026-01-20 20:34:00,436.00,,offline,android,湖北省,武汉市,regular,search,S004205,0,C202605,悦活旅行,
B004205,U000464,P000112,原野生鲜便携装,C09,生鲜,pv,2026-02-12 10:44:00,113.00,,offline,android,浙江省,杭州市,regular,home,S004206,0,C202606,原野生鲜,
B004206,U000779,P000169,悦活生鲜日常款,C09,生鲜,cart,2026-03-16 23:34:00,42.00,1,taobao,windows,上海市,上海市,regular,product_detail,S004207,0,C202605,悦活生鲜,
B004207,U000778,P000166,原野服饰旗舰款,C03,服饰,pv,2026-02-25 15:10:00,378.00,,offline,windows,浙江省,杭州市,regular,search,S004208,0,C202603,原野服饰,
B004208,U000214,P000024,轻氧食品饮料日常款,C02,食品饮料,cart,2026-03-06 17:39:00,55.00,1,taobao,ios,上海市,上海市,member,search,S004209,0,C202602,轻氧食品,
B004209,U000623,P000107,轻盈运动户外便携装,C07,运动户外,cart,2026-05-08 17:01:00,176.00,1,search,android,江苏省,南京市,regular,home,S004210,0,C202603,轻盈运动,
B004210,U000136,P000140,臻选食品饮料套装,C02,食品饮料,pv,2026-03-11 08:54:00,71.00,,taobao,windows,湖北省,武汉市,member,search,S004211,0,C202605,臻选食品,
B004211,U000818,P000007,悦活服饰便携装,C03,服饰,fav,2026-05-22 19:08:00,344.00,,search,mac,河南省,郑州市,regular,home,S004212,0,C202604,悦活服饰,
B004212,U000241,P000100,原野运动户外套装,C07,运动户外,pv,2026-01-22 21:01:00,235.00,,douyin,mac,江苏省,南京市,member,search,S004213,0,C202606,原野运动,
B004213,U000311,P000154,原野生鲜日常款,C09,生鲜,cart,2026-06-10 13:26:00,103.00,1,douyin,ios,上海市,上海市,member,category,S004214,0,C202601,原野生鲜,
B004214,U000038,P000065,轻盈生鲜套装,C09,生鲜,fav,2026-06-13 21:02:00,41.00,,wechat,windows,四川省,成都市,high_value,product_detail,S004215,0,C202601,轻盈生鲜,
B004215,U000185,P000004,原野旅行用品日常款,C10,旅行用品,cart,2026-06-11 21:10:00,271.00,1,offline,ios,山东省,青岛市,member,category,S004216,0,C202601,原野旅行,
B004216,U000040,P000066,轻氧母婴用品旗舰款,C06,母婴用品,fav,2026-04-24 14:40:00,76.00,,jd,windows,北京市,北京市,high_value,search,S004217,0,C202604,轻氧母婴,
B004217,U000598,P000154,原野生鲜日常款,C09,生鲜,pv,2026-02-11 18:41:00,103.00,,douyin,windows,福建省,厦门市,regular,category,S004218,0,C202602,原野生鲜,
B004218,U000156,P000168,轻氧服饰升级版,C03,服饰,pv,2026-01-23 12:36:00,368.00,,wechat,mac,浙江省,杭州市,member,home,S004219,0,C202603,轻氧服饰,
B004219,U000798,P000082,原野旅行用品便携装,C10,旅行用品,fav,2026-03-29 12:17:00,253.00,,jd,ios,江苏省,南京市,regular,search,S004220,0,C202606,原野旅行,
B004220,U000758,P000170,臻选生鲜套装,C09,生鲜,pv,2026-02-15 17:35:00,77.00,,douyin,ios,四川省,成都市,regular,home,S004221,0,C202606,臻选生鲜,
B004221,U000794,P000122,臻选运动户外便携装,C07,运动户外,pv,2026-06-26 10:45:00,212.00,,wechat,ios,北京市,北京市,regular,product_detail,S004222,0,C202602,臻选运动,
B004222,U000670,P000069,云感运动户外日常款,C07,运动户外,cart,2026-04-10 18:36:00,268.00,1,taobao,android,福建省,厦门市,regular,category,S004223,0,C202604,云感运动,
B004223,U000188,P000104,臻选旅行用品日常款,C10,旅行用品,pv,2026-01-29 10:59:00,352.00,,jd,android,浙江省,杭州市,member,home,S004224,0,C202602,臻选旅行,
B004224,U000402,P000001,悦活家居日用旗舰款,C04,家居日用,pv,2026-02-15 14:48:00,141.00,,search,mac,福建省,厦门市,member,category,S004225,0,C202602,悦活家居,
B004225,U000764,P000048,轻氧宠物用品升级版,C08,宠物用品,fav,2026-03-08 08:07:00,142.00,,jd,android,广东省,深圳市,regular,home,S004226,0,C202601,轻氧宠物,
B004226,U000688,P000060,轻氧数码配件套装,C05,数码配件,fav,2026-06-29 21:44:00,269.00,,offline,ios,福建省,厦门市,regular,home,S004227,0,C202605,轻氧数码,
B004227,U000467,P000042,轻氧美妆个护便携装,C01,美妆个护,pv,2026-03-14 13:20:00,69.00,,offline,mac,湖北省,武汉市,regular,home,S004228,0,C202602,轻氧美妆,
B004228,U000223,P000110,臻选美妆个护套装,C01,美妆个护,cart,2026-06-13 09:59:00,81.00,1,offline,ios,北京市,北京市,member,home,S004229,0,C202604,臻选美妆,
B004229,U000419,P000048,轻氧宠物用品升级版,C08,宠物用品,pv,2026-04-11 09:38:00,142.00,,offline,android,湖北省,武汉市,member,home,S004230,0,C202604,轻氧宠物,
B004230,U000178,P000040,原野数码配件套装,C05,数码配件,fav,2026-02-06 17:12:00,162.00,,douyin,android,浙江省,杭州市,member,search,S004231,0,C202604,原野数码,
B004231,U000239,P000013,悦活食品饮料升级版,C02,食品饮料,fav,2026-03-26 15:17:00,91.00,,jd,windows,山东省,青岛市,member,product_detail,S004232,0,C202601,悦活食品,
B004232,U000045,P000116,臻选数码配件旗舰款,C05,数码配件,pv,2026-04-21 17:06:00,228.00,,offline,windows,福建省,厦门市,high_value,product_detail,S004233,0,C202603,臻选数码,
B004233,U000612,P000123,云感宠物用品升级版,C08,宠物用品,pv,2026-01-22 17:35:00,83.00,,jd,windows,四川省,成都市,regular,product_detail,S004234,0,C202602,云感宠物,
B004234,U000609,P000127,悦活食品饮料便携装,C02,食品饮料,fav,2026-03-08 13:42:00,39.00,,taobao,windows,浙江省,杭州市,regular,category,S004235,0,C202604,悦活食品,
B004235,U000809,P000122,臻选运动户外便携装,C07,运动户外,cart,2026-06-24 08:29:00,212.00,1,search,ios,福建省,厦门市,regular,home,S004236,0,C202601,臻选运动,
B004236,U000756,P000110,臻选美妆个护套装,C01,美妆个护,pv,2026-06-11 16:12:00,81.00,,douyin,windows,福建省,厦门市,regular,search,S004237,0,C202605,臻选美妆,
B004237,U000890,P000127,悦活食品饮料便携装,C02,食品饮料,cart,2026-02-10 14:31:00,39.00,1,offline,windows,浙江省,杭州市,new,category,S004238,1,C202601,悦活食品,
B004238,U000584,P000112,原野生鲜便携装,C09,生鲜,cart,2026-01-11 12:06:00,113.00,1,offline,ios,江苏省,南京市,regular,category,S004239,0,C202605,原野生鲜,
B004239,U000651,P000130,原野服饰套装,C03,服饰,cart,2026-03-01 23:28:00,194.00,1,offline,android,江苏省,南京市,regular,category,S004240,0,C202606,原野服饰,
B004240,U000041,P000129,云感服饰日常款,C03,服饰,cart,2026-03-14 18:23:00,307.00,1,douyin,mac,广东省,深圳市,high_value,category,S004241,0,C202603,云感服饰,
B004241,U000596,P000039,云感生鲜日常款,C09,生鲜,pv,2026-05-09 20:55:00,109.00,,jd,mac,北京市,北京市,regular,category,S004242,0,C202606,云感生鲜,
B004242,U000114,P000146,臻选生鲜旗舰款,C09,生鲜,pv,2026-03-08 20:45:00,112.00,,wechat,windows,江苏省,南京市,high_value,search,S004243,0,C202603,臻选生鲜,
B004243,U000033,P000020,臻选数码配件套装,C05,数码配件,fav,2026-04-30 08:23:00,252.00,,douyin,mac,北京市,北京市,high_value,category,S004244,0,C202603,臻选数码,
B004244,U000041,P000103,悦活美妆个护升级版,C01,美妆个护,pv,2026-03-08 15:03:00,76.00,,offline,mac,广东省,深圳市,high_value,search,S004245,0,C202604,悦活美妆,
B004245,U000118,P000019,悦活家居日用日常款,C04,家居日用,cart,2026-05-23 11:55:00,71.00,1,search,ios,广东省,深圳市,high_value,search,S004246,0,C202605,悦活家居,
B004246,U000357,P000081,云感数码配件旗舰款,C05,数码配件,cart,2026-02-13 19:21:00,152.00,1,offline,ios,北京市,北京市,member,product_detail,S004247,0,C202604,云感数码,
B004247,U000121,P000006,轻氧母婴用品旗舰款,C06,母婴用品,fav,2026-04-28 10:34:00,161.00,,search,windows,上海市,上海市,member,search,S004248,0,C202603,轻氧母婴,
B004248,U000850,P000147,云感数码配件便携装,C05,数码配件,pv,2026-01-12 20:20:00,281.00,,taobao,windows,湖北省,武汉市,new,product_detail,S004249,1,C202601,云感数码,
B004249,U000227,P000079,悦活服饰日常款,C03,服饰,cart,2026-01-15 17:18:00,452.00,1,offline,android,山东省,青岛市,member,home,S004250,0,C202604,悦活服饰,
B004250,U000327,P000110,臻选美妆个护套装,C01,美妆个护,fav,2026-02-18 17:19:00,81.00,,jd,mac,北京市,北京市,member,home,S004251,0,C202602,臻选美妆,
B004251,U000006,P000097,悦活母婴用品便携装,C06,母婴用品,pv,2026-03-21 16:23:00,123.00,,jd,windows,江苏省,南京市,high_value,category,S004252,0,C202602,悦活母婴,
B004252,U000792,P000060,轻氧数码配件套装,C05,数码配件,pv,2026-02-20 13:42:00,269.00,,search,android,山东省,青岛市,regular,home,S004253,0,C202606,轻氧数码,
B004253,U000356,P000151,悦活美妆个护旗舰款,C01,美妆个护,pv,2026-01-27 18:54:00,38.00,,jd,ios,福建省,厦门市,member,search,S004254,0,C202606,悦活美妆,
B004254,U000350,P000050,臻选生鲜套装,C09,生鲜,cart,2026-03-31 22:32:00,108.00,1,offline,windows,福建省,厦门市,member,search,S004255,0,C202606,臻选生鲜,
B004255,U000727,P000114,轻氧母婴用品日常款,C06,母婴用品,pv,2026-05-28 08:31:00,142.00,,douyin,ios,四川省,成都市,regular,category,S004256,0,C202604,轻氧母婴,
B004256,U000340,P000049,悦活数码配件日常款,C05,数码配件,cart,2026-05-23 21:59:00,141.00,1,search,windows,江苏省,南京市,member,product_detail,S004257,0,C202605,悦活数码,
B004257,U000502,P000124,原野食品饮料日常款,C02,食品饮料,cart,2026-05-17 15:51:00,60.00,1,wechat,android,浙江省,杭州市,regular,category,S004258,0,C202604,原野食品,
B004258,U000714,P000164,臻选食品饮料日常款,C02,食品饮料,cart,2026-06-20 20:01:00,73.00,1,douyin,android,江苏省,南京市,regular,home,S004259,0,C202605,臻选食品,
B004259,U000374,P000170,臻选生鲜套装,C09,生鲜,cart,2026-06-19 18:12:00,77.00,1,offline,android,山东省,青岛市,member,home,S004260,0,C202602,臻选生鲜,
B004260,U000473,P000090,轻氧旅行用品套装,C10,旅行用品,pv,2026-03-15 21:20:00,170.00,,search,android,河南省,郑州市,regular,search,S004261,0,C202604,轻氧旅行,
B004261,U000867,P000012,轻氧母婴用品便携装,C06,母婴用品,pv,2026-04-13 21:23:00,128.00,,search,android,江苏省,南京市,new,category,S004262,1,C202601,轻氧母婴,
B004262,U000344,P000093,云感生鲜升级版,C09,生鲜,cart,2026-06-17 19:16:00,39.00,1,jd,windows,湖北省,武汉市,member,home,S004263,0,C202604,云感生鲜,
B004263,U000614,P000003,云感生鲜升级版,C09,生鲜,pv,2026-04-13 16:36:00,73.00,,jd,android,北京市,北京市,regular,product_detail,S004264,0,C202606,云感生鲜,
B004264,U000865,P000030,轻氧家居日用套装,C04,家居日用,cart,2026-01-14 16:01:00,106.00,1,wechat,android,江苏省,南京市,new,home,S004265,1,C202604,轻氧家居,
B004265,U000760,P000107,轻盈运动户外便携装,C07,运动户外,cart,2026-06-26 09:05:00,176.00,1,search,windows,北京市,北京市,regular,search,S004266,0,C202603,轻盈运动,
B004266,U000603,P000086,臻选数码配件旗舰款,C05,数码配件,fav,2026-03-11 12:58:00,150.00,,taobao,windows,上海市,上海市,regular,search,S004267,0,C202603,臻选数码,
B004267,U000157,P000044,臻选食品饮料日常款,C02,食品饮料,cart,2026-04-04 16:47:00,28.00,1,search,ios,上海市,上海市,member,home,S004268,0,C202602,臻选食品,
B004268,U000878,P000151,悦活美妆个护旗舰款,C01,美妆个护,pv,2026-06-26 15:45:00,38.00,,search,mac,福建省,厦门市,new,search,S004269,1,C202605,悦活美妆,
B004269,U000325,P000153,云感美妆个护升级版,C01,美妆个护,pv,2026-02-12 14:05:00,48.00,,wechat,mac,福建省,厦门市,member,category,S004270,0,C202602,云感美妆,
B004270,U000594,P000149,轻盈家居日用日常款,C04,家居日用,pv,2026-05-21 23:14:00,110.00,,douyin,ios,广东省,深圳市,regular,product_detail,S004271,0,C202602,轻盈家居,
B004271,U000456,P000082,原野旅行用品便携装,C10,旅行用品,fav,2026-05-08 13:22:00,253.00,,search,ios,北京市,北京市,regular,category,S004272,0,C202605,原野旅行,
B004272,U000190,P000092,臻选服饰便携装,C03,服饰,pv,2026-06-04 10:15:00,291.00,,offline,android,河南省,郑州市,member,search,S004273,0,C202606,臻选服饰,
B004273,U000776,P000045,云感食品饮料套装,C02,食品饮料,pv,2026-02-02 20:05:00,67.00,,offline,windows,湖北省,武汉市,regular,product_detail,S004274,0,C202602,云感食品,
B004274,U000312,P000020,臻选数码配件套装,C05,数码配件,fav,2026-02-20 23:58:00,252.00,,jd,android,湖北省,武汉市,member,category,S004275,0,C202601,臻选数码,
B004275,U000526,P000057,云感数码配件便携装,C05,数码配件,pv,2026-01-25 18:38:00,79.00,,taobao,android,浙江省,杭州市,regular,category,S004276,0,C202605,云感数码,
B004276,U000666,P000078,轻氧运动户外升级版,C07,运动户外,fav,2026-05-22 20:06:00,332.00,,douyin,ios,浙江省,杭州市,regular,search,S004277,0,C202602,轻氧运动,
B004277,U000845,P000168,轻氧服饰升级版,C03,服饰,cart,2026-01-22 18:34:00,368.00,1,jd,mac,上海市,上海市,new,home,S004278,1,C202605,轻氧服饰,
B004278,U000284,P000136,原野运动户外旗舰款,C07,运动户外,cart,2026-02-26 18:41:00,169.00,1,taobao,android,山东省,青岛市,member,search,S004279,0,C202606,原野运动,
B004279,U000300,P000144,轻氧美妆个护日常款,C01,美妆个护,cart,2026-04-18 22:43:00,118.00,1,offline,android,湖北省,武汉市,member,category,S004280,0,C202603,轻氧美妆,
B004280,U000485,P000008,臻选美妆个护升级版,C01,美妆个护,pv,2026-02-05 14:08:00,69.00,,search,windows,山东省,青岛市,regular,product_detail,S004281,0,C202602,臻选美妆,
B004281,U000880,P000168,轻氧服饰升级版,C03,服饰,cart,2026-05-17 09:35:00,368.00,1,taobao,windows,四川省,成都市,new,product_detail,S004282,1,C202605,轻氧服饰,
B004282,U000079,P000062,臻选旅行用品便携装,C10,旅行用品,pv,2026-05-01 15:58:00,226.00,,douyin,ios,上海市,上海市,high_value,search,S004283,0,C202604,臻选旅行,
B004283,U000670,P000076,原野美妆个护旗舰款,C01,美妆个护,pv,2026-06-29 18:17:00,77.00,,douyin,android,福建省,厦门市,regular,home,S004284,0,C202604,原野美妆,
B004284,U000550,P000102,轻氧母婴用品便携装,C06,母婴用品,cart,2026-06-20 19:47:00,104.00,1,wechat,android,河南省,郑州市,regular,product_detail,S004285,0,C202602,轻氧母婴,
B004285,U000144,P000030,轻氧家居日用套装,C04,家居日用,fav,2026-01-28 19:48:00,106.00,,douyin,windows,广东省,深圳市,member,category,S004286,0,C202602,轻氧家居,
B004286,U000090,P000126,轻氧旅行用品旗舰款,C10,旅行用品,pv,2026-05-14 11:34:00,248.00,,jd,android,北京市,北京市,high_value,product_detail,S004287,0,C202604,轻氧旅行,
B004287,U000292,P000137,轻盈数码配件便携装,C05,数码配件,fav,2026-03-31 15:25:00,216.00,,offline,android,福建省,厦门市,member,category,S004288,0,C202606,轻盈数码,
B004288,U000265,P000125,轻盈生鲜套装,C09,生鲜,fav,2026-04-11 23:24:00,62.00,,taobao,android,山东省,青岛市,member,product_detail,S004289,0,C202602,轻盈生鲜,
B004289,U000108,P000114,轻氧母婴用品日常款,C06,母婴用品,cart,2026-01-26 12:49:00,142.00,1,douyin,mac,福建省,厦门市,high_value,home,S004290,0,C202604,轻氧母婴,
B004290,U000408,P000071,轻盈宠物用品旗舰款,C08,宠物用品,pv,2026-04-24 21:21:00,144.00,,douyin,windows,北京市,北京市,member,category,S004291,0,C202603,轻盈宠物,
B004291,U000231,P000063,云感母婴用品升级版,C06,母婴用品,cart,2026-01-04 10:14:00,165.00,1,douyin,android,福建省,厦门市,member,product_detail,S004292,0,C202603,云感母婴,
B004292,U000445,P000117,云感食品饮料便携装,C02,食品饮料,pv,2026-01-29 12:13:00,54.00,,wechat,mac,福建省,厦门市,regular,category,S004293,0,C202601,云感食品,
B004293,U000635,P000148,原野数码配件升级版,C05,数码配件,fav,2026-05-11 15:46:00,136.00,,wechat,windows,湖北省,武汉市,regular,category,S004294,0,C202606,原野数码,
B004294,U000749,P000048,轻氧宠物用品升级版,C08,宠物用品,fav,2026-01-30 08:16:00,142.00,,search,windows,山东省,青岛市,regular,search,S004295,0,C202603,轻氧宠物,
B004295,U000786,P000089,轻盈美妆个护日常款,C01,美妆个护,pv,2026-05-03 17:51:00,69.00,,douyin,windows,浙江省,杭州市,regular,category,S004296,0,C202606,轻盈美妆,
B004296,U000794,P000060,轻氧数码配件套装,C05,数码配件,pv,2026-04-13 19:36:00,269.00,,offline,ios,北京市,北京市,regular,home,S004297,0,C202605,轻氧数码,
B004297,U000491,P000109,悦活旅行用品日常款,C10,旅行用品,cart,2026-02-12 13:08:00,614.00,1,douyin,windows,浙江省,杭州市,regular,search,S004298,0,C202603,悦活旅行,
B004298,U000205,P000050,臻选生鲜套装,C09,生鲜,pv,2026-01-09 12:32:00,108.00,,taobao,windows,山东省,青岛市,member,product_detail,S004299,0,C202606,臻选生鲜,
B004299,U000229,P000132,轻氧家居日用便携装,C04,家居日用,fav,2026-02-01 22:07:00,91.00,,offline,ios,江苏省,南京市,member,product_detail,S004300,0,C202606,轻氧家居,
B004300,U000272,P000135,云感数码配件套装,C05,数码配件,cart,2026-04-13 14:45:00,182.00,1,wechat,windows,北京市,北京市,member,category,S004301,0,C202604,云感数码,
B004301,U000351,P000151,悦活美妆个护旗舰款,C01,美妆个护,pv,2026-03-30 15:44:00,38.00,,offline,windows,河南省,郑州市,member,home,S004302,0,C202603,悦活美妆,
B004302,U000325,P000144,轻氧美妆个护日常款,C01,美妆个护,cart,2026-05-06 12:50:00,118.00,1,search,mac,福建省,厦门市,member,category,S004303,0,C202604,轻氧美妆,
B004303,U000030,P000040,原野数码配件套装,C05,数码配件,pv,2026-03-12 21:05:00,162.00,,search,windows,福建省,厦门市,high_value,search,S004304,0,C202606,原野数码,
B004304,U000836,P000123,云感宠物用品升级版,C08,宠物用品,pv,2026-03-22 22:54:00,83.00,,search,windows,上海市,上海市,new,product_detail,S004305,1,C202601,云感宠物,
B004305,U000363,P000016,原野运动户外旗舰款,C07,运动户外,pv,2026-01-15 15:35:00,164.00,,jd,ios,山东省,青岛市,member,home,S004306,0,C202601,原野运动,
B004306,U000839,P000064,原野宠物用品日常款,C08,宠物用品,cart,2026-03-28 21:21:00,140.00,1,search,ios,福建省,厦门市,new,category,S004307,1,C202606,原野宠物,
B004307,U000668,P000099,云感服饰日常款,C03,服饰,cart,2026-04-06 22:08:00,230.00,1,search,windows,上海市,上海市,regular,search,S004308,0,C202602,云感服饰,
B004308,U000816,P000011,轻盈旅行用品旗舰款,C10,旅行用品,cart,2026-01-31 15:45:00,224.00,1,search,mac,上海市,上海市,regular,category,S004309,0,C202606,轻盈旅行,
B004309,U000800,P000171,云感生鲜旗舰款,C09,生鲜,pv,2026-04-02 22:21:00,30.00,,jd,android,上海市,上海市,regular,product_detail,S004310,0,C202604,云感生鲜,
B004310,U000098,P000098,臻选家居日用升级版,C04,家居日用,fav,2026-04-01 14:47:00,90.00,,offline,windows,福建省,厦门市,high_value,product_detail,S004311,0,C202601,臻选家居,
B004311,U000240,P000155,轻盈生鲜套装,C09,生鲜,cart,2026-04-21 15:18:00,106.00,1,search,windows,河南省,郑州市,member,search,S004312,0,C202603,轻盈生鲜,
B004312,U000473,P000126,轻氧旅行用品旗舰款,C10,旅行用品,fav,2026-06-16 11:47:00,248.00,,jd,android,河南省,郑州市,regular,home,S004313,0,C202605,轻氧旅行,
B004313,U000113,P000018,轻氧生鲜升级版,C09,生鲜,fav,2026-06-17 12:05:00,81.00,,offline,windows,江苏省,南京市,high_value,category,S004314,0,C202602,轻氧生鲜,
B004314,U000792,P000039,云感生鲜日常款,C09,生鲜,fav,2026-06-29 12:50:00,109.00,,wechat,android,山东省,青岛市,regular,home,S004315,0,C202602,云感生鲜,
B004315,U000220,P000077,轻盈服饰便携装,C03,服饰,pv,2026-02-06 14:59:00,279.00,,taobao,mac,广东省,深圳市,member,home,S004316,0,C202601,轻盈服饰,
B004316,U000144,P000169,悦活生鲜日常款,C09,生鲜,cart,2026-05-19 20:32:00,42.00,1,taobao,windows,广东省,深圳市,member,product_detail,S004317,0,C202602,悦活生鲜,
B004317,U000256,P000160,原野旅行用品套装,C10,旅行用品,cart,2026-04-25 09:43:00,231.00,1,wechat,android,湖北省,武汉市,member,home,S004318,0,C202604,原野旅行,
B004318,U000145,P000101,轻盈生鲜旗舰款,C09,生鲜,fav,2026-01-04 08:30:00,111.00,,offline,ios,江苏省,南京市,member,product_detail,S004319,0,C202605,轻盈生鲜,
B004319,U000443,P000169,悦活生鲜日常款,C09,生鲜,pv,2026-04-23 21:30:00,42.00,,offline,android,上海市,上海市,regular,category,S004320,0,C202605,悦活生鲜,
B004320,U000470,P000048,轻氧宠物用品升级版,C08,宠物用品,fav,2026-05-12 14:56:00,142.00,,douyin,windows,湖北省,武汉市,regular,home,S004321,0,C202605,轻氧宠物,
B004321,U000561,P000029,轻盈食品饮料日常款,C02,食品饮料,pv,2026-04-07 23:37:00,91.00,,jd,windows,北京市,北京市,regular,category,S004322,0,C202606,轻盈食品,
B004322,U000730,P000134,臻选数码配件日常款,C05,数码配件,pv,2026-01-28 12:37:00,120.00,,offline,android,四川省,成都市,regular,search,S004323,0,C202603,臻选数码,
B004323,U000691,P000050,臻选生鲜套装,C09,生鲜,pv,2026-01-15 15:50:00,108.00,,offline,android,山东省,青岛市,regular,home,S004324,0,C202602,臻选生鲜,
B004324,U000874,P000063,云感母婴用品升级版,C06,母婴用品,pv,2026-04-04 16:33:00,165.00,,douyin,windows,上海市,上海市,new,home,S004325,1,C202605,云感母婴,
B004325,U000372,P000167,轻盈美妆个护便携装,C01,美妆个护,fav,2026-02-22 23:01:00,119.00,,jd,ios,河南省,郑州市,member,search,S004326,0,C202606,轻盈美妆,
B004326,U000834,P000099,云感服饰日常款,C03,服饰,pv,2026-02-01 16:07:00,230.00,,jd,mac,山东省,青岛市,new,product_detail,S004327,1,C202604,云感服饰,
B004327,U000419,P000032,臻选生鲜便携装,C09,生鲜,fav,2026-03-13 15:33:00,71.00,,jd,android,湖北省,武汉市,member,product_detail,S004328,0,C202602,臻选生鲜,
B004328,U000805,P000161,轻盈家居日用旗舰款,C04,家居日用,pv,2026-05-04 09:06:00,160.00,,jd,mac,浙江省,杭州市,regular,category,S004329,0,C202603,轻盈家居,
B004329,U000265,P000061,悦活家居日用旗舰款,C04,家居日用,cart,2026-06-03 11:06:00,157.00,1,offline,android,山东省,青岛市,member,category,S004330,0,C202603,悦活家居,
B004330,U000069,P000129,云感服饰日常款,C03,服饰,pv,2026-01-09 21:00:00,307.00,,wechat,android,河南省,郑州市,high_value,home,S004331,0,C202606,云感服饰,
B004331,U000067,P000142,原野母婴用品便携装,C06,母婴用品,cart,2026-03-05 18:53:00,161.00,1,taobao,mac,江苏省,南京市,high_value,search,S004332,0,C202605,原野母婴,
B004332,U000406,P000043,悦活服饰升级版,C03,服饰,cart,2026-01-03 09:34:00,237.00,1,taobao,ios,上海市,上海市,member,home,S004333,0,C202602,悦活服饰,
B004333,U000029,P000020,臻选数码配件套装,C05,数码配件,pv,2026-04-06 08:10:00,252.00,,taobao,windows,四川省,成都市,high_value,search,S004334,0,C202601,臻选数码,
B004334,U000321,P000104,臻选旅行用品日常款,C10,旅行用品,pv,2026-05-06 17:08:00,352.00,,search,ios,四川省,成都市,member,product_detail,S004335,0,C202604,臻选旅行,
B004335,U000408,P000065,轻盈生鲜套装,C09,生鲜,pv,2026-05-21 17:27:00,41.00,,search,windows,北京市,北京市,member,home,S004336,0,C202602,轻盈生鲜,
B004336,U000143,P000079,悦活服饰日常款,C03,服饰,fav,2026-02-26 20:01:00,452.00,,offline,windows,北京市,北京市,member,category,S004337,0,C202606,悦活服饰,
B004337,U000763,P000169,悦活生鲜日常款,C09,生鲜,fav,2026-06-22 14:08:00,42.00,,taobao,windows,山东省,青岛市,regular,category,S004338,0,C202601,悦活生鲜,
B004338,U000355,P000081,云感数码配件旗舰款,C05,数码配件,pv,2026-03-03 08:21:00,152.00,,douyin,windows,浙江省,杭州市,member,search,S004339,0,C202605,云感数码,
B004339,U000250,P000044,臻选食品饮料日常款,C02,食品饮料,pv,2026-06-09 09:00:00,28.00,,douyin,mac,上海市,上海市,member,product_detail,S004340,0,C202606,臻选食品,
B004340,U000106,P000094,原野运动户外日常款,C07,运动户外,pv,2026-06-26 16:48:00,136.00,,search,android,广东省,深圳市,high_value,product_detail,S004341,0,C202605,原野运动,
B004341,U000724,P000135,云感数码配件套装,C05,数码配件,cart,2026-03-10 12:11:00,182.00,1,douyin,mac,河南省,郑州市,regular,category,S004342,0,C202604,云感数码,
B004342,U000656,P000060,轻氧数码配件套装,C05,数码配件,fav,2026-03-21 22:20:00,269.00,,search,windows,四川省,成都市,regular,category,S004343,0,C202604,轻氧数码,
B004343,U000204,P000083,轻盈运动户外升级版,C07,运动户外,pv,2026-04-04 14:05:00,227.00,,douyin,ios,湖北省,武汉市,member,home,S004344,0,C202601,轻盈运动,
B004344,U000782,P000021,云感宠物用品旗舰款,C08,宠物用品,pv,2026-01-05 17:32:00,160.00,,douyin,mac,湖北省,武汉市,regular,home,S004345,0,C202604,云感宠物,
B004345,U000843,P000151,悦活美妆个护旗舰款,C01,美妆个护,cart,2026-03-03 12:31:00,38.00,1,jd,mac,福建省,厦门市,new,product_detail,S004346,1,C202606,悦活美妆,
B004346,U000144,P000158,臻选母婴用品升级版,C06,母婴用品,pv,2026-03-20 12:17:00,121.00,,offline,windows,广东省,深圳市,member,product_detail,S004347,0,C202601,臻选母婴,
B004347,U000659,P000161,轻盈家居日用旗舰款,C04,家居日用,cart,2026-03-04 13:51:00,160.00,1,search,mac,浙江省,杭州市,regular,category,S004348,0,C202606,轻盈家居,
B004348,U000147,P000088,原野家居日用升级版,C04,家居日用,cart,2026-03-18 13:23:00,89.00,1,taobao,windows,湖北省,武汉市,member,home,S004349,0,C202606,原野家居,
B004349,U000073,P000023,轻盈食品饮料升级版,C02,食品饮料,fav,2026-04-09 17:20:00,79.00,,search,android,广东省,深圳市,high_value,category,S004350,0,C202604,轻盈食品,
B004350,U000896,P000097,悦活母婴用品便携装,C06,母婴用品,fav,2026-06-07 22:32:00,123.00,,offline,android,湖北省,武汉市,new,home,S004351,1,C202605,悦活母婴,
B004351,U000338,P000080,臻选家居日用套装,C04,家居日用,cart,2026-01-14 15:06:00,148.00,1,taobao,android,上海市,上海市,member,product_detail,S004352,0,C202605,臻选家居,
B004352,U000140,P000145,悦活宠物用品套装,C08,宠物用品,pv,2026-06-10 20:33:00,42.00,,search,ios,广东省,深圳市,member,category,S004353,0,C202601,悦活宠物,
B004353,U000547,P000033,云感美妆个护升级版,C01,美妆个护,cart,2026-04-02 16:37:00,88.00,1,taobao,android,湖北省,武汉市,regular,product_detail,S004354,0,C202602,云感美妆,
B004354,U000291,P000030,轻氧家居日用套装,C04,家居日用,pv,2026-05-01 17:19:00,106.00,,offline,mac,四川省,成都市,member,home,S004355,0,C202603,轻氧家居,
B004355,U000230,P000030,轻氧家居日用套装,C04,家居日用,cart,2026-02-14 10:16:00,106.00,1,jd,ios,山东省,青岛市,member,product_detail,S004356,0,C202603,轻氧家居,
B004356,U000704,P000010,原野旅行用品套装,C10,旅行用品,pv,2026-04-02 23:34:00,302.00,,douyin,mac,江苏省,南京市,regular,home,S004357,0,C202601,原野旅行,
B004357,U000459,P000148,原野数码配件升级版,C05,数码配件,cart,2026-03-11 09:15:00,136.00,1,jd,ios,湖北省,武汉市,regular,home,S004358,0,C202601,原野数码,
B004358,U000620,P000155,轻盈生鲜套装,C09,生鲜,pv,2026-03-30 20:42:00,106.00,,taobao,windows,北京市,北京市,regular,home,S004359,0,C202605,轻盈生鲜,
B004359,U000826,P000068,臻选旅行用品升级版,C10,旅行用品,pv,2026-02-19 10:14:00,202.00,,taobao,windows,江苏省,南京市,new,category,S004360,1,C202604,臻选旅行,
B004360,U000310,P000024,轻氧食品饮料日常款,C02,食品饮料,pv,2026-06-15 09:15:00,55.00,,jd,mac,江苏省,南京市,member,product_detail,S004361,0,C202601,轻氧食品,
B004361,U000502,P000131,轻盈生鲜旗舰款,C09,生鲜,pv,2026-06-05 17:34:00,85.00,,wechat,android,浙江省,杭州市,regular,category,S004362,0,C202605,轻盈生鲜,
B004362,U000751,P000015,云感母婴用品套装,C06,母婴用品,pv,2026-04-15 12:04:00,128.00,,jd,android,福建省,厦门市,regular,category,S004363,0,C202601,云感母婴,
B004363,U000584,P000009,云感数码配件日常款,C05,数码配件,pv,2026-05-03 20:52:00,295.00,,jd,ios,江苏省,南京市,regular,search,S004364,0,C202603,云感数码,
B004364,U000510,P000147,云感数码配件便携装,C05,数码配件,fav,2026-05-26 08:14:00,281.00,,douyin,ios,北京市,北京市,regular,product_detail,S004365,0,C202602,云感数码,
B004365,U000408,P000113,轻盈旅行用品升级版,C10,旅行用品,fav,2026-02-12 08:37:00,483.00,,offline,windows,北京市,北京市,member,product_detail,S004366,0,C202605,轻盈旅行,
B004366,U000351,P000003,云感生鲜升级版,C09,生鲜,pv,2026-03-20 23:46:00,73.00,,jd,windows,河南省,郑州市,member,category,S004367,0,C202601,云感生鲜,
B004367,U000216,P000094,原野运动户外日常款,C07,运动户外,fav,2026-05-11 17:52:00,136.00,,jd,ios,山东省,青岛市,member,category,S004368,0,C202604,原野运动,
B004368,U000565,P000153,云感美妆个护升级版,C01,美妆个护,pv,2026-06-25 19:19:00,48.00,,search,windows,河南省,郑州市,regular,category,S004369,0,C202601,云感美妆,
B004369,U000191,P000012,轻氧母婴用品便携装,C06,母婴用品,fav,2026-06-15 15:12:00,128.00,,jd,ios,河南省,郑州市,member,search,S004370,0,C202605,轻氧母婴,
B004370,U000574,P000055,悦活宠物用品套装,C08,宠物用品,fav,2026-02-16 13:01:00,100.00,,taobao,ios,广东省,深圳市,regular,search,S004371,0,C202603,悦活宠物,
B004371,U000481,P000051,云感宠物用品旗舰款,C08,宠物用品,fav,2026-06-16 20:07:00,64.00,,offline,android,江苏省,南京市,regular,product_detail,S004372,0,C202601,云感宠物,
B004372,U000864,P000036,轻氧食品饮料旗舰款,C02,食品饮料,pv,2026-02-20 10:22:00,73.00,,offline,mac,福建省,厦门市,new,search,S004373,1,C202606,轻氧食品,
B004373,U000189,P000024,轻氧食品饮料日常款,C02,食品饮料,cart,2026-01-03 18:55:00,55.00,1,search,windows,上海市,上海市,member,search,S004374,0,C202601,轻氧食品,
B004374,U000691,P000003,云感生鲜升级版,C09,生鲜,pv,2026-01-09 19:51:00,73.00,,douyin,android,山东省,青岛市,regular,search,S004375,0,C202606,云感生鲜,
B004375,U000302,P000099,云感服饰日常款,C03,服饰,fav,2026-01-17 20:56:00,230.00,,search,windows,浙江省,杭州市,member,search,S004376,0,C202604,云感服饰,
B004376,U000719,P000153,云感美妆个护升级版,C01,美妆个护,cart,2026-02-04 17:08:00,48.00,1,taobao,android,上海市,上海市,regular,product_detail,S004377,0,C202603,云感美妆,
B004377,U000541,P000127,悦活食品饮料便携装,C02,食品饮料,cart,2026-05-29 12:49:00,39.00,1,douyin,ios,浙江省,杭州市,regular,category,S004378,0,C202601,悦活食品,
B004378,U000217,P000118,原野美妆个护升级版,C01,美妆个护,fav,2026-05-07 13:54:00,133.00,,wechat,android,广东省,深圳市,member,product_detail,S004379,0,C202603,原野美妆,
B004379,U000459,P000047,轻盈服饰便携装,C03,服饰,pv,2026-06-13 16:36:00,154.00,,douyin,ios,湖北省,武汉市,regular,home,S004380,0,C202601,轻盈服饰,
B004380,U000697,P000146,臻选生鲜旗舰款,C09,生鲜,pv,2026-05-11 09:34:00,112.00,,douyin,ios,山东省,青岛市,regular,product_detail,S004381,0,C202601,臻选生鲜,
B004381,U000056,P000069,云感运动户外日常款,C07,运动户外,pv,2026-02-02 15:51:00,268.00,,wechat,android,浙江省,杭州市,high_value,category,S004382,0,C202606,云感运动,
B004382,U000152,P000032,臻选生鲜便携装,C09,生鲜,cart,2026-04-15 11:14:00,71.00,1,jd,mac,湖北省,武汉市,member,category,S004383,0,C202605,臻选生鲜,
B004383,U000326,P000130,原野服饰套装,C03,服饰,pv,2026-02-03 16:09:00,194.00,,offline,windows,河南省,郑州市,member,category,S004384,0,C202602,原野服饰,
B004384,U000047,P000043,悦活服饰升级版,C03,服饰,cart,2026-06-29 22:10:00,237.00,1,jd,ios,河南省,郑州市,high_value,category,S004385,0,C202604,悦活服饰,
B004385,U000057,P000099,云感服饰日常款,C03,服饰,fav,2026-02-10 14:52:00,230.00,,taobao,android,北京市,北京市,high_value,home,S004386,0,C202605,云感服饰,
B004386,U000755,P000141,云感数码配件旗舰款,C05,数码配件,cart,2026-02-25 12:36:00,220.00,1,douyin,windows,浙江省,杭州市,regular,product_detail,S004387,0,C202604,云感数码,
B004387,U000546,P000165,云感生鲜套装,C09,生鲜,pv,2026-03-08 10:37:00,43.00,,search,mac,福建省,厦门市,regular,home,S004388,0,C202604,云感生鲜,
B004388,U000696,P000073,悦活家居日用升级版,C04,家居日用,cart,2026-05-21 12:43:00,147.00,1,taobao,ios,江苏省,南京市,regular,home,S004389,0,C202606,悦活家居,
B004389,U000113,P000021,云感宠物用品旗舰款,C08,宠物用品,cart,2026-06-18 16:33:00,160.00,1,jd,windows,江苏省,南京市,high_value,search,S004390,0,C202605,云感宠物,
B004390,U000702,P000010,原野旅行用品套装,C10,旅行用品,pv,2026-06-13 20:45:00,302.00,,jd,ios,上海市,上海市,regular,category,S004391,0,C202606,原野旅行,
B004391,U000463,P000049,悦活数码配件日常款,C05,数码配件,pv,2026-05-29 12:33:00,141.00,,offline,ios,浙江省,杭州市,regular,home,S004392,0,C202603,悦活数码,
B004392,U000762,P000103,悦活美妆个护升级版,C01,美妆个护,fav,2026-04-24 20:21:00,76.00,,search,windows,湖北省,武汉市,regular,product_detail,S004393,0,C202601,悦活美妆,
B004393,U000679,P000042,轻氧美妆个护便携装,C01,美妆个护,pv,2026-03-11 15:20:00,69.00,,wechat,windows,山东省,青岛市,regular,home,S004394,0,C202601,轻氧美妆,
B004394,U000008,P000015,云感母婴用品套装,C06,母婴用品,pv,2026-03-07 18:37:00,128.00,,jd,mac,江苏省,南京市,high_value,category,S004395,0,C202601,云感母婴,
B004395,U000061,P000011,轻盈旅行用品旗舰款,C10,旅行用品,cart,2026-06-26 22:12:00,224.00,1,douyin,windows,北京市,北京市,high_value,category,S004396,0,C202604,轻盈旅行,
B004396,U000279,P000150,轻氧母婴用品套装,C06,母婴用品,fav,2026-04-12 16:38:00,76.00,,search,android,浙江省,杭州市,member,home,S004397,0,C202604,轻氧母婴,
B004397,U000016,P000033,云感美妆个护升级版,C01,美妆个护,fav,2026-05-25 14:41:00,88.00,,search,ios,江苏省,南京市,high_value,home,S004398,0,C202604,云感美妆,
B004398,U000312,P000134,臻选数码配件日常款,C05,数码配件,pv,2026-03-03 18:46:00,120.00,,jd,android,湖北省,武汉市,member,search,S004399,0,C202601,臻选数码,
B004399,U000180,P000108,轻氧母婴用品升级版,C06,母婴用品,fav,2026-04-06 21:17:00,86.00,,douyin,windows,河南省,郑州市,member,home,S004400,0,C202604,轻氧母婴,
B004400,U000744,P000013,悦活食品饮料升级版,C02,食品饮料,pv,2026-03-01 20:30:00,91.00,,jd,windows,浙江省,杭州市,regular,home,S004401,0,C202606,悦活食品,
B004401,U000869,P000070,原野宠物用品套装,C08,宠物用品,fav,2026-04-30 10:55:00,147.00,,douyin,windows,四川省,成都市,new,product_detail,S004402,1,C202604,原野宠物,
B004402,U000859,P000158,臻选母婴用品升级版,C06,母婴用品,cart,2026-04-25 20:05:00,121.00,1,jd,ios,广东省,深圳市,new,category,S004403,1,C202604,臻选母婴,
B004403,U000394,P000026,臻选生鲜旗舰款,C09,生鲜,pv,2026-01-19 16:15:00,88.00,,taobao,mac,广东省,深圳市,member,home,S004404,0,C202604,臻选生鲜,
B004404,U000032,P000101,轻盈生鲜旗舰款,C09,生鲜,pv,2026-05-27 23:46:00,111.00,,jd,android,四川省,成都市,high_value,home,S004405,0,C202602,轻盈生鲜,
B004405,U000302,P000165,云感生鲜套装,C09,生鲜,cart,2026-04-03 19:23:00,43.00,1,search,windows,浙江省,杭州市,member,search,S004406,0,C202605,云感生鲜,
B004406,U000411,P000135,云感数码配件套装,C05,数码配件,cart,2026-03-31 21:48:00,182.00,1,wechat,mac,江苏省,南京市,member,product_detail,S004407,0,C202605,云感数码,
B004407,U000487,P000164,臻选食品饮料日常款,C02,食品饮料,pv,2026-01-12 08:45:00,73.00,,search,windows,广东省,深圳市,regular,category,S004408,0,C202601,臻选食品,
B004408,U000729,P000028,原野数码配件升级版,C05,数码配件,fav,2026-06-28 20:53:00,158.00,,douyin,mac,福建省,厦门市,regular,category,S004409,0,C202603,原野数码,
B004409,U000238,P000086,臻选数码配件旗舰款,C05,数码配件,cart,2026-02-19 15:07:00,150.00,1,offline,ios,四川省,成都市,member,category,S004410,0,C202604,臻选数码,
B004410,U000293,P000062,臻选旅行用品便携装,C10,旅行用品,fav,2026-01-04 08:22:00,226.00,,douyin,android,广东省,深圳市,member,product_detail,S004411,0,C202606,臻选旅行,
B004411,U000861,P000145,悦活宠物用品套装,C08,宠物用品,fav,2026-04-09 19:12:00,42.00,,jd,android,湖北省,武汉市,new,home,S004412,1,C202601,悦活宠物,
B004412,U000597,P000067,悦活旅行用品便携装,C10,旅行用品,cart,2026-04-18 16:04:00,195.00,1,douyin,ios,四川省,成都市,regular,product_detail,S004413,0,C202606,悦活旅行,
B004413,U000851,P000001,悦活家居日用旗舰款,C04,家居日用,fav,2026-01-28 11:52:00,141.00,,offline,mac,江苏省,南京市,new,home,S004414,1,C202603,悦活家居,
B004414,U000347,P000139,悦活运动户外日常款,C07,运动户外,pv,2026-02-04 14:36:00,358.00,,offline,mac,河南省,郑州市,member,search,S004415,0,C202602,悦活运动,
B004415,U000155,P000109,悦活旅行用品日常款,C10,旅行用品,pv,2026-05-12 11:10:00,614.00,,douyin,windows,四川省,成都市,member,product_detail,S004416,0,C202604,悦活旅行,
B004416,U000752,P000055,悦活宠物用品套装,C08,宠物用品,fav,2026-03-14 16:48:00,100.00,,offline,mac,福建省,厦门市,regular,search,S004417,0,C202601,悦活宠物,
B004417,U000395,P000010,原野旅行用品套装,C10,旅行用品,fav,2026-03-16 19:07:00,302.00,,douyin,windows,上海市,上海市,member,home,S004418,0,C202605,原野旅行,
B004418,U000536,P000171,云感生鲜旗舰款,C09,生鲜,pv,2026-02-14 12:16:00,30.00,,offline,windows,江苏省,南京市,regular,search,S004419,0,C202605,云感生鲜,
B004419,U000253,P000016,原野运动户外旗舰款,C07,运动户外,pv,2026-06-27 14:47:00,164.00,,taobao,ios,上海市,上海市,member,search,S004420,0,C202603,原野运动,
B004420,U000726,P000058,原野生鲜升级版,C09,生鲜,pv,2026-04-23 16:45:00,44.00,,douyin,windows,江苏省,南京市,regular,home,S004421,0,C202605,原野生鲜,
B004421,U000080,P000084,轻氧服饰日常款,C03,服饰,pv,2026-05-06 17:58:00,130.00,,douyin,android,广东省,深圳市,high_value,category,S004422,0,C202601,轻氧服饰,
B004422,U000454,P000029,轻盈食品饮料日常款,C02,食品饮料,cart,2026-03-25 23:53:00,91.00,1,douyin,mac,河南省,郑州市,regular,product_detail,S004423,0,C202606,轻盈食品,
B004423,U000330,P000131,轻盈生鲜旗舰款,C09,生鲜,pv,2026-03-30 18:14:00,85.00,,douyin,ios,河南省,郑州市,member,search,S004424,0,C202605,轻盈生鲜,
B004424,U000249,P000074,臻选美妆个护日常款,C01,美妆个护,pv,2026-01-17 21:10:00,71.00,,douyin,android,江苏省,南京市,member,category,S004425,0,C202602,臻选美妆,
B004425,U000229,P000097,悦活母婴用品便携装,C06,母婴用品,pv,2026-04-21 20:23:00,123.00,,wechat,ios,江苏省,南京市,member,category,S004426,0,C202605,悦活母婴,
B004426,U000898,P000022,原野母婴用品便携装,C06,母婴用品,fav,2026-04-23 18:40:00,190.00,,offline,ios,山东省,青岛市,new,product_detail,S004427,1,C202606,原野母婴,
B004427,U000452,P000088,原野家居日用升级版,C04,家居日用,pv,2026-02-19 15:16:00,89.00,,taobao,mac,江苏省,南京市,regular,category,S004428,0,C202602,原野家居,
B004428,U000773,P000051,云感宠物用品旗舰款,C08,宠物用品,cart,2026-01-09 20:22:00,64.00,1,taobao,android,上海市,上海市,regular,home,S004429,0,C202606,云感宠物,
B004429,U000266,P000010,原野旅行用品套装,C10,旅行用品,cart,2026-05-18 17:30:00,302.00,1,search,windows,湖北省,武汉市,member,product_detail,S004430,0,C202601,原野旅行,
B004430,U000228,P000069,云感运动户外日常款,C07,运动户外,pv,2026-04-17 20:33:00,268.00,,taobao,mac,广东省,深圳市,member,search,S004431,0,C202603,云感运动,
B004431,U000419,P000134,臻选数码配件日常款,C05,数码配件,cart,2026-06-22 23:15:00,120.00,1,offline,android,湖北省,武汉市,member,category,S004432,0,C202602,臻选数码,
B004432,U000010,P000009,云感数码配件日常款,C05,数码配件,cart,2026-05-06 23:17:00,295.00,1,offline,android,浙江省,杭州市,high_value,search,S004433,0,C202606,云感数码,
B004433,U000028,P000157,悦活旅行用品便携装,C10,旅行用品,pv,2026-03-26 17:09:00,436.00,,wechat,windows,四川省,成都市,high_value,home,S004434,0,C202601,悦活旅行,
B004434,U000024,P000060,轻氧数码配件套装,C05,数码配件,pv,2026-06-12 15:54:00,269.00,,search,ios,湖北省,武汉市,high_value,search,S004435,0,C202605,轻氧数码,
B004435,U000439,P000133,悦活美妆个护升级版,C01,美妆个护,pv,2026-04-11 11:59:00,47.00,,search,mac,福建省,厦门市,regular,category,S004436,0,C202605,悦活美妆,
B004436,U000866,P000068,臻选旅行用品升级版,C10,旅行用品,pv,2026-06-17 23:39:00,202.00,,wechat,android,湖北省,武汉市,new,product_detail,S004437,1,C202603,臻选旅行,
B004437,U000102,P000054,轻氧美妆个护日常款,C01,美妆个护,fav,2026-05-22 22:21:00,138.00,,offline,mac,北京市,北京市,high_value,category,S004438,0,C202601,轻氧美妆,
B004438,U000603,P000033,云感美妆个护升级版,C01,美妆个护,pv,2026-02-09 18:29:00,88.00,,offline,windows,上海市,上海市,regular,category,S004439,0,C202601,云感美妆,
B004439,U000558,P000028,原野数码配件升级版,C05,数码配件,cart,2026-01-23 09:34:00,158.00,1,wechat,android,湖北省,武汉市,regular,category,S004440,0,C202601,原野数码,
B004440,U000597,P000090,轻氧旅行用品套装,C10,旅行用品,fav,2026-06-08 14:34:00,170.00,,wechat,ios,四川省,成都市,regular,product_detail,S004441,0,C202606,轻氧旅行,
B004441,U000024,P000067,悦活旅行用品便携装,C10,旅行用品,fav,2026-05-04 09:47:00,195.00,,douyin,ios,湖北省,武汉市,high_value,search,S004442,0,C202604,悦活旅行,
B004442,U000458,P000060,轻氧数码配件套装,C05,数码配件,pv,2026-01-24 19:31:00,269.00,,wechat,android,湖北省,武汉市,regular,home,S004443,0,C202605,轻氧数码,
B004443,U000480,P000008,臻选美妆个护升级版,C01,美妆个护,pv,2026-01-28 13:02:00,69.00,,offline,windows,福建省,厦门市,regular,search,S004444,0,C202602,臻选美妆,
B004444,U000013,P000038,臻选母婴用品升级版,C06,母婴用品,cart,2026-01-27 22:37:00,188.00,1,jd,android,河南省,郑州市,high_value,home,S004445,0,C202604,臻选母婴,
B004445,U000588,P000146,臻选生鲜旗舰款,C09,生鲜,fav,2026-03-16 15:27:00,112.00,,douyin,android,上海市,上海市,regular,search,S004446,0,C202602,臻选生鲜,
B004446,U000442,P000105,云感运动户外套装,C07,运动户外,pv,2026-04-08 20:59:00,142.00,,wechat,ios,湖北省,武汉市,regular,home,S004447,0,C202602,云感运动,
B004447,U000766,P000024,轻氧食品饮料日常款,C02,食品饮料,pv,2026-06-19 16:14:00,55.00,,douyin,android,山东省,青岛市,regular,home,S004448,0,C202603,轻氧食品,
B004448,U000807,P000137,轻盈数码配件便携装,C05,数码配件,pv,2026-06-05 16:24:00,216.00,,wechat,windows,上海市,上海市,regular,search,S004449,0,C202602,轻盈数码,
B004449,U000568,P000045,云感食品饮料套装,C02,食品饮料,fav,2026-03-13 21:49:00,67.00,,taobao,windows,山东省,青岛市,regular,category,S004450,0,C202606,云感食品,
B004450,U000200,P000010,原野旅行用品套装,C10,旅行用品,pv,2026-04-30 17:43:00,302.00,,offline,ios,浙江省,杭州市,member,home,S004451,0,C202605,原野旅行,
B004451,U000288,P000092,臻选服饰便携装,C03,服饰,cart,2026-03-01 08:30:00,291.00,1,search,windows,湖北省,武汉市,member,search,S004452,0,C202601,臻选服饰,
B004452,U000680,P000150,轻氧母婴用品套装,C06,母婴用品,pv,2026-06-27 23:41:00,76.00,,offline,mac,福建省,厦门市,regular,category,S004453,0,C202603,轻氧母婴,
B004453,U000841,P000145,悦活宠物用品套装,C08,宠物用品,pv,2026-02-17 12:30:00,42.00,,taobao,android,江苏省,南京市,new,home,S004454,1,C202606,悦活宠物,
B004454,U000724,P000117,云感食品饮料便携装,C02,食品饮料,fav,2026-04-01 11:39:00,54.00,,taobao,mac,河南省,郑州市,regular,search,S004455,0,C202601,云感食品,
B004455,U000375,P000085,悦活家居日用套装,C04,家居日用,fav,2026-05-05 17:03:00,70.00,,offline,ios,浙江省,杭州市,member,product_detail,S004456,0,C202602,悦活家居,
B004456,U000701,P000030,轻氧家居日用套装,C04,家居日用,pv,2026-03-26 16:01:00,106.00,,taobao,ios,福建省,厦门市,regular,home,S004457,0,C202602,轻氧家居,
B004457,U000345,P000153,云感美妆个护升级版,C01,美妆个护,cart,2026-05-27 15:53:00,48.00,1,douyin,mac,河南省,郑州市,member,search,S004458,0,C202604,云感美妆,
B004458,U000081,P000025,悦活宠物用品套装,C08,宠物用品,pv,2026-01-20 17:22:00,105.00,,search,android,广东省,深圳市,high_value,home,S004459,0,C202602,悦活宠物,
B004459,U000178,P000008,臻选美妆个护升级版,C01,美妆个护,pv,2026-05-27 13:52:00,69.00,,douyin,android,浙江省,杭州市,member,product_detail,S004460,0,C202602,臻选美妆,
B004460,U000815,P000141,云感数码配件旗舰款,C05,数码配件,pv,2026-02-03 20:50:00,220.00,,douyin,mac,河南省,郑州市,regular,search,S004461,0,C202603,云感数码,
B004461,U000051,P000039,云感生鲜日常款,C09,生鲜,pv,2026-06-27 11:35:00,109.00,,taobao,windows,山东省,青岛市,high_value,home,S004462,0,C202601,云感生鲜,
B004462,U000246,P000040,原野数码配件套装,C05,数码配件,cart,2026-01-27 13:56:00,162.00,1,taobao,ios,福建省,厦门市,member,category,S004463,0,C202604,原野数码,
B004463,U000446,P000074,臻选美妆个护日常款,C01,美妆个护,pv,2026-02-08 20:54:00,71.00,,wechat,ios,四川省,成都市,regular,category,S004464,0,C202601,臻选美妆,
B004464,U000185,P000138,轻氧数码配件升级版,C05,数码配件,fav,2026-05-17 17:25:00,150.00,,wechat,ios,山东省,青岛市,member,product_detail,S004465,0,C202605,轻氧数码,
B004465,U000705,P000070,原野宠物用品套装,C08,宠物用品,pv,2026-02-03 11:27:00,147.00,,offline,android,北京市,北京市,regular,category,S004466,0,C202603,原野宠物,
B004466,U000838,P000131,轻盈生鲜旗舰款,C09,生鲜,pv,2026-03-29 20:28:00,85.00,,search,mac,浙江省,杭州市,new,category,S004467,1,C202603,轻盈生鲜,
B004467,U000689,P000109,悦活旅行用品日常款,C10,旅行用品,cart,2026-01-24 21:41:00,614.00,1,search,windows,北京市,北京市,regular,home,S004468,0,C202601,悦活旅行,
B004468,U000338,P000098,臻选家居日用升级版,C04,家居日用,pv,2026-04-27 14:53:00,90.00,,douyin,android,上海市,上海市,member,search,S004469,0,C202601,臻选家居,
B004469,U000161,P000067,悦活旅行用品便携装,C10,旅行用品,fav,2026-04-18 17:32:00,195.00,,wechat,android,河南省,郑州市,member,product_detail,S004470,0,C202603,悦活旅行,
B004470,U000829,P000018,轻氧生鲜升级版,C09,生鲜,cart,2026-06-19 08:08:00,81.00,1,wechat,windows,江苏省,南京市,new,category,S004471,1,C202604,轻氧生鲜,
B004471,U000160,P000086,臻选数码配件旗舰款,C05,数码配件,fav,2026-06-13 08:27:00,150.00,,wechat,android,广东省,深圳市,member,home,S004472,0,C202605,臻选数码,
B004472,U000347,P000172,原野宠物用品便携装,C08,宠物用品,fav,2026-02-08 10:30:00,99.00,,offline,mac,河南省,郑州市,member,home,S004473,0,C202604,原野宠物,
B004473,U000843,P000001,悦活家居日用旗舰款,C04,家居日用,pv,2026-01-20 12:21:00,141.00,,jd,mac,福建省,厦门市,new,category,S004474,1,C202605,悦活家居,
B004474,U000698,P000108,轻氧母婴用品升级版,C06,母婴用品,fav,2026-02-21 13:18:00,86.00,,taobao,android,山东省,青岛市,regular,product_detail,S004475,0,C202603,轻氧母婴,
B004475,U000697,P000051,云感宠物用品旗舰款,C08,宠物用品,fav,2026-05-28 14:45:00,64.00,,wechat,ios,山东省,青岛市,regular,search,S004476,0,C202602,云感宠物,
B004476,U000475,P000022,原野母婴用品便携装,C06,母婴用品,pv,2026-04-18 16:44:00,190.00,,taobao,ios,福建省,厦门市,regular,home,S004477,0,C202602,原野母婴,
B004477,U000276,P000081,云感数码配件旗舰款,C05,数码配件,cart,2026-02-11 12:07:00,152.00,1,taobao,ios,四川省,成都市,member,product_detail,S004478,0,C202605,云感数码,
B004478,U000425,P000105,云感运动户外套装,C07,运动户外,fav,2026-02-05 17:08:00,142.00,,wechat,android,四川省,成都市,regular,product_detail,S004479,0,C202602,云感运动,
B004479,U000696,P000100,原野运动户外套装,C07,运动户外,cart,2026-04-02 11:00:00,235.00,1,search,ios,江苏省,南京市,regular,search,S004480,0,C202601,原野运动,
B004480,U000351,P000067,悦活旅行用品便携装,C10,旅行用品,pv,2026-04-02 21:59:00,195.00,,jd,windows,河南省,郑州市,member,search,S004481,0,C202602,悦活旅行,
B004481,U000895,P000121,悦活运动户外旗舰款,C07,运动户外,pv,2026-01-11 22:08:00,291.00,,search,windows,江苏省,南京市,new,home,S004482,1,C202602,悦活运动,
B004482,U000665,P000080,臻选家居日用套装,C04,家居日用,pv,2026-05-16 14:02:00,148.00,,jd,mac,广东省,深圳市,regular,category,S004483,0,C202602,臻选家居,
B004483,U000309,P000134,臻选数码配件日常款,C05,数码配件,cart,2026-03-08 12:21:00,120.00,1,jd,android,湖北省,武汉市,member,search,S004484,0,C202606,臻选数码,
B004484,U000462,P000053,轻盈服饰升级版,C03,服饰,pv,2026-03-19 13:45:00,262.00,,offline,ios,北京市,北京市,regular,product_detail,S004485,0,C202602,轻盈服饰,
B004485,U000808,P000035,轻盈家居日用套装,C04,家居日用,cart,2026-01-10 17:05:00,116.00,1,offline,windows,江苏省,南京市,regular,home,S004486,0,C202606,轻盈家居,
B004486,U000238,P000066,轻氧母婴用品旗舰款,C06,母婴用品,cart,2026-04-20 22:27:00,76.00,1,search,ios,四川省,成都市,member,home,S004487,0,C202604,轻氧母婴,
B004487,U000391,P000159,云感旅行用品日常款,C10,旅行用品,pv,2026-05-23 19:53:00,514.00,,search,mac,江苏省,南京市,member,search,S004488,0,C202603,云感旅行,
B004488,U000686,P000145,悦活宠物用品套装,C08,宠物用品,fav,2026-05-24 17:42:00,42.00,,taobao,windows,四川省,成都市,regular,home,S004489,0,C202606,悦活宠物,
B004489,U000377,P000131,轻盈生鲜旗舰款,C09,生鲜,pv,2026-03-02 16:17:00,85.00,,taobao,windows,四川省,成都市,member,product_detail,S004490,0,C202604,轻盈生鲜,
B004490,U000420,P000117,云感食品饮料便携装,C02,食品饮料,fav,2026-01-17 18:00:00,54.00,,jd,android,湖北省,武汉市,member,home,S004491,0,C202601,云感食品,
B004491,U000434,P000059,轻盈美妆个护日常款,C01,美妆个护,cart,2026-01-04 11:03:00,52.00,1,jd,mac,北京市,北京市,regular,search,S004492,0,C202603,轻盈美妆,
B004492,U000592,P000143,轻盈美妆个护升级版,C01,美妆个护,cart,2026-01-02 13:10:00,53.00,1,offline,mac,山东省,青岛市,regular,category,S004493,0,C202605,轻盈美妆,
B004493,U000251,P000055,悦活宠物用品套装,C08,宠物用品,pv,2026-04-26 08:57:00,100.00,,jd,android,福建省,厦门市,member,product_detail,S004494,0,C202603,悦活宠物,
B004494,U000645,P000078,轻氧运动户外升级版,C07,运动户外,pv,2026-05-10 13:06:00,332.00,,taobao,android,山东省,青岛市,regular,category,S004495,0,C202605,轻氧运动,
B004495,U000072,P000047,轻盈服饰便携装,C03,服饰,pv,2026-06-25 21:57:00,154.00,,search,ios,四川省,成都市,high_value,home,S004496,0,C202601,轻盈服饰,
B004496,U000177,P000043,悦活服饰升级版,C03,服饰,fav,2026-04-17 20:41:00,237.00,,search,mac,北京市,北京市,member,search,S004497,0,C202603,悦活服饰,
B004497,U000047,P000105,云感运动户外套装,C07,运动户外,fav,2026-02-16 08:05:00,142.00,,douyin,ios,河南省,郑州市,high_value,home,S004498,0,C202602,云感运动,
B004498,U000118,P000067,悦活旅行用品便携装,C10,旅行用品,pv,2026-06-03 14:26:00,195.00,,taobao,ios,广东省,深圳市,high_value,home,S004499,0,C202606,悦活旅行,
B004499,U000835,P000124,原野食品饮料日常款,C02,食品饮料,cart,2026-03-10 13:37:00,60.00,1,taobao,ios,四川省,成都市,new,category,S004500,1,C202604,原野食品,
B004500,U000831,P000040,原野数码配件套装,C05,数码配件,cart,2026-04-19 20:38:00,162.00,1,wechat,windows,浙江省,杭州市,new,home,S004501,1,C202605,原野数码,
B004501,U000784,P000092,臻选服饰便携装,C03,服饰,pv,2026-04-06 17:37:00,291.00,,jd,android,江苏省,南京市,regular,category,S004502,0,C202604,臻选服饰,
B004502,U000328,P000123,云感宠物用品升级版,C08,宠物用品,pv,2026-04-20 12:52:00,83.00,,taobao,mac,湖北省,武汉市,member,home,S004503,0,C202604,云感宠物,
B004503,U000582,P000007,悦活服饰便携装,C03,服饰,fav,2026-06-29 16:34:00,344.00,,jd,windows,福建省,厦门市,regular,home,S004504,0,C202603,悦活服饰,
B004504,U000242,P000013,悦活食品饮料升级版,C02,食品饮料,cart,2026-02-12 14:30:00,91.00,1,jd,ios,山东省,青岛市,member,product_detail,S004505,0,C202601,悦活食品,
B004505,U000900,P000059,轻盈美妆个护日常款,C01,美妆个护,pv,2026-05-04 14:34:00,52.00,,wechat,ios,北京市,北京市,new,home,S004506,1,C202603,轻盈美妆,
B004506,U000899,P000134,臻选数码配件日常款,C05,数码配件,pv,2026-02-15 18:51:00,120.00,,jd,windows,北京市,北京市,new,product_detail,S004507,1,C202605,臻选数码,
B004507,U000266,P000005,轻盈数码配件套装,C05,数码配件,fav,2026-05-29 17:21:00,256.00,,search,windows,湖北省,武汉市,member,category,S004508,0,C202601,轻盈数码,
B004508,U000377,P000105,云感运动户外套装,C07,运动户外,pv,2026-02-27 13:43:00,142.00,,search,windows,四川省,成都市,member,category,S004509,0,C202606,云感运动,
B004509,U000211,P000011,轻盈旅行用品旗舰款,C10,旅行用品,pv,2026-02-06 22:53:00,224.00,,wechat,windows,江苏省,南京市,member,category,S004510,0,C202604,轻盈旅行,
B004510,U000411,P000111,云感宠物用品旗舰款,C08,宠物用品,fav,2026-04-05 11:12:00,117.00,,wechat,mac,江苏省,南京市,member,product_detail,S004511,0,C202602,云感宠物,
B004511,U000579,P000091,悦活母婴用品旗舰款,C06,母婴用品,fav,2026-04-14 11:44:00,87.00,,wechat,windows,北京市,北京市,regular,product_detail,S004512,0,C202605,悦活母婴,
B004512,U000213,P000131,轻盈生鲜旗舰款,C09,生鲜,pv,2026-06-07 17:34:00,85.00,,douyin,ios,浙江省,杭州市,member,category,S004513,0,C202603,轻盈生鲜,
B004513,U000300,P000135,云感数码配件套装,C05,数码配件,fav,2026-06-08 14:56:00,182.00,,search,android,湖北省,武汉市,member,search,S004514,0,C202606,云感数码,
B004514,U000500,P000126,轻氧旅行用品旗舰款,C10,旅行用品,pv,2026-05-11 12:56:00,248.00,,douyin,ios,河南省,郑州市,regular,search,S004515,0,C202604,轻氧旅行,
B004515,U000493,P000139,悦活运动户外日常款,C07,运动户外,pv,2026-05-13 16:43:00,358.00,,taobao,mac,江苏省,南京市,regular,search,S004516,0,C202605,悦活运动,
B004516,U000888,P000023,轻盈食品饮料升级版,C02,食品饮料,pv,2026-02-03 17:30:00,79.00,,jd,android,上海市,上海市,new,product_detail,S004517,1,C202602,轻盈食品,
B004517,U000829,P000124,原野食品饮料日常款,C02,食品饮料,pv,2026-02-27 08:39:00,60.00,,offline,windows,江苏省,南京市,new,product_detail,S004518,1,C202602,原野食品,
B004518,U000098,P000065,轻盈生鲜套装,C09,生鲜,pv,2026-04-23 19:35:00,41.00,,jd,windows,福建省,厦门市,high_value,home,S004519,0,C202606,轻盈生鲜,
B004519,U000014,P000043,悦活服饰升级版,C03,服饰,pv,2026-01-18 09:41:00,237.00,,jd,ios,湖北省,武汉市,high_value,home,S004520,0,C202602,悦活服饰,
B004520,U000813,P000155,轻盈生鲜套装,C09,生鲜,cart,2026-01-02 14:33:00,106.00,1,jd,ios,河南省,郑州市,regular,category,S004521,0,C202601,轻盈生鲜,
B004521,U000534,P000023,轻盈食品饮料升级版,C02,食品饮料,fav,2026-04-21 22:08:00,79.00,,offline,ios,上海市,上海市,regular,product_detail,S004522,0,C202603,轻盈食品,
B004522,U000178,P000141,云感数码配件旗舰款,C05,数码配件,cart,2026-03-03 18:00:00,220.00,1,taobao,android,浙江省,杭州市,member,category,S004523,0,C202605,云感数码,
B004523,U000682,P000016,原野运动户外旗舰款,C07,运动户外,pv,2026-04-08 12:15:00,164.00,,offline,windows,上海市,上海市,regular,home,S004524,0,C202602,原野运动,
B004524,U000756,P000074,臻选美妆个护日常款,C01,美妆个护,pv,2026-05-11 10:17:00,71.00,,douyin,windows,福建省,厦门市,regular,home,S004525,0,C202605,臻选美妆,
B004525,U000125,P000101,轻盈生鲜旗舰款,C09,生鲜,cart,2026-02-15 11:02:00,111.00,1,jd,windows,四川省,成都市,member,product_detail,S004526,0,C202601,轻盈生鲜,
B004526,U000025,P000011,轻盈旅行用品旗舰款,C10,旅行用品,fav,2026-05-24 22:39:00,224.00,,wechat,mac,四川省,成都市,high_value,product_detail,S004527,0,C202605,轻盈旅行,
B004527,U000302,P000045,云感食品饮料套装,C02,食品饮料,pv,2026-03-03 17:40:00,67.00,,taobao,windows,浙江省,杭州市,member,home,S004528,0,C202606,云感食品,
B004528,U000486,P000050,臻选生鲜套装,C09,生鲜,pv,2026-05-03 23:49:00,108.00,,offline,android,山东省,青岛市,regular,search,S004529,0,C202602,臻选生鲜,
B004529,U000107,P000021,云感宠物用品旗舰款,C08,宠物用品,fav,2026-05-03 19:01:00,160.00,,taobao,android,北京市,北京市,high_value,category,S004530,0,C202604,云感宠物,
B004530,U000435,P000093,云感生鲜升级版,C09,生鲜,cart,2026-03-24 08:04:00,39.00,1,jd,android,河南省,郑州市,regular,product_detail,S004531,0,C202604,云感生鲜,
B004531,U000189,P000094,原野运动户外日常款,C07,运动户外,pv,2026-04-10 08:49:00,136.00,,search,windows,上海市,上海市,member,category,S004532,0,C202605,原野运动,
B004532,U000245,P000126,轻氧旅行用品旗舰款,C10,旅行用品,pv,2026-01-16 10:19:00,248.00,,jd,mac,北京市,北京市,member,search,S004533,0,C202603,轻氧旅行,
B004533,U000207,P000038,臻选母婴用品升级版,C06,母婴用品,pv,2026-06-27 21:13:00,188.00,,jd,mac,四川省,成都市,member,category,S004534,0,C202601,臻选母婴,
B004534,U000716,P000095,轻盈旅行用品套装,C10,旅行用品,pv,2026-03-28 10:41:00,577.00,,search,android,浙江省,杭州市,regular,search,S004535,0,C202602,轻盈旅行,
B004535,U000261,P000106,原野母婴用品旗舰款,C06,母婴用品,cart,2026-06-19 18:09:00,102.00,1,taobao,mac,浙江省,杭州市,member,search,S004536,0,C202604,原野母婴,
B004536,U000783,P000119,轻盈宠物用品日常款,C08,宠物用品,cart,2026-01-14 09:54:00,99.00,1,search,windows,江苏省,南京市,regular,product_detail,S004537,0,C202605,轻盈宠物,
B004537,U000157,P000136,原野运动户外旗舰款,C07,运动户外,fav,2026-04-25 17:22:00,169.00,,search,ios,上海市,上海市,member,category,S004538,0,C202606,原野运动,
B004538,U000852,P000160,原野旅行用品套装,C10,旅行用品,pv,2026-03-01 08:25:00,231.00,,search,ios,四川省,成都市,new,search,S004539,1,C202606,原野旅行,
B004539,U000712,P000119,轻盈宠物用品日常款,C08,宠物用品,pv,2026-04-30 11:11:00,99.00,,douyin,mac,江苏省,南京市,regular,home,S004540,0,C202601,轻盈宠物,
B004540,U000378,P000149,轻盈家居日用日常款,C04,家居日用,pv,2026-05-28 08:36:00,110.00,,wechat,ios,浙江省,杭州市,member,search,S004541,0,C202605,轻盈家居,
B004541,U000870,P000077,轻盈服饰便携装,C03,服饰,cart,2026-02-17 20:08:00,279.00,1,jd,ios,江苏省,南京市,new,category,S004542,1,C202602,轻盈服饰,
B004542,U000640,P000066,轻氧母婴用品旗舰款,C06,母婴用品,fav,2026-04-24 19:42:00,76.00,,wechat,android,浙江省,杭州市,regular,product_detail,S004543,0,C202603,轻氧母婴,
B004543,U000441,P000143,轻盈美妆个护升级版,C01,美妆个护,pv,2026-05-13 08:14:00,53.00,,offline,android,江苏省,南京市,regular,product_detail,S004544,0,C202604,轻盈美妆,
B004544,U000111,P000090,轻氧旅行用品套装,C10,旅行用品,fav,2026-06-06 22:11:00,170.00,,taobao,ios,浙江省,杭州市,high_value,product_detail,S004545,0,C202604,轻氧旅行,
B004545,U000814,P000140,臻选食品饮料套装,C02,食品饮料,cart,2026-06-11 15:46:00,71.00,1,offline,windows,北京市,北京市,regular,product_detail,S004546,0,C202605,臻选食品,
B004546,U000426,P000079,悦活服饰日常款,C03,服饰,cart,2026-05-27 20:45:00,452.00,1,offline,windows,广东省,深圳市,regular,category,S004547,0,C202603,悦活服饰,
B004547,U000636,P000026,臻选生鲜旗舰款,C09,生鲜,fav,2026-05-24 14:50:00,88.00,,taobao,ios,北京市,北京市,regular,search,S004548,0,C202605,臻选生鲜,
B004548,U000089,P000005,轻盈数码配件套装,C05,数码配件,pv,2026-01-19 10:44:00,256.00,,jd,ios,湖北省,武汉市,high_value,home,S004549,0,C202606,轻盈数码,
B004549,U000582,P000120,轻氧宠物用品套装,C08,宠物用品,cart,2026-01-23 09:02:00,58.00,1,jd,windows,福建省,厦门市,regular,home,S004550,0,C202601,轻氧宠物,
B004550,U000183,P000019,悦活家居日用日常款,C04,家居日用,fav,2026-05-04 09:15:00,71.00,,search,android,山东省,青岛市,member,home,S004551,0,C202603,悦活家居,
B004551,U000528,P000076,原野美妆个护旗舰款,C01,美妆个护,pv,2026-06-12 11:28:00,77.00,,taobao,mac,广东省,深圳市,regular,search,S004552,0,C202603,原野美妆,
B004552,U000127,P000046,原野食品饮料旗舰款,C02,食品饮料,pv,2026-06-21 22:27:00,69.00,,offline,windows,广东省,深圳市,member,home,S004553,0,C202602,原野食品,
B004553,U000081,P000056,臻选旅行用品旗舰款,C10,旅行用品,cart,2026-01-27 19:17:00,443.00,1,jd,android,广东省,深圳市,high_value,search,S004554,0,C202602,臻选旅行,
B004554,U000220,P000044,臻选食品饮料日常款,C02,食品饮料,pv,2026-01-28 08:56:00,28.00,,jd,mac,广东省,深圳市,member,search,S004555,0,C202605,臻选食品,
B004555,U000458,P000171,云感生鲜旗舰款,C09,生鲜,pv,2026-02-07 14:12:00,30.00,,search,android,湖北省,武汉市,regular,product_detail,S004556,0,C202603,云感生鲜,
B004556,U000622,P000071,轻盈宠物用品旗舰款,C08,宠物用品,fav,2026-04-27 17:51:00,144.00,,taobao,ios,河南省,郑州市,regular,home,S004557,0,C202603,轻盈宠物,
B004557,U000017,P000159,云感旅行用品日常款,C10,旅行用品,pv,2026-05-01 12:46:00,514.00,,offline,mac,河南省,郑州市,high_value,product_detail,S004558,0,C202605,云感旅行,
B004558,U000717,P000154,原野生鲜日常款,C09,生鲜,cart,2026-04-22 20:35:00,103.00,1,douyin,mac,北京市,北京市,regular,product_detail,S004559,0,C202605,原野生鲜,
B004559,U000637,P000106,原野母婴用品旗舰款,C06,母婴用品,pv,2026-06-12 14:55:00,102.00,,taobao,windows,江苏省,南京市,regular,home,S004560,0,C202604,原野母婴,
B004560,U000498,P000131,轻盈生鲜旗舰款,C09,生鲜,pv,2026-06-08 16:38:00,85.00,,search,windows,山东省,青岛市,regular,search,S004561,0,C202605,轻盈生鲜,
B004561,U000646,P000073,悦活家居日用升级版,C04,家居日用,pv,2026-01-08 12:55:00,147.00,,offline,mac,浙江省,杭州市,regular,home,S004562,0,C202606,悦活家居,
B004562,U000210,P000104,臻选旅行用品日常款,C10,旅行用品,fav,2026-05-26 19:17:00,352.00,,search,ios,四川省,成都市,member,search,S004563,0,C202603,臻选旅行,
B004563,U000385,P000021,云感宠物用品旗舰款,C08,宠物用品,cart,2026-04-20 11:11:00,160.00,1,taobao,ios,北京市,北京市,member,search,S004564,0,C202604,云感宠物,
B004564,U000092,P000102,轻氧母婴用品便携装,C06,母婴用品,pv,2026-01-06 18:36:00,104.00,,wechat,mac,浙江省,杭州市,high_value,home,S004565,0,C202604,轻氧母婴,
B004565,U000002,P000012,轻氧母婴用品便携装,C06,母婴用品,pv,2026-02-06 20:55:00,128.00,,taobao,android,浙江省,杭州市,high_value,home,S004566,0,C202604,轻氧母婴,
B004566,U000584,P000079,悦活服饰日常款,C03,服饰,pv,2026-01-08 23:27:00,452.00,,jd,ios,江苏省,南京市,regular,search,S004567,0,C202606,悦活服饰,
B004567,U000177,P000142,原野母婴用品便携装,C06,母婴用品,pv,2026-02-12 19:32:00,161.00,,offline,mac,北京市,北京市,member,home,S004568,0,C202602,原野母婴,
B004568,U000013,P000041,轻盈家居日用旗舰款,C04,家居日用,cart,2026-05-18 18:35:00,166.00,1,jd,android,河南省,郑州市,high_value,search,S004569,0,C202601,轻盈家居,
B004569,U000334,P000023,轻盈食品饮料升级版,C02,食品饮料,cart,2026-02-13 10:56:00,79.00,1,search,windows,福建省,厦门市,member,home,S004570,0,C202604,轻盈食品,
B004570,U000246,P000138,轻氧数码配件升级版,C05,数码配件,pv,2026-02-24 17:23:00,150.00,,wechat,ios,福建省,厦门市,member,home,S004571,0,C202606,轻氧数码,
B004571,U000027,P000126,轻氧旅行用品旗舰款,C10,旅行用品,pv,2026-01-05 11:53:00,248.00,,offline,mac,浙江省,杭州市,high_value,search,S004572,0,C202603,轻氧旅行,
B004572,U000701,P000136,原野运动户外旗舰款,C07,运动户外,pv,2026-05-15 14:12:00,169.00,,search,ios,福建省,厦门市,regular,category,S004573,0,C202606,原野运动,
B004573,U000211,P000016,原野运动户外旗舰款,C07,运动户外,fav,2026-05-02 20:47:00,164.00,,jd,windows,江苏省,南京市,member,product_detail,S004574,0,C202606,原野运动,
B004574,U000581,P000055,悦活宠物用品套装,C08,宠物用品,pv,2026-03-13 13:36:00,100.00,,douyin,windows,上海市,上海市,regular,product_detail,S004575,0,C202606,悦活宠物,
B004575,U000606,P000100,原野运动户外套装,C07,运动户外,pv,2026-01-06 13:56:00,235.00,,offline,android,四川省,成都市,regular,search,S004576,0,C202603,原野运动,
B004576,U000453,P000042,轻氧美妆个护便携装,C01,美妆个护,fav,2026-05-25 22:52:00,69.00,,wechat,android,四川省,成都市,regular,search,S004577,0,C202603,轻氧美妆,
B004577,U000380,P000166,原野服饰旗舰款,C03,服饰,pv,2026-05-14 17:54:00,378.00,,taobao,windows,湖北省,武汉市,member,home,S004578,0,C202606,原野服饰,
B004578,U000615,P000055,悦活宠物用品套装,C08,宠物用品,pv,2026-02-16 21:29:00,100.00,,douyin,windows,浙江省,杭州市,regular,product_detail,S004579,0,C202606,悦活宠物,
B004579,U000158,P000141,云感数码配件旗舰款,C05,数码配件,fav,2026-04-19 17:44:00,220.00,,douyin,windows,四川省,成都市,member,search,S004580,0,C202605,云感数码,
B004580,U000710,P000152,臻选数码配件便携装,C05,数码配件,pv,2026-05-04 18:32:00,302.00,,search,mac,四川省,成都市,regular,home,S004581,0,C202601,臻选数码,
B004581,U000379,P000099,云感服饰日常款,C03,服饰,fav,2026-03-09 22:03:00,230.00,,jd,mac,江苏省,南京市,member,product_detail,S004582,0,C202605,云感服饰,
B004582,U000048,P000058,原野生鲜升级版,C09,生鲜,cart,2026-02-01 16:33:00,44.00,1,jd,ios,河南省,郑州市,high_value,product_detail,S004583,0,C202601,原野生鲜,
B004583,U000361,P000039,云感生鲜日常款,C09,生鲜,pv,2026-03-14 21:23:00,109.00,,wechat,windows,北京市,北京市,member,home,S004584,0,C202603,云感生鲜,
B004584,U000614,P000052,原野数码配件便携装,C05,数码配件,pv,2026-02-28 18:43:00,173.00,,jd,android,北京市,北京市,regular,category,S004585,0,C202605,原野数码,
B004585,U000041,P000012,轻氧母婴用品便携装,C06,母婴用品,pv,2026-04-04 21:42:00,128.00,,taobao,mac,广东省,深圳市,high_value,product_detail,S004586,0,C202604,轻氧母婴,
B004586,U000412,P000042,轻氧美妆个护便携装,C01,美妆个护,fav,2026-03-03 09:32:00,69.00,,wechat,android,山东省,青岛市,member,category,S004587,0,C202603,轻氧美妆,
B004587,U000264,P000132,轻氧家居日用便携装,C04,家居日用,pv,2026-01-15 11:59:00,91.00,,search,mac,江苏省,南京市,member,category,S004588,0,C202604,轻氧家居,
B004588,U000869,P000048,轻氧宠物用品升级版,C08,宠物用品,cart,2026-02-14 09:20:00,142.00,1,taobao,windows,四川省,成都市,new,search,S004589,1,C202605,轻氧宠物,
B004589,U000452,P000151,悦活美妆个护旗舰款,C01,美妆个护,cart,2026-01-10 19:30:00,38.00,1,douyin,mac,江苏省,南京市,regular,home,S004590,0,C202605,悦活美妆,
B004590,U000676,P000105,云感运动户外套装,C07,运动户外,fav,2026-02-08 23:14:00,142.00,,taobao,android,河南省,郑州市,regular,home,S004591,0,C202601,云感运动,
B004591,U000871,P000142,原野母婴用品便携装,C06,母婴用品,fav,2026-05-01 16:08:00,161.00,,taobao,windows,广东省,深圳市,new,search,S004592,1,C202602,原野母婴,
B004592,U000290,P000078,轻氧运动户外升级版,C07,运动户外,cart,2026-03-21 22:55:00,332.00,1,taobao,android,福建省,厦门市,member,home,S004593,0,C202606,轻氧运动,
B004593,U000034,P000157,悦活旅行用品便携装,C10,旅行用品,cart,2026-04-04 12:09:00,436.00,1,jd,windows,北京市,北京市,high_value,product_detail,S004594,0,C202603,悦活旅行,
B004594,U000016,P000008,臻选美妆个护升级版,C01,美妆个护,pv,2026-03-10 18:39:00,69.00,,wechat,ios,江苏省,南京市,high_value,product_detail,S004595,0,C202602,臻选美妆,
B004595,U000876,P000171,云感生鲜旗舰款,C09,生鲜,cart,2026-02-05 15:26:00,30.00,1,offline,android,山东省,青岛市,new,category,S004596,1,C202601,云感生鲜,
B004596,U000098,P000097,悦活母婴用品便携装,C06,母婴用品,cart,2026-06-30 23:27:00,123.00,1,jd,windows,福建省,厦门市,high_value,category,S004597,0,C202601,悦活母婴,
B004597,U000571,P000145,悦活宠物用品套装,C08,宠物用品,pv,2026-02-16 18:17:00,42.00,,offline,mac,浙江省,杭州市,regular,category,S004598,0,C202605,悦活宠物,
B004598,U000002,P000107,轻盈运动户外便携装,C07,运动户外,pv,2026-01-15 12:59:00,176.00,,douyin,android,浙江省,杭州市,high_value,category,S004599,0,C202601,轻盈运动,
B004599,U000255,P000006,轻氧母婴用品旗舰款,C06,母婴用品,pv,2026-03-02 15:06:00,161.00,,douyin,mac,湖北省,武汉市,member,category,S004600,0,C202604,轻氧母婴,
B004600,U000710,P000096,轻氧数码配件旗舰款,C05,数码配件,cart,2026-02-06 11:53:00,88.00,1,douyin,mac,四川省,成都市,regular,search,S004601,0,C202605,轻氧数码,
B004601,U000408,P000091,悦活母婴用品旗舰款,C06,母婴用品,pv,2026-06-10 13:36:00,87.00,,taobao,windows,北京市,北京市,member,search,S004602,0,C202604,悦活母婴,
B004602,U000475,P000121,悦活运动户外旗舰款,C07,运动户外,fav,2026-04-01 10:17:00,291.00,,wechat,ios,福建省,厦门市,regular,search,S004603,0,C202602,悦活运动,
B004603,U000777,P000111,云感宠物用品旗舰款,C08,宠物用品,cart,2026-05-27 12:26:00,117.00,1,search,ios,浙江省,杭州市,regular,home,S004604,0,C202601,云感宠物,
B004604,U000231,P000172,原野宠物用品便携装,C08,宠物用品,cart,2026-06-12 22:05:00,99.00,1,wechat,android,福建省,厦门市,member,product_detail,S004605,0,C202605,原野宠物,
B004605,U000878,P000019,悦活家居日用日常款,C04,家居日用,pv,2026-01-02 23:09:00,71.00,,search,mac,福建省,厦门市,new,category,S004606,1,C202604,悦活家居,
B004606,U000726,P000133,悦活美妆个护升级版,C01,美妆个护,cart,2026-03-28 09:10:00,47.00,1,wechat,windows,江苏省,南京市,regular,home,S004607,0,C202601,悦活美妆,
B004607,U000792,P000026,臻选生鲜旗舰款,C09,生鲜,fav,2026-06-26 16:46:00,88.00,,offline,android,山东省,青岛市,regular,category,S004608,0,C202605,臻选生鲜,
B004608,U000534,P000076,原野美妆个护旗舰款,C01,美妆个护,pv,2026-03-09 23:42:00,77.00,,search,ios,上海市,上海市,regular,product_detail,S004609,0,C202602,原野美妆,
B004609,U000045,P000056,臻选旅行用品旗舰款,C10,旅行用品,pv,2026-04-22 08:20:00,443.00,,taobao,windows,福建省,厦门市,high_value,product_detail,S004610,0,C202601,臻选旅行,
B004610,U000692,P000013,悦活食品饮料升级版,C02,食品饮料,pv,2026-02-27 13:45:00,91.00,,jd,android,河南省,郑州市,regular,product_detail,S004611,0,C202602,悦活食品,
B004611,U000795,P000064,原野宠物用品日常款,C08,宠物用品,pv,2026-06-15 20:18:00,140.00,,offline,windows,湖北省,武汉市,regular,product_detail,S004612,0,C202604,原野宠物,
B004612,U000010,P000137,轻盈数码配件便携装,C05,数码配件,fav,2026-01-12 09:12:00,216.00,,wechat,android,浙江省,杭州市,high_value,search,S004613,0,C202604,轻盈数码,
B004613,U000264,P000161,轻盈家居日用旗舰款,C04,家居日用,fav,2026-05-25 14:28:00,160.00,,taobao,mac,江苏省,南京市,member,home,S004614,0,C202601,轻盈家居,
B004614,U000726,P000027,云感宠物用品便携装,C08,宠物用品,cart,2026-05-13 13:26:00,96.00,1,douyin,windows,江苏省,南京市,regular,product_detail,S004615,0,C202603,云感宠物,
B004615,U000486,P000020,臻选数码配件套装,C05,数码配件,fav,2026-05-24 13:34:00,252.00,,taobao,android,山东省,青岛市,regular,product_detail,S004616,0,C202606,臻选数码,
B004616,U000898,P000143,轻盈美妆个护升级版,C01,美妆个护,pv,2026-05-16 19:16:00,53.00,,taobao,ios,山东省,青岛市,new,category,S004617,1,C202604,轻盈美妆,
B004617,U000497,P000082,原野旅行用品便携装,C10,旅行用品,cart,2026-03-13 14:37:00,253.00,1,offline,android,江苏省,南京市,regular,home,S004618,0,C202603,原野旅行,
B004618,U000523,P000106,原野母婴用品旗舰款,C06,母婴用品,fav,2026-02-10 18:38:00,102.00,,offline,windows,江苏省,南京市,regular,home,S004619,0,C202601,原野母婴,
B004619,U000675,P000027,云感宠物用品便携装,C08,宠物用品,cart,2026-03-14 20:59:00,96.00,1,offline,windows,北京市,北京市,regular,category,S004620,0,C202606,云感宠物,
B004620,U000842,P000042,轻氧美妆个护便携装,C01,美妆个护,pv,2026-01-27 19:56:00,69.00,,jd,windows,广东省,深圳市,new,search,S004621,1,C202603,轻氧美妆,
B004621,U000341,P000105,云感运动户外套装,C07,运动户外,fav,2026-06-15 17:03:00,142.00,,wechat,ios,江苏省,南京市,member,search,S004622,0,C202601,云感运动,
B004622,U000685,P000119,轻盈宠物用品日常款,C08,宠物用品,pv,2026-03-05 11:23:00,99.00,,wechat,mac,山东省,青岛市,regular,search,S004623,0,C202602,轻盈宠物,
B004623,U000197,P000110,臻选美妆个护套装,C01,美妆个护,pv,2026-01-21 09:20:00,81.00,,wechat,mac,上海市,上海市,member,product_detail,S004624,0,C202603,臻选美妆,
B004624,U000628,P000021,云感宠物用品旗舰款,C08,宠物用品,pv,2026-01-04 20:31:00,160.00,,douyin,android,河南省,郑州市,regular,category,S004625,0,C202603,云感宠物,
B004625,U000648,P000147,云感数码配件便携装,C05,数码配件,cart,2026-06-01 22:46:00,281.00,1,search,mac,湖北省,武汉市,regular,search,S004626,0,C202601,云感数码,
B004626,U000779,P000071,轻盈宠物用品旗舰款,C08,宠物用品,pv,2026-05-09 11:23:00,144.00,,douyin,windows,上海市,上海市,regular,home,S004627,0,C202603,轻盈宠物,
B004627,U000734,P000036,轻氧食品饮料旗舰款,C02,食品饮料,pv,2026-05-05 13:06:00,73.00,,search,mac,江苏省,南京市,regular,home,S004628,0,C202602,轻氧食品,
B004628,U000006,P000101,轻盈生鲜旗舰款,C09,生鲜,fav,2026-02-06 22:04:00,111.00,,douyin,windows,江苏省,南京市,high_value,home,S004629,0,C202604,轻盈生鲜,
B004629,U000250,P000075,云感母婴用品套装,C06,母婴用品,cart,2026-01-07 18:46:00,82.00,1,taobao,mac,上海市,上海市,member,search,S004630,0,C202604,云感母婴,
B004630,U000514,P000094,原野运动户外日常款,C07,运动户外,cart,2026-04-22 12:55:00,136.00,1,jd,mac,山东省,青岛市,regular,search,S004631,0,C202603,原野运动,
B004631,U000266,P000066,轻氧母婴用品旗舰款,C06,母婴用品,pv,2026-04-27 11:19:00,76.00,,offline,windows,湖北省,武汉市,member,search,S004632,0,C202603,轻氧母婴,
B004632,U000495,P000164,臻选食品饮料日常款,C02,食品饮料,pv,2026-02-06 14:44:00,73.00,,offline,android,北京市,北京市,regular,category,S004633,0,C202603,臻选食品,
B004633,U000214,P000092,臻选服饰便携装,C03,服饰,pv,2026-01-05 16:57:00,291.00,,jd,ios,上海市,上海市,member,search,S004634,0,C202602,臻选服饰,
B004634,U000132,P000087,云感旅行用品便携装,C10,旅行用品,cart,2026-05-16 11:48:00,609.00,1,offline,android,广东省,深圳市,member,search,S004635,0,C202606,云感旅行,
B004635,U000196,P000157,悦活旅行用品便携装,C10,旅行用品,cart,2026-01-22 16:09:00,436.00,1,offline,ios,河南省,郑州市,member,category,S004636,0,C202605,悦活旅行,
B004636,U000119,P000136,原野运动户外旗舰款,C07,运动户外,fav,2026-02-06 20:36:00,169.00,,douyin,windows,河南省,郑州市,high_value,search,S004637,0,C202601,原野运动,
B004637,U000295,P000042,轻氧美妆个护便携装,C01,美妆个护,pv,2026-02-03 17:01:00,69.00,,taobao,android,福建省,厦门市,member,home,S004638,0,C202604,轻氧美妆,
B004638,U000797,P000155,轻盈生鲜套装,C09,生鲜,fav,2026-02-21 10:09:00,106.00,,douyin,windows,山东省,青岛市,regular,category,S004639,0,C202604,轻盈生鲜,
B004639,U000114,P000032,臻选生鲜便携装,C09,生鲜,pv,2026-04-03 23:20:00,71.00,,jd,windows,江苏省,南京市,high_value,category,S004640,0,C202601,臻选生鲜,
B004640,U000339,P000102,轻氧母婴用品便携装,C06,母婴用品,fav,2026-05-04 13:45:00,104.00,,taobao,mac,山东省,青岛市,member,product_detail,S004641,0,C202605,轻氧母婴,
B004641,U000364,P000148,原野数码配件升级版,C05,数码配件,cart,2026-02-26 11:42:00,136.00,1,offline,mac,江苏省,南京市,member,category,S004642,0,C202605,原野数码,
B004642,U000631,P000096,轻氧数码配件旗舰款,C05,数码配件,cart,2026-02-18 19:51:00,88.00,1,taobao,ios,浙江省,杭州市,regular,category,S004643,0,C202605,轻氧数码,
B004643,U000307,P000148,原野数码配件升级版,C05,数码配件,pv,2026-02-05 08:14:00,136.00,,taobao,windows,四川省,成都市,member,home,S004644,0,C202606,原野数码,
B004644,U000661,P000010,原野旅行用品套装,C10,旅行用品,pv,2026-01-05 19:21:00,302.00,,jd,windows,福建省,厦门市,regular,search,S004645,0,C202601,原野旅行,
B004645,U000014,P000085,悦活家居日用套装,C04,家居日用,pv,2026-06-22 13:59:00,70.00,,douyin,ios,湖北省,武汉市,high_value,category,S004646,0,C202604,悦活家居,
B004646,U000225,P000170,臻选生鲜套装,C09,生鲜,pv,2026-02-22 09:48:00,77.00,,jd,ios,广东省,深圳市,member,search,S004647,0,C202605,臻选生鲜,
B004647,U000822,P000063,云感母婴用品升级版,C06,母婴用品,cart,2026-02-05 11:19:00,165.00,1,douyin,mac,四川省,成都市,new,category,S004648,1,C202606,云感母婴,
B004648,U000744,P000021,云感宠物用品旗舰款,C08,宠物用品,pv,2026-05-12 22:28:00,160.00,,taobao,windows,浙江省,杭州市,regular,category,S004649,0,C202605,云感宠物,
B004649,U000587,P000008,臻选美妆个护升级版,C01,美妆个护,fav,2026-04-03 15:26:00,69.00,,wechat,ios,湖北省,武汉市,regular,category,S004650,0,C202601,臻选美妆,
B004650,U000221,P000138,轻氧数码配件升级版,C05,数码配件,pv,2026-04-28 14:14:00,150.00,,douyin,windows,河南省,郑州市,member,search,S004651,0,C202605,轻氧数码,
B004651,U000537,P000156,轻氧母婴用品旗舰款,C06,母婴用品,pv,2026-04-23 23:56:00,153.00,,offline,android,山东省,青岛市,regular,search,S004652,0,C202605,轻氧母婴,
B004652,U000347,P000036,轻氧食品饮料旗舰款,C02,食品饮料,fav,2026-01-17 14:37:00,73.00,,search,mac,河南省,郑州市,member,category,S004653,0,C202604,轻氧食品,
B004653,U000574,P000164,臻选食品饮料日常款,C02,食品饮料,fav,2026-01-13 09:40:00,73.00,,douyin,ios,广东省,深圳市,regular,home,S004654,0,C202602,臻选食品,
B004654,U000752,P000078,轻氧运动户外升级版,C07,运动户外,pv,2026-04-16 14:11:00,332.00,,douyin,mac,福建省,厦门市,regular,home,S004655,0,C202604,轻氧运动,
B004655,U000801,P000014,臻选食品饮料日常款,C02,食品饮料,fav,2026-02-03 10:08:00,60.00,,douyin,mac,江苏省,南京市,regular,category,S004656,0,C202602,臻选食品,
B004656,U000266,P000079,悦活服饰日常款,C03,服饰,pv,2026-04-27 18:16:00,452.00,,jd,windows,湖北省,武汉市,member,home,S004657,0,C202606,悦活服饰,
B004657,U000774,P000072,轻氧美妆个护便携装,C01,美妆个护,pv,2026-03-03 19:35:00,122.00,,jd,mac,湖北省,武汉市,regular,home,S004658,0,C202601,轻氧美妆,
B004658,U000173,P000056,臻选旅行用品旗舰款,C10,旅行用品,cart,2026-02-28 09:18:00,443.00,1,taobao,mac,浙江省,杭州市,member,product_detail,S004659,0,C202603,臻选旅行,
B004659,U000454,P000057,云感数码配件便携装,C05,数码配件,fav,2026-01-28 19:33:00,79.00,,offline,mac,河南省,郑州市,regular,category,S004660,0,C202601,云感数码,
B004660,U000469,P000139,悦活运动户外日常款,C07,运动户外,pv,2026-03-31 20:56:00,358.00,,taobao,ios,广东省,深圳市,regular,home,S004661,0,C202606,悦活运动,
B004661,U000708,P000154,原野生鲜日常款,C09,生鲜,pv,2026-02-17 16:50:00,103.00,,wechat,windows,北京市,北京市,regular,product_detail,S004662,0,C202603,原野生鲜,
B004662,U000643,P000012,轻氧母婴用品便携装,C06,母婴用品,pv,2026-06-23 17:51:00,128.00,,taobao,mac,四川省,成都市,regular,category,S004663,0,C202606,轻氧母婴,
B004663,U000728,P000131,轻盈生鲜旗舰款,C09,生鲜,fav,2026-04-02 15:46:00,85.00,,taobao,windows,浙江省,杭州市,regular,search,S004664,0,C202603,轻盈生鲜,
B004664,U000824,P000029,轻盈食品饮料日常款,C02,食品饮料,pv,2026-03-26 14:30:00,91.00,,search,windows,上海市,上海市,new,search,S004665,1,C202605,轻盈食品,
B004665,U000446,P000019,悦活家居日用日常款,C04,家居日用,fav,2026-02-01 23:44:00,71.00,,douyin,ios,四川省,成都市,regular,search,S004666,0,C202605,悦活家居,
B004666,U000412,P000114,轻氧母婴用品日常款,C06,母婴用品,cart,2026-03-15 09:44:00,142.00,1,offline,android,山东省,青岛市,member,category,S004667,0,C202603,轻氧母婴,
B004667,U000088,P000009,云感数码配件日常款,C05,数码配件,fav,2026-02-16 23:41:00,295.00,,search,mac,北京市,北京市,high_value,home,S004668,0,C202604,云感数码,
B004668,U000181,P000030,轻氧家居日用套装,C04,家居日用,pv,2026-05-13 10:52:00,106.00,,jd,android,四川省,成都市,member,home,S004669,0,C202603,轻氧家居,
B004669,U000572,P000151,悦活美妆个护旗舰款,C01,美妆个护,fav,2026-03-24 11:40:00,38.00,,jd,ios,四川省,成都市,regular,category,S004670,0,C202604,悦活美妆,
B004670,U000641,P000118,原野美妆个护升级版,C01,美妆个护,cart,2026-06-29 15:38:00,133.00,1,jd,windows,浙江省,杭州市,regular,product_detail,S004671,0,C202605,原野美妆,
B004671,U000679,P000099,云感服饰日常款,C03,服饰,cart,2026-01-10 22:45:00,230.00,1,search,windows,山东省,青岛市,regular,category,S004672,0,C202606,云感服饰,
B004672,U000543,P000021,云感宠物用品旗舰款,C08,宠物用品,pv,2026-02-06 16:07:00,160.00,,wechat,windows,上海市,上海市,regular,category,S004673,0,C202602,云感宠物,
B004673,U000503,P000073,悦活家居日用升级版,C04,家居日用,fav,2026-02-03 14:25:00,147.00,,offline,windows,浙江省,杭州市,regular,product_detail,S004674,0,C202606,悦活家居,
B004674,U000760,P000116,臻选数码配件旗舰款,C05,数码配件,cart,2026-03-14 13:41:00,228.00,1,douyin,windows,北京市,北京市,regular,product_detail,S004675,0,C202602,臻选数码,
B004675,U000572,P000148,原野数码配件升级版,C05,数码配件,fav,2026-04-23 15:06:00,136.00,,douyin,ios,四川省,成都市,regular,search,S004676,0,C202604,原野数码,
B004676,U000850,P000029,轻盈食品饮料日常款,C02,食品饮料,cart,2026-06-28 12:51:00,91.00,1,offline,windows,湖北省,武汉市,new,product_detail,S004677,1,C202602,轻盈食品,
B004677,U000040,P000020,臻选数码配件套装,C05,数码配件,fav,2026-02-12 08:17:00,252.00,,jd,windows,北京市,北京市,high_value,search,S004678,0,C202605,臻选数码,
B004678,U000730,P000100,原野运动户外套装,C07,运动户外,pv,2026-01-05 21:22:00,235.00,,jd,android,四川省,成都市,regular,home,S004679,0,C202606,原野运动,
B004679,U000234,P000001,悦活家居日用旗舰款,C04,家居日用,pv,2026-05-06 15:57:00,141.00,,douyin,mac,河南省,郑州市,member,search,S004680,0,C202606,悦活家居,
B004680,U000154,P000156,轻氧母婴用品旗舰款,C06,母婴用品,cart,2026-04-26 13:15:00,153.00,1,taobao,android,浙江省,杭州市,member,category,S004681,0,C202604,轻氧母婴,
B004681,U000308,P000117,云感食品饮料便携装,C02,食品饮料,pv,2026-05-06 09:46:00,54.00,,douyin,mac,北京市,北京市,member,search,S004682,0,C202604,云感食品,
B004682,U000879,P000134,臻选数码配件日常款,C05,数码配件,pv,2026-06-25 18:28:00,120.00,,douyin,android,广东省,深圳市,new,home,S004683,1,C202604,臻选数码,
B004683,U000563,P000134,臻选数码配件日常款,C05,数码配件,pv,2026-03-13 11:53:00,120.00,,offline,android,山东省,青岛市,regular,category,S004684,0,C202603,臻选数码,
B004684,U000556,P000135,云感数码配件套装,C05,数码配件,pv,2026-06-27 08:09:00,182.00,,taobao,android,广东省,深圳市,regular,category,S004685,0,C202601,云感数码,
B004685,U000427,P000063,云感母婴用品升级版,C06,母婴用品,cart,2026-05-04 17:05:00,165.00,1,taobao,ios,福建省,厦门市,regular,product_detail,S004686,0,C202605,云感母婴,
B004686,U000113,P000009,云感数码配件日常款,C05,数码配件,pv,2026-02-10 11:11:00,295.00,,douyin,windows,江苏省,南京市,high_value,category,S004687,0,C202601,云感数码,
B004687,U000664,P000074,臻选美妆个护日常款,C01,美妆个护,pv,2026-02-15 18:40:00,71.00,,wechat,mac,山东省,青岛市,regular,product_detail,S004688,0,C202605,臻选美妆,
B004688,U000449,P000020,臻选数码配件套装,C05,数码配件,pv,2026-05-15 13:00:00,252.00,,wechat,android,上海市,上海市,regular,category,S004689,0,C202601,臻选数码,
B004689,U000003,P000112,原野生鲜便携装,C09,生鲜,pv,2026-06-14 21:03:00,113.00,,search,ios,山东省,青岛市,high_value,search,S004690,0,C202604,原野生鲜,
B004690,U000728,P000084,轻氧服饰日常款,C03,服饰,pv,2026-05-20 08:53:00,130.00,,wechat,windows,浙江省,杭州市,regular,category,S004691,0,C202601,轻氧服饰,
B004691,U000149,P000078,轻氧运动户外升级版,C07,运动户外,cart,2026-03-04 15:00:00,332.00,1,jd,windows,北京市,北京市,member,search,S004692,0,C202605,轻氧运动,
B004692,U000356,P000099,云感服饰日常款,C03,服饰,fav,2026-03-07 09:49:00,230.00,,search,ios,福建省,厦门市,member,home,S004693,0,C202605,云感服饰,
B004693,U000647,P000069,云感运动户外日常款,C07,运动户外,cart,2026-03-30 21:52:00,268.00,1,offline,android,北京市,北京市,regular,search,S004694,0,C202603,云感运动,
B004694,U000386,P000060,轻氧数码配件套装,C05,数码配件,cart,2026-05-01 11:13:00,269.00,1,douyin,windows,福建省,厦门市,member,product_detail,S004695,0,C202601,轻氧数码,
B004695,U000201,P000143,轻盈美妆个护升级版,C01,美妆个护,pv,2026-02-14 09:03:00,53.00,,douyin,mac,上海市,上海市,member,product_detail,S004696,0,C202601,轻盈美妆,
B004696,U000697,P000071,轻盈宠物用品旗舰款,C08,宠物用品,cart,2026-04-14 09:07:00,144.00,1,douyin,ios,山东省,青岛市,regular,product_detail,S004697,0,C202605,轻盈宠物,
B004697,U000854,P000102,轻氧母婴用品便携装,C06,母婴用品,cart,2026-06-21 08:55:00,104.00,1,search,android,河南省,郑州市,new,category,S004698,1,C202601,轻氧母婴,
B004698,U000613,P000035,轻盈家居日用套装,C04,家居日用,pv,2026-03-01 17:03:00,116.00,,douyin,windows,江苏省,南京市,regular,product_detail,S004699,0,C202601,轻盈家居,
B004699,U000530,P000100,原野运动户外套装,C07,运动户外,fav,2026-05-12 08:00:00,235.00,,wechat,ios,江苏省,南京市,regular,search,S004700,0,C202603,原野运动,
B004700,U000694,P000150,轻氧母婴用品套装,C06,母婴用品,pv,2026-05-07 08:45:00,76.00,,taobao,ios,浙江省,杭州市,regular,category,S004701,0,C202606,轻氧母婴,
B004701,U000399,P000009,云感数码配件日常款,C05,数码配件,pv,2026-03-10 20:45:00,295.00,,taobao,mac,江苏省,南京市,member,search,S004702,0,C202602,云感数码,
B004702,U000231,P000160,原野旅行用品套装,C10,旅行用品,pv,2026-04-09 08:05:00,231.00,,search,android,福建省,厦门市,member,product_detail,S004703,0,C202605,原野旅行,
B004703,U000393,P000085,悦活家居日用套装,C04,家居日用,fav,2026-03-24 13:43:00,70.00,,taobao,mac,湖北省,武汉市,member,product_detail,S004704,0,C202603,悦活家居,
B004704,U000710,P000071,轻盈宠物用品旗舰款,C08,宠物用品,pv,2026-05-25 08:54:00,144.00,,wechat,mac,四川省,成都市,regular,home,S004705,0,C202606,轻盈宠物,
B004705,U000032,P000134,臻选数码配件日常款,C05,数码配件,pv,2026-01-31 10:32:00,120.00,,offline,android,四川省,成都市,high_value,product_detail,S004706,0,C202601,臻选数码,
B004706,U000857,P000071,轻盈宠物用品旗舰款,C08,宠物用品,cart,2026-01-04 23:47:00,144.00,1,search,ios,山东省,青岛市,new,home,S004707,1,C202604,轻盈宠物,
B004707,U000390,P000080,臻选家居日用套装,C04,家居日用,pv,2026-01-09 12:14:00,148.00,,offline,android,上海市,上海市,member,search,S004708,0,C202605,臻选家居,
B004708,U000578,P000143,轻盈美妆个护升级版,C01,美妆个护,cart,2026-01-02 18:49:00,53.00,1,wechat,windows,浙江省,杭州市,regular,product_detail,S004709,0,C202601,轻盈美妆,
B004709,U000484,P000138,轻氧数码配件升级版,C05,数码配件,pv,2026-06-03 20:59:00,150.00,,wechat,windows,河南省,郑州市,regular,search,S004710,0,C202603,轻氧数码,
B004710,U000502,P000003,云感生鲜升级版,C09,生鲜,pv,2026-03-11 09:49:00,73.00,,taobao,android,浙江省,杭州市,regular,home,S004711,0,C202602,云感生鲜,
B004711,U000130,P000143,轻盈美妆个护升级版,C01,美妆个护,pv,2026-03-01 17:54:00,53.00,,search,android,北京市,北京市,member,product_detail,S004712,0,C202604,轻盈美妆,
B004712,U000270,P000063,云感母婴用品升级版,C06,母婴用品,fav,2026-05-20 23:02:00,165.00,,jd,ios,山东省,青岛市,member,category,S004713,0,C202606,云感母婴,
B004713,U000515,P000113,轻盈旅行用品升级版,C10,旅行用品,pv,2026-05-30 14:26:00,483.00,,search,ios,上海市,上海市,regular,category,S004714,0,C202601,轻盈旅行,
B004714,U000169,P000023,轻盈食品饮料升级版,C02,食品饮料,pv,2026-01-11 14:37:00,79.00,,offline,ios,福建省,厦门市,member,category,S004715,0,C202603,轻盈食品,
B004715,U000641,P000097,悦活母婴用品便携装,C06,母婴用品,pv,2026-04-16 17:14:00,123.00,,taobao,windows,浙江省,杭州市,regular,home,S004716,0,C202605,悦活母婴,
B004716,U000406,P000051,云感宠物用品旗舰款,C08,宠物用品,cart,2026-06-01 11:00:00,64.00,1,jd,ios,上海市,上海市,member,product_detail,S004717,0,C202606,云感宠物,
B004717,U000256,P000161,轻盈家居日用旗舰款,C04,家居日用,pv,2026-02-12 22:29:00,160.00,,search,android,湖北省,武汉市,member,product_detail,S004718,0,C202604,轻盈家居,
B004718,U000829,P000077,轻盈服饰便携装,C03,服饰,pv,2026-03-03 13:18:00,279.00,,taobao,windows,江苏省,南京市,new,product_detail,S004719,1,C202603,轻盈服饰,
B004719,U000763,P000042,轻氧美妆个护便携装,C01,美妆个护,pv,2026-01-29 13:44:00,69.00,,jd,windows,山东省,青岛市,regular,search,S004720,0,C202605,轻氧美妆,
B004720,U000409,P000122,臻选运动户外便携装,C07,运动户外,cart,2026-01-24 18:36:00,212.00,1,search,android,四川省,成都市,member,search,S004721,0,C202603,臻选运动,
B004721,U000136,P000087,云感旅行用品便携装,C10,旅行用品,pv,2026-01-06 08:22:00,609.00,,search,windows,湖北省,武汉市,member,home,S004722,0,C202604,云感旅行,
B004722,U000822,P000116,臻选数码配件旗舰款,C05,数码配件,pv,2026-04-20 08:17:00,228.00,,wechat,mac,四川省,成都市,new,home,S004723,1,C202606,臻选数码,
B004723,U000453,P000028,原野数码配件升级版,C05,数码配件,cart,2026-05-15 18:27:00,158.00,1,offline,android,四川省,成都市,regular,category,S004724,0,C202605,原野数码,
B004724,U000351,P000077,轻盈服饰便携装,C03,服饰,pv,2026-06-18 19:41:00,279.00,,wechat,windows,河南省,郑州市,member,home,S004725,0,C202601,轻盈服饰,
B004725,U000300,P000047,轻盈服饰便携装,C03,服饰,fav,2026-01-18 08:13:00,154.00,,jd,android,湖北省,武汉市,member,product_detail,S004726,0,C202602,轻盈服饰,
B004726,U000319,P000152,臻选数码配件便携装,C05,数码配件,cart,2026-04-14 18:21:00,302.00,1,offline,mac,四川省,成都市,member,product_detail,S004727,0,C202603,臻选数码,
B004727,U000694,P000005,轻盈数码配件套装,C05,数码配件,cart,2026-01-21 17:53:00,256.00,1,wechat,ios,浙江省,杭州市,regular,home,S004728,0,C202606,轻盈数码,
B004728,U000248,P000059,轻盈美妆个护日常款,C01,美妆个护,fav,2026-06-30 21:02:00,52.00,,offline,windows,浙江省,杭州市,member,product_detail,S004729,0,C202604,轻盈美妆,
B004729,U000248,P000121,悦活运动户外旗舰款,C07,运动户外,cart,2026-01-06 08:41:00,291.00,1,offline,windows,浙江省,杭州市,member,category,S004730,0,C202604,悦活运动,
B004730,U000832,P000128,臻选旅行用品升级版,C10,旅行用品,pv,2026-06-12 13:51:00,514.00,,douyin,mac,四川省,成都市,new,home,S004731,1,C202603,臻选旅行,
B004731,U000766,P000007,悦活服饰便携装,C03,服饰,cart,2026-02-13 22:23:00,344.00,1,search,android,山东省,青岛市,regular,category,S004732,0,C202604,悦活服饰,
B004732,U000602,P000050,臻选生鲜套装,C09,生鲜,pv,2026-03-25 10:53:00,108.00,,jd,windows,湖北省,武汉市,regular,category,S004733,0,C202605,臻选生鲜,
B004733,U000449,P000074,臻选美妆个护日常款,C01,美妆个护,pv,2026-06-04 12:26:00,71.00,,douyin,android,上海市,上海市,regular,search,S004734,0,C202604,臻选美妆,
B004734,U000568,P000047,轻盈服饰便携装,C03,服饰,cart,2026-04-30 19:25:00,154.00,1,wechat,windows,山东省,青岛市,regular,home,S004735,0,C202601,轻盈服饰,
B004735,U000155,P000064,原野宠物用品日常款,C08,宠物用品,pv,2026-01-06 14:32:00,140.00,,offline,windows,四川省,成都市,member,category,S004736,0,C202603,原野宠物,
B004736,U000190,P000136,原野运动户外旗舰款,C07,运动户外,pv,2026-05-15 14:15:00,169.00,,jd,android,河南省,郑州市,member,search,S004737,0,C202601,原野运动,
B004737,U000730,P000096,轻氧数码配件旗舰款,C05,数码配件,pv,2026-05-23 18:51:00,88.00,,offline,android,四川省,成都市,regular,home,S004738,0,C202603,轻氧数码,
B004738,U000153,P000147,云感数码配件便携装,C05,数码配件,pv,2026-03-21 12:23:00,281.00,,taobao,windows,河南省,郑州市,member,home,S004739,0,C202604,云感数码,
B004739,U000879,P000048,轻氧宠物用品升级版,C08,宠物用品,pv,2026-01-11 21:49:00,142.00,,jd,android,广东省,深圳市,new,category,S004740,1,C202603,轻氧宠物,
B004740,U000761,P000163,悦活生鲜升级版,C09,生鲜,pv,2026-05-24 11:38:00,69.00,,search,windows,福建省,厦门市,regular,home,S004741,0,C202601,悦活生鲜,
B004741,U000322,P000120,轻氧宠物用品套装,C08,宠物用品,pv,2026-06-01 18:39:00,58.00,,taobao,ios,广东省,深圳市,member,search,S004742,0,C202602,轻氧宠物,
B004742,U000181,P000120,轻氧宠物用品套装,C08,宠物用品,pv,2026-01-15 20:41:00,58.00,,taobao,android,四川省,成都市,member,product_detail,S004743,0,C202602,轻氧宠物,
B004743,U000866,P000071,轻盈宠物用品旗舰款,C08,宠物用品,pv,2026-01-15 12:40:00,144.00,,taobao,android,湖北省,武汉市,new,home,S004744,1,C202605,轻盈宠物,
B004744,U000672,P000023,轻盈食品饮料升级版,C02,食品饮料,pv,2026-02-24 10:46:00,79.00,,search,windows,上海市,上海市,regular,home,S004745,0,C202602,轻盈食品,
B004745,U000221,P000113,轻盈旅行用品升级版,C10,旅行用品,pv,2026-06-11 14:29:00,483.00,,offline,windows,河南省,郑州市,member,product_detail,S004746,0,C202605,轻盈旅行,
B004746,U000166,P000001,悦活家居日用旗舰款,C04,家居日用,cart,2026-02-24 14:06:00,141.00,1,taobao,mac,北京市,北京市,member,category,S004747,0,C202601,悦活家居,
B004747,U000724,P000011,轻盈旅行用品旗舰款,C10,旅行用品,pv,2026-02-14 21:39:00,224.00,,offline,mac,河南省,郑州市,regular,home,S004748,0,C202602,轻盈旅行,
B004748,U000196,P000129,云感服饰日常款,C03,服饰,pv,2026-06-02 12:29:00,307.00,,jd,ios,河南省,郑州市,member,product_detail,S004749,0,C202602,云感服饰,
B004749,U000601,P000072,轻氧美妆个护便携装,C01,美妆个护,pv,2026-04-08 23:28:00,122.00,,wechat,ios,江苏省,南京市,regular,search,S004750,0,C202606,轻氧美妆,
B004750,U000591,P000077,轻盈服饰便携装,C03,服饰,cart,2026-05-22 14:52:00,279.00,1,jd,android,上海市,上海市,regular,product_detail,S004751,0,C202605,轻盈服饰,
B004751,U000571,P000057,云感数码配件便携装,C05,数码配件,cart,2026-02-04 23:38:00,79.00,1,wechat,mac,浙江省,杭州市,regular,category,S004752,0,C202606,云感数码,
B004752,U000067,P000136,原野运动户外旗舰款,C07,运动户外,cart,2026-01-03 14:56:00,169.00,1,wechat,mac,江苏省,南京市,high_value,category,S004753,0,C202603,原野运动,
B004753,U000681,P000140,臻选食品饮料套装,C02,食品饮料,pv,2026-05-19 13:24:00,71.00,,wechat,windows,江苏省,南京市,regular,category,S004754,0,C202606,臻选食品,
B004754,U000087,P000128,臻选旅行用品升级版,C10,旅行用品,pv,2026-03-18 13:14:00,514.00,,wechat,windows,福建省,厦门市,high_value,home,S004755,0,C202602,臻选旅行,
B004755,U000721,P000100,原野运动户外套装,C07,运动户外,pv,2026-04-06 16:47:00,235.00,,wechat,android,四川省,成都市,regular,product_detail,S004756,0,C202601,原野运动,
B004756,U000251,P000030,轻氧家居日用套装,C04,家居日用,pv,2026-06-27 23:51:00,106.00,,douyin,android,福建省,厦门市,member,home,S004757,0,C202604,轻氧家居,
B004757,U000536,P000168,轻氧服饰升级版,C03,服饰,pv,2026-02-20 10:11:00,368.00,,wechat,windows,江苏省,南京市,regular,product_detail,S004758,0,C202605,轻氧服饰,
B004758,U000693,P000084,轻氧服饰日常款,C03,服饰,pv,2026-05-21 22:30:00,130.00,,taobao,mac,浙江省,杭州市,regular,product_detail,S004759,0,C202601,轻氧服饰,
B004759,U000457,P000093,云感生鲜升级版,C09,生鲜,pv,2026-03-01 17:03:00,39.00,,offline,mac,广东省,深圳市,regular,category,S004760,0,C202606,云感生鲜,
B004760,U000753,P000011,轻盈旅行用品旗舰款,C10,旅行用品,pv,2026-01-20 17:10:00,224.00,,search,android,上海市,上海市,regular,product_detail,S004761,0,C202606,轻盈旅行,
B004761,U000093,P000099,云感服饰日常款,C03,服饰,cart,2026-02-03 12:24:00,230.00,1,search,windows,湖北省,武汉市,high_value,category,S004762,0,C202606,云感服饰,
B004762,U000171,P000082,原野旅行用品便携装,C10,旅行用品,fav,2026-01-02 20:22:00,253.00,,taobao,mac,四川省,成都市,member,home,S004763,0,C202604,原野旅行,
B004763,U000113,P000171,云感生鲜旗舰款,C09,生鲜,cart,2026-05-09 13:28:00,30.00,1,douyin,windows,江苏省,南京市,high_value,search,S004764,0,C202606,云感生鲜,
B004764,U000212,P000095,轻盈旅行用品套装,C10,旅行用品,pv,2026-04-02 10:40:00,577.00,,jd,windows,四川省,成都市,member,home,S004765,0,C202601,轻盈旅行,
B004765,U000680,P000056,臻选旅行用品旗舰款,C10,旅行用品,pv,2026-01-21 11:20:00,443.00,,taobao,mac,福建省,厦门市,regular,search,S004766,0,C202605,臻选旅行,
B004766,U000079,P000031,悦活运动户外旗舰款,C07,运动户外,cart,2026-05-26 14:53:00,98.00,1,taobao,ios,上海市,上海市,high_value,search,S004767,0,C202602,悦活运动,
B004767,U000260,P000156,轻氧母婴用品旗舰款,C06,母婴用品,cart,2026-04-10 22:04:00,153.00,1,wechat,android,上海市,上海市,member,product_detail,S004768,0,C202605,轻氧母婴,
B004768,U000827,P000093,云感生鲜升级版,C09,生鲜,cart,2026-05-05 14:17:00,39.00,1,offline,ios,上海市,上海市,new,home,S004769,1,C202602,云感生鲜,
B004769,U000286,P000051,云感宠物用品旗舰款,C08,宠物用品,pv,2026-01-25 18:51:00,64.00,,jd,mac,山东省,青岛市,member,search,S004770,0,C202602,云感宠物,
B004770,U000029,P000023,轻盈食品饮料升级版,C02,食品饮料,cart,2026-01-02 16:16:00,79.00,1,douyin,windows,四川省,成都市,high_value,category,S004771,0,C202601,轻盈食品,
B004771,U000080,P000073,悦活家居日用升级版,C04,家居日用,fav,2026-06-16 20:54:00,147.00,,jd,android,广东省,深圳市,high_value,product_detail,S004772,0,C202604,悦活家居,
B004772,U000527,P000107,轻盈运动户外便携装,C07,运动户外,cart,2026-05-04 17:59:00,176.00,1,offline,android,江苏省,南京市,regular,home,S004773,0,C202603,轻盈运动,
B004773,U000064,P000014,臻选食品饮料日常款,C02,食品饮料,cart,2026-01-13 12:50:00,60.00,1,search,windows,山东省,青岛市,high_value,search,S004774,0,C202605,臻选食品,
B004774,U000079,P000061,悦活家居日用旗舰款,C04,家居日用,pv,2026-01-18 14:23:00,157.00,,offline,ios,上海市,上海市,high_value,home,S004775,0,C202603,悦活家居,
B004775,U000841,P000012,轻氧母婴用品便携装,C06,母婴用品,pv,2026-06-12 21:49:00,128.00,,jd,android,江苏省,南京市,new,product_detail,S004776,1,C202606,轻氧母婴,
B004776,U000281,P000051,云感宠物用品旗舰款,C08,宠物用品,pv,2026-02-21 23:54:00,64.00,,search,android,湖北省,武汉市,member,home,S004777,0,C202601,云感宠物,
B004777,U000196,P000128,臻选旅行用品升级版,C10,旅行用品,fav,2026-06-20 12:06:00,514.00,,douyin,ios,河南省,郑州市,member,search,S004778,0,C202603,臻选旅行,
B004778,U000144,P000022,原野母婴用品便携装,C06,母婴用品,cart,2026-04-20 09:27:00,190.00,1,wechat,windows,广东省,深圳市,member,home,S004779,0,C202602,原野母婴,
B004779,U000840,P000013,悦活食品饮料升级版,C02,食品饮料,cart,2026-04-27 13:13:00,91.00,1,jd,mac,江苏省,南京市,new,home,S004780,1,C202604,悦活食品,
B004780,U000690,P000150,轻氧母婴用品套装,C06,母婴用品,fav,2026-02-25 18:36:00,76.00,,jd,ios,北京市,北京市,regular,search,S004781,0,C202606,轻氧母婴,
B004781,U000387,P000031,悦活运动户外旗舰款,C07,运动户外,cart,2026-05-13 09:07:00,98.00,1,wechat,mac,河南省,郑州市,member,product_detail,S004782,0,C202606,悦活运动,
B004782,U000812,P000116,臻选数码配件旗舰款,C05,数码配件,pv,2026-01-30 08:36:00,228.00,,taobao,android,湖北省,武汉市,regular,home,S004783,0,C202606,臻选数码,
B004783,U000755,P000134,臻选数码配件日常款,C05,数码配件,pv,2026-01-18 09:16:00,120.00,,douyin,windows,浙江省,杭州市,regular,product_detail,S004784,0,C202604,臻选数码,
B004784,U000036,P000150,轻氧母婴用品套装,C06,母婴用品,pv,2026-06-29 17:55:00,76.00,,search,ios,北京市,北京市,high_value,search,S004785,0,C202603,轻氧母婴,
B004785,U000656,P000052,原野数码配件便携装,C05,数码配件,fav,2026-05-14 15:45:00,173.00,,douyin,windows,四川省,成都市,regular,product_detail,S004786,0,C202605,原野数码,
B004786,U000305,P000109,悦活旅行用品日常款,C10,旅行用品,fav,2026-05-26 14:10:00,614.00,,jd,ios,上海市,上海市,member,search,S004787,0,C202605,悦活旅行,
B004787,U000829,P000058,原野生鲜升级版,C09,生鲜,cart,2026-04-13 13:40:00,44.00,1,douyin,windows,江苏省,南京市,new,category,S004788,1,C202603,原野生鲜,
B004788,U000767,P000125,轻盈生鲜套装,C09,生鲜,pv,2026-06-16 12:50:00,62.00,,offline,windows,湖北省,武汉市,regular,home,S004789,0,C202601,轻盈生鲜,
B004789,U000153,P000019,悦活家居日用日常款,C04,家居日用,cart,2026-01-16 10:02:00,71.00,1,wechat,windows,河南省,郑州市,member,category,S004790,0,C202606,悦活家居,
B004790,U000536,P000053,轻盈服饰升级版,C03,服饰,cart,2026-04-26 11:48:00,262.00,1,douyin,windows,江苏省,南京市,regular,home,S004791,0,C202602,轻盈服饰,
B004791,U000290,P000057,云感数码配件便携装,C05,数码配件,pv,2026-01-12 11:26:00,79.00,,offline,android,福建省,厦门市,member,home,S004792,0,C202602,云感数码,
B004792,U000128,P000024,轻氧食品饮料日常款,C02,食品饮料,cart,2026-01-31 22:00:00,55.00,1,jd,ios,江苏省,南京市,member,product_detail,S004793,0,C202603,轻氧食品,
B004793,U000015,P000123,云感宠物用品升级版,C08,宠物用品,pv,2026-02-16 12:38:00,83.00,,wechat,mac,湖北省,武汉市,high_value,home,S004794,0,C202603,云感宠物,
B004794,U000331,P000028,原野数码配件升级版,C05,数码配件,pv,2026-01-15 21:58:00,158.00,,search,ios,福建省,厦门市,member,category,S004795,0,C202606,原野数码,
B004795,U000656,P000172,原野宠物用品便携装,C08,宠物用品,fav,2026-02-15 22:12:00,99.00,,douyin,windows,四川省,成都市,regular,search,S004796,0,C202606,原野宠物,
B004796,U000294,P000084,轻氧服饰日常款,C03,服饰,pv,2026-03-28 15:18:00,130.00,,offline,android,广东省,深圳市,member,home,S004797,0,C202603,轻氧服饰,
B004797,U000331,P000118,原野美妆个护升级版,C01,美妆个护,cart,2026-05-08 10:29:00,133.00,1,jd,ios,福建省,厦门市,member,category,S004798,0,C202606,原野美妆,
B004798,U000017,P000162,轻氧食品饮料便携装,C02,食品饮料,cart,2026-02-10 23:08:00,73.00,1,jd,mac,河南省,郑州市,high_value,home,S004799,0,C202602,轻氧食品,
B004799,U000399,P000012,轻氧母婴用品便携装,C06,母婴用品,pv,2026-02-11 19:47:00,128.00,,jd,mac,江苏省,南京市,member,product_detail,S004800,0,C202602,轻氧母婴,
B004800,U000650,P000157,悦活旅行用品便携装,C10,旅行用品,pv,2026-05-02 18:10:00,436.00,,jd,android,上海市,上海市,regular,home,S004801,0,C202601,悦活旅行,
