order_id,user_id,product_id,product_name,category_id,category_name,quantity,price,created_at,channel
O000001,U000038,P000030,轻氧家居日用套装,C04,家居日用,1,106.00,2026-01-01 22:14:00,jd
O000001,U000038,P000100,原野运动户外套装,C07,运动户外,1,235.00,2026-01-01 22:14:00,jd
O000001,U000038,P000112,原野生鲜便携装,C09,生鲜,1,113.00,2026-01-01 22:14:00,jd
O000001,U000038,P000023,轻盈食品饮料升级版,C02,食品饮料,3,79.00,2026-01-01 22:14:00,jd
O000002,U000075,P000168,轻氧服饰升级版,C03,服饰,1,368.00,2026-01-01 19:23:00,search
O000002,U000075,P000095,轻盈旅行用品套装,C10,旅行用品,1,577.00,2026-01-01 19:23:00,search
O000003,U000112,P000045,云感食品饮料套装,C02,食品饮料,1,67.00,2026-01-01 17:30:00,douyin
O000003,U000112,P000013,悦活食品饮料升级版,C02,食品饮料,3,91.00,2026-01-01 17:30:00,douyin
O000003,U000112,P000037,悦活运动户外便携装,C07,运动户外,1,152.00,2026-01-01 17:30:00,douyin
O000004,U000149,P000041,轻盈家居日用旗舰款,C04,家居日用,1,166.00,2026-01-01 18:34:00,douyin
O000004,U000149,P000172,原野宠物用品便携装,C08,宠物用品,3,99.00,2026-01-01 18:34:00,douyin
O000004,U000149,P000120,轻氧宠物用品套装,C08,宠物用品,1,58.00,2026-01-01 18:34:00,douyin
O000004,U000149,P000121,悦活运动户外旗舰款,C07,运动户外,1,291.00,2026-01-01 18:34:00,douyin
O000005,U000186,P000081,云感数码配件旗舰款,C05,数码配件,2,152.00,2026-01-01 08:06:00,douyin
O000005,U000186,P000151,悦活美妆个护旗舰款,C01,美妆个护,4,38.00,2026-01-01 08:06:00,douyin
O000006,U000223,P000079,悦活服饰日常款,C03,服饰,1,452.00,2026-01-01 09:55:00,offline
O000006,U000223,P000029,轻盈食品饮料日常款,C02,食品饮料,1,91.00,2026-01-01 09:55:00,offline
O000006,U000223,P000172,原野宠物用品便携装,C08,宠物用品,1,99.00,2026-01-01 09:55:00,offline
O000007,U000260,P000056,臻选旅行用品旗舰款,C10,旅行用品,1,443.00,2026-01-01 18:38:00,offline
O000007,U000260,P000088,原野家居日用升级版,C04,家居日用,1,89.00,2026-01-01 18:38:00,offline
O000007,U000260,P000100,原野运动户外套装,C07,运动户外,1,235.00,2026-01-01 18:38:00,offline
O000008,U000297,P000123,云感宠物用品升级版,C08,宠物用品,4,83.00,2026-01-01 18:43:00,search
O000008,U000297,P000136,原野运动户外旗舰款,C07,运动户外,1,169.00,2026-01-01 18:43:00,search
O000008,U000297,P000048,轻氧宠物用品升级版,C08,宠物用品,1,142.00,2026-01-01 18:43:00,search
O000008,U000297,P000099,云感服饰日常款,C03,服饰,1,230.00,2026-01-01 18:43:00,search
O000009,U000334,P000090,轻氧旅行用品套装,C10,旅行用品,1,170.00,2026-01-01 16:55:00,douyin
O000009,U000334,P000171,云感生鲜旗舰款,C09,生鲜,1,30.00,2026-01-01 16:55:00,douyin
O000009,U000334,P000099,云感服饰日常款,C03,服饰,2,230.00,2026-01-01 16:55:00,douyin
O000009,U000334,P000042,轻氧美妆个护便携装,C01,美妆个护,1,69.00,2026-01-01 16:55:00,douyin
O000010,U000371,P000025,悦活宠物用品套装,C08,宠物用品,2,105.00,2026-01-01 20:35:00,jd
O000011,U000408,P000039,云感生鲜日常款,C09,生鲜,1,109.00,2026-01-01 23:12:00,douyin
O000012,U000445,P000161,轻盈家居日用旗舰款,C04,家居日用,2,160.00,2026-01-02 15:20:00,jd
O000013,U000482,P000088,原野家居日用升级版,C04,家居日用,1,89.00,2026-01-02 13:19:00,taobao
O000013,U000482,P000088,原野家居日用升级版,C04,家居日用,2,89.00,2026-01-02 13:19:00,taobao
O000013,U000482,P000120,轻氧宠物用品套装,C08,宠物用品,3,58.00,2026-01-02 13:19:00,taobao
O000014,U000519,P000151,悦活美妆个护旗舰款,C01,美妆个护,1,38.00,2026-01-02 17:33:00,taobao
O000014,U000519,P000159,云感旅行用品日常款,C10,旅行用品,1,514.00,2026-01-02 17:33:00,taobao
O000014,U000519,P000091,悦活母婴用品旗舰款,C06,母婴用品,1,87.00,2026-01-02 17:33:00,taobao
O000014,U000519,P000022,原野母婴用品便携装,C06,母婴用品,2,190.00,2026-01-02 17:33:00,taobao
O000015,U000556,P000119,轻盈宠物用品日常款,C08,宠物用品,4,99.00,2026-01-02 13:09:00,taobao
O000015,U000556,P000151,悦活美妆个护旗舰款,C01,美妆个护,3,38.00,2026-01-02 13:09:00,taobao
O000015,U000556,P000035,轻盈家居日用套装,C04,家居日用,1,116.00,2026-01-02 13:09:00,taobao
O000016,U000593,P000033,云感美妆个护升级版,C01,美妆个护,1,88.00,2026-01-02 08:17:00,douyin
O000017,U000630,P000107,轻盈运动户外便携装,C07,运动户外,1,176.00,2026-01-02 23:36:00,douyin
O000017,U000630,P000118,原野美妆个护升级版,C01,美妆个护,1,133.00,2026-01-02 23:36:00,douyin
O000017,U000630,P000117,云感食品饮料便携装,C02,食品饮料,1,54.00,2026-01-02 23:36:00,douyin
O000018,U000667,P000050,臻选生鲜套装,C09,生鲜,1,108.00,2026-01-02 19:52:00,douyin
O000018,U000667,P000060,轻氧数码配件套装,C05,数码配件,1,269.00,2026-01-02 19:52:00,douyin
O000018,U000667,P000031,悦活运动户外旗舰款,C07,运动户外,1,98.00,2026-01-02 19:52:00,douyin
O000019,U000704,P000066,轻氧母婴用品旗舰款,C06,母婴用品,1,76.00,2026-01-02 21:45:00,jd
O000019,U000704,P000107,轻盈运动户外便携装,C07,运动户外,4,176.00,2026-01-02 21:45:00,jd
O000019,U000704,P000084,轻氧服饰日常款,C03,服饰,1,130.00,2026-01-02 21:45:00,jd
O000019,U000704,P000144,轻氧美妆个护日常款,C01,美妆个护,1,118.00,2026-01-02 21:45:00,jd
O000020,U000741,P000013,悦活食品饮料升级版,C02,食品饮料,1,91.00,2026-01-02 08:59:00,offline
O000020,U000741,P000118,原野美妆个护升级版,C01,美妆个护,1,133.00,2026-01-02 08:59:00,offline
O000020,U000741,P000086,臻选数码配件旗舰款,C05,数码配件,1,150.00,2026-01-02 08:59:00,offline
O000021,U000778,P000120,轻氧宠物用品套装,C08,宠物用品,1,58.00,2026-01-02 12:46:00,wechat
O000022,U000815,P000112,原野生鲜便携装,C09,生鲜,1,113.00,2026-01-02 08:07:00,jd
O000022,U000815,P000010,原野旅行用品套装,C10,旅行用品,3,302.00,2026-01-02 08:07:00,jd
O000022,U000815,P000137,轻盈数码配件便携装,C05,数码配件,1,216.00,2026-01-02 08:07:00,jd
O000023,U000852,P000132,轻氧家居日用便携装,C04,家居日用,1,91.00,2026-01-03 12:52:00,wechat
O000023,U000852,P000003,云感生鲜升级版,C09,生鲜,1,73.00,2026-01-03 12:52:00,wechat
O000023,U000852,P000095,轻盈旅行用品套装,C10,旅行用品,1,577.00,2026-01-03 12:52:00,wechat
O000024,U000889,P000129,云感服饰日常款,C03,服饰,1,307.00,2026-01-03 18:14:00,wechat
O000024,U000889,P000054,轻氧美妆个护日常款,C01,美妆个护,1,138.00,2026-01-03 18:14:00,wechat
O000024,U000889,P000140,臻选食品饮料套装,C02,食品饮料,1,71.00,2026-01-03 18:14:00,wechat
O000025,U000026,P000089,轻盈美妆个护日常款,C01,美妆个护,1,69.00,2026-01-03 09:44:00,offline
O000025,U000026,P000113,轻盈旅行用品升级版,C10,旅行用品,1,483.00,2026-01-03 09:44:00,offline
O000025,U000026,P000138,轻氧数码配件升级版,C05,数码配件,1,150.00,2026-01-03 09:44:00,offline
O000026,U000063,P000159,云感旅行用品日常款,C10,旅行用品,1,514.00,2026-01-03 18:16:00,search
O000026,U000063,P000154,原野生鲜日常款,C09,生鲜,4,103.00,2026-01-03 18:16:00,search
O000027,U000100,P000064,原野宠物用品日常款,C08,宠物用品,1,140.00,2026-01-03 18:33:00,offline
O000028,U000137,P000011,轻盈旅行用品旗舰款,C10,旅行用品,1,224.00,2026-01-03 18:48:00,douyin
O000029,U000174,P000039,云感生鲜日常款,C09,生鲜,1,109.00,2026-01-03 09:05:00,search
O000029,U000174,P000114,轻氧母婴用品日常款,C06,母婴用品,1,142.00,2026-01-03 09:05:00,search
O000029,U000174,P000025,悦活宠物用品套装,C08,宠物用品,1,105.00,2026-01-03 09:05:00,search
O000030,U000211,P000093,云感生鲜升级版,C09,生鲜,4,39.00,2026-01-03 20:51:00,wechat
O000031,U000248,P000154,原野生鲜日常款,C09,生鲜,1,103.00,2026-01-03 23:09:00,offline
O000031,U000248,P000104,臻选旅行用品日常款,C10,旅行用品,4,352.00,2026-01-03 23:09:00,offline
O000031,U000248,P000080,臻选家居日用套装,C04,家居日用,1,148.00,2026-01-03 23:09:00,offline
O000032,U000285,P000075,云感母婴用品套装,C06,母婴用品,1,82.00,2026-01-03 12:27:00,offline
O000032,U000285,P000144,轻氧美妆个护日常款,C01,美妆个护,1,118.00,2026-01-03 12:27:00,offline
O000032,U000285,P000014,臻选食品饮料日常款,C02,食品饮料,1,60.00,2026-01-03 12:27:00,offline
O000032,U000285,P000123,云感宠物用品升级版,C08,宠物用品,4,83.00,2026-01-03 12:27:00,offline
O000033,U000322,P000102,轻氧母婴用品便携装,C06,母婴用品,4,104.00,2026-01-03 14:36:00,jd
O000033,U000322,P000053,轻盈服饰升级版,C03,服饰,1,262.00,2026-01-03 14:36:00,jd
O000034,U000359,P000025,悦活宠物用品套装,C08,宠物用品,1,105.00,2026-01-04 08:37:00,jd
O000034,U000359,P000108,轻氧母婴用品升级版,C06,母婴用品,1,86.00,2026-01-04 08:37:00,jd
O000034,U000359,P000064,原野宠物用品日常款,C08,宠物用品,4,140.00,2026-01-04 08:37:00,jd
O000034,U000359,P000045,云感食品饮料套装,C02,食品饮料,4,67.00,2026-01-04 08:37:00,jd
O000035,U000396,P000025,悦活宠物用品套装,C08,宠物用品,1,105.00,2026-01-04 23:14:00,douyin
O000035,U000396,P000069,云感运动户外日常款,C07,运动户外,1,268.00,2026-01-04 23:14:00,douyin
O000036,U000433,P000165,云感生鲜套装,C09,生鲜,1,43.00,2026-01-04 20:30:00,douyin
O000036,U000433,P000008,臻选美妆个护升级版,C01,美妆个护,2,69.00,2026-01-04 20:30:00,douyin
O000037,U000470,P000139,悦活运动户外日常款,C07,运动户外,1,358.00,2026-01-04 18:30:00,douyin
O000037,U000470,P000117,云感食品饮料便携装,C02,食品饮料,1,54.00,2026-01-04 18:30:00,douyin
O000038,U000507,P000048,轻氧宠物用品升级版,C08,宠物用品,1,142.00,2026-01-04 19:15:00,jd
O000038,U000507,P000005,轻盈数码配件套装,C05,数码配件,1,256.00,2026-01-04 19:15:00,jd
O000038,U000507,P000059,轻盈美妆个护日常款,C01,美妆个护,3,52.00,2026-01-04 19:15:00,jd
O000039,U000544,P000160,原野旅行用品套装,C10,旅行用品,1,231.00,2026-01-04 14:40:00,taobao
O000039,U000544,P000117,云感食品饮料便携装,C02,食品饮料,2,54.00,2026-01-04 14:40:00,taobao
O000039,U000544,P000090,轻氧旅行用品套装,C10,旅行用品,1,170.00,2026-01-04 14:40:00,taobao
O000039,U000544,P000093,云感生鲜升级版,C09,生鲜,1,39.00,2026-01-04 14:40:00,taobao
O000040,U000581,P000074,臻选美妆个护日常款,C01,美妆个护,1,71.00,2026-01-04 23:54:00,taobao
O000040,U000581,P000156,轻氧母婴用品旗舰款,C06,母婴用品,1,153.00,2026-01-04 23:54:00,taobao
O000040,U000581,P000100,原野运动户外套装,C07,运动户外,1,235.00,2026-01-04 23:54:00,taobao
O000041,U000618,P000030,轻氧家居日用套装,C04,家居日用,1,106.00,2026-01-04 11:49:00,wechat
O000041,U000618,P000085,悦活家居日用套装,C04,家居日用,1,70.00,2026-01-04 11:49:00,wechat
O000041,U000618,P000099,云感服饰日常款,C03,服饰,4,230.00,2026-01-04 11:49:00,wechat
O000042,U000655,P000166,原野服饰旗舰款,C03,服饰,1,378.00,2026-01-04 19:15:00,jd
O000042,U000655,P000016,原野运动户外旗舰款,C07,运动户外,1,164.00,2026-01-04 19:15:00,jd
O000042,U000655,P000097,悦活母婴用品便携装,C06,母婴用品,1,123.00,2026-01-04 19:15:00,jd
O000042,U000655,P000145,悦活宠物用品套装,C08,宠物用品,1,42.00,2026-01-04 19:15:00,jd
O000043,U000692,P000066,轻氧母婴用品旗舰款,C06,母婴用品,1,76.00,2026-01-04 17:40:00,search
O000043,U000692,P000037,悦活运动户外便携装,C07,运动户外,1,152.00,2026-01-04 17:40:00,search
O000044,U000729,P000070,原野宠物用品套装,C08,宠物用品,1,147.00,2026-01-04 15:06:00,search
O000044,U000729,P000156,轻氧母婴用品旗舰款,C06,母婴用品,1,153.00,2026-01-04 15:06:00,search
O000044,U000729,P000007,悦活服饰便携装,C03,服饰,1,344.00,2026-01-04 15:06:00,search
O000045,U000766,P000060,轻氧数码配件套装,C05,数码配件,1,269.00,2026-01-05 17:30:00,taobao
O000045,U000766,P000147,云感数码配件便携装,C05,数码配件,1,281.00,2026-01-05 17:30:00,taobao
O000046,U000803,P000020,臻选数码配件套装,C05,数码配件,1,252.00,2026-01-05 17:13:00,wechat
O000046,U000803,P000070,原野宠物用品套装,C08,宠物用品,1,147.00,2026-01-05 17:13:00,wechat
O000046,U000803,P000007,悦活服饰便携装,C03,服饰,1,344.00,2026-01-05 17:13:00,wechat
O000047,U000840,P000163,悦活生鲜升级版,C09,生鲜,1,69.00,2026-01-05 22:51:00,taobao
O000047,U000840,P000016,原野运动户外旗舰款,C07,运动户外,4,164.00,2026-01-05 22:51:00,taobao
O000047,U000840,P000072,轻氧美妆个护便携装,C01,美妆个护,1,122.00,2026-01-05 22:51:00,taobao
O000047,U000840,P000160,原野旅行用品套装,C10,旅行用品,1,231.00,2026-01-05 22:51:00,taobao
O000048,U000877,P000010,原野旅行用品套装,C10,旅行用品,1,302.00,2026-01-05 08:51:00,jd
O000048,U000877,P000170,臻选生鲜套装,C09,生鲜,1,77.00,2026-01-05 08:51:00,jd
O000049,U000014,P000046,原野食品饮料旗舰款,C02,食品饮料,1,69.00,2026-01-05 10:45:00,taobao
O000049,U000014,P000117,云感食品饮料便携装,C02,食品饮料,1,54.00,2026-01-05 10:45:00,taobao
O000049,U000014,P000139,悦活运动户外日常款,C07,运动户外,1,358.00,2026-01-05 10:45:00,taobao
O000049,U000014,P000102,轻氧母婴用品便携装,C06,母婴用品,1,104.00,2026-01-05 10:45:00,taobao
O000050,U000051,P000126,轻氧旅行用品旗舰款,C10,旅行用品,1,248.00,2026-01-05 20:33:00,search
O000051,U000088,P000161,轻盈家居日用旗舰款,C04,家居日用,1,160.00,2026-01-05 08:33:00,douyin
O000051,U000088,P000056,臻选旅行用品旗舰款,C10,旅行用品,1,443.00,2026-01-05 08:33:00,douyin
O000051,U000088,P000097,悦活母婴用品便携装,C06,母婴用品,1,123.00,2026-01-05 08:33:00,douyin
O000052,U000125,P000070,原野宠物用品套装,C08,宠物用品,1,147.00,2026-01-05 14:26:00,search
O000052,U000125,P000153,云感美妆个护升级版,C01,美妆个护,1,48.00,2026-01-05 14:26:00,search
O000052,U000125,P000139,悦活运动户外日常款,C07,运动户外,1,358.00,2026-01-05 14:26:00,search
O000052,U000125,P000126,轻氧旅行用品旗舰款,C10,旅行用品,1,248.00,2026-01-05 14:26:00,search
O000053,U000162,P000145,悦活宠物用品套装,C08,宠物用品,3,42.00,2026-01-05 19:23:00,search
O000053,U000162,P000009,云感数码配件日常款,C05,数码配件,1,295.00,2026-01-05 19:23:00,search
O000053,U000162,P000107,轻盈运动户外便携装,C07,运动户外,1,176.00,2026-01-05 19:23:00,search
O000053,U000162,P000164,臻选食品饮料日常款,C02,食品饮料,1,73.00,2026-01-05 19:23:00,search
O000054,U000199,P000092,臻选服饰便携装,C03,服饰,1,291.00,2026-01-05 23:30:00,taobao
O000054,U000199,P000091,悦活母婴用品旗舰款,C06,母婴用品,1,87.00,2026-01-05 23:30:00,taobao
O000054,U000199,P000133,悦活美妆个护升级版,C01,美妆个护,1,47.00,2026-01-05 23:30:00,taobao
O000055,U000236,P000045,云感食品饮料套装,C02,食品饮料,1,67.00,2026-01-05 20:35:00,douyin
O000056,U000273,P000026,臻选生鲜旗舰款,C09,生鲜,1,88.00,2026-01-06 10:23:00,douyin
O000056,U000273,P000151,悦活美妆个护旗舰款,C01,美妆个护,4,38.00,2026-01-06 10:23:00,douyin
O000056,U000273,P000058,原野生鲜升级版,C09,生鲜,1,44.00,2026-01-06 10:23:00,douyin
O000056,U000273,P000095,轻盈旅行用品套装,C10,旅行用品,1,577.00,2026-01-06 10:23:00,douyin
O000057,U000310,P000105,云感运动户外套装,C07,运动户外,3,142.00,2026-01-06 22:59:00,taobao
O000057,U000310,P000094,原野运动户外日常款,C07,运动户外,1,136.00,2026-01-06 22:59:00,taobao
O000057,U000310,P000098,臻选家居日用升级版,C04,家居日用,1,90.00,2026-01-06 22:59:00,taobao
O000058,U000347,P000119,轻盈宠物用品日常款,C08,宠物用品,2,99.00,2026-01-06 08:04:00,taobao
O000058,U000347,P000005,轻盈数码配件套装,C05,数码配件,1,256.00,2026-01-06 08:04:00,taobao
O000058,U000347,P000041,轻盈家居日用旗舰款,C04,家居日用,3,166.00,2026-01-06 08:04:00,taobao
O000059,U000384,P000016,原野运动户外旗舰款,C07,运动户外,4,164.00,2026-01-06 12:28:00,search
O000060,U000421,P000145,悦活宠物用品套装,C08,宠物用品,1,42.00,2026-01-06 18:41:00,offline
O000061,U000458,P000089,轻盈美妆个护日常款,C01,美妆个护,1,69.00,2026-01-06 12:16:00,search
O000061,U000458,P000111,云感宠物用品旗舰款,C08,宠物用品,2,117.00,2026-01-06 12:16:00,search
O000061,U000458,P000094,原野运动户外日常款,C07,运动户外,1,136.00,2026-01-06 12:16:00,search
O000062,U000495,P000113,轻盈旅行用品升级版,C10,旅行用品,1,483.00,2026-01-06 08:40:00,search
O000062,U000495,P000010,原野旅行用品套装,C10,旅行用品,2,302.00,2026-01-06 08:40:00,search
O000062,U000495,P000025,悦活宠物用品套装,C08,宠物用品,1,105.00,2026-01-06 08:40:00,search
O000063,U000532,P000100,原野运动户外套装,C07,运动户外,1,235.00,2026-01-06 19:23:00,offline
O000064,U000569,P000083,轻盈运动户外升级版,C07,运动户外,1,227.00,2026-01-06 23:37:00,wechat
O000065,U000606,P000042,轻氧美妆个护便携装,C01,美妆个护,4,69.00,2026-01-06 21:18:00,jd
O000065,U000606,P000158,臻选母婴用品升级版,C06,母婴用品,3,121.00,2026-01-06 21:18:00,jd
O000066,U000643,P000083,轻盈运动户外升级版,C07,运动户外,1,227.00,2026-01-06 10:02:00,search
O000066,U000643,P000105,云感运动户外套装,C07,运动户外,1,142.00,2026-01-06 10:02:00,search
O000067,U000680,P000121,悦活运动户外旗舰款,C07,运动户外,1,291.00,2026-01-07 16:46:00,wechat
O000067,U000680,P000129,云感服饰日常款,C03,服饰,1,307.00,2026-01-07 16:46:00,wechat
O000067,U000680,P000038,臻选母婴用品升级版,C06,母婴用品,1,188.00,2026-01-07 16:46:00,wechat
O000067,U000680,P000104,臻选旅行用品日常款,C10,旅行用品,1,352.00,2026-01-07 16:46:00,wechat
O000068,U000717,P000135,云感数码配件套装,C05,数码配件,1,182.00,2026-01-07 15:22:00,douyin
O000069,U000754,P000121,悦活运动户外旗舰款,C07,运动户外,1,291.00,2026-01-07 21:51:00,wechat
O000070,U000791,P000116,臻选数码配件旗舰款,C05,数码配件,1,228.00,2026-01-07 08:15:00,search
O000070,U000791,P000172,原野宠物用品便携装,C08,宠物用品,2,99.00,2026-01-07 08:15:00,search
O000070,U000791,P000152,臻选数码配件便携装,C05,数码配件,1,302.00,2026-01-07 08:15:00,search
O000071,U000828,P000062,臻选旅行用品便携装,C10,旅行用品,2,226.00,2026-01-07 10:53:00,wechat
O000071,U000828,P000049,悦活数码配件日常款,C05,数码配件,1,141.00,2026-01-07 10:53:00,wechat
O000071,U000828,P000056,臻选旅行用品旗舰款,C10,旅行用品,1,443.00,2026-01-07 10:53:00,wechat
O000072,U000865,P000134,臻选数码配件日常款,C05,数码配件,1,120.00,2026-01-07 19:31:00,wechat
O000073,U000002,P000039,云感生鲜日常款,C09,生鲜,1,109.00,2026-01-07 22:58:00,offline
O000073,U000002,P000087,云感旅行用品便携装,C10,旅行用品,4,609.00,2026-01-07 22:58:00,offline
O000073,U000002,P000166,原野服饰旗舰款,C03,服饰,1,378.00,2026-01-07 22:58:00,offline
O000073,U000002,P000130,原野服饰套装,C03,服饰,1,194.00,2026-01-07 22:58:00,offline
O000074,U000039,P000043,悦活服饰升级版,C03,服饰,1,237.00,2026-01-07 09:01:00,taobao
O000074,U000039,P000052,原野数码配件便携装,C05,数码配件,1,173.00,2026-01-07 09:01:00,taobao
O000074,U000039,P000020,臻选数码配件套装,C05,数码配件,1,252.00,2026-01-07 09:01:00,taobao
O000074,U000039,P000143,轻盈美妆个护升级版,C01,美妆个护,1,53.00,2026-01-07 09:01:00,taobao
O000075,U000076,P000106,原野母婴用品旗舰款,C06,母婴用品,1,102.00,2026-01-07 13:53:00,offline
O000075,U000076,P000057,云感数码配件便携装,C05,数码配件,1,79.00,2026-01-07 13:53:00,offline
O000075,U000076,P000150,轻氧母婴用品套装,C06,母婴用品,1,76.00,2026-01-07 13:53:00,offline
O000075,U000076,P000142,原野母婴用品便携装,C06,母婴用品,1,161.00,2026-01-07 13:53:00,offline
O000076,U000113,P000017,轻盈食品饮料便携装,C02,食品饮料,1,71.00,2026-01-07 13:15:00,wechat
O000076,U000113,P000132,轻氧家居日用便携装,C04,家居日用,1,91.00,2026-01-07 13:15:00,wechat
O000076,U000113,P000133,悦活美妆个护升级版,C01,美妆个护,1,47.00,2026-01-07 13:15:00,wechat
O000076,U000113,P000003,云感生鲜升级版,C09,生鲜,1,73.00,2026-01-07 13:15:00,wechat
O000077,U000150,P000080,臻选家居日用套装,C04,家居日用,1,148.00,2026-01-07 21:52:00,jd
O000078,U000187,P000028,原野数码配件升级版,C05,数码配件,4,158.00,2026-01-08 20:23:00,jd
O000078,U000187,P000033,云感美妆个护升级版,C01,美妆个护,2,88.00,2026-01-08 20:23:00,jd
O000078,U000187,P000050,臻选生鲜套装,C09,生鲜,1,108.00,2026-01-08 20:23:00,jd
O000078,U000187,P000149,轻盈家居日用日常款,C04,家居日用,1,110.00,2026-01-08 20:23:00,jd
O000079,U000224,P000047,轻盈服饰便携装,C03,服饰,1,154.00,2026-01-08 08:39:00,taobao
O000080,U000261,P000122,臻选运动户外便携装,C07,运动户外,1,212.00,2026-01-08 11:16:00,wechat
O000080,U000261,P000133,悦活美妆个护升级版,C01,美妆个护,1,47.00,2026-01-08 11:16:00,wechat
O000080,U000261,P000088,原野家居日用升级版,C04,家居日用,1,89.00,2026-01-08 11:16:00,wechat
O000080,U000261,P000162,轻氧食品饮料便携装,C02,食品饮料,1,73.00,2026-01-08 11:16:00,wechat
O000081,U000298,P000045,云感食品饮料套装,C02,食品饮料,4,67.00,2026-01-08 16:06:00,jd
O000082,U000335,P000054,轻氧美妆个护日常款,C01,美妆个护,1,138.00,2026-01-08 09:45:00,douyin
O000083,U000372,P000046,原野食品饮料旗舰款,C02,食品饮料,1,69.00,2026-01-08 18:41:00,wechat
O000083,U000372,P000123,云感宠物用品升级版,C08,宠物用品,1,83.00,2026-01-08 18:41:00,wechat
O000083,U000372,P000107,轻盈运动户外便携装,C07,运动户外,1,176.00,2026-01-08 18:41:00,wechat
O000084,U000409,P000071,轻盈宠物用品旗舰款,C08,宠物用品,1,144.00,2026-01-08 23:02:00,offline
O000084,U000409,P000011,轻盈旅行用品旗舰款,C10,旅行用品,1,224.00,2026-01-08 23:02:00,offline
O000084,U000409,P000085,悦活家居日用套装,C04,家居日用,1,70.00,2026-01-08 23:02:00,offline
O000084,U000409,P000010,原野旅行用品套装,C10,旅行用品,1,302.00,2026-01-08 23:02:00,offline
O000085,U000446,P000012,轻氧母婴用品便携装,C06,母婴用品,3,128.00,2026-01-08 11:31:00,taobao
O000085,U000446,P000109,悦活旅行用品日常款,C10,旅行用品,3,614.00,2026-01-08 11:31:00,taobao
O000085,U000446,P000020,臻选数码配件套装,C05,数码配件,1,252.00,2026-01-08 11:31:00,taobao
O000085,U000446,P000172,原野宠物用品便携装,C08,宠物用品,1,99.00,2026-01-08 11:31:00,taobao
O000086,U000483,P000012,轻氧母婴用品便携装,C06,母婴用品,1,128.00,2026-01-08 11:43:00,taobao
O000086,U000483,P000095,轻盈旅行用品套装,C10,旅行用品,1,577.00,2026-01-08 11:43:00,taobao
O000086,U000483,P000102,轻氧母婴用品便携装,C06,母婴用品,1,104.00,2026-01-08 11:43:00,taobao
O000086,U000483,P000108,轻氧母婴用品升级版,C06,母婴用品,1,86.00,2026-01-08 11:43:00,taobao
O000087,U000520,P000157,悦活旅行用品便携装,C10,旅行用品,1,436.00,2026-01-08 22:15:00,wechat
O000087,U000520,P000005,轻盈数码配件套装,C05,数码配件,1,256.00,2026-01-08 22:15:00,wechat
O000087,U000520,P000171,云感生鲜旗舰款,C09,生鲜,1,30.00,2026-01-08 22:15:00,wechat
O000087,U000520,P000050,臻选生鲜套装,C09,生鲜,1,108.00,2026-01-08 22:15:00,wechat
O000088,U000557,P000041,轻盈家居日用旗舰款,C04,家居日用,4,166.00,2026-01-08 20:20:00,taobao
O000088,U000557,P000168,轻氧服饰升级版,C03,服饰,1,368.00,2026-01-08 20:20:00,taobao
O000088,U000557,P000130,原野服饰套装,C03,服饰,1,194.00,2026-01-08 20:20:00,taobao
O000089,U000594,P000027,云感宠物用品便携装,C08,宠物用品,1,96.00,2026-01-09 10:05:00,offline
O000089,U000594,P000138,轻氧数码配件升级版,C05,数码配件,1,150.00,2026-01-09 10:05:00,offline
O000089,U000594,P000015,云感母婴用品套装,C06,母婴用品,1,128.00,2026-01-09 10:05:00,offline
O000090,U000631,P000030,轻氧家居日用套装,C04,家居日用,1,106.00,2026-01-09 13:28:00,wechat
O000090,U000631,P000147,云感数码配件便携装,C05,数码配件,1,281.00,2026-01-09 13:28:00,wechat
O000090,U000631,P000080,臻选家居日用套装,C04,家居日用,1,148.00,2026-01-09 13:28:00,wechat
O000091,U000668,P000169,悦活生鲜日常款,C09,生鲜,4,42.00,2026-01-09 20:07:00,wechat
O000092,U000705,P000099,云感服饰日常款,C03,服饰,1,230.00,2026-01-09 09:00:00,search
O000092,U000705,P000026,臻选生鲜旗舰款,C09,生鲜,4,88.00,2026-01-09 09:00:00,search
O000092,U000705,P000117,云感食品饮料便携装,C02,食品饮料,3,54.00,2026-01-09 09:00:00,search
O000093,U000742,P000166,原野服饰旗舰款,C03,服饰,1,378.00,2026-01-09 15:50:00,douyin
O000093,U000742,P000122,臻选运动户外便携装,C07,运动户外,1,212.00,2026-01-09 15:50:00,douyin
O000094,U000779,P000130,原野服饰套装,C03,服饰,1,194.00,2026-01-09 16:26:00,offline
O000095,U000816,P000034,原野生鲜日常款,C09,生鲜,2,71.00,2026-01-09 16:08:00,jd
O000095,U000816,P000152,臻选数码配件便携装,C05,数码配件,1,302.00,2026-01-09 16:08:00,jd
O000096,U000853,P000129,云感服饰日常款,C03,服饰,3,307.00,2026-01-09 18:59:00,taobao
O000096,U000853,P000130,原野服饰套装,C03,服饰,1,194.00,2026-01-09 18:59:00,taobao
O000096,U000853,P000134,臻选数码配件日常款,C05,数码配件,1,120.00,2026-01-09 18:59:00,taobao
O000096,U000853,P000007,悦活服饰便携装,C03,服饰,1,344.00,2026-01-09 18:59:00,taobao
O000097,U000890,P000006,轻氧母婴用品旗舰款,C06,母婴用品,2,161.00,2026-01-09 08:19:00,search
O000097,U000890,P000146,臻选生鲜旗舰款,C09,生鲜,1,112.00,2026-01-09 08:19:00,search
O000098,U000027,P000063,云感母婴用品升级版,C06,母婴用品,1,165.00,2026-01-09 17:35:00,jd
O000099,U000064,P000129,云感服饰日常款,C03,服饰,2,307.00,2026-01-09 12:40:00,jd
O000099,U000064,P000063,云感母婴用品升级版,C06,母婴用品,1,165.00,2026-01-09 12:40:00,jd
O000100,U000101,P000085,悦活家居日用套装,C04,家居日用,1,70.00,2026-01-10 15:28:00,taobao
O000100,U000101,P000070,原野宠物用品套装,C08,宠物用品,1,147.00,2026-01-10 15:28:00,taobao
O000100,U000101,P000095,轻盈旅行用品套装,C10,旅行用品,1,577.00,2026-01-10 15:28:00,taobao
O000100,U000101,P000030,轻氧家居日用套装,C04,家居日用,1,106.00,2026-01-10 15:28:00,taobao
O000101,U000138,P000048,轻氧宠物用品升级版,C08,宠物用品,1,142.00,2026-01-10 10:41:00,offline
O000101,U000138,P000036,轻氧食品饮料旗舰款,C02,食品饮料,2,73.00,2026-01-10 10:41:00,offline
O000102,U000175,P000162,轻氧食品饮料便携装,C02,食品饮料,1,73.00,2026-01-10 09:47:00,taobao
O000103,U000212,P000089,轻盈美妆个护日常款,C01,美妆个护,1,69.00,2026-01-10 12:02:00,wechat
O000104,U000249,P000087,云感旅行用品便携装,C10,旅行用品,4,609.00,2026-01-10 22:03:00,search
O000104,U000249,P000164,臻选食品饮料日常款,C02,食品饮料,1,73.00,2026-01-10 22:03:00,search
O000104,U000249,P000171,云感生鲜旗舰款,C09,生鲜,4,30.00,2026-01-10 22:03:00,search
O000105,U000286,P000126,轻氧旅行用品旗舰款,C10,旅行用品,1,248.00,2026-01-10 14:57:00,search
O000105,U000286,P000007,悦活服饰便携装,C03,服饰,1,344.00,2026-01-10 14:57:00,search
O000105,U000286,P000048,轻氧宠物用品升级版,C08,宠物用品,1,142.00,2026-01-10 14:57:00,search
O000105,U000286,P000066,轻氧母婴用品旗舰款,C06,母婴用品,1,76.00,2026-01-10 14:57:00,search
O000106,U000323,P000014,臻选食品饮料日常款,C02,食品饮料,1,60.00,2026-01-10 10:47:00,douyin
O000107,U000360,P000138,轻氧数码配件升级版,C05,数码配件,1,150.00,2026-01-10 23:30:00,wechat
O000107,U000360,P000114,轻氧母婴用品日常款,C06,母婴用品,1,142.00,2026-01-10 23:30:00,wechat
O000107,U000360,P000118,原野美妆个护升级版,C01,美妆个护,1,133.00,2026-01-10 23:30:00,wechat
O000108,U000397,P000130,原野服饰套装,C03,服饰,1,194.00,2026-01-10 21:05:00,douyin
O000108,U000397,P000101,轻盈生鲜旗舰款,C09,生鲜,4,111.00,2026-01-10 21:05:00,douyin
O000108,U000397,P000098,臻选家居日用升级版,C04,家居日用,2,90.00,2026-01-10 21:05:00,douyin
O000109,U000434,P000024,轻氧食品饮料日常款,C02,食品饮料,1,55.00,2026-01-10 09:56:00,wechat
O000109,U000434,P000060,轻氧数码配件套装,C05,数码配件,1,269.00,2026-01-10 09:56:00,wechat
O000109,U000434,P000114,轻氧母婴用品日常款,C06,母婴用品,2,142.00,2026-01-10 09:56:00,wechat
O000110,U000471,P000117,云感食品饮料便携装,C02,食品饮料,1,54.00,2026-01-10 19:33:00,jd
O000110,U000471,P000158,臻选母婴用品升级版,C06,母婴用品,1,121.00,2026-01-10 19:33:00,jd
O000110,U000471,P000127,悦活食品饮料便携装,C02,食品饮料,1,39.00,2026-01-10 19:33:00,jd
O000111,U000508,P000099,云感服饰日常款,C03,服饰,1,230.00,2026-01-11 12:42:00,offline
O000111,U000508,P000100,原野运动户外套装,C07,运动户外,2,235.00,2026-01-11 12:42:00,offline
O000111,U000508,P000081,云感数码配件旗舰款,C05,数码配件,1,152.00,2026-01-11 12:42:00,offline
O000111,U000508,P000129,云感服饰日常款,C03,服饰,1,307.00,2026-01-11 12:42:00,offline
O000112,U000545,P000107,轻盈运动户外便携装,C07,运动户外,1,176.00,2026-01-11 20:33:00,douyin
O000112,U000545,P000146,臻选生鲜旗舰款,C09,生鲜,1,112.00,2026-01-11 20:33:00,douyin
O000112,U000545,P000007,悦活服饰便携装,C03,服饰,1,344.00,2026-01-11 20:33:00,douyin
O000113,U000582,P000164,臻选食品饮料日常款,C02,食品饮料,1,73.00,2026-01-11 23:10:00,taobao
O000113,U000582,P000020,臻选数码配件套装,C05,数码配件,1,252.00,2026-01-11 23:10:00,taobao
O000113,U000582,P000005,轻盈数码配件套装,C05,数码配件,1,256.00,2026-01-11 23:10:00,taobao
O000113,U000582,P000110,臻选美妆个护套装,C01,美妆个护,2,81.00,2026-01-11 23:10:00,taobao
O000114,U000619,P000062,臻选旅行用品便携装,C10,旅行用品,1,226.00,2026-01-11 18:28:00,douyin
O000114,U000619,P000014,臻选食品饮料日常款,C02,食品饮料,1,60.00,2026-01-11 18:28:00,douyin
O000115,U000656,P000170,臻选生鲜套装,C09,生鲜,1,77.00,2026-01-11 16:15:00,taobao
O000115,U000656,P000120,轻氧宠物用品套装,C08,宠物用品,1,58.00,2026-01-11 16:15:00,taobao
O000115,U000656,P000126,轻氧旅行用品旗舰款,C10,旅行用品,1,248.00,2026-01-11 16:15:00,taobao
O000115,U000656,P000008,臻选美妆个护升级版,C01,美妆个护,1,69.00,2026-01-11 16:15:00,taobao
O000116,U000693,P000104,臻选旅行用品日常款,C10,旅行用品,1,352.00,2026-01-11 20:55:00,taobao
O000117,U000730,P000084,轻氧服饰日常款,C03,服饰,2,130.00,2026-01-11 10:18:00,douyin
O000117,U000730,P000141,云感数码配件旗舰款,C05,数码配件,1,220.00,2026-01-11 10:18:00,douyin
O000117,U000730,P000135,云感数码配件套装,C05,数码配件,2,182.00,2026-01-11 10:18:00,douyin
O000118,U000767,P000042,轻氧美妆个护便携装,C01,美妆个护,1,69.00,2026-01-11 19:37:00,jd
O000118,U000767,P000117,云感食品饮料便携装,C02,食品饮料,3,54.00,2026-01-11 19:37:00,jd
O000118,U000767,P000141,云感数码配件旗舰款,C05,数码配件,1,220.00,2026-01-11 19:37:00,jd
O000119,U000804,P000157,悦活旅行用品便携装,C10,旅行用品,1,436.00,2026-01-11 13:46:00,wechat
O000119,U000804,P000050,臻选生鲜套装,C09,生鲜,1,108.00,2026-01-11 13:46:00,wechat
O000120,U000841,P000161,轻盈家居日用旗舰款,C04,家居日用,1,160.00,2026-01-11 08:12:00,search
O000120,U000841,P000116,臻选数码配件旗舰款,C05,数码配件,1,228.00,2026-01-11 08:12:00,search
O000120,U000841,P000150,轻氧母婴用品套装,C06,母婴用品,1,76.00,2026-01-11 08:12:00,search
O000121,U000878,P000116,臻选数码配件旗舰款,C05,数码配件,1,228.00,2026-01-11 10:32:00,douyin
O000121,U000878,P000005,轻盈数码配件套装,C05,数码配件,1,256.00,2026-01-11 10:32:00,douyin
O000122,U000015,P000016,原野运动户外旗舰款,C07,运动户外,1,164.00,2026-01-12 16:57:00,search
O000122,U000015,P000092,臻选服饰便携装,C03,服饰,1,291.00,2026-01-12 16:57:00,search
O000123,U000052,P000153,云感美妆个护升级版,C01,美妆个护,3,48.00,2026-01-12 18:46:00,offline
O000123,U000052,P000072,轻氧美妆个护便携装,C01,美妆个护,1,122.00,2026-01-12 18:46:00,offline
O000124,U000089,P000047,轻盈服饰便携装,C03,服饰,1,154.00,2026-01-12 22:51:00,jd
O000124,U000089,P000137,轻盈数码配件便携装,C05,数码配件,1,216.00,2026-01-12 22:51:00,jd
O000125,U000126,P000165,云感生鲜套装,C09,生鲜,1,43.00,2026-01-12 14:20:00,search
O000125,U000126,P000075,云感母婴用品套装,C06,母婴用品,1,82.00,2026-01-12 14:20:00,search
O000125,U000126,P000057,云感数码配件便携装,C05,数码配件,1,79.00,2026-01-12 14:20:00,search
O000125,U000126,P000073,悦活家居日用升级版,C04,家居日用,1,147.00,2026-01-12 14:20:00,search
O000126,U000163,P000075,云感母婴用品套装,C06,母婴用品,2,82.00,2026-01-12 15:25:00,wechat
O000126,U000163,P000090,轻氧旅行用品套装,C10,旅行用品,4,170.00,2026-01-12 15:25:00,wechat
O000127,U000200,P000116,臻选数码配件旗舰款,C05,数码配件,1,228.00,2026-01-12 10:19:00,search
O000127,U000200,P000036,轻氧食品饮料旗舰款,C02,食品饮料,1,73.00,2026-01-12 10:19:00,search
O000128,U000237,P000157,悦活旅行用品便携装,C10,旅行用品,1,436.00,2026-01-12 10:28:00,douyin
O000128,U000237,P000164,臻选食品饮料日常款,C02,食品饮料,1,73.00,2026-01-12 10:28:00,douyin
O000128,U000237,P000139,悦活运动户外日常款,C07,运动户外,1,358.00,2026-01-12 10:28:00,douyin
O000129,U000274,P000125,轻盈生鲜套装,C09,生鲜,4,62.00,2026-01-12 08:14:00,search
O000130,U000311,P000114,轻氧母婴用品日常款,C06,母婴用品,1,142.00,2026-01-12 20:41:00,jd
O000131,U000348,P000151,悦活美妆个护旗舰款,C01,美妆个护,1,38.00,2026-01-12 17:41:00,jd
O000131,U000348,P000059,轻盈美妆个护日常款,C01,美妆个护,1,52.00,2026-01-12 17:41:00,jd
O000132,U000385,P000019,悦活家居日用日常款,C04,家居日用,1,71.00,2026-01-12 19:46:00,search
O000132,U000385,P000084,轻氧服饰日常款,C03,服饰,1,130.00,2026-01-12 19:46:00,search
O000132,U000385,P000107,轻盈运动户外便携装,C07,运动户外,1,176.00,2026-01-12 19:46:00,search
O000132,U000385,P000167,轻盈美妆个护便携装,C01,美妆个护,1,119.00,2026-01-12 19:46:00,search
O000133,U000422,P000106,原野母婴用品旗舰款,C06,母婴用品,1,102.00,2026-01-13 22:28:00,douyin
O000133,U000422,P000113,轻盈旅行用品升级版,C10,旅行用品,1,483.00,2026-01-13 22:28:00,douyin
O000133,U000422,P000051,云感宠物用品旗舰款,C08,宠物用品,1,64.00,2026-01-13 22:28:00,douyin
O000134,U000459,P000025,悦活宠物用品套装,C08,宠物用品,1,105.00,2026-01-13 20:05:00,search
O000134,U000459,P000142,原野母婴用品便携装,C06,母婴用品,1,161.00,2026-01-13 20:05:00,search
O000134,U000459,P000056,臻选旅行用品旗舰款,C10,旅行用品,1,443.00,2026-01-13 20:05:00,search
O000135,U000496,P000117,云感食品饮料便携装,C02,食品饮料,1,54.00,2026-01-13 19:38:00,jd
O000135,U000496,P000109,悦活旅行用品日常款,C10,旅行用品,1,614.00,2026-01-13 19:38:00,jd
O000135,U000496,P000047,轻盈服饰便携装,C03,服饰,1,154.00,2026-01-13 19:38:00,jd
O000135,U000496,P000010,原野旅行用品套装,C10,旅行用品,1,302.00,2026-01-13 19:38:00,jd
O000136,U000533,P000091,悦活母婴用品旗舰款,C06,母婴用品,3,87.00,2026-01-13 10:24:00,wechat
O000136,U000533,P000109,悦活旅行用品日常款,C10,旅行用品,1,614.00,2026-01-13 10:24:00,wechat
O000136,U000533,P000136,原野运动户外旗舰款,C07,运动户外,1,169.00,2026-01-13 10:24:00,wechat
O000137,U000570,P000081,云感数码配件旗舰款,C05,数码配件,2,152.00,2026-01-13 09:44:00,offline
O000137,U000570,P000082,原野旅行用品便携装,C10,旅行用品,1,253.00,2026-01-13 09:44:00,offline
O000137,U000570,P000071,轻盈宠物用品旗舰款,C08,宠物用品,1,144.00,2026-01-13 09:44:00,offline
O000137,U000570,P000094,原野运动户外日常款,C07,运动户外,1,136.00,2026-01-13 09:44:00,offline
O000138,U000607,P000058,原野生鲜升级版,C09,生鲜,1,44.00,2026-01-13 15:51:00,jd
O000139,U000644,P000126,轻氧旅行用品旗舰款,C10,旅行用品,1,248.00,2026-01-13 17:03:00,search
O000140,U000681,P000158,臻选母婴用品升级版,C06,母婴用品,4,121.00,2026-01-13 21:30:00,search
O000141,U000718,P000039,云感生鲜日常款,C09,生鲜,1,109.00,2026-01-13 13:30:00,offline
O000141,U000718,P000152,臻选数码配件便携装,C05,数码配件,1,302.00,2026-01-13 13:30:00,offline
O000141,U000718,P000044,臻选食品饮料日常款,C02,食品饮料,1,28.00,2026-01-13 13:30:00,offline
O000141,U000718,P000171,云感生鲜旗舰款,C09,生鲜,1,30.00,2026-01-13 13:30:00,offline
O000142,U000755,P000062,臻选旅行用品便携装,C10,旅行用品,1,226.00,2026-01-13 17:56:00,jd
O000143,U000792,P000079,悦活服饰日常款,C03,服饰,3,452.00,2026-01-13 12:17:00,taobao
O000144,U000829,P000060,轻氧数码配件套装,C05,数码配件,1,269.00,2026-01-14 14:31:00,jd
O000145,U000866,P000056,臻选旅行用品旗舰款,C10,旅行用品,1,443.00,2026-01-14 09:22:00,jd
O000145,U000866,P000150,轻氧母婴用品套装,C06,母婴用品,1,76.00,2026-01-14 09:22:00,jd
O000145,U000866,P000083,轻盈运动户外升级版,C07,运动户外,1,227.00,2026-01-14 09:22:00,jd
O000146,U000003,P000112,原野生鲜便携装,C09,生鲜,4,113.00,2026-01-14 08:16:00,jd
O000146,U000003,P000164,臻选食品饮料日常款,C02,食品饮料,1,73.00,2026-01-14 08:16:00,jd
O000146,U000003,P000084,轻氧服饰日常款,C03,服饰,1,130.00,2026-01-14 08:16:00,jd
O000146,U000003,P000100,原野运动户外套装,C07,运动户外,1,235.00,2026-01-14 08:16:00,jd
O000147,U000040,P000115,悦活美妆个护套装,C01,美妆个护,1,86.00,2026-01-14 23:01:00,wechat
O000147,U000040,P000133,悦活美妆个护升级版,C01,美妆个护,1,47.00,2026-01-14 23:01:00,wechat
O000147,U000040,P000155,轻盈生鲜套装,C09,生鲜,1,106.00,2026-01-14 23:01:00,wechat
O000147,U000040,P000155,轻盈生鲜套装,C09,生鲜,1,106.00,2026-01-14 23:01:00,wechat
O000148,U000077,P000114,轻氧母婴用品日常款,C06,母婴用品,1,142.00,2026-01-14 22:12:00,search
O000148,U000077,P000012,轻氧母婴用品便携装,C06,母婴用品,1,128.00,2026-01-14 22:12:00,search
O000148,U000077,P000038,臻选母婴用品升级版,C06,母婴用品,1,188.00,2026-01-14 22:12:00,search
O000148,U000077,P000137,轻盈数码配件便携装,C05,数码配件,1,216.00,2026-01-14 22:12:00,search
O000149,U000114,P000143,轻盈美妆个护升级版,C01,美妆个护,1,53.00,2026-01-14 15:49:00,wechat
O000149,U000114,P000033,云感美妆个护升级版,C01,美妆个护,1,88.00,2026-01-14 15:49:00,wechat
O000149,U000114,P000064,原野宠物用品日常款,C08,宠物用品,1,140.00,2026-01-14 15:49:00,wechat
O000149,U000114,P000078,轻氧运动户外升级版,C07,运动户外,1,332.00,2026-01-14 15:49:00,wechat
O000150,U000151,P000033,云感美妆个护升级版,C01,美妆个护,1,88.00,2026-01-14 13:25:00,jd
O000151,U000188,P000022,原野母婴用品便携装,C06,母婴用品,1,190.00,2026-01-14 08:54:00,search
O000151,U000188,P000130,原野服饰套装,C03,服饰,1,194.00,2026-01-14 08:54:00,search
O000152,U000225,P000010,原野旅行用品套装,C10,旅行用品,1,302.00,2026-01-14 11:08:00,offline
O000152,U000225,P000142,原野母婴用品便携装,C06,母婴用品,1,161.00,2026-01-14 11:08:00,offline
O000152,U000225,P000019,悦活家居日用日常款,C04,家居日用,1,71.00,2026-01-14 11:08:00,offline
O000153,U000262,P000119,轻盈宠物用品日常款,C08,宠物用品,1,99.00,2026-01-14 20:47:00,search
O000153,U000262,P000161,轻盈家居日用旗舰款,C04,家居日用,1,160.00,2026-01-14 20:47:00,search
O000153,U000262,P000081,云感数码配件旗舰款,C05,数码配件,1,152.00,2026-01-14 20:47:00,search
O000154,U000299,P000149,轻盈家居日用日常款,C04,家居日用,1,110.00,2026-01-14 16:55:00,taobao
O000154,U000299,P000104,臻选旅行用品日常款,C10,旅行用品,2,352.00,2026-01-14 16:55:00,taobao
O000155,U000336,P000019,悦活家居日用日常款,C04,家居日用,1,71.00,2026-01-15 16:47:00,search
O000156,U000373,P000089,轻盈美妆个护日常款,C01,美妆个护,1,69.00,2026-01-15 15:53:00,douyin
O000157,U000410,P000142,原野母婴用品便携装,C06,母婴用品,1,161.00,2026-01-15 13:12:00,douyin
O000157,U000410,P000050,臻选生鲜套装,C09,生鲜,4,108.00,2026-01-15 13:12:00,douyin
O000157,U000410,P000116,臻选数码配件旗舰款,C05,数码配件,1,228.00,2026-01-15 13:12:00,douyin
O000158,U000447,P000037,悦活运动户外便携装,C07,运动户外,1,152.00,2026-01-15 11:26:00,search
O000158,U000447,P000046,原野食品饮料旗舰款,C02,食品饮料,1,69.00,2026-01-15 11:26:00,search
O000158,U000447,P000033,云感美妆个护升级版,C01,美妆个护,1,88.00,2026-01-15 11:26:00,search
O000158,U000447,P000062,臻选旅行用品便携装,C10,旅行用品,3,226.00,2026-01-15 11:26:00,search
O000159,U000484,P000125,轻盈生鲜套装,C09,生鲜,1,62.00,2026-01-15 15:14:00,jd
O000159,U000484,P000155,轻盈生鲜套装,C09,生鲜,1,106.00,2026-01-15 15:14:00,jd
O000159,U000484,P000006,轻氧母婴用品旗舰款,C06,母婴用品,1,161.00,2026-01-15 15:14:00,jd
O000160,U000521,P000049,悦活数码配件日常款,C05,数码配件,1,141.00,2026-01-15 10:50:00,taobao
O000161,U000558,P000036,轻氧食品饮料旗舰款,C02,食品饮料,1,73.00,2026-01-15 09:48:00,wechat
O000161,U000558,P000166,原野服饰旗舰款,C03,服饰,3,378.00,2026-01-15 09:48:00,wechat
O000162,U000595,P000058,原野生鲜升级版,C09,生鲜,3,44.00,2026-01-15 18:47:00,taobao
O000162,U000595,P000045,云感食品饮料套装,C02,食品饮料,3,67.00,2026-01-15 18:47:00,taobao
O000162,U000595,P000132,轻氧家居日用便携装,C04,家居日用,4,91.00,2026-01-15 18:47:00,taobao
O000162,U000595,P000035,轻盈家居日用套装,C04,家居日用,1,116.00,2026-01-15 18:47:00,taobao
O000163,U000632,P000156,轻氧母婴用品旗舰款,C06,母婴用品,1,153.00,2026-01-15 19:51:00,wechat
O000164,U000669,P000050,臻选生鲜套装,C09,生鲜,1,108.00,2026-01-15 10:56:00,douyin
O000165,U000706,P000167,轻盈美妆个护便携装,C01,美妆个护,1,119.00,2026-01-15 21:33:00,douyin
O000165,U000706,P000093,云感生鲜升级版,C09,生鲜,1,39.00,2026-01-15 21:33:00,douyin
O000166,U000743,P000122,臻选运动户外便携装,C07,运动户外,1,212.00,2026-01-16 16:43:00,jd
O000167,U000780,P000150,轻氧母婴用品套装,C06,母婴用品,1,76.00,2026-01-16 21:51:00,search
O000167,U000780,P000036,轻氧食品饮料旗舰款,C02,食品饮料,1,73.00,2026-01-16 21:51:00,search
O000168,U000817,P000164,臻选食品饮料日常款,C02,食品饮料,1,73.00,2026-01-16 20:58:00,offline
O000168,U000817,P000073,悦活家居日用升级版,C04,家居日用,1,147.00,2026-01-16 20:58:00,offline
O000168,U000817,P000086,臻选数码配件旗舰款,C05,数码配件,3,150.00,2026-01-16 20:58:00,offline
O000168,U000817,P000139,悦活运动户外日常款,C07,运动户外,1,358.00,2026-01-16 20:58:00,offline
O000169,U000854,P000082,原野旅行用品便携装,C10,旅行用品,1,253.00,2026-01-16 14:07:00,douyin
O000169,U000854,P000158,臻选母婴用品升级版,C06,母婴用品,1,121.00,2026-01-16 14:07:00,douyin
O000169,U000854,P000153,云感美妆个护升级版,C01,美妆个护,1,48.00,2026-01-16 14:07:00,douyin
O000170,U000891,P000066,轻氧母婴用品旗舰款,C06,母婴用品,2,76.00,2026-01-16 19:52:00,jd
O000170,U000891,P000132,轻氧家居日用便携装,C04,家居日用,1,91.00,2026-01-16 19:52:00,jd
O000171,U000028,P000081,云感数码配件旗舰款,C05,数码配件,2,152.00,2026-01-16 20:45:00,taobao
O000171,U000028,P000104,臻选旅行用品日常款,C10,旅行用品,1,352.00,2026-01-16 20:45:00,taobao
O000171,U000028,P000092,臻选服饰便携装,C03,服饰,3,291.00,2026-01-16 20:45:00,taobao
O000172,U000065,P000116,臻选数码配件旗舰款,C05,数码配件,1,228.00,2026-01-16 09:54:00,offline
O000172,U000065,P000086,臻选数码配件旗舰款,C05,数码配件,1,150.00,2026-01-16 09:54:00,offline
O000172,U000065,P000021,云感宠物用品旗舰款,C08,宠物用品,3,160.00,2026-01-16 09:54:00,offline
O000173,U000102,P000079,悦活服饰日常款,C03,服饰,1,452.00,2026-01-16 15:11:00,douyin
O000173,U000102,P000119,轻盈宠物用品日常款,C08,宠物用品,1,99.00,2026-01-16 15:11:00,douyin
O000173,U000102,P000169,悦活生鲜日常款,C09,生鲜,4,42.00,2026-01-16 15:11:00,douyin
O000173,U000102,P000077,轻盈服饰便携装,C03,服饰,1,279.00,2026-01-16 15:11:00,douyin
O000174,U000139,P000101,轻盈生鲜旗舰款,C09,生鲜,1,111.00,2026-01-16 20:50:00,wechat
O000174,U000139,P000078,轻氧运动户外升级版,C07,运动户外,2,332.00,2026-01-16 20:50:00,wechat
O000174,U000139,P000031,悦活运动户外旗舰款,C07,运动户外,1,98.00,2026-01-16 20:50:00,wechat
O000174,U000139,P000126,轻氧旅行用品旗舰款,C10,旅行用品,1,248.00,2026-01-16 20:50:00,wechat
O000175,U000176,P000159,云感旅行用品日常款,C10,旅行用品,1,514.00,2026-01-16 22:40:00,offline
O000175,U000176,P000099,云感服饰日常款,C03,服饰,1,230.00,2026-01-16 22:40:00,offline
O000175,U000176,P000121,悦活运动户外旗舰款,C07,运动户外,1,291.00,2026-01-16 22:40:00,offline
O000175,U000176,P000067,悦活旅行用品便携装,C10,旅行用品,1,195.00,2026-01-16 22:40:00,offline
O000176,U000213,P000009,云感数码配件日常款,C05,数码配件,1,295.00,2026-01-16 10:50:00,douyin
O000176,U000213,P000017,轻盈食品饮料便携装,C02,食品饮料,1,71.00,2026-01-16 10:50:00,douyin
O000176,U000213,P000138,轻氧数码配件升级版,C05,数码配件,1,150.00,2026-01-16 10:50:00,douyin
O000177,U000250,P000099,云感服饰日常款,C03,服饰,1,230.00,2026-01-17 08:42:00,taobao
O000177,U000250,P000044,臻选食品饮料日常款,C02,食品饮料,1,28.00,2026-01-17 08:42:00,taobao
O000178,U000287,P000004,原野旅行用品日常款,C10,旅行用品,1,271.00,2026-01-17 21:38:00,taobao
O000179,U000324,P000159,云感旅行用品日常款,C10,旅行用品,2,514.00,2026-01-17 11:13:00,search
O000179,U000324,P000013,悦活食品饮料升级版,C02,食品饮料,1,91.00,2026-01-17 11:13:00,search
O000180,U000361,P000092,臻选服饰便携装,C03,服饰,1,291.00,2026-01-17 22:11:00,search
O000180,U000361,P000086,臻选数码配件旗舰款,C05,数码配件,1,150.00,2026-01-17 22:11:00,search
O000180,U000361,P000155,轻盈生鲜套装,C09,生鲜,1,106.00,2026-01-17 22:11:00,search
O000180,U000361,P000146,臻选生鲜旗舰款,C09,生鲜,1,112.00,2026-01-17 22:11:00,search
O000181,U000398,P000024,轻氧食品饮料日常款,C02,食品饮料,1,55.00,2026-01-17 19:59:00,douyin
O000181,U000398,P000001,悦活家居日用旗舰款,C04,家居日用,1,141.00,2026-01-17 19:59:00,douyin
O000182,U000435,P000040,原野数码配件套装,C05,数码配件,1,162.00,2026-01-17 09:42:00,taobao
O000183,U000472,P000136,原野运动户外旗舰款,C07,运动户外,2,169.00,2026-01-17 16:14:00,douyin
O000183,U000472,P000092,臻选服饰便携装,C03,服饰,3,291.00,2026-01-17 16:14:00,douyin
O000184,U000509,P000155,轻盈生鲜套装,C09,生鲜,1,106.00,2026-01-17 21:15:00,wechat
O000185,U000546,P000087,云感旅行用品便携装,C10,旅行用品,3,609.00,2026-01-17 14:35:00,wechat
O000185,U000546,P000007,悦活服饰便携装,C03,服饰,1,344.00,2026-01-17 14:35:00,wechat
O000185,U000546,P000116,臻选数码配件旗舰款,C05,数码配件,4,228.00,2026-01-17 14:35:00,wechat
O000185,U000546,P000043,悦活服饰升级版,C03,服饰,1,237.00,2026-01-17 14:35:00,wechat
O000186,U000583,P000040,原野数码配件套装,C05,数码配件,1,162.00,2026-01-17 15:21:00,wechat
O000186,U000583,P000070,原野宠物用品套装,C08,宠物用品,1,147.00,2026-01-17 15:21:00,wechat
O000187,U000620,P000154,原野生鲜日常款,C09,生鲜,1,103.00,2026-01-17 22:36:00,taobao
O000187,U000620,P000044,臻选食品饮料日常款,C02,食品饮料,2,28.00,2026-01-17 22:36:00,taobao
O000187,U000620,P000130,原野服饰套装,C03,服饰,1,194.00,2026-01-17 22:36:00,taobao
O000187,U000620,P000052,原野数码配件便携装,C05,数码配件,1,173.00,2026-01-17 22:36:00,taobao
O000188,U000657,P000104,臻选旅行用品日常款,C10,旅行用品,3,352.00,2026-01-18 19:57:00,taobao
O000188,U000657,P000070,原野宠物用品套装,C08,宠物用品,1,147.00,2026-01-18 19:57:00,taobao
O000188,U000657,P000067,悦活旅行用品便携装,C10,旅行用品,3,195.00,2026-01-18 19:57:00,taobao
O000189,U000694,P000066,轻氧母婴用品旗舰款,C06,母婴用品,1,76.00,2026-01-18 23:41:00,wechat
O000189,U000694,P000010,原野旅行用品套装,C10,旅行用品,1,302.00,2026-01-18 23:41:00,wechat
O000189,U000694,P000089,轻盈美妆个护日常款,C01,美妆个护,3,69.00,2026-01-18 23:41:00,wechat
O000189,U000694,P000073,悦活家居日用升级版,C04,家居日用,1,147.00,2026-01-18 23:41:00,wechat
O000190,U000731,P000001,悦活家居日用旗舰款,C04,家居日用,1,141.00,2026-01-18 22:30:00,taobao
O000191,U000768,P000013,悦活食品饮料升级版,C02,食品饮料,4,91.00,2026-01-18 08:49:00,search
O000191,U000768,P000156,轻氧母婴用品旗舰款,C06,母婴用品,2,153.00,2026-01-18 08:49:00,search
O000191,U000768,P000028,原野数码配件升级版,C05,数码配件,3,158.00,2026-01-18 08:49:00,search
O000192,U000805,P000166,原野服饰旗舰款,C03,服饰,1,378.00,2026-01-18 19:00:00,search
O000192,U000805,P000096,轻氧数码配件旗舰款,C05,数码配件,1,88.00,2026-01-18 19:00:00,search
O000192,U000805,P000163,悦活生鲜升级版,C09,生鲜,2,69.00,2026-01-18 19:00:00,search
O000193,U000842,P000027,云感宠物用品便携装,C08,宠物用品,1,96.00,2026-01-18 13:07:00,taobao
O000194,U000879,P000061,悦活家居日用旗舰款,C04,家居日用,2,157.00,2026-01-18 22:21:00,douyin
O000195,U000016,P000151,悦活美妆个护旗舰款,C01,美妆个护,1,38.00,2026-01-18 23:21:00,offline
O000196,U000053,P000135,云感数码配件套装,C05,数码配件,1,182.00,2026-01-18 22:42:00,search
O000197,U000090,P000043,悦活服饰升级版,C03,服饰,1,237.00,2026-01-18 22:41:00,jd
O000197,U000090,P000162,轻氧食品饮料便携装,C02,食品饮料,1,73.00,2026-01-18 22:41:00,jd
O000197,U000090,P000063,云感母婴用品升级版,C06,母婴用品,1,165.00,2026-01-18 22:41:00,jd
O000197,U000090,P000016,原野运动户外旗舰款,C07,运动户外,3,164.00,2026-01-18 22:41:00,jd
O000198,U000127,P000048,轻氧宠物用品升级版,C08,宠物用品,1,142.00,2026-01-18 22:45:00,wechat
O000198,U000127,P000020,臻选数码配件套装,C05,数码配件,1,252.00,2026-01-18 22:45:00,wechat
O000199,U000164,P000052,原野数码配件便携装,C05,数码配件,2,173.00,2026-01-19 14:54:00,douyin
O000199,U000164,P000020,臻选数码配件套装,C05,数码配件,3,252.00,2026-01-19 14:54:00,douyin
O000199,U000164,P000171,云感生鲜旗舰款,C09,生鲜,1,30.00,2026-01-19 14:54:00,douyin
O000200,U000201,P000148,原野数码配件升级版,C05,数码配件,1,136.00,2026-01-19 23:41:00,wechat
O000200,U000201,P000129,云感服饰日常款,C03,服饰,1,307.00,2026-01-19 23:41:00,wechat
O000201,U000238,P000126,轻氧旅行用品旗舰款,C10,旅行用品,1,248.00,2026-01-19 19:25:00,douyin
O000201,U000238,P000002,臻选服饰便携装,C03,服饰,3,332.00,2026-01-19 19:25:00,douyin
O000201,U000238,P000019,悦活家居日用日常款,C04,家居日用,1,71.00,2026-01-19 19:25:00,douyin
O000201,U000238,P000110,臻选美妆个护套装,C01,美妆个护,1,81.00,2026-01-19 19:25:00,douyin
O000202,U000275,P000052,原野数码配件便携装,C05,数码配件,1,173.00,2026-01-19 08:18:00,offline
O000202,U000275,P000084,轻氧服饰日常款,C03,服饰,3,130.00,2026-01-19 08:18:00,offline
O000202,U000275,P000008,臻选美妆个护升级版,C01,美妆个护,1,69.00,2026-01-19 08:18:00,offline
O000203,U000312,P000034,原野生鲜日常款,C09,生鲜,1,71.00,2026-01-19 16:27:00,offline
O000203,U000312,P000020,臻选数码配件套装,C05,数码配件,1,252.00,2026-01-19 16:27:00,offline
O000203,U000312,P000133,悦活美妆个护升级版,C01,美妆个护,1,47.00,2026-01-19 16:27:00,offline
O000203,U000312,P000110,臻选美妆个护套装,C01,美妆个护,1,81.00,2026-01-19 16:27:00,offline
O000204,U000349,P000079,悦活服饰日常款,C03,服饰,1,452.00,2026-01-19 08:40:00,offline
O000204,U000349,P000083,轻盈运动户外升级版,C07,运动户外,1,227.00,2026-01-19 08:40:00,offline
O000205,U000386,P000023,轻盈食品饮料升级版,C02,食品饮料,1,79.00,2026-01-19 14:07:00,taobao
O000205,U000386,P000156,轻氧母婴用品旗舰款,C06,母婴用品,1,153.00,2026-01-19 14:07:00,taobao
O000205,U000386,P000013,悦活食品饮料升级版,C02,食品饮料,1,91.00,2026-01-19 14:07:00,taobao
O000205,U000386,P000021,云感宠物用品旗舰款,C08,宠物用品,2,160.00,2026-01-19 14:07:00,taobao
O000206,U000423,P000119,轻盈宠物用品日常款,C08,宠物用品,1,99.00,2026-01-19 08:15:00,taobao
O000207,U000460,P000043,悦活服饰升级版,C03,服饰,1,237.00,2026-01-19 15:11:00,douyin
O000208,U000497,P000137,轻盈数码配件便携装,C05,数码配件,1,216.00,2026-01-19 17:19:00,taobao
O000208,U000497,P000103,悦活美妆个护升级版,C01,美妆个护,4,76.00,2026-01-19 17:19:00,taobao
O000208,U000497,P000123,云感宠物用品升级版,C08,宠物用品,1,83.00,2026-01-19 17:19:00,taobao
O000208,U000497,P000110,臻选美妆个护套装,C01,美妆个护,1,81.00,2026-01-19 17:19:00,taobao
O000209,U000534,P000045,云感食品饮料套装,C02,食品饮料,1,67.00,2026-01-19 23:33:00,search
O000209,U000534,P000002,臻选服饰便携装,C03,服饰,1,332.00,2026-01-19 23:33:00,search
O000209,U000534,P000024,轻氧食品饮料日常款,C02,食品饮料,3,55.00,2026-01-19 23:33:00,search
O000210,U000571,P000046,原野食品饮料旗舰款,C02,食品饮料,1,69.00,2026-01-20 20:14:00,douyin
O000210,U000571,P000129,云感服饰日常款,C03,服饰,1,307.00,2026-01-20 20:14:00,douyin
O000210,U000571,P000040,原野数码配件套装,C05,数码配件,1,162.00,2026-01-20 20:14:00,douyin
O000211,U000608,P000162,轻氧食品饮料便携装,C02,食品饮料,1,73.00,2026-01-20 11:45:00,wechat
O000212,U000645,P000163,悦活生鲜升级版,C09,生鲜,1,69.00,2026-01-20 20:14:00,wechat
O000212,U000645,P000091,悦活母婴用品旗舰款,C06,母婴用品,4,87.00,2026-01-20 20:14:00,wechat
O000212,U000645,P000105,云感运动户外套装,C07,运动户外,1,142.00,2026-01-20 20:14:00,wechat
O000212,U000645,P000009,云感数码配件日常款,C05,数码配件,1,295.00,2026-01-20 20:14:00,wechat
O000213,U000682,P000096,轻氧数码配件旗舰款,C05,数码配件,1,88.00,2026-01-20 22:31:00,search
O000214,U000719,P000052,原野数码配件便携装,C05,数码配件,1,173.00,2026-01-20 10:08:00,search
O000214,U000719,P000087,云感旅行用品便携装,C10,旅行用品,4,609.00,2026-01-20 10:08:00,search
O000214,U000719,P000094,原野运动户外日常款,C07,运动户外,1,136.00,2026-01-20 10:08:00,search
O000215,U000756,P000078,轻氧运动户外升级版,C07,运动户外,1,332.00,2026-01-20 10:58:00,offline
O000215,U000756,P000060,轻氧数码配件套装,C05,数码配件,1,269.00,2026-01-20 10:58:00,offline
O000215,U000756,P000105,云感运动户外套装,C07,运动户外,3,142.00,2026-01-20 10:58:00,offline
O000216,U000793,P000044,臻选食品饮料日常款,C02,食品饮料,1,28.00,2026-01-20 14:51:00,jd
O000216,U000793,P000128,臻选旅行用品升级版,C10,旅行用品,2,514.00,2026-01-20 14:51:00,jd
O000217,U000830,P000144,轻氧美妆个护日常款,C01,美妆个护,2,118.00,2026-01-20 18:16:00,jd
O000217,U000830,P000098,臻选家居日用升级版,C04,家居日用,1,90.00,2026-01-20 18:16:00,jd
O000217,U000830,P000099,云感服饰日常款,C03,服饰,1,230.00,2026-01-20 18:16:00,jd
O000218,U000867,P000110,臻选美妆个护套装,C01,美妆个护,1,81.00,2026-01-20 18:34:00,douyin
O000219,U000004,P000146,臻选生鲜旗舰款,C09,生鲜,4,112.00,2026-01-20 18:33:00,wechat
O000219,U000004,P000060,轻氧数码配件套装,C05,数码配件,1,269.00,2026-01-20 18:33:00,wechat
O000219,U000004,P000149,轻盈家居日用日常款,C04,家居日用,1,110.00,2026-01-20 18:33:00,wechat
O000219,U000004,P000027,云感宠物用品便携装,C08,宠物用品,1,96.00,2026-01-20 18:33:00,wechat
O000220,U000041,P000061,悦活家居日用旗舰款,C04,家居日用,1,157.00,2026-01-20 19:01:00,taobao
O000221,U000078,P000172,原野宠物用品便携装,C08,宠物用品,1,99.00,2026-01-21 13:50:00,search
O000222,U000115,P000114,轻氧母婴用品日常款,C06,母婴用品,1,142.00,2026-01-21 19:36:00,wechat
O000222,U000115,P000033,云感美妆个护升级版,C01,美妆个护,1,88.00,2026-01-21 19:36:00,wechat
O000222,U000115,P000137,轻盈数码配件便携装,C05,数码配件,1,216.00,2026-01-21 19:36:00,wechat
O000223,U000152,P000118,原野美妆个护升级版,C01,美妆个护,1,133.00,2026-01-21 21:43:00,offline
O000223,U000152,P000020,臻选数码配件套装,C05,数码配件,1,252.00,2026-01-21 21:43:00,offline
O000224,U000189,P000141,云感数码配件旗舰款,C05,数码配件,1,220.00,2026-01-21 15:51:00,wechat
O000224,U000189,P000020,臻选数码配件套装,C05,数码配件,1,252.00,2026-01-21 15:51:00,wechat
O000224,U000189,P000075,云感母婴用品套装,C06,母婴用品,1,82.00,2026-01-21 15:51:00,wechat
O000225,U000226,P000041,轻盈家居日用旗舰款,C04,家居日用,1,166.00,2026-01-21 08:54:00,search
O000225,U000226,P000062,臻选旅行用品便携装,C10,旅行用品,1,226.00,2026-01-21 08:54:00,search
O000225,U000226,P000062,臻选旅行用品便携装,C10,旅行用品,1,226.00,2026-01-21 08:54:00,search
O000225,U000226,P000061,悦活家居日用旗舰款,C04,家居日用,1,157.00,2026-01-21 08:54:00,search
O000226,U000263,P000012,轻氧母婴用品便携装,C06,母婴用品,1,128.00,2026-01-21 18:23:00,wechat
O000227,U000300,P000009,云感数码配件日常款,C05,数码配件,1,295.00,2026-01-21 12:05:00,search
O000227,U000300,P000011,轻盈旅行用品旗舰款,C10,旅行用品,3,224.00,2026-01-21 12:05:00,search
O000228,U000337,P000064,原野宠物用品日常款,C08,宠物用品,1,140.00,2026-01-21 09:59:00,offline
O000228,U000337,P000055,悦活宠物用品套装,C08,宠物用品,1,100.00,2026-01-21 09:59:00,offline
O000228,U000337,P000043,悦活服饰升级版,C03,服饰,1,237.00,2026-01-21 09:59:00,offline
O000229,U000374,P000165,云感生鲜套装,C09,生鲜,1,43.00,2026-01-21 19:06:00,douyin
O000229,U000374,P000048,轻氧宠物用品升级版,C08,宠物用品,1,142.00,2026-01-21 19:06:00,douyin
O000229,U000374,P000032,臻选生鲜便携装,C09,生鲜,1,71.00,2026-01-21 19:06:00,douyin
O000230,U000411,P000010,原野旅行用品套装,C10,旅行用品,1,302.00,2026-01-21 08:26:00,douyin
O000230,U000411,P000085,悦活家居日用套装,C04,家居日用,1,70.00,2026-01-21 08:26:00,douyin
O000230,U000411,P000088,原野家居日用升级版,C04,家居日用,4,89.00,2026-01-21 08:26:00,douyin
O000231,U000448,P000035,轻盈家居日用套装,C04,家居日用,1,116.00,2026-01-21 10:39:00,taobao
O000231,U000448,P000002,臻选服饰便携装,C03,服饰,1,332.00,2026-01-21 10:39:00,taobao
O000232,U000485,P000170,臻选生鲜套装,C09,生鲜,1,77.00,2026-01-22 09:55:00,search
O000232,U000485,P000044,臻选食品饮料日常款,C02,食品饮料,1,28.00,2026-01-22 09:55:00,search
O000233,U000522,P000136,原野运动户外旗舰款,C07,运动户外,1,169.00,2026-01-22 10:27:00,taobao
O000234,U000559,P000089,轻盈美妆个护日常款,C01,美妆个护,1,69.00,2026-01-22 19:22:00,search
O000234,U000559,P000015,云感母婴用品套装,C06,母婴用品,1,128.00,2026-01-22 19:22:00,search
O000234,U000559,P000132,轻氧家居日用便携装,C04,家居日用,1,91.00,2026-01-22 19:22:00,search
O000235,U000596,P000007,悦活服饰便携装,C03,服饰,1,344.00,2026-01-22 10:32:00,offline
O000235,U000596,P000074,臻选美妆个护日常款,C01,美妆个护,1,71.00,2026-01-22 10:32:00,offline
O000236,U000633,P000114,轻氧母婴用品日常款,C06,母婴用品,4,142.00,2026-01-22 11:36:00,search
O000236,U000633,P000061,悦活家居日用旗舰款,C04,家居日用,1,157.00,2026-01-22 11:36:00,search
O000237,U000670,P000015,云感母婴用品套装,C06,母婴用品,1,128.00,2026-01-22 13:20:00,wechat
O000237,U000670,P000156,轻氧母婴用品旗舰款,C06,母婴用品,1,153.00,2026-01-22 13:20:00,wechat
O000237,U000670,P000096,轻氧数码配件旗舰款,C05,数码配件,1,88.00,2026-01-22 13:20:00,wechat
O000238,U000707,P000054,轻氧美妆个护日常款,C01,美妆个护,1,138.00,2026-01-22 22:04:00,wechat
O000238,U000707,P000134,臻选数码配件日常款,C05,数码配件,1,120.00,2026-01-22 22:04:00,wechat
O000239,U000744,P000020,臻选数码配件套装,C05,数码配件,1,252.00,2026-01-22 23:16:00,offline
O000239,U000744,P000059,轻盈美妆个护日常款,C01,美妆个护,1,52.00,2026-01-22 23:16:00,offline
O000240,U000781,P000142,原野母婴用品便携装,C06,母婴用品,4,161.00,2026-01-22 14:10:00,wechat
O000241,U000818,P000035,轻盈家居日用套装,C04,家居日用,4,116.00,2026-01-22 19:26:00,jd
O000242,U000855,P000096,轻氧数码配件旗舰款,C05,数码配件,1,88.00,2026-01-22 18:57:00,douyin
O000243,U000892,P000116,臻选数码配件旗舰款,C05,数码配件,1,228.00,2026-01-23 22:59:00,jd
O000244,U000029,P000172,原野宠物用品便携装,C08,宠物用品,1,99.00,2026-01-23 19:02:00,wechat
O000245,U000066,P000096,轻氧数码配件旗舰款,C05,数码配件,1,88.00,2026-01-23 15:47:00,search
O000246,U000103,P000135,云感数码配件套装,C05,数码配件,1,182.00,2026-01-23 14:47:00,wechat
O000246,U000103,P000079,悦活服饰日常款,C03,服饰,1,452.00,2026-01-23 14:47:00,wechat
O000246,U000103,P000073,悦活家居日用升级版,C04,家居日用,1,147.00,2026-01-23 14:47:00,wechat
O000247,U000140,P000063,云感母婴用品升级版,C06,母婴用品,2,165.00,2026-01-23 22:16:00,offline
O000247,U000140,P000029,轻盈食品饮料日常款,C02,食品饮料,1,91.00,2026-01-23 22:16:00,offline
O000248,U000177,P000114,轻氧母婴用品日常款,C06,母婴用品,1,142.00,2026-01-23 20:41:00,offline
O000248,U000177,P000081,云感数码配件旗舰款,C05,数码配件,1,152.00,2026-01-23 20:41:00,offline
O000248,U000177,P000008,臻选美妆个护升级版,C01,美妆个护,1,69.00,2026-01-23 20:41:00,offline
O000249,U000214,P000075,云感母婴用品套装,C06,母婴用品,1,82.00,2026-01-23 15:14:00,douyin
O000249,U000214,P000074,臻选美妆个护日常款,C01,美妆个护,1,71.00,2026-01-23 15:14:00,douyin
O000249,U000214,P000150,轻氧母婴用品套装,C06,母婴用品,1,76.00,2026-01-23 15:14:00,douyin
O000250,U000251,P000076,原野美妆个护旗舰款,C01,美妆个护,1,77.00,2026-01-23 09:32:00,douyin
O000251,U000288,P000085,悦活家居日用套装,C04,家居日用,3,70.00,2026-01-23 14:28:00,douyin
O000251,U000288,P000154,原野生鲜日常款,C09,生鲜,3,103.00,2026-01-23 14:28:00,douyin
O000251,U000288,P000116,臻选数码配件旗舰款,C05,数码配件,1,228.00,2026-01-23 14:28:00,douyin
O000251,U000288,P000139,悦活运动户外日常款,C07,运动户外,3,358.00,2026-01-23 14:28:00,douyin
O000252,U000325,P000160,原野旅行用品套装,C10,旅行用品,1,231.00,2026-01-23 20:03:00,taobao
O000253,U000362,P000030,轻氧家居日用套装,C04,家居日用,1,106.00,2026-01-23 11:58:00,taobao
O000254,U000399,P000128,臻选旅行用品升级版,C10,旅行用品,1,514.00,2026-01-24 19:49:00,offline
O000254,U000399,P000062,臻选旅行用品便携装,C10,旅行用品,1,226.00,2026-01-24 19:49:00,offline
O000255,U000436,P000005,轻盈数码配件套装,C05,数码配件,1,256.00,2026-01-24 19:30:00,search
O000255,U000436,P000095,轻盈旅行用品套装,C10,旅行用品,1,577.00,2026-01-24 19:30:00,search
O000256,U000473,P000110,臻选美妆个护套装,C01,美妆个护,1,81.00,2026-01-24 21:23:00,douyin
O000256,U000473,P000146,臻选生鲜旗舰款,C09,生鲜,1,112.00,2026-01-24 21:23:00,douyin
O000257,U000510,P000032,臻选生鲜便携装,C09,生鲜,1,71.00,2026-01-24 19:46:00,douyin
O000257,U000510,P000127,悦活食品饮料便携装,C02,食品饮料,1,39.00,2026-01-24 19:46:00,douyin
O000257,U000510,P000130,原野服饰套装,C03,服饰,1,194.00,2026-01-24 19:46:00,douyin
O000258,U000547,P000139,悦活运动户外日常款,C07,运动户外,1,358.00,2026-01-24 16:35:00,search
O000258,U000547,P000017,轻盈食品饮料便携装,C02,食品饮料,1,71.00,2026-01-24 16:35:00,search
O000259,U000584,P000116,臻选数码配件旗舰款,C05,数码配件,1,228.00,2026-01-24 17:31:00,search
O000259,U000584,P000131,轻盈生鲜旗舰款,C09,生鲜,1,85.00,2026-01-24 17:31:00,search
O000259,U000584,P000165,云感生鲜套装,C09,生鲜,1,43.00,2026-01-24 17:31:00,search
O000259,U000584,P000108,轻氧母婴用品升级版,C06,母婴用品,1,86.00,2026-01-24 17:31:00,search
O000260,U000621,P000015,云感母婴用品套装,C06,母婴用品,1,128.00,2026-01-24 12:20:00,jd
O000260,U000621,P000166,原野服饰旗舰款,C03,服饰,1,378.00,2026-01-24 12:20:00,jd
O000260,U000621,P000077,轻盈服饰便携装,C03,服饰,1,279.00,2026-01-24 12:20:00,jd
O000261,U000658,P000133,悦活美妆个护升级版,C01,美妆个护,1,47.00,2026-01-24 14:50:00,search
O000261,U000658,P000050,臻选生鲜套装,C09,生鲜,1,108.00,2026-01-24 14:50:00,search
O000261,U000658,P000157,悦活旅行用品便携装,C10,旅行用品,1,436.00,2026-01-24 14:50:00,search
O000262,U000695,P000011,轻盈旅行用品旗舰款,C10,旅行用品,1,224.00,2026-01-24 12:36:00,wechat
O000262,U000695,P000094,原野运动户外日常款,C07,运动户外,2,136.00,2026-01-24 12:36:00,wechat
O000263,U000732,P000135,云感数码配件套装,C05,数码配件,1,182.00,2026-01-24 17:36:00,jd
O000263,U000732,P000125,轻盈生鲜套装,C09,生鲜,1,62.00,2026-01-24 17:36:00,jd
O000263,U000732,P000064,原野宠物用品日常款,C08,宠物用品,1,140.00,2026-01-24 17:36:00,jd
O000263,U000732,P000078,轻氧运动户外升级版,C07,运动户外,1,332.00,2026-01-24 17:36:00,jd
O000264,U000769,P000059,轻盈美妆个护日常款,C01,美妆个护,2,52.00,2026-01-24 22:38:00,taobao
O000264,U000769,P000052,原野数码配件便携装,C05,数码配件,1,173.00,2026-01-24 22:38:00,taobao
O000265,U000806,P000144,轻氧美妆个护日常款,C01,美妆个护,4,118.00,2026-01-25 13:51:00,jd
O000265,U000806,P000054,轻氧美妆个护日常款,C01,美妆个护,1,138.00,2026-01-25 13:51:00,jd
O000265,U000806,P000022,原野母婴用品便携装,C06,母婴用品,2,190.00,2026-01-25 13:51:00,jd
O000265,U000806,P000039,云感生鲜日常款,C09,生鲜,4,109.00,2026-01-25 13:51:00,jd
O000266,U000843,P000168,轻氧服饰升级版,C03,服饰,3,368.00,2026-01-25 13:06:00,wechat
O000266,U000843,P000018,轻氧生鲜升级版,C09,生鲜,1,81.00,2026-01-25 13:06:00,wechat
O000266,U000843,P000171,云感生鲜旗舰款,C09,生鲜,1,30.00,2026-01-25 13:06:00,wechat
O000266,U000843,P000048,轻氧宠物用品升级版,C08,宠物用品,1,142.00,2026-01-25 13:06:00,wechat
O000267,U000880,P000028,原野数码配件升级版,C05,数码配件,1,158.00,2026-01-25 13:32:00,search
O000267,U000880,P000009,云感数码配件日常款,C05,数码配件,2,295.00,2026-01-25 13:32:00,search
O000267,U000880,P000076,原野美妆个护旗舰款,C01,美妆个护,1,77.00,2026-01-25 13:32:00,search
O000268,U000017,P000166,原野服饰旗舰款,C03,服饰,1,378.00,2026-01-25 18:38:00,search
O000268,U000017,P000045,云感食品饮料套装,C02,食品饮料,1,67.00,2026-01-25 18:38:00,search
O000268,U000017,P000070,原野宠物用品套装,C08,宠物用品,1,147.00,2026-01-25 18:38:00,search
O000269,U000054,P000071,轻盈宠物用品旗舰款,C08,宠物用品,1,144.00,2026-01-25 23:17:00,wechat
O000270,U000091,P000071,轻盈宠物用品旗舰款,C08,宠物用品,1,144.00,2026-01-25 22:08:00,taobao
O000270,U000091,P000133,悦活美妆个护升级版,C01,美妆个护,1,47.00,2026-01-25 22:08:00,taobao
O000271,U000128,P000166,原野服饰旗舰款,C03,服饰,1,378.00,2026-01-25 14:37:00,wechat
O000272,U000165,P000010,原野旅行用品套装,C10,旅行用品,1,302.00,2026-01-25 15:59:00,offline
O000273,U000202,P000070,原野宠物用品套装,C08,宠物用品,1,147.00,2026-01-25 19:30:00,search
O000273,U000202,P000172,原野宠物用品便携装,C08,宠物用品,1,99.00,2026-01-25 19:30:00,search
O000273,U000202,P000134,臻选数码配件日常款,C05,数码配件,1,120.00,2026-01-25 19:30:00,search
O000273,U000202,P000025,悦活宠物用品套装,C08,宠物用品,1,105.00,2026-01-25 19:30:00,search
O000274,U000239,P000105,云感运动户外套装,C07,运动户外,1,142.00,2026-01-25 15:21:00,offline
O000275,U000276,P000134,臻选数码配件日常款,C05,数码配件,1,120.00,2026-01-25 16:53:00,taobao
O000275,U000276,P000124,原野食品饮料日常款,C02,食品饮料,1,60.00,2026-01-25 16:53:00,taobao
O000276,U000313,P000071,轻盈宠物用品旗舰款,C08,宠物用品,1,144.00,2026-01-26 20:22:00,douyin
O000276,U000313,P000126,轻氧旅行用品旗舰款,C10,旅行用品,1,248.00,2026-01-26 20:22:00,douyin
O000276,U000313,P000057,云感数码配件便携装,C05,数码配件,1,79.00,2026-01-26 20:22:00,douyin
O000276,U000313,P000044,臻选食品饮料日常款,C02,食品饮料,1,28.00,2026-01-26 20:22:00,douyin
O000277,U000350,P000163,悦活生鲜升级版,C09,生鲜,1,69.00,2026-01-26 23:27:00,taobao
O000278,U000387,P000043,悦活服饰升级版,C03,服饰,1,237.00,2026-01-26 17:05:00,jd
O000278,U000387,P000028,原野数码配件升级版,C05,数码配件,1,158.00,2026-01-26 17:05:00,jd
O000279,U000424,P000038,臻选母婴用品升级版,C06,母婴用品,1,188.00,2026-01-26 13:09:00,jd
O000280,U000461,P000041,轻盈家居日用旗舰款,C04,家居日用,1,166.00,2026-01-26 10:52:00,offline
O000280,U000461,P000037,悦活运动户外便携装,C07,运动户外,1,152.00,2026-01-26 10:52:00,offline
O000280,U000461,P000129,云感服饰日常款,C03,服饰,1,307.00,2026-01-26 10:52:00,offline
O000280,U000461,P000168,轻氧服饰升级版,C03,服饰,1,368.00,2026-01-26 10:52:00,offline
O000281,U000498,P000075,云感母婴用品套装,C06,母婴用品,1,82.00,2026-01-26 10:42:00,jd
O000282,U000535,P000149,轻盈家居日用日常款,C04,家居日用,1,110.00,2026-01-26 14:38:00,offline
O000282,U000535,P000015,云感母婴用品套装,C06,母婴用品,1,128.00,2026-01-26 14:38:00,offline
O000283,U000572,P000031,悦活运动户外旗舰款,C07,运动户外,1,98.00,2026-01-26 20:39:00,search
O000284,U000609,P000091,悦活母婴用品旗舰款,C06,母婴用品,1,87.00,2026-01-26 16:59:00,offline
O000284,U000609,P000156,轻氧母婴用品旗舰款,C06,母婴用品,1,153.00,2026-01-26 16:59:00,offline
O000284,U000609,P000030,轻氧家居日用套装,C04,家居日用,1,106.00,2026-01-26 16:59:00,offline
O000284,U000609,P000138,轻氧数码配件升级版,C05,数码配件,2,150.00,2026-01-26 16:59:00,offline
O000285,U000646,P000152,臻选数码配件便携装,C05,数码配件,1,302.00,2026-01-26 23:38:00,search
O000286,U000683,P000172,原野宠物用品便携装,C08,宠物用品,1,99.00,2026-01-26 13:48:00,offline
O000286,U000683,P000070,原野宠物用品套装,C08,宠物用品,1,147.00,2026-01-26 13:48:00,offline
O000286,U000683,P000169,悦活生鲜日常款,C09,生鲜,1,42.00,2026-01-26 13:48:00,offline
O000287,U000720,P000017,轻盈食品饮料便携装,C02,食品饮料,1,71.00,2026-01-27 20:31:00,wechat
O000287,U000720,P000070,原野宠物用品套装,C08,宠物用品,1,147.00,2026-01-27 20:31:00,wechat
O000288,U000757,P000159,云感旅行用品日常款,C10,旅行用品,1,514.00,2026-01-27 22:41:00,taobao
O000288,U000757,P000121,悦活运动户外旗舰款,C07,运动户外,1,291.00,2026-01-27 22:41:00,taobao
O000289,U000794,P000049,悦活数码配件日常款,C05,数码配件,1,141.00,2026-01-27 21:06:00,taobao
O000289,U000794,P000138,轻氧数码配件升级版,C05,数码配件,1,150.00,2026-01-27 21:06:00,taobao
O000289,U000794,P000125,轻盈生鲜套装,C09,生鲜,1,62.00,2026-01-27 21:06:00,taobao
O000289,U000794,P000071,轻盈宠物用品旗舰款,C08,宠物用品,1,144.00,2026-01-27 21:06:00,taobao
O000290,U000831,P000152,臻选数码配件便携装,C05,数码配件,3,302.00,2026-01-27 08:11:00,douyin
O000290,U000831,P000026,臻选生鲜旗舰款,C09,生鲜,1,88.00,2026-01-27 08:11:00,douyin
O000290,U000831,P000013,悦活食品饮料升级版,C02,食品饮料,1,91.00,2026-01-27 08:11:00,douyin
O000290,U000831,P000028,原野数码配件升级版,C05,数码配件,2,158.00,2026-01-27 08:11:00,douyin
O000291,U000868,P000041,轻盈家居日用旗舰款,C04,家居日用,1,166.00,2026-01-27 14:54:00,wechat
O000292,U000005,P000096,轻氧数码配件旗舰款,C05,数码配件,1,88.00,2026-01-27 20:51:00,wechat
O000292,U000005,P000112,原野生鲜便携装,C09,生鲜,3,113.00,2026-01-27 20:51:00,wechat
O000293,U000042,P000113,轻盈旅行用品升级版,C10,旅行用品,1,483.00,2026-01-27 21:52:00,douyin
O000293,U000042,P000039,云感生鲜日常款,C09,生鲜,1,109.00,2026-01-27 21:52:00,douyin
O000294,U000079,P000150,轻氧母婴用品套装,C06,母婴用品,1,76.00,2026-01-27 19:17:00,douyin
O000294,U000079,P000006,轻氧母婴用品旗舰款,C06,母婴用品,1,161.00,2026-01-27 19:17:00,douyin
O000294,U000079,P000048,轻氧宠物用品升级版,C08,宠物用品,1,142.00,2026-01-27 19:17:00,douyin
O000295,U000116,P000041,轻盈家居日用旗舰款,C04,家居日用,1,166.00,2026-01-27 22:56:00,taobao
O000295,U000116,P000001,悦活家居日用旗舰款,C04,家居日用,1,141.00,2026-01-27 22:56:00,taobao
O000296,U000153,P000096,轻氧数码配件旗舰款,C05,数码配件,1,88.00,2026-01-27 21:35:00,douyin
O000297,U000190,P000044,臻选食品饮料日常款,C02,食品饮料,1,28.00,2026-01-27 22:18:00,wechat
O000297,U000190,P000140,臻选食品饮料套装,C02,食品饮料,1,71.00,2026-01-27 22:18:00,wechat
O000297,U000190,P000011,轻盈旅行用品旗舰款,C10,旅行用品,1,224.00,2026-01-27 22:18:00,wechat
O000298,U000227,P000126,轻氧旅行用品旗舰款,C10,旅行用品,1,248.00,2026-01-28 11:44:00,offline
O000299,U000264,P000159,云感旅行用品日常款,C10,旅行用品,1,514.00,2026-01-28 21:39:00,taobao
O000299,U000264,P000118,原野美妆个护升级版,C01,美妆个护,1,133.00,2026-01-28 21:39:00,taobao
O000299,U000264,P000050,臻选生鲜套装,C09,生鲜,1,108.00,2026-01-28 21:39:00,taobao
O000299,U000264,P000084,轻氧服饰日常款,C03,服饰,3,130.00,2026-01-28 21:39:00,taobao
O000300,U000301,P000015,云感母婴用品套装,C06,母婴用品,3,128.00,2026-01-28 14:00:00,wechat
O000300,U000301,P000091,悦活母婴用品旗舰款,C06,母婴用品,1,87.00,2026-01-28 14:00:00,wechat
O000300,U000301,P000070,原野宠物用品套装,C08,宠物用品,1,147.00,2026-01-28 14:00:00,wechat
O000301,U000338,P000108,轻氧母婴用品升级版,C06,母婴用品,1,86.00,2026-01-28 21:42:00,taobao
O000302,U000375,P000025,悦活宠物用品套装,C08,宠物用品,1,105.00,2026-01-28 10:21:00,taobao
O000302,U000375,P000101,轻盈生鲜旗舰款,C09,生鲜,1,111.00,2026-01-28 10:21:00,taobao
O000302,U000375,P000025,悦活宠物用品套装,C08,宠物用品,1,105.00,2026-01-28 10:21:00,taobao
O000303,U000412,P000117,云感食品饮料便携装,C02,食品饮料,1,54.00,2026-01-28 12:50:00,search
O000303,U000412,P000052,原野数码配件便携装,C05,数码配件,1,173.00,2026-01-28 12:50:00,search
O000303,U000412,P000037,悦活运动户外便携装,C07,运动户外,1,152.00,2026-01-28 12:50:00,search
O000304,U000449,P000133,悦活美妆个护升级版,C01,美妆个护,1,47.00,2026-01-28 14:35:00,wechat
O000305,U000486,P000123,云感宠物用品升级版,C08,宠物用品,1,83.00,2026-01-28 16:59:00,jd
O000305,U000486,P000055,悦活宠物用品套装,C08,宠物用品,1,100.00,2026-01-28 16:59:00,jd
O000305,U000486,P000122,臻选运动户外便携装,C07,运动户外,1,212.00,2026-01-28 16:59:00,jd
O000306,U000523,P000122,臻选运动户外便携装,C07,运动户外,1,212.00,2026-01-28 11:21:00,taobao
O000306,U000523,P000096,轻氧数码配件旗舰款,C05,数码配件,1,88.00,2026-01-28 11:21:00,taobao
O000306,U000523,P000117,云感食品饮料便携装,C02,食品饮料,1,54.00,2026-01-28 11:21:00,taobao
O000307,U000560,P000091,悦活母婴用品旗舰款,C06,母婴用品,1,87.00,2026-01-28 14:45:00,wechat
O000308,U000597,P000085,悦活家居日用套装,C04,家居日用,1,70.00,2026-01-28 18:22:00,jd
O000308,U000597,P000040,原野数码配件套装,C05,数码配件,4,162.00,2026-01-28 18:22:00,jd
O000308,U000597,P000066,轻氧母婴用品旗舰款,C06,母婴用品,4,76.00,2026-01-28 18:22:00,jd
O000308,U000597,P000170,臻选生鲜套装,C09,生鲜,1,77.00,2026-01-28 18:22:00,jd
O000309,U000634,P000027,云感宠物用品便携装,C08,宠物用品,1,96.00,2026-01-29 08:37:00,taobao
O000309,U000634,P000166,原野服饰旗舰款,C03,服饰,1,378.00,2026-01-29 08:37:00,taobao
O000309,U000634,P000012,轻氧母婴用品便携装,C06,母婴用品,1,128.00,2026-01-29 08:37:00,taobao
O000310,U000671,P000120,轻氧宠物用品套装,C08,宠物用品,1,58.00,2026-01-29 21:23:00,jd
O000310,U000671,P000104,臻选旅行用品日常款,C10,旅行用品,1,352.00,2026-01-29 21:23:00,jd
O000310,U000671,P000022,原野母婴用品便携装,C06,母婴用品,2,190.00,2026-01-29 21:23:00,jd
O000310,U000671,P000118,原野美妆个护升级版,C01,美妆个护,4,133.00,2026-01-29 21:23:00,jd
O000311,U000708,P000072,轻氧美妆个护便携装,C01,美妆个护,1,122.00,2026-01-29 10:51:00,taobao
O000311,U000708,P000048,轻氧宠物用品升级版,C08,宠物用品,2,142.00,2026-01-29 10:51:00,taobao
O000311,U000708,P000080,臻选家居日用套装,C04,家居日用,4,148.00,2026-01-29 10:51:00,taobao
O000311,U000708,P000076,原野美妆个护旗舰款,C01,美妆个护,1,77.00,2026-01-29 10:51:00,taobao
O000312,U000745,P000120,轻氧宠物用品套装,C08,宠物用品,1,58.00,2026-01-29 19:31:00,taobao
O000313,U000782,P000121,悦活运动户外旗舰款,C07,运动户外,1,291.00,2026-01-29 23:57:00,taobao
O000313,U000782,P000023,轻盈食品饮料升级版,C02,食品饮料,4,79.00,2026-01-29 23:57:00,taobao
O000313,U000782,P000145,悦活宠物用品套装,C08,宠物用品,1,42.00,2026-01-29 23:57:00,taobao
O000314,U000819,P000016,原野运动户外旗舰款,C07,运动户外,1,164.00,2026-01-29 21:48:00,wechat
O000314,U000819,P000002,臻选服饰便携装,C03,服饰,1,332.00,2026-01-29 21:48:00,wechat
O000315,U000856,P000106,原野母婴用品旗舰款,C06,母婴用品,1,102.00,2026-01-29 12:05:00,wechat
O000315,U000856,P000055,悦活宠物用品套装,C08,宠物用品,1,100.00,2026-01-29 12:05:00,wechat
O000315,U000856,P000153,云感美妆个护升级版,C01,美妆个护,1,48.00,2026-01-29 12:05:00,wechat
O000316,U000893,P000115,悦活美妆个护套装,C01,美妆个护,1,86.00,2026-01-29 16:13:00,offline
O000316,U000893,P000093,云感生鲜升级版,C09,生鲜,1,39.00,2026-01-29 16:13:00,offline
O000317,U000030,P000108,轻氧母婴用品升级版,C06,母婴用品,3,86.00,2026-01-29 18:57:00,wechat
O000317,U000030,P000164,臻选食品饮料日常款,C02,食品饮料,4,73.00,2026-01-29 18:57:00,wechat
O000317,U000030,P000117,云感食品饮料便携装,C02,食品饮料,1,54.00,2026-01-29 18:57:00,wechat
O000318,U000067,P000085,悦活家居日用套装,C04,家居日用,1,70.00,2026-01-29 19:23:00,jd
O000319,U000104,P000023,轻盈食品饮料升级版,C02,食品饮料,1,79.00,2026-01-29 20:55:00,wechat
O000320,U000141,P000024,轻氧食品饮料日常款,C02,食品饮料,4,55.00,2026-01-30 12:13:00,taobao
O000320,U000141,P000031,悦活运动户外旗舰款,C07,运动户外,1,98.00,2026-01-30 12:13:00,taobao
O000320,U000141,P000095,轻盈旅行用品套装,C10,旅行用品,1,577.00,2026-01-30 12:13:00,taobao
O000320,U000141,P000071,轻盈宠物用品旗舰款,C08,宠物用品,4,144.00,2026-01-30 12:13:00,taobao
O000321,U000178,P000083,轻盈运动户外升级版,C07,运动户外,1,227.00,2026-01-30 10:59:00,offline
O000321,U000178,P000001,悦活家居日用旗舰款,C04,家居日用,1,141.00,2026-01-30 10:59:00,offline
O000322,U000215,P000010,原野旅行用品套装,C10,旅行用品,1,302.00,2026-01-30 19:18:00,taobao
O000322,U000215,P000114,轻氧母婴用品日常款,C06,母婴用品,1,142.00,2026-01-30 19:18:00,taobao
O000323,U000252,P000146,臻选生鲜旗舰款,C09,生鲜,1,112.00,2026-01-30 10:53:00,search
O000323,U000252,P000131,轻盈生鲜旗舰款,C09,生鲜,1,85.00,2026-01-30 10:53:00,search
O000323,U000252,P000034,原野生鲜日常款,C09,生鲜,3,71.00,2026-01-30 10:53:00,search
O000323,U000252,P000138,轻氧数码配件升级版,C05,数码配件,3,150.00,2026-01-30 10:53:00,search
O000324,U000289,P000021,云感宠物用品旗舰款,C08,宠物用品,2,160.00,2026-01-30 10:42:00,douyin
O000324,U000289,P000038,臻选母婴用品升级版,C06,母婴用品,1,188.00,2026-01-30 10:42:00,douyin
O000325,U000326,P000059,轻盈美妆个护日常款,C01,美妆个护,4,52.00,2026-01-30 11:49:00,search
O000325,U000326,P000120,轻氧宠物用品套装,C08,宠物用品,2,58.00,2026-01-30 11:49:00,search
O000325,U000326,P000131,轻盈生鲜旗舰款,C09,生鲜,2,85.00,2026-01-30 11:49:00,search
O000325,U000326,P000134,臻选数码配件日常款,C05,数码配件,3,120.00,2026-01-30 11:49:00,search
O000326,U000363,P000121,悦活运动户外旗舰款,C07,运动户外,1,291.00,2026-01-30 16:17:00,wechat
O000326,U000363,P000162,轻氧食品饮料便携装,C02,食品饮料,1,73.00,2026-01-30 16:17:00,wechat
O000326,U000363,P000096,轻氧数码配件旗舰款,C05,数码配件,1,88.00,2026-01-30 16:17:00,wechat
O000326,U000363,P000115,悦活美妆个护套装,C01,美妆个护,1,86.00,2026-01-30 16:17:00,wechat
O000327,U000400,P000105,云感运动户外套装,C07,运动户外,1,142.00,2026-01-30 20:25:00,wechat
O000327,U000400,P000005,轻盈数码配件套装,C05,数码配件,1,256.00,2026-01-30 20:25:00,wechat
O000327,U000400,P000084,轻氧服饰日常款,C03,服饰,1,130.00,2026-01-30 20:25:00,wechat
O000328,U000437,P000144,轻氧美妆个护日常款,C01,美妆个护,1,118.00,2026-01-30 10:26:00,wechat
O000328,U000437,P000099,云感服饰日常款,C03,服饰,1,230.00,2026-01-30 10:26:00,wechat
O000328,U000437,P000131,轻盈生鲜旗舰款,C09,生鲜,1,85.00,2026-01-30 10:26:00,wechat
O000328,U000437,P000042,轻氧美妆个护便携装,C01,美妆个护,1,69.00,2026-01-30 10:26:00,wechat
O000329,U000474,P000141,云感数码配件旗舰款,C05,数码配件,1,220.00,2026-01-30 20:51:00,search
O000329,U000474,P000036,轻氧食品饮料旗舰款,C02,食品饮料,1,73.00,2026-01-30 20:51:00,search
O000329,U000474,P000152,臻选数码配件便携装,C05,数码配件,1,302.00,2026-01-30 20:51:00,search
O000329,U000474,P000026,臻选生鲜旗舰款,C09,生鲜,3,88.00,2026-01-30 20:51:00,search
O000330,U000511,P000014,臻选食品饮料日常款,C02,食品饮料,1,60.00,2026-01-30 10:19:00,offline
O000331,U000548,P000156,轻氧母婴用品旗舰款,C06,母婴用品,1,153.00,2026-01-31 14:47:00,douyin
O000331,U000548,P000013,悦活食品饮料升级版,C02,食品饮料,1,91.00,2026-01-31 14:47:00,douyin
O000331,U000548,P000038,臻选母婴用品升级版,C06,母婴用品,2,188.00,2026-01-31 14:47:00,douyin
O000331,U000548,P000074,臻选美妆个护日常款,C01,美妆个护,1,71.00,2026-01-31 14:47:00,douyin
O000332,U000585,P000096,轻氧数码配件旗舰款,C05,数码配件,1,88.00,2026-01-31 18:36:00,taobao
O000333,U000622,P000115,悦活美妆个护套装,C01,美妆个护,1,86.00,2026-01-31 12:03:00,taobao
O000334,U000659,P000094,原野运动户外日常款,C07,运动户外,4,136.00,2026-01-31 08:09:00,taobao
O000334,U000659,P000162,轻氧食品饮料便携装,C02,食品饮料,1,73.00,2026-01-31 08:09:00,taobao
O000334,U000659,P000034,原野生鲜日常款,C09,生鲜,1,71.00,2026-01-31 08:09:00,taobao
O000335,U000696,P000030,轻氧家居日用套装,C04,家居日用,1,106.00,2026-01-31 13:21:00,search
O000335,U000696,P000114,轻氧母婴用品日常款,C06,母婴用品,1,142.00,2026-01-31 13:21:00,search
O000335,U000696,P000139,悦活运动户外日常款,C07,运动户外,1,358.00,2026-01-31 13:21:00,search
O000336,U000733,P000110,臻选美妆个护套装,C01,美妆个护,1,81.00,2026-01-31 15:07:00,offline
O000336,U000733,P000094,原野运动户外日常款,C07,运动户外,1,136.00,2026-01-31 15:07:00,offline
O000337,U000770,P000106,原野母婴用品旗舰款,C06,母婴用品,1,102.00,2026-01-31 20:08:00,search
O000338,U000807,P000027,云感宠物用品便携装,C08,宠物用品,1,96.00,2026-01-31 15:48:00,wechat
O000338,U000807,P000040,原野数码配件套装,C05,数码配件,4,162.00,2026-01-31 15:48:00,wechat
O000338,U000807,P000127,悦活食品饮料便携装,C02,食品饮料,1,39.00,2026-01-31 15:48:00,wechat
O000339,U000844,P000105,云感运动户外套装,C07,运动户外,1,142.00,2026-01-31 17:21:00,taobao
O000340,U000881,P000050,臻选生鲜套装,C09,生鲜,1,108.00,2026-01-31 19:21:00,offline
O000340,U000881,P000120,轻氧宠物用品套装,C08,宠物用品,3,58.00,2026-01-31 19:21:00,offline
O000340,U000881,P000155,轻盈生鲜套装,C09,生鲜,1,106.00,2026-01-31 19:21:00,offline
O000341,U000018,P000046,原野食品饮料旗舰款,C02,食品饮料,1,69.00,2026-01-31 23:05:00,wechat
O000341,U000018,P000061,悦活家居日用旗舰款,C04,家居日用,1,157.00,2026-01-31 23:05:00,wechat
O000341,U000018,P000127,悦活食品饮料便携装,C02,食品饮料,3,39.00,2026-01-31 23:05:00,wechat
O000341,U000018,P000055,悦活宠物用品套装,C08,宠物用品,1,100.00,2026-01-31 23:05:00,wechat
O000342,U000055,P000065,轻盈生鲜套装,C09,生鲜,1,41.00,2026-02-01 15:07:00,offline
O000342,U000055,P000070,原野宠物用品套装,C08,宠物用品,3,147.00,2026-02-01 15:07:00,offline
O000343,U000092,P000154,原野生鲜日常款,C09,生鲜,1,103.00,2026-02-01 16:56:00,search
O000343,U000092,P000046,原野食品饮料旗舰款,C02,食品饮料,1,69.00,2026-02-01 16:56:00,search
O000344,U000129,P000013,悦活食品饮料升级版,C02,食品饮料,4,91.00,2026-02-01 22:35:00,douyin
O000344,U000129,P000037,悦活运动户外便携装,C07,运动户外,1,152.00,2026-02-01 22:35:00,douyin
O000344,U000129,P000110,臻选美妆个护套装,C01,美妆个护,3,81.00,2026-02-01 22:35:00,douyin
O000345,U000166,P000094,原野运动户外日常款,C07,运动户外,1,136.00,2026-02-01 17:43:00,taobao
O000345,U000166,P000020,臻选数码配件套装,C05,数码配件,1,252.00,2026-02-01 17:43:00,taobao
O000345,U000166,P000065,轻盈生鲜套装,C09,生鲜,1,41.00,2026-02-01 17:43:00,taobao
O000346,U000203,P000086,臻选数码配件旗舰款,C05,数码配件,1,150.00,2026-02-01 17:02:00,offline
O000346,U000203,P000153,云感美妆个护升级版,C01,美妆个护,1,48.00,2026-02-01 17:02:00,offline
O000346,U000203,P000079,悦活服饰日常款,C03,服饰,1,452.00,2026-02-01 17:02:00,offline
O000347,U000240,P000157,悦活旅行用品便携装,C10,旅行用品,1,436.00,2026-02-01 17:26:00,taobao
O000347,U000240,P000108,轻氧母婴用品升级版,C06,母婴用品,3,86.00,2026-02-01 17:26:00,taobao
O000347,U000240,P000172,原野宠物用品便携装,C08,宠物用品,4,99.00,2026-02-01 17:26:00,taobao
O000347,U000240,P000150,轻氧母婴用品套装,C06,母婴用品,1,76.00,2026-02-01 17:26:00,taobao
O000348,U000277,P000004,原野旅行用品日常款,C10,旅行用品,1,271.00,2026-02-01 12:04:00,taobao
O000349,U000314,P000116,臻选数码配件旗舰款,C05,数码配件,1,228.00,2026-02-01 11:19:00,douyin
O000349,U000314,P000083,轻盈运动户外升级版,C07,运动户外,1,227.00,2026-02-01 11:19:00,douyin
O000349,U000314,P000133,悦活美妆个护升级版,C01,美妆个护,1,47.00,2026-02-01 11:19:00,douyin
O000350,U000351,P000155,轻盈生鲜套装,C09,生鲜,1,106.00,2026-02-01 16:26:00,jd
O000350,U000351,P000002,臻选服饰便携装,C03,服饰,4,332.00,2026-02-01 16:26:00,jd
O000351,U000388,P000097,悦活母婴用品便携装,C06,母婴用品,1,123.00,2026-02-01 22:01:00,offline
O000351,U000388,P000060,轻氧数码配件套装,C05,数码配件,1,269.00,2026-02-01 22:01:00,offline
O000351,U000388,P000108,轻氧母婴用品升级版,C06,母婴用品,1,86.00,2026-02-01 22:01:00,offline
O000351,U000388,P000017,轻盈食品饮料便携装,C02,食品饮料,1,71.00,2026-02-01 22:01:00,offline
O000352,U000425,P000065,轻盈生鲜套装,C09,生鲜,1,41.00,2026-02-01 11:18:00,wechat
O000352,U000425,P000120,轻氧宠物用品套装,C08,宠物用品,1,58.00,2026-02-01 11:18:00,wechat
O000352,U000425,P000111,云感宠物用品旗舰款,C08,宠物用品,1,117.00,2026-02-01 11:18:00,wechat
O000353,U000462,P000016,原野运动户外旗舰款,C07,运动户外,1,164.00,2026-02-02 21:19:00,douyin
O000353,U000462,P000007,悦活服饰便携装,C03,服饰,1,344.00,2026-02-02 21:19:00,douyin
O000353,U000462,P000082,原野旅行用品便携装,C10,旅行用品,3,253.00,2026-02-02 21:19:00,douyin
O000354,U000499,P000124,原野食品饮料日常款,C02,食品饮料,1,60.00,2026-02-02 23:12:00,wechat
O000354,U000499,P000067,悦活旅行用品便携装,C10,旅行用品,1,195.00,2026-02-02 23:12:00,wechat
O000354,U000499,P000006,轻氧母婴用品旗舰款,C06,母婴用品,1,161.00,2026-02-02 23:12:00,wechat
O000354,U000499,P000166,原野服饰旗舰款,C03,服饰,1,378.00,2026-02-02 23:12:00,wechat
O000355,U000536,P000090,轻氧旅行用品套装,C10,旅行用品,1,170.00,2026-02-02 21:39:00,taobao
O000355,U000536,P000152,臻选数码配件便携装,C05,数码配件,1,302.00,2026-02-02 21:39:00,taobao
O000356,U000573,P000039,云感生鲜日常款,C09,生鲜,1,109.00,2026-02-02 20:46:00,wechat
O000356,U000573,P000082,原野旅行用品便携装,C10,旅行用品,1,253.00,2026-02-02 20:46:00,wechat
O000357,U000610,P000029,轻盈食品饮料日常款,C02,食品饮料,1,91.00,2026-02-02 20:03:00,wechat
O000358,U000647,P000079,悦活服饰日常款,C03,服饰,2,452.00,2026-02-02 21:12:00,taobao
O000358,U000647,P000125,轻盈生鲜套装,C09,生鲜,2,62.00,2026-02-02 21:12:00,taobao
O000358,U000647,P000149,轻盈家居日用日常款,C04,家居日用,4,110.00,2026-02-02 21:12:00,taobao
O000358,U000647,P000042,轻氧美妆个护便携装,C01,美妆个护,1,69.00,2026-02-02 21:12:00,taobao
O000359,U000684,P000001,悦活家居日用旗舰款,C04,家居日用,1,141.00,2026-02-02 12:04:00,search
O000359,U000684,P000119,轻盈宠物用品日常款,C08,宠物用品,1,99.00,2026-02-02 12:04:00,search
O000359,U000684,P000045,云感食品饮料套装,C02,食品饮料,4,67.00,2026-02-02 12:04:00,search
O000359,U000684,P000108,轻氧母婴用品升级版,C06,母婴用品,1,86.00,2026-02-02 12:04:00,search
O000360,U000721,P000118,原野美妆个护升级版,C01,美妆个护,4,133.00,2026-02-02 11:24:00,douyin
O000360,U000721,P000109,悦活旅行用品日常款,C10,旅行用品,1,614.00,2026-02-02 11:24:00,douyin
O000360,U000721,P000169,悦活生鲜日常款,C09,生鲜,1,42.00,2026-02-02 11:24:00,douyin
O000360,U000721,P000082,原野旅行用品便携装,C10,旅行用品,1,253.00,2026-02-02 11:24:00,douyin
O000361,U000758,P000139,悦活运动户外日常款,C07,运动户外,1,358.00,2026-02-02 08:33:00,taobao
O000361,U000758,P000124,原野食品饮料日常款,C02,食品饮料,1,60.00,2026-02-02 08:33:00,taobao
O000361,U000758,P000061,悦活家居日用旗舰款,C04,家居日用,1,157.00,2026-02-02 08:33:00,taobao
O000361,U000758,P000020,臻选数码配件套装,C05,数码配件,1,252.00,2026-02-02 08:33:00,taobao
O000362,U000795,P000129,云感服饰日常款,C03,服饰,1,307.00,2026-02-02 08:18:00,taobao
O000362,U000795,P000017,轻盈食品饮料便携装,C02,食品饮料,1,71.00,2026-02-02 08:18:00,taobao
O000362,U000795,P000025,悦活宠物用品套装,C08,宠物用品,1,105.00,2026-02-02 08:18:00,taobao
O000362,U000795,P000079,悦活服饰日常款,C03,服饰,3,452.00,2026-02-02 08:18:00,taobao
O000363,U000832,P000012,轻氧母婴用品便携装,C06,母婴用品,1,128.00,2026-02-02 19:59:00,jd
O000363,U000832,P000001,悦活家居日用旗舰款,C04,家居日用,1,141.00,2026-02-02 19:59:00,jd
O000364,U000869,P000068,臻选旅行用品升级版,C10,旅行用品,1,202.00,2026-02-03 23:54:00,offline
O000364,U000869,P000126,轻氧旅行用品旗舰款,C10,旅行用品,2,248.00,2026-02-03 23:54:00,offline
O000364,U000869,P000171,云感生鲜旗舰款,C09,生鲜,1,30.00,2026-02-03 23:54:00,offline
O000364,U000869,P000068,臻选旅行用品升级版,C10,旅行用品,1,202.00,2026-02-03 23:54:00,offline
O000365,U000006,P000016,原野运动户外旗舰款,C07,运动户外,1,164.00,2026-02-03 13:26:00,wechat
O000365,U000006,P000109,悦活旅行用品日常款,C10,旅行用品,4,614.00,2026-02-03 13:26:00,wechat
O000365,U000006,P000143,轻盈美妆个护升级版,C01,美妆个护,1,53.00,2026-02-03 13:26:00,wechat
O000366,U000043,P000088,原野家居日用升级版,C04,家居日用,1,89.00,2026-02-03 19:16:00,search
O000366,U000043,P000157,悦活旅行用品便携装,C10,旅行用品,1,436.00,2026-02-03 19:16:00,search
O000366,U000043,P000164,臻选食品饮料日常款,C02,食品饮料,1,73.00,2026-02-03 19:16:00,search
O000367,U000080,P000094,原野运动户外日常款,C07,运动户外,1,136.00,2026-02-03 20:32:00,jd
O000367,U000080,P000059,轻盈美妆个护日常款,C01,美妆个护,1,52.00,2026-02-03 20:32:00,jd
O000367,U000080,P000169,悦活生鲜日常款,C09,生鲜,1,42.00,2026-02-03 20:32:00,jd
O000368,U000117,P000075,云感母婴用品套装,C06,母婴用品,1,82.00,2026-02-03 21:48:00,jd
O000368,U000117,P000058,原野生鲜升级版,C09,生鲜,1,44.00,2026-02-03 21:48:00,jd
O000368,U000117,P000048,轻氧宠物用品升级版,C08,宠物用品,1,142.00,2026-02-03 21:48:00,jd
O000368,U000117,P000113,轻盈旅行用品升级版,C10,旅行用品,1,483.00,2026-02-03 21:48:00,jd
O000369,U000154,P000007,悦活服饰便携装,C03,服饰,4,344.00,2026-02-03 10:03:00,taobao
O000369,U000154,P000121,悦活运动户外旗舰款,C07,运动户外,1,291.00,2026-02-03 10:03:00,taobao
O000369,U000154,P000048,轻氧宠物用品升级版,C08,宠物用品,1,142.00,2026-02-03 10:03:00,taobao
O000369,U000154,P000116,臻选数码配件旗舰款,C05,数码配件,1,228.00,2026-02-03 10:03:00,taobao
O000370,U000191,P000066,轻氧母婴用品旗舰款,C06,母婴用品,1,76.00,2026-02-03 21:15:00,taobao
O000370,U000191,P000035,轻盈家居日用套装,C04,家居日用,1,116.00,2026-02-03 21:15:00,taobao
O000370,U000191,P000026,臻选生鲜旗舰款,C09,生鲜,3,88.00,2026-02-03 21:15:00,taobao
O000370,U000191,P000067,悦活旅行用品便携装,C10,旅行用品,1,195.00,2026-02-03 21:15:00,taobao
O000371,U000228,P000097,悦活母婴用品便携装,C06,母婴用品,1,123.00,2026-02-03 10:59:00,search
O000371,U000228,P000067,悦活旅行用品便携装,C10,旅行用品,1,195.00,2026-02-03 10:59:00,search
O000372,U000265,P000156,轻氧母婴用品旗舰款,C06,母婴用品,2,153.00,2026-02-03 18:45:00,taobao
O000372,U000265,P000018,轻氧生鲜升级版,C09,生鲜,1,81.00,2026-02-03 18:45:00,taobao
O000372,U000265,P000162,轻氧食品饮料便携装,C02,食品饮料,1,73.00,2026-02-03 18:45:00,taobao
O000372,U000265,P000167,轻盈美妆个护便携装,C01,美妆个护,1,119.00,2026-02-03 18:45:00,taobao
O000373,U000302,P000132,轻氧家居日用便携装,C04,家居日用,1,91.00,2026-02-03 23:55:00,search
O000373,U000302,P000001,悦活家居日用旗舰款,C04,家居日用,1,141.00,2026-02-03 23:55:00,search
O000373,U000302,P000080,臻选家居日用套装,C04,家居日用,1,148.00,2026-02-03 23:55:00,search
O000374,U000339,P000108,轻氧母婴用品升级版,C06,母婴用品,1,86.00,2026-02-03 16:44:00,wechat
O000374,U000339,P000164,臻选食品饮料日常款,C02,食品饮料,1,73.00,2026-02-03 16:44:00,wechat
O000374,U000339,P000036,轻氧食品饮料旗舰款,C02,食品饮料,1,73.00,2026-02-03 16:44:00,wechat
O000374,U000339,P000141,云感数码配件旗舰款,C05,数码配件,1,220.00,2026-02-03 16:44:00,wechat
O000375,U000376,P000007,悦活服饰便携装,C03,服饰,2,344.00,2026-02-04 21:39:00,wechat
O000376,U000413,P000010,原野旅行用品套装,C10,旅行用品,1,302.00,2026-02-04 11:06:00,wechat
O000377,U000450,P000058,原野生鲜升级版,C09,生鲜,1,44.00,2026-02-04 10:55:00,wechat
O000377,U000450,P000013,悦活食品饮料升级版,C02,食品饮料,1,91.00,2026-02-04 10:55:00,wechat
O000377,U000450,P000123,云感宠物用品升级版,C08,宠物用品,1,83.00,2026-02-04 10:55:00,wechat
O000378,U000487,P000004,原野旅行用品日常款,C10,旅行用品,3,271.00,2026-02-04 18:35:00,wechat
O000378,U000487,P000011,轻盈旅行用品旗舰款,C10,旅行用品,2,224.00,2026-02-04 18:35:00,wechat
O000379,U000524,P000044,臻选食品饮料日常款,C02,食品饮料,1,28.00,2026-02-04 22:08:00,offline
O000379,U000524,P000168,轻氧服饰升级版,C03,服饰,2,368.00,2026-02-04 22:08:00,offline
O000379,U000524,P000086,臻选数码配件旗舰款,C05,数码配件,1,150.00,2026-02-04 22:08:00,offline
O000380,U000561,P000134,臻选数码配件日常款,C05,数码配件,4,120.00,2026-02-04 22:55:00,jd
O000380,U000561,P000117,云感食品饮料便携装,C02,食品饮料,1,54.00,2026-02-04 22:55:00,jd
O000380,U000561,P000154,原野生鲜日常款,C09,生鲜,1,103.00,2026-02-04 22:55:00,jd
O000380,U000561,P000168,轻氧服饰升级版,C03,服饰,1,368.00,2026-02-04 22:55:00,jd
O000381,U000598,P000151,悦活美妆个护旗舰款,C01,美妆个护,1,38.00,2026-02-04 16:30:00,taobao
O000382,U000635,P000115,悦活美妆个护套装,C01,美妆个护,1,86.00,2026-02-04 17:23:00,jd
O000382,U000635,P000012,轻氧母婴用品便携装,C06,母婴用品,3,128.00,2026-02-04 17:23:00,jd
O000383,U000672,P000103,悦活美妆个护升级版,C01,美妆个护,1,76.00,2026-02-04 18:07:00,search
O000383,U000672,P000019,悦活家居日用日常款,C04,家居日用,1,71.00,2026-02-04 18:07:00,search
O000383,U000672,P000133,悦活美妆个护升级版,C01,美妆个护,1,47.00,2026-02-04 18:07:00,search
O000383,U000672,P000107,轻盈运动户外便携装,C07,运动户外,1,176.00,2026-02-04 18:07:00,search
O000384,U000709,P000169,悦活生鲜日常款,C09,生鲜,1,42.00,2026-02-04 14:24:00,offline
O000385,U000746,P000126,轻氧旅行用品旗舰款,C10,旅行用品,1,248.00,2026-02-04 08:49:00,taobao
O000385,U000746,P000066,轻氧母婴用品旗舰款,C06,母婴用品,1,76.00,2026-02-04 08:49:00,taobao
O000385,U000746,P000170,臻选生鲜套装,C09,生鲜,1,77.00,2026-02-04 08:49:00,taobao
O000386,U000783,P000059,轻盈美妆个护日常款,C01,美妆个护,1,52.00,2026-02-05 13:26:00,search
O000387,U000820,P000121,悦活运动户外旗舰款,C07,运动户外,1,291.00,2026-02-05 08:24:00,douyin
O000388,U000857,P000045,云感食品饮料套装,C02,食品饮料,4,67.00,2026-02-05 18:10:00,douyin
O000388,U000857,P000003,云感生鲜升级版,C09,生鲜,1,73.00,2026-02-05 18:10:00,douyin
O000389,U000894,P000146,臻选生鲜旗舰款,C09,生鲜,3,112.00,2026-02-05 21:42:00,jd
O000389,U000894,P000091,悦活母婴用品旗舰款,C06,母婴用品,1,87.00,2026-02-05 21:42:00,jd
O000390,U000031,P000091,悦活母婴用品旗舰款,C06,母婴用品,1,87.00,2026-02-05 13:17:00,douyin
O000390,U000031,P000057,云感数码配件便携装,C05,数码配件,1,79.00,2026-02-05 13:17:00,douyin
O000390,U000031,P000088,原野家居日用升级版,C04,家居日用,1,89.00,2026-02-05 13:17:00,douyin
O000390,U000031,P000141,云感数码配件旗舰款,C05,数码配件,1,220.00,2026-02-05 13:17:00,douyin
O000391,U000068,P000091,悦活母婴用品旗舰款,C06,母婴用品,1,87.00,2026-02-05 08:43:00,taobao
O000391,U000068,P000007,悦活服饰便携装,C03,服饰,1,344.00,2026-02-05 08:43:00,taobao
O000392,U000105,P000092,臻选服饰便携装,C03,服饰,1,291.00,2026-02-05 22:35:00,douyin
O000393,U000142,P000121,悦活运动户外旗舰款,C07,运动户外,1,291.00,2026-02-05 09:53:00,wechat
O000393,U000142,P000137,轻盈数码配件便携装,C05,数码配件,1,216.00,2026-02-05 09:53:00,wechat
O000394,U000179,P000139,悦活运动户外日常款,C07,运动户外,1,358.00,2026-02-05 14:32:00,douyin
O000394,U000179,P000073,悦活家居日用升级版,C04,家居日用,1,147.00,2026-02-05 14:32:00,douyin
O000395,U000216,P000132,轻氧家居日用便携装,C04,家居日用,1,91.00,2026-02-05 22:59:00,jd
O000395,U000216,P000093,云感生鲜升级版,C09,生鲜,1,39.00,2026-02-05 22:59:00,jd
O000395,U000216,P000139,悦活运动户外日常款,C07,运动户外,2,358.00,2026-02-05 22:59:00,jd
O000396,U000253,P000078,轻氧运动户外升级版,C07,运动户外,1,332.00,2026-02-05 21:00:00,taobao
O000397,U000290,P000010,原野旅行用品套装,C10,旅行用品,1,302.00,2026-02-06 08:39:00,offline
O000397,U000290,P000098,臻选家居日用升级版,C04,家居日用,3,90.00,2026-02-06 08:39:00,offline
O000398,U000327,P000032,臻选生鲜便携装,C09,生鲜,1,71.00,2026-02-06 15:16:00,wechat
O000398,U000327,P000041,轻盈家居日用旗舰款,C04,家居日用,1,166.00,2026-02-06 15:16:00,wechat
O000398,U000327,P000106,原野母婴用品旗舰款,C06,母婴用品,1,102.00,2026-02-06 15:16:00,wechat
O000399,U000364,P000067,悦活旅行用品便携装,C10,旅行用品,3,195.00,2026-02-06 10:38:00,wechat
O000399,U000364,P000023,轻盈食品饮料升级版,C02,食品饮料,1,79.00,2026-02-06 10:38:00,wechat
O000400,U000401,P000025,悦活宠物用品套装,C08,宠物用品,1,105.00,2026-02-06 18:30:00,offline
O000400,U000401,P000003,云感生鲜升级版,C09,生鲜,1,73.00,2026-02-06 18:30:00,offline
O000400,U000401,P000150,轻氧母婴用品套装,C06,母婴用品,1,76.00,2026-02-06 18:30:00,offline
O000400,U000401,P000130,原野服饰套装,C03,服饰,2,194.00,2026-02-06 18:30:00,offline
O000401,U000438,P000172,原野宠物用品便携装,C08,宠物用品,1,99.00,2026-02-06 21:04:00,douyin
O000402,U000475,P000168,轻氧服饰升级版,C03,服饰,1,368.00,2026-02-06 20:21:00,offline
O000402,U000475,P000101,轻盈生鲜旗舰款,C09,生鲜,1,111.00,2026-02-06 20:21:00,offline
O000403,U000512,P000051,云感宠物用品旗舰款,C08,宠物用品,4,64.00,2026-02-06 15:31:00,taobao
O000403,U000512,P000099,云感服饰日常款,C03,服饰,1,230.00,2026-02-06 15:31:00,taobao
O000404,U000549,P000154,原野生鲜日常款,C09,生鲜,1,103.00,2026-02-06 09:20:00,douyin
O000405,U000586,P000048,轻氧宠物用品升级版,C08,宠物用品,3,142.00,2026-02-06 10:35:00,jd
O000406,U000623,P000013,悦活食品饮料升级版,C02,食品饮料,2,91.00,2026-02-06 15:23:00,wechat
O000406,U000623,P000089,轻盈美妆个护日常款,C01,美妆个护,1,69.00,2026-02-06 15:23:00,wechat
O000406,U000623,P000134,臻选数码配件日常款,C05,数码配件,1,120.00,2026-02-06 15:23:00,wechat
O000407,U000660,P000006,轻氧母婴用品旗舰款,C06,母婴用品,3,161.00,2026-02-06 08:44:00,jd
O000408,U000697,P000114,轻氧母婴用品日常款,C06,母婴用品,1,142.00,2026-02-07 15:53:00,jd
O000409,U000734,P000142,原野母婴用品便携装,C06,母婴用品,4,161.00,2026-02-07 19:13:00,jd
O000409,U000734,P000062,臻选旅行用品便携装,C10,旅行用品,4,226.00,2026-02-07 19:13:00,jd
O000409,U000734,P000151,悦活美妆个护旗舰款,C01,美妆个护,1,38.00,2026-02-07 19:13:00,jd
O000410,U000771,P000056,臻选旅行用品旗舰款,C10,旅行用品,1,443.00,2026-02-07 12:41:00,offline
O000410,U000771,P000162,轻氧食品饮料便携装,C02,食品饮料,1,73.00,2026-02-07 12:41:00,offline
O000411,U000808,P000163,悦活生鲜升级版,C09,生鲜,1,69.00,2026-02-07 19:01:00,douyin
O000411,U000808,P000106,原野母婴用品旗舰款,C06,母婴用品,1,102.00,2026-02-07 19:01:00,douyin
O000412,U000845,P000171,云感生鲜旗舰款,C09,生鲜,1,30.00,2026-02-07 17:24:00,search
O000412,U000845,P000135,云感数码配件套装,C05,数码配件,1,182.00,2026-02-07 17:24:00,search
O000412,U000845,P000017,轻盈食品饮料便携装,C02,食品饮料,1,71.00,2026-02-07 17:24:00,search
O000413,U000882,P000145,悦活宠物用品套装,C08,宠物用品,2,42.00,2026-02-07 10:09:00,jd
O000413,U000882,P000094,原野运动户外日常款,C07,运动户外,1,136.00,2026-02-07 10:09:00,jd
O000413,U000882,P000122,臻选运动户外便携装,C07,运动户外,1,212.00,2026-02-07 10:09:00,jd
O000414,U000019,P000139,悦活运动户外日常款,C07,运动户外,1,358.00,2026-02-07 19:13:00,taobao
O000414,U000019,P000105,云感运动户外套装,C07,运动户外,1,142.00,2026-02-07 19:13:00,taobao
O000414,U000019,P000112,原野生鲜便携装,C09,生鲜,1,113.00,2026-02-07 19:13:00,taobao
O000414,U000019,P000162,轻氧食品饮料便携装,C02,食品饮料,4,73.00,2026-02-07 19:13:00,taobao
O000415,U000056,P000081,云感数码配件旗舰款,C05,数码配件,1,152.00,2026-02-07 16:13:00,search
O000416,U000093,P000093,云感生鲜升级版,C09,生鲜,1,39.00,2026-02-07 19:36:00,taobao
O000416,U000093,P000019,悦活家居日用日常款,C04,家居日用,1,71.00,2026-02-07 19:36:00,taobao
O000416,U000093,P000086,臻选数码配件旗舰款,C05,数码配件,1,150.00,2026-02-07 19:36:00,taobao
O000417,U000130,P000044,臻选食品饮料日常款,C02,食品饮料,3,28.00,2026-02-07 20:19:00,douyin
O000417,U000130,P000026,臻选生鲜旗舰款,C09,生鲜,1,88.00,2026-02-07 20:19:00,douyin
O000417,U000130,P000054,轻氧美妆个护日常款,C01,美妆个护,1,138.00,2026-02-07 20:19:00,douyin
O000417,U000130,P000086,臻选数码配件旗舰款,C05,数码配件,1,150.00,2026-02-07 20:19:00,douyin
O000418,U000167,P000073,悦活家居日用升级版,C04,家居日用,2,147.00,2026-02-07 18:02:00,search
O000418,U000167,P000109,悦活旅行用品日常款,C10,旅行用品,1,614.00,2026-02-07 18:02:00,search
O000418,U000167,P000118,原野美妆个护升级版,C01,美妆个护,1,133.00,2026-02-07 18:02:00,search
O000418,U000167,P000030,轻氧家居日用套装,C04,家居日用,3,106.00,2026-02-07 18:02:00,search
O000419,U000204,P000005,轻盈数码配件套装,C05,数码配件,1,256.00,2026-02-08 22:36:00,offline
O000419,U000204,P000024,轻氧食品饮料日常款,C02,食品饮料,3,55.00,2026-02-08 22:36:00,offline
O000420,U000241,P000146,臻选生鲜旗舰款,C09,生鲜,1,112.00,2026-02-08 21:46:00,search
O000420,U000241,P000094,原野运动户外日常款,C07,运动户外,3,136.00,2026-02-08 21:46:00,search
O000420,U000241,P000084,轻氧服饰日常款,C03,服饰,1,130.00,2026-02-08 21:46:00,search
O000421,U000278,P000023,轻盈食品饮料升级版,C02,食品饮料,1,79.00,2026-02-08 17:23:00,jd
O000421,U000278,P000040,原野数码配件套装,C05,数码配件,3,162.00,2026-02-08 17:23:00,jd
O000422,U000315,P000035,轻盈家居日用套装,C04,家居日用,1,116.00,2026-02-08 08:43:00,douyin
O000422,U000315,P000050,臻选生鲜套装,C09,生鲜,1,108.00,2026-02-08 08:43:00,douyin
O000422,U000315,P000021,云感宠物用品旗舰款,C08,宠物用品,1,160.00,2026-02-08 08:43:00,douyin
O000423,U000352,P000006,轻氧母婴用品旗舰款,C06,母婴用品,2,161.00,2026-02-08 23:01:00,taobao
O000423,U000352,P000163,悦活生鲜升级版,C09,生鲜,1,69.00,2026-02-08 23:01:00,taobao
O000423,U000352,P000065,轻盈生鲜套装,C09,生鲜,1,41.00,2026-02-08 23:01:00,taobao
O000424,U000389,P000034,原野生鲜日常款,C09,生鲜,3,71.00,2026-02-08 13:46:00,jd
O000424,U000389,P000138,轻氧数码配件升级版,C05,数码配件,1,150.00,2026-02-08 13:46:00,jd
O000424,U000389,P000069,云感运动户外日常款,C07,运动户外,4,268.00,2026-02-08 13:46:00,jd
O000424,U000389,P000074,臻选美妆个护日常款,C01,美妆个护,2,71.00,2026-02-08 13:46:00,jd
O000425,U000426,P000053,轻盈服饰升级版,C03,服饰,1,262.00,2026-02-08 14:07:00,search
O000425,U000426,P000095,轻盈旅行用品套装,C10,旅行用品,1,577.00,2026-02-08 14:07:00,search
O000425,U000426,P000127,悦活食品饮料便携装,C02,食品饮料,2,39.00,2026-02-08 14:07:00,search
O000425,U000426,P000076,原野美妆个护旗舰款,C01,美妆个护,1,77.00,2026-02-08 14:07:00,search
O000426,U000463,P000163,悦活生鲜升级版,C09,生鲜,2,69.00,2026-02-08 14:58:00,offline
O000426,U000463,P000136,原野运动户外旗舰款,C07,运动户外,1,169.00,2026-02-08 14:58:00,offline
O000426,U000463,P000010,原野旅行用品套装,C10,旅行用品,1,302.00,2026-02-08 14:58:00,offline
O000427,U000500,P000163,悦活生鲜升级版,C09,生鲜,4,69.00,2026-02-08 15:14:00,taobao
O000427,U000500,P000037,悦活运动户外便携装,C07,运动户外,1,152.00,2026-02-08 15:14:00,taobao
O000427,U000500,P000028,原野数码配件升级版,C05,数码配件,1,158.00,2026-02-08 15:14:00,taobao
O000428,U000537,P000010,原野旅行用品套装,C10,旅行用品,1,302.00,2026-02-08 17:55:00,taobao
O000429,U000574,P000117,云感食品饮料便携装,C02,食品饮料,1,54.00,2026-02-08 20:57:00,search
O000430,U000611,P000131,轻盈生鲜旗舰款,C09,生鲜,1,85.00,2026-02-09 21:09:00,douyin
O000430,U000611,P000012,轻氧母婴用品便携装,C06,母婴用品,1,128.00,2026-02-09 21:09:00,douyin
O000430,U000611,P000108,轻氧母婴用品升级版,C06,母婴用品,1,86.00,2026-02-09 21:09:00,douyin
O000430,U000611,P000141,云感数码配件旗舰款,C05,数码配件,1,220.00,2026-02-09 21:09:00,douyin
O000431,U000648,P000093,云感生鲜升级版,C09,生鲜,1,39.00,2026-02-09 23:49:00,search
O000431,U000648,P000139,悦活运动户外日常款,C07,运动户外,1,358.00,2026-02-09 23:49:00,search
O000432,U000685,P000086,臻选数码配件旗舰款,C05,数码配件,1,150.00,2026-02-09 17:54:00,offline
O000432,U000685,P000078,轻氧运动户外升级版,C07,运动户外,1,332.00,2026-02-09 17:54:00,offline
O000432,U000685,P000145,悦活宠物用品套装,C08,宠物用品,1,42.00,2026-02-09 17:54:00,offline
O000433,U000722,P000047,轻盈服饰便携装,C03,服饰,1,154.00,2026-02-09 17:10:00,douyin
O000433,U000722,P000017,轻盈食品饮料便携装,C02,食品饮料,3,71.00,2026-02-09 17:10:00,douyin
O000433,U000722,P000041,轻盈家居日用旗舰款,C04,家居日用,1,166.00,2026-02-09 17:10:00,douyin
O000433,U000722,P000128,臻选旅行用品升级版,C10,旅行用品,1,514.00,2026-02-09 17:10:00,douyin
O000434,U000759,P000167,轻盈美妆个护便携装,C01,美妆个护,1,119.00,2026-02-09 12:08:00,search
O000434,U000759,P000068,臻选旅行用品升级版,C10,旅行用品,1,202.00,2026-02-09 12:08:00,search
O000435,U000796,P000119,轻盈宠物用品日常款,C08,宠物用品,1,99.00,2026-02-09 10:20:00,offline
O000435,U000796,P000004,原野旅行用品日常款,C10,旅行用品,1,271.00,2026-02-09 10:20:00,offline
O000436,U000833,P000164,臻选食品饮料日常款,C02,食品饮料,1,73.00,2026-02-09 11:38:00,search
O000436,U000833,P000100,原野运动户外套装,C07,运动户外,1,235.00,2026-02-09 11:38:00,search
O000436,U000833,P000139,悦活运动户外日常款,C07,运动户外,1,358.00,2026-02-09 11:38:00,search
O000436,U000833,P000064,原野宠物用品日常款,C08,宠物用品,1,140.00,2026-02-09 11:38:00,search
O000437,U000870,P000039,云感生鲜日常款,C09,生鲜,4,109.00,2026-02-09 13:54:00,wechat
O000437,U000870,P000092,臻选服饰便携装,C03,服饰,2,291.00,2026-02-09 13:54:00,wechat
O000438,U000007,P000113,轻盈旅行用品升级版,C10,旅行用品,2,483.00,2026-02-09 23:54:00,search
O000438,U000007,P000015,云感母婴用品套装,C06,母婴用品,2,128.00,2026-02-09 23:54:00,search
O000438,U000007,P000137,轻盈数码配件便携装,C05,数码配件,3,216.00,2026-02-09 23:54:00,search
O000438,U000007,P000141,云感数码配件旗舰款,C05,数码配件,1,220.00,2026-02-09 23:54:00,search
O000439,U000044,P000003,云感生鲜升级版,C09,生鲜,1,73.00,2026-02-09 23:10:00,wechat
O000440,U000081,P000042,轻氧美妆个护便携装,C01,美妆个护,1,69.00,2026-02-09 12:38:00,search
O000441,U000118,P000127,悦活食品饮料便携装,C02,食品饮料,1,39.00,2026-02-10 08:11:00,offline
O000442,U000155,P000003,云感生鲜升级版,C09,生鲜,4,73.00,2026-02-10 11:25:00,wechat
O000442,U000155,P000069,云感运动户外日常款,C07,运动户外,1,268.00,2026-02-10 11:25:00,wechat
O000442,U000155,P000046,原野食品饮料旗舰款,C02,食品饮料,1,69.00,2026-02-10 11:25:00,wechat
O000443,U000192,P000050,臻选生鲜套装,C09,生鲜,1,108.00,2026-02-10 18:53:00,jd
O000444,U000229,P000012,轻氧母婴用品便携装,C06,母婴用品,1,128.00,2026-02-10 14:47:00,douyin
O000445,U000266,P000024,轻氧食品饮料日常款,C02,食品饮料,1,55.00,2026-02-10 11:05:00,search
O000445,U000266,P000069,云感运动户外日常款,C07,运动户外,3,268.00,2026-02-10 11:05:00,search
O000445,U000266,P000080,臻选家居日用套装,C04,家居日用,1,148.00,2026-02-10 11:05:00,search
O000446,U000303,P000060,轻氧数码配件套装,C05,数码配件,1,269.00,2026-02-10 18:21:00,offline
O000446,U000303,P000121,悦活运动户外旗舰款,C07,运动户外,3,291.00,2026-02-10 18:21:00,offline
O000446,U000303,P000124,原野食品饮料日常款,C02,食品饮料,4,60.00,2026-02-10 18:21:00,offline
O000446,U000303,P000090,轻氧旅行用品套装,C10,旅行用品,1,170.00,2026-02-10 18:21:00,offline
O000447,U000340,P000145,悦活宠物用品套装,C08,宠物用品,1,42.00,2026-02-10 14:17:00,offline
O000448,U000377,P000010,原野旅行用品套装,C10,旅行用品,2,302.00,2026-02-10 09:06:00,taobao
O000448,U000377,P000053,轻盈服饰升级版,C03,服饰,1,262.00,2026-02-10 09:06:00,taobao
O000448,U000377,P000035,轻盈家居日用套装,C04,家居日用,1,116.00,2026-02-10 09:06:00,taobao
O000448,U000377,P000110,臻选美妆个护套装,C01,美妆个护,1,81.00,2026-02-10 09:06:00,taobao
O000449,U000414,P000158,臻选母婴用品升级版,C06,母婴用品,1,121.00,2026-02-10 22:06:00,douyin
O000449,U000414,P000101,轻盈生鲜旗舰款,C09,生鲜,1,111.00,2026-02-10 22:06:00,douyin
O000450,U000451,P000113,轻盈旅行用品升级版,C10,旅行用品,1,483.00,2026-02-10 22:30:00,jd
O000450,U000451,P000074,臻选美妆个护日常款,C01,美妆个护,1,71.00,2026-02-10 22:30:00,jd
O000450,U000451,P000057,云感数码配件便携装,C05,数码配件,1,79.00,2026-02-10 22:30:00,jd
O000451,U000488,P000043,悦活服饰升级版,C03,服饰,1,237.00,2026-02-10 09:18:00,taobao
O000451,U000488,P000060,轻氧数码配件套装,C05,数码配件,1,269.00,2026-02-10 09:18:00,taobao
O000451,U000488,P000171,云感生鲜旗舰款,C09,生鲜,1,30.00,2026-02-10 09:18:00,taobao
O000451,U000488,P000143,轻盈美妆个护升级版,C01,美妆个护,4,53.00,2026-02-10 09:18:00,taobao
O000452,U000525,P000042,轻氧美妆个护便携装,C01,美妆个护,1,69.00,2026-02-11 20:11:00,taobao
O000452,U000525,P000096,轻氧数码配件旗舰款,C05,数码配件,1,88.00,2026-02-11 20:11:00,taobao
O000453,U000562,P000030,轻氧家居日用套装,C04,家居日用,1,106.00,2026-02-11 08:39:00,offline
O000453,U000562,P000098,臻选家居日用升级版,C04,家居日用,2,90.00,2026-02-11 08:39:00,offline
O000454,U000599,P000012,轻氧母婴用品便携装,C06,母婴用品,1,128.00,2026-02-11 12:07:00,wechat
O000455,U000636,P000049,悦活数码配件日常款,C05,数码配件,1,141.00,2026-02-11 22:42:00,offline
O000455,U000636,P000009,云感数码配件日常款,C05,数码配件,4,295.00,2026-02-11 22:42:00,offline
O000456,U000673,P000095,轻盈旅行用品套装,C10,旅行用品,1,577.00,2026-02-11 17:29:00,taobao
O000456,U000673,P000061,悦活家居日用旗舰款,C04,家居日用,1,157.00,2026-02-11 17:29:00,taobao
O000456,U000673,P000095,轻盈旅行用品套装,C10,旅行用品,1,577.00,2026-02-11 17:29:00,taobao
O000456,U000673,P000038,臻选母婴用品升级版,C06,母婴用品,1,188.00,2026-02-11 17:29:00,taobao
O000457,U000710,P000159,云感旅行用品日常款,C10,旅行用品,1,514.00,2026-02-11 15:29:00,search
O000457,U000710,P000019,悦活家居日用日常款,C04,家居日用,1,71.00,2026-02-11 15:29:00,search
O000457,U000710,P000080,臻选家居日用套装,C04,家居日用,1,148.00,2026-02-11 15:29:00,search
O000458,U000747,P000002,臻选服饰便携装,C03,服饰,1,332.00,2026-02-11 08:05:00,search
O000459,U000784,P000004,原野旅行用品日常款,C10,旅行用品,1,271.00,2026-02-11 20:20:00,search
O000460,U000821,P000061,悦活家居日用旗舰款,C04,家居日用,1,157.00,2026-02-11 12:45:00,douyin
O000461,U000858,P000077,轻盈服饰便携装,C03,服饰,3,279.00,2026-02-11 13:36:00,offline
O000462,U000895,P000123,云感宠物用品升级版,C08,宠物用品,2,83.00,2026-02-11 13:26:00,douyin
O000462,U000895,P000093,云感生鲜升级版,C09,生鲜,1,39.00,2026-02-11 13:26:00,douyin
O000462,U000895,P000015,云感母婴用品套装,C06,母婴用品,1,128.00,2026-02-11 13:26:00,douyin
O000462,U000895,P000062,臻选旅行用品便携装,C10,旅行用品,1,226.00,2026-02-11 13:26:00,douyin
O000463,U000032,P000061,悦活家居日用旗舰款,C04,家居日用,4,157.00,2026-02-12 19:17:00,offline
O000463,U000032,P000034,原野生鲜日常款,C09,生鲜,1,71.00,2026-02-12 19:17:00,offline
O000463,U000032,P000106,原野母婴用品旗舰款,C06,母婴用品,1,102.00,2026-02-12 19:17:00,offline
O000464,U000069,P000006,轻氧母婴用品旗舰款,C06,母婴用品,1,161.00,2026-02-12 21:40:00,wechat
O000464,U000069,P000153,云感美妆个护升级版,C01,美妆个护,1,48.00,2026-02-12 21:40:00,wechat
O000464,U000069,P000161,轻盈家居日用旗舰款,C04,家居日用,3,160.00,2026-02-12 21:40:00,wechat
O000464,U000069,P000003,云感生鲜升级版,C09,生鲜,4,73.00,2026-02-12 21:40:00,wechat
O000465,U000106,P000118,原野美妆个护升级版,C01,美妆个护,1,133.00,2026-02-12 11:22:00,offline
O000465,U000106,P000110,臻选美妆个护套装,C01,美妆个护,1,81.00,2026-02-12 11:22:00,offline
O000465,U000106,P000061,悦活家居日用旗舰款,C04,家居日用,1,157.00,2026-02-12 11:22:00,offline
O000466,U000143,P000159,云感旅行用品日常款,C10,旅行用品,1,514.00,2026-02-12 14:55:00,offline
O000466,U000143,P000143,轻盈美妆个护升级版,C01,美妆个护,1,53.00,2026-02-12 14:55:00,offline
O000467,U000180,P000088,原野家居日用升级版,C04,家居日用,1,89.00,2026-02-12 15:15:00,taobao
O000467,U000180,P000029,轻盈食品饮料日常款,C02,食品饮料,1,91.00,2026-02-12 15:15:00,taobao
O000467,U000180,P000070,原野宠物用品套装,C08,宠物用品,2,147.00,2026-02-12 15:15:00,taobao
O000467,U000180,P000007,悦活服饰便携装,C03,服饰,1,344.00,2026-02-12 15:15:00,taobao
O000468,U000217,P000023,轻盈食品饮料升级版,C02,食品饮料,1,79.00,2026-02-12 22:32:00,offline
O000468,U000217,P000098,臻选家居日用升级版,C04,家居日用,1,90.00,2026-02-12 22:32:00,offline
O000469,U000254,P000008,臻选美妆个护升级版,C01,美妆个护,2,69.00,2026-02-12 17:04:00,jd
O000469,U000254,P000043,悦活服饰升级版,C03,服饰,1,237.00,2026-02-12 17:04:00,jd
O000470,U000291,P000078,轻氧运动户外升级版,C07,运动户外,1,332.00,2026-02-12 21:31:00,jd
O000470,U000291,P000101,轻盈生鲜旗舰款,C09,生鲜,4,111.00,2026-02-12 21:31:00,jd
O000471,U000328,P000171,云感生鲜旗舰款,C09,生鲜,1,30.00,2026-02-12 13:13:00,jd
O000471,U000328,P000129,云感服饰日常款,C03,服饰,1,307.00,2026-02-12 13:13:00,jd
O000471,U000328,P000152,臻选数码配件便携装,C05,数码配件,1,302.00,2026-02-12 13:13:00,jd
O000471,U000328,P000112,原野生鲜便携装,C09,生鲜,1,113.00,2026-02-12 13:13:00,jd
O000472,U000365,P000105,云感运动户外套装,C07,运动户外,2,142.00,2026-02-12 23:24:00,wechat
O000472,U000365,P000140,臻选食品饮料套装,C02,食品饮料,1,71.00,2026-02-12 23:24:00,wechat
O000472,U000365,P000094,原野运动户外日常款,C07,运动户外,4,136.00,2026-02-12 23:24:00,wechat
O000473,U000402,P000135,云感数码配件套装,C05,数码配件,1,182.00,2026-02-12 08:55:00,search
O000473,U000402,P000087,云感旅行用品便携装,C10,旅行用品,1,609.00,2026-02-12 08:55:00,search
O000473,U000402,P000040,原野数码配件套装,C05,数码配件,1,162.00,2026-02-12 08:55:00,search
O000473,U000402,P000015,云感母婴用品套装,C06,母婴用品,1,128.00,2026-02-12 08:55:00,search
O000474,U000439,P000084,轻氧服饰日常款,C03,服饰,2,130.00,2026-02-13 17:35:00,wechat
O000475,U000476,P000159,云感旅行用品日常款,C10,旅行用品,1,514.00,2026-02-13 13:15:00,jd
O000475,U000476,P000137,轻盈数码配件便携装,C05,数码配件,1,216.00,2026-02-13 13:15:00,jd
O000475,U000476,P000029,轻盈食品饮料日常款,C02,食品饮料,3,91.00,2026-02-13 13:15:00,jd
O000475,U000476,P000071,轻盈宠物用品旗舰款,C08,宠物用品,1,144.00,2026-02-13 13:15:00,jd
O000476,U000513,P000047,轻盈服饰便携装,C03,服饰,2,154.00,2026-02-13 23:46:00,douyin
O000476,U000513,P000005,轻盈数码配件套装,C05,数码配件,1,256.00,2026-02-13 23:46:00,douyin
O000476,U000513,P000147,云感数码配件便携装,C05,数码配件,1,281.00,2026-02-13 23:46:00,douyin
O000476,U000513,P000086,臻选数码配件旗舰款,C05,数码配件,1,150.00,2026-02-13 23:46:00,douyin
O000477,U000550,P000054,轻氧美妆个护日常款,C01,美妆个护,1,138.00,2026-02-13 16:25:00,offline
O000477,U000550,P000048,轻氧宠物用品升级版,C08,宠物用品,1,142.00,2026-02-13 16:25:00,offline
O000478,U000587,P000017,轻盈食品饮料便携装,C02,食品饮料,1,71.00,2026-02-13 15:09:00,wechat
O000479,U000624,P000165,云感生鲜套装,C09,生鲜,1,43.00,2026-02-13 21:19:00,taobao
O000479,U000624,P000118,原野美妆个护升级版,C01,美妆个护,1,133.00,2026-02-13 21:19:00,taobao
O000480,U000661,P000040,原野数码配件套装,C05,数码配件,1,162.00,2026-02-13 15:24:00,search
O000480,U000661,P000106,原野母婴用品旗舰款,C06,母婴用品,1,102.00,2026-02-13 15:24:00,search
O000480,U000661,P000008,臻选美妆个护升级版,C01,美妆个护,1,69.00,2026-02-13 15:24:00,search
O000481,U000698,P000145,悦活宠物用品套装,C08,宠物用品,2,42.00,2026-02-13 21:58:00,taobao
O000482,U000735,P000056,臻选旅行用品旗舰款,C10,旅行用品,1,443.00,2026-02-13 13:23:00,wechat
O000482,U000735,P000052,原野数码配件便携装,C05,数码配件,1,173.00,2026-02-13 13:23:00,wechat
O000482,U000735,P000124,原野食品饮料日常款,C02,食品饮料,1,60.00,2026-02-13 13:23:00,wechat
O000483,U000772,P000052,原野数码配件便携装,C05,数码配件,1,173.00,2026-02-13 12:18:00,search
O000483,U000772,P000008,臻选美妆个护升级版,C01,美妆个护,1,69.00,2026-02-13 12:18:00,search
O000483,U000772,P000092,臻选服饰便携装,C03,服饰,1,291.00,2026-02-13 12:18:00,search
O000484,U000809,P000112,原野生鲜便携装,C09,生鲜,1,113.00,2026-02-13 14:26:00,douyin
O000484,U000809,P000015,云感母婴用品套装,C06,母婴用品,4,128.00,2026-02-13 14:26:00,douyin
O000484,U000809,P000114,轻氧母婴用品日常款,C06,母婴用品,3,142.00,2026-02-13 14:26:00,douyin
O000484,U000809,P000158,臻选母婴用品升级版,C06,母婴用品,1,121.00,2026-02-13 14:26:00,douyin
O000485,U000846,P000105,云感运动户外套装,C07,运动户外,1,142.00,2026-02-14 18:35:00,offline
O000485,U000846,P000111,云感宠物用品旗舰款,C08,宠物用品,1,117.00,2026-02-14 18:35:00,offline
O000485,U000846,P000107,轻盈运动户外便携装,C07,运动户外,3,176.00,2026-02-14 18:35:00,offline
O000485,U000846,P000163,悦活生鲜升级版,C09,生鲜,1,69.00,2026-02-14 18:35:00,offline
O000486,U000883,P000124,原野食品饮料日常款,C02,食品饮料,1,60.00,2026-02-14 08:44:00,jd
O000486,U000883,P000029,轻盈食品饮料日常款,C02,食品饮料,1,91.00,2026-02-14 08:44:00,jd
O000487,U000020,P000001,悦活家居日用旗舰款,C04,家居日用,1,141.00,2026-02-14 10:03:00,douyin
O000487,U000020,P000032,臻选生鲜便携装,C09,生鲜,1,71.00,2026-02-14 10:03:00,douyin
O000487,U000020,P000084,轻氧服饰日常款,C03,服饰,1,130.00,2026-02-14 10:03:00,douyin
O000487,U000020,P000093,云感生鲜升级版,C09,生鲜,1,39.00,2026-02-14 10:03:00,douyin
O000488,U000057,P000085,悦活家居日用套装,C04,家居日用,1,70.00,2026-02-14 20:45:00,douyin
O000488,U000057,P000139,悦活运动户外日常款,C07,运动户外,1,358.00,2026-02-14 20:45:00,douyin
O000488,U000057,P000031,悦活运动户外旗舰款,C07,运动户外,1,98.00,2026-02-14 20:45:00,douyin
O000488,U000057,P000113,轻盈旅行用品升级版,C10,旅行用品,1,483.00,2026-02-14 20:45:00,douyin
O000489,U000094,P000072,轻氧美妆个护便携装,C01,美妆个护,1,122.00,2026-02-14 13:41:00,wechat
O000489,U000094,P000094,原野运动户外日常款,C07,运动户外,1,136.00,2026-02-14 13:41:00,wechat
O000489,U000094,P000009,云感数码配件日常款,C05,数码配件,1,295.00,2026-02-14 13:41:00,wechat
O000489,U000094,P000111,云感宠物用品旗舰款,C08,宠物用品,2,117.00,2026-02-14 13:41:00,wechat
O000490,U000131,P000066,轻氧母婴用品旗舰款,C06,母婴用品,1,76.00,2026-02-14 22:10:00,taobao
O000490,U000131,P000168,轻氧服饰升级版,C03,服饰,1,368.00,2026-02-14 22:10:00,taobao
O000491,U000168,P000097,悦活母婴用品便携装,C06,母婴用品,1,123.00,2026-02-14 22:45:00,offline
O000491,U000168,P000149,轻盈家居日用日常款,C04,家居日用,1,110.00,2026-02-14 22:45:00,offline
O000492,U000205,P000127,悦活食品饮料便携装,C02,食品饮料,3,39.00,2026-02-14 09:02:00,search
O000492,U000205,P000075,云感母婴用品套装,C06,母婴用品,1,82.00,2026-02-14 09:02:00,search
O000493,U000242,P000089,轻盈美妆个护日常款,C01,美妆个护,4,69.00,2026-02-14 17:10:00,offline
O000493,U000242,P000123,云感宠物用品升级版,C08,宠物用品,1,83.00,2026-02-14 17:10:00,offline
O000493,U000242,P000011,轻盈旅行用品旗舰款,C10,旅行用品,1,224.00,2026-02-14 17:10:00,offline
O000493,U000242,P000068,臻选旅行用品升级版,C10,旅行用品,1,202.00,2026-02-14 17:10:00,offline
O000494,U000279,P000039,云感生鲜日常款,C09,生鲜,1,109.00,2026-02-14 10:56:00,offline
O000494,U000279,P000043,悦活服饰升级版,C03,服饰,1,237.00,2026-02-14 10:56:00,offline
O000495,U000316,P000073,悦活家居日用升级版,C04,家居日用,1,147.00,2026-02-14 09:56:00,taobao
O000495,U000316,P000068,臻选旅行用品升级版,C10,旅行用品,1,202.00,2026-02-14 09:56:00,taobao
O000495,U000316,P000047,轻盈服饰便携装,C03,服饰,1,154.00,2026-02-14 09:56:00,taobao
O000495,U000316,P000128,臻选旅行用品升级版,C10,旅行用品,1,514.00,2026-02-14 09:56:00,taobao
O000496,U000353,P000143,轻盈美妆个护升级版,C01,美妆个护,1,53.00,2026-02-15 09:28:00,wechat
O000496,U000353,P000062,臻选旅行用品便携装,C10,旅行用品,1,226.00,2026-02-15 09:28:00,wechat
O000497,U000390,P000122,臻选运动户外便携装,C07,运动户外,1,212.00,2026-02-15 13:20:00,jd
O000497,U000390,P000029,轻盈食品饮料日常款,C02,食品饮料,1,91.00,2026-02-15 13:20:00,jd
O000498,U000427,P000138,轻氧数码配件升级版,C05,数码配件,1,150.00,2026-02-15 22:58:00,search
O000498,U000427,P000170,臻选生鲜套装,C09,生鲜,1,77.00,2026-02-15 22:58:00,search
O000498,U000427,P000143,轻盈美妆个护升级版,C01,美妆个护,1,53.00,2026-02-15 22:58:00,search
O000499,U000464,P000103,悦活美妆个护升级版,C01,美妆个护,1,76.00,2026-02-15 12:19:00,search
O000499,U000464,P000135,云感数码配件套装,C05,数码配件,4,182.00,2026-02-15 12:19:00,search
O000500,U000501,P000088,原野家居日用升级版,C04,家居日用,1,89.00,2026-02-15 17:10:00,wechat
O000500,U000501,P000037,悦活运动户外便携装,C07,运动户外,1,152.00,2026-02-15 17:10:00,wechat
O000500,U000501,P000027,云感宠物用品便携装,C08,宠物用品,4,96.00,2026-02-15 17:10:00,wechat
O000500,U000501,P000075,云感母婴用品套装,C06,母婴用品,4,82.00,2026-02-15 17:10:00,wechat
O000501,U000538,P000063,云感母婴用品升级版,C06,母婴用品,1,165.00,2026-02-15 23:51:00,offline
O000502,U000575,P000085,悦活家居日用套装,C04,家居日用,1,70.00,2026-02-15 16:35:00,wechat
O000503,U000612,P000037,悦活运动户外便携装,C07,运动户外,1,152.00,2026-02-15 15:17:00,search
O000503,U000612,P000106,原野母婴用品旗舰款,C06,母婴用品,2,102.00,2026-02-15 15:17:00,search
O000503,U000612,P000131,轻盈生鲜旗舰款,C09,生鲜,4,85.00,2026-02-15 15:17:00,search
O000504,U000649,P000094,原野运动户外日常款,C07,运动户外,1,136.00,2026-02-15 22:56:00,wechat
O000504,U000649,P000071,轻盈宠物用品旗舰款,C08,宠物用品,1,144.00,2026-02-15 22:56:00,wechat
O000504,U000649,P000128,臻选旅行用品升级版,C10,旅行用品,1,514.00,2026-02-15 22:56:00,wechat
O000505,U000686,P000158,臻选母婴用品升级版,C06,母婴用品,3,121.00,2026-02-15 22:45:00,taobao
O000506,U000723,P000142,原野母婴用品便携装,C06,母婴用品,3,161.00,2026-02-15 15:16:00,taobao
O000506,U000723,P000078,轻氧运动户外升级版,C07,运动户外,1,332.00,2026-02-15 15:16:00,taobao
O000507,U000760,P000062,臻选旅行用品便携装,C10,旅行用品,1,226.00,2026-02-16 09:58:00,search
O000508,U000797,P000069,云感运动户外日常款,C07,运动户外,1,268.00,2026-02-16 15:17:00,taobao
O000508,U000797,P000050,臻选生鲜套装,C09,生鲜,1,108.00,2026-02-16 15:17:00,taobao
O000508,U000797,P000129,云感服饰日常款,C03,服饰,1,307.00,2026-02-16 15:17:00,taobao
O000508,U000797,P000146,臻选生鲜旗舰款,C09,生鲜,1,112.00,2026-02-16 15:17:00,taobao
O000509,U000834,P000163,悦活生鲜升级版,C09,生鲜,2,69.00,2026-02-16 18:39:00,offline
O000509,U000834,P000008,臻选美妆个护升级版,C01,美妆个护,1,69.00,2026-02-16 18:39:00,offline
O000509,U000834,P000061,悦活家居日用旗舰款,C04,家居日用,1,157.00,2026-02-16 18:39:00,offline
O000510,U000871,P000036,轻氧食品饮料旗舰款,C02,食品饮料,1,73.00,2026-02-16 22:28:00,wechat
O000511,U000008,P000096,轻氧数码配件旗舰款,C05,数码配件,1,88.00,2026-02-16 21:21:00,wechat
O000511,U000008,P000034,原野生鲜日常款,C09,生鲜,1,71.00,2026-02-16 21:21:00,wechat
O000511,U000008,P000050,臻选生鲜套装,C09,生鲜,4,108.00,2026-02-16 21:21:00,wechat
O000512,U000045,P000147,云感数码配件便携装,C05,数码配件,3,281.00,2026-02-16 08:30:00,search
O000512,U000045,P000091,悦活母婴用品旗舰款,C06,母婴用品,1,87.00,2026-02-16 08:30:00,search
O000512,U000045,P000124,原野食品饮料日常款,C02,食品饮料,1,60.00,2026-02-16 08:30:00,search
O000513,U000082,P000158,臻选母婴用品升级版,C06,母婴用品,1,121.00,2026-02-16 12:58:00,offline
O000514,U000119,P000145,悦活宠物用品套装,C08,宠物用品,1,42.00,2026-02-16 16:31:00,wechat
O000514,U000119,P000031,悦活运动户外旗舰款,C07,运动户外,1,98.00,2026-02-16 16:31:00,wechat
O000514,U000119,P000035,轻盈家居日用套装,C04,家居日用,1,116.00,2026-02-16 16:31:00,wechat
O000515,U000156,P000122,臻选运动户外便携装,C07,运动户外,1,212.00,2026-02-16 19:31:00,douyin
O000516,U000193,P000017,轻盈食品饮料便携装,C02,食品饮料,1,71.00,2026-02-16 23:48:00,offline
O000516,U000193,P000124,原野食品饮料日常款,C02,食品饮料,1,60.00,2026-02-16 23:48:00,offline
O000516,U000193,P000089,轻盈美妆个护日常款,C01,美妆个护,1,69.00,2026-02-16 23:48:00,offline
O000517,U000230,P000041,轻盈家居日用旗舰款,C04,家居日用,1,166.00,2026-02-16 19:47:00,search
O000517,U000230,P000066,轻氧母婴用品旗舰款,C06,母婴用品,1,76.00,2026-02-16 19:47:00,search
O000517,U000230,P000086,臻选数码配件旗舰款,C05,数码配件,1,150.00,2026-02-16 19:47:00,search
O000517,U000230,P000034,原野生鲜日常款,C09,生鲜,1,71.00,2026-02-16 19:47:00,search
O000518,U000267,P000082,原野旅行用品便携装,C10,旅行用品,1,253.00,2026-02-17 08:39:00,jd
O000518,U000267,P000058,原野生鲜升级版,C09,生鲜,1,44.00,2026-02-17 08:39:00,jd
O000518,U000267,P000128,臻选旅行用品升级版,C10,旅行用品,1,514.00,2026-02-17 08:39:00,jd
O000518,U000267,P000094,原野运动户外日常款,C07,运动户外,1,136.00,2026-02-17 08:39:00,jd
O000519,U000304,P000092,臻选服饰便携装,C03,服饰,1,291.00,2026-02-17 18:45:00,offline
O000519,U000304,P000157,悦活旅行用品便携装,C10,旅行用品,1,436.00,2026-02-17 18:45:00,offline
O000519,U000304,P000054,轻氧美妆个护日常款,C01,美妆个护,1,138.00,2026-02-17 18:45:00,offline
O000520,U000341,P000014,臻选食品饮料日常款,C02,食品饮料,1,60.00,2026-02-17 20:18:00,search
O000520,U000341,P000007,悦活服饰便携装,C03,服饰,1,344.00,2026-02-17 20:18:00,search
O000521,U000378,P000045,云感食品饮料套装,C02,食品饮料,1,67.00,2026-02-17 10:33:00,jd
O000521,U000378,P000016,原野运动户外旗舰款,C07,运动户外,4,164.00,2026-02-17 10:33:00,jd
O000521,U000378,P000126,轻氧旅行用品旗舰款,C10,旅行用品,1,248.00,2026-02-17 10:33:00,jd
O000522,U000415,P000163,悦活生鲜升级版,C09,生鲜,1,69.00,2026-02-17 11:04:00,search
O000522,U000415,P000108,轻氧母婴用品升级版,C06,母婴用品,1,86.00,2026-02-17 11:04:00,search
O000523,U000452,P000120,轻氧宠物用品套装,C08,宠物用品,1,58.00,2026-02-17 23:45:00,douyin
O000523,U000452,P000068,臻选旅行用品升级版,C10,旅行用品,1,202.00,2026-02-17 23:45:00,douyin
O000524,U000489,P000003,云感生鲜升级版,C09,生鲜,1,73.00,2026-02-17 21:19:00,search
O000524,U000489,P000099,云感服饰日常款,C03,服饰,1,230.00,2026-02-17 21:19:00,search
O000524,U000489,P000087,云感旅行用品便携装,C10,旅行用品,4,609.00,2026-02-17 21:19:00,search
O000524,U000489,P000133,悦活美妆个护升级版,C01,美妆个护,1,47.00,2026-02-17 21:19:00,search
O000525,U000526,P000095,轻盈旅行用品套装,C10,旅行用品,1,577.00,2026-02-17 22:05:00,search
O000525,U000526,P000018,轻氧生鲜升级版,C09,生鲜,1,81.00,2026-02-17 22:05:00,search
O000525,U000526,P000094,原野运动户外日常款,C07,运动户外,1,136.00,2026-02-17 22:05:00,search
O000526,U000563,P000141,云感数码配件旗舰款,C05,数码配件,1,220.00,2026-02-17 23:18:00,taobao
O000526,U000563,P000021,云感宠物用品旗舰款,C08,宠物用品,3,160.00,2026-02-17 23:18:00,taobao
O000526,U000563,P000104,臻选旅行用品日常款,C10,旅行用品,1,352.00,2026-02-17 23:18:00,taobao
O000526,U000563,P000130,原野服饰套装,C03,服饰,1,194.00,2026-02-17 23:18:00,taobao
O000527,U000600,P000169,悦活生鲜日常款,C09,生鲜,1,42.00,2026-02-17 20:36:00,offline
O000527,U000600,P000115,悦活美妆个护套装,C01,美妆个护,1,86.00,2026-02-17 20:36:00,offline
O000527,U000600,P000171,云感生鲜旗舰款,C09,生鲜,1,30.00,2026-02-17 20:36:00,offline
O000528,U000637,P000047,轻盈服饰便携装,C03,服饰,1,154.00,2026-02-17 22:11:00,jd
O000528,U000637,P000146,臻选生鲜旗舰款,C09,生鲜,1,112.00,2026-02-17 22:11:00,jd
O000529,U000674,P000143,轻盈美妆个护升级版,C01,美妆个护,1,53.00,2026-02-18 17:25:00,douyin
O000529,U000674,P000002,臻选服饰便携装,C03,服饰,1,332.00,2026-02-18 17:25:00,douyin
O000529,U000674,P000078,轻氧运动户外升级版,C07,运动户外,1,332.00,2026-02-18 17:25:00,douyin
O000529,U000674,P000156,轻氧母婴用品旗舰款,C06,母婴用品,1,153.00,2026-02-18 17:25:00,douyin
O000530,U000711,P000018,轻氧生鲜升级版,C09,生鲜,1,81.00,2026-02-18 08:58:00,douyin
O000530,U000711,P000123,云感宠物用品升级版,C08,宠物用品,4,83.00,2026-02-18 08:58:00,douyin
O000530,U000711,P000161,轻盈家居日用旗舰款,C04,家居日用,1,160.00,2026-02-18 08:58:00,douyin
O000530,U000711,P000074,臻选美妆个护日常款,C01,美妆个护,1,71.00,2026-02-18 08:58:00,douyin
O000531,U000748,P000101,轻盈生鲜旗舰款,C09,生鲜,1,111.00,2026-02-18 13:10:00,search
O000531,U000748,P000029,轻盈食品饮料日常款,C02,食品饮料,1,91.00,2026-02-18 13:10:00,search
O000532,U000785,P000087,云感旅行用品便携装,C10,旅行用品,1,609.00,2026-02-18 10:21:00,douyin
O000532,U000785,P000021,云感宠物用品旗舰款,C08,宠物用品,1,160.00,2026-02-18 10:21:00,douyin
O000533,U000822,P000019,悦活家居日用日常款,C04,家居日用,1,71.00,2026-02-18 23:12:00,taobao
O000533,U000822,P000018,轻氧生鲜升级版,C09,生鲜,2,81.00,2026-02-18 23:12:00,taobao
O000534,U000859,P000150,轻氧母婴用品套装,C06,母婴用品,1,76.00,2026-02-18 08:57:00,offline
O000535,U000896,P000071,轻盈宠物用品旗舰款,C08,宠物用品,1,144.00,2026-02-18 16:00:00,search
O000535,U000896,P000171,云感生鲜旗舰款,C09,生鲜,4,30.00,2026-02-18 16:00:00,search
O000535,U000896,P000012,轻氧母婴用品便携装,C06,母婴用品,1,128.00,2026-02-18 16:00:00,search
O000535,U000896,P000107,轻盈运动户外便携装,C07,运动户外,2,176.00,2026-02-18 16:00:00,search
O000536,U000033,P000120,轻氧宠物用品套装,C08,宠物用品,1,58.00,2026-02-18 16:36:00,offline
O000537,U000070,P000154,原野生鲜日常款,C09,生鲜,1,103.00,2026-02-18 12:31:00,search
O000537,U000070,P000065,轻盈生鲜套装,C09,生鲜,4,41.00,2026-02-18 12:31:00,search
O000537,U000070,P000006,轻氧母婴用品旗舰款,C06,母婴用品,1,161.00,2026-02-18 12:31:00,search
O000538,U000107,P000164,臻选食品饮料日常款,C02,食品饮料,1,73.00,2026-02-18 16:11:00,douyin
O000538,U000107,P000069,云感运动户外日常款,C07,运动户外,1,268.00,2026-02-18 16:11:00,douyin
O000538,U000107,P000094,原野运动户外日常款,C07,运动户外,1,136.00,2026-02-18 16:11:00,douyin
O000538,U000107,P000077,轻盈服饰便携装,C03,服饰,1,279.00,2026-02-18 16:11:00,douyin
O000539,U000144,P000007,悦活服饰便携装,C03,服饰,2,344.00,2026-02-18 10:24:00,search
O000540,U000181,P000133,悦活美妆个护升级版,C01,美妆个护,1,47.00,2026-02-19 15:24:00,taobao
O000540,U000181,P000026,臻选生鲜旗舰款,C09,生鲜,1,88.00,2026-02-19 15:24:00,taobao
O000541,U000218,P000148,原野数码配件升级版,C05,数码配件,1,136.00,2026-02-19 21:39:00,search
O000541,U000218,P000132,轻氧家居日用便携装,C04,家居日用,2,91.00,2026-02-19 21:39:00,search
O000541,U000218,P000158,臻选母婴用品升级版,C06,母婴用品,1,121.00,2026-02-19 21:39:00,search
O000542,U000255,P000013,悦活食品饮料升级版,C02,食品饮料,1,91.00,2026-02-19 13:34:00,taobao
O000542,U000255,P000056,臻选旅行用品旗舰款,C10,旅行用品,1,443.00,2026-02-19 13:34:00,taobao
O000543,U000292,P000157,悦活旅行用品便携装,C10,旅行用品,1,436.00,2026-02-19 22:22:00,douyin
O000543,U000292,P000149,轻盈家居日用日常款,C04,家居日用,3,110.00,2026-02-19 22:22:00,douyin
O000543,U000292,P000059,轻盈美妆个护日常款,C01,美妆个护,1,52.00,2026-02-19 22:22:00,douyin
O000544,U000329,P000089,轻盈美妆个护日常款,C01,美妆个护,1,69.00,2026-02-19 16:03:00,wechat
O000545,U000366,P000157,悦活旅行用品便携装,C10,旅行用品,1,436.00,2026-02-19 11:29:00,taobao
O000545,U000366,P000063,云感母婴用品升级版,C06,母婴用品,1,165.00,2026-02-19 11:29:00,taobao
O000546,U000403,P000043,悦活服饰升级版,C03,服饰,3,237.00,2026-02-19 19:06:00,search
O000546,U000403,P000058,原野生鲜升级版,C09,生鲜,3,44.00,2026-02-19 19:06:00,search
O000546,U000403,P000054,轻氧美妆个护日常款,C01,美妆个护,1,138.00,2026-02-19 19:06:00,search
O000546,U000403,P000010,原野旅行用品套装,C10,旅行用品,2,302.00,2026-02-19 19:06:00,search
O000547,U000440,P000129,云感服饰日常款,C03,服饰,4,307.00,2026-02-19 17:40:00,offline
O000547,U000440,P000025,悦活宠物用品套装,C08,宠物用品,1,105.00,2026-02-19 17:40:00,offline
O000548,U000477,P000139,悦活运动户外日常款,C07,运动户外,1,358.00,2026-02-19 20:02:00,search
O000548,U000477,P000122,臻选运动户外便携装,C07,运动户外,1,212.00,2026-02-19 20:02:00,search
O000548,U000477,P000054,轻氧美妆个护日常款,C01,美妆个护,1,138.00,2026-02-19 20:02:00,search
O000548,U000477,P000126,轻氧旅行用品旗舰款,C10,旅行用品,1,248.00,2026-02-19 20:02:00,search
O000549,U000514,P000052,原野数码配件便携装,C05,数码配件,1,173.00,2026-02-19 10:33:00,taobao
O000550,U000551,P000017,轻盈食品饮料便携装,C02,食品饮料,2,71.00,2026-02-19 12:13:00,search
O000550,U000551,P000006,轻氧母婴用品旗舰款,C06,母婴用品,1,161.00,2026-02-19 12:13:00,search
O000550,U000551,P000043,悦活服饰升级版,C03,服饰,1,237.00,2026-02-19 12:13:00,search
O000550,U000551,P000072,轻氧美妆个护便携装,C01,美妆个护,1,122.00,2026-02-19 12:13:00,search
O000551,U000588,P000060,轻氧数码配件套装,C05,数码配件,1,269.00,2026-02-20 22:08:00,search
O000551,U000588,P000002,臻选服饰便携装,C03,服饰,2,332.00,2026-02-20 22:08:00,search
O000552,U000625,P000044,臻选食品饮料日常款,C02,食品饮料,1,28.00,2026-02-20 23:05:00,search
O000552,U000625,P000149,轻盈家居日用日常款,C04,家居日用,1,110.00,2026-02-20 23:05:00,search
O000552,U000625,P000134,臻选数码配件日常款,C05,数码配件,4,120.00,2026-02-20 23:05:00,search
O000552,U000625,P000165,云感生鲜套装,C09,生鲜,1,43.00,2026-02-20 23:05:00,search
O000553,U000662,P000124,原野食品饮料日常款,C02,食品饮料,1,60.00,2026-02-20 16:35:00,offline
O000553,U000662,P000117,云感食品饮料便携装,C02,食品饮料,1,54.00,2026-02-20 16:35:00,offline
O000553,U000662,P000127,悦活食品饮料便携装,C02,食品饮料,4,39.00,2026-02-20 16:35:00,offline
O000554,U000699,P000146,臻选生鲜旗舰款,C09,生鲜,1,112.00,2026-02-20 18:52:00,douyin
O000555,U000736,P000074,臻选美妆个护日常款,C01,美妆个护,1,71.00,2026-02-20 15:56:00,taobao
O000555,U000736,P000026,臻选生鲜旗舰款,C09,生鲜,1,88.00,2026-02-20 15:56:00,taobao
O000555,U000736,P000036,轻氧食品饮料旗舰款,C02,食品饮料,1,73.00,2026-02-20 15:56:00,taobao
O000556,U000773,P000156,轻氧母婴用品旗舰款,C06,母婴用品,1,153.00,2026-02-20 12:58:00,jd
O000556,U000773,P000072,轻氧美妆个护便携装,C01,美妆个护,3,122.00,2026-02-20 12:58:00,jd
O000556,U000773,P000167,轻盈美妆个护便携装,C01,美妆个护,1,119.00,2026-02-20 12:58:00,jd
O000557,U000810,P000143,轻盈美妆个护升级版,C01,美妆个护,1,53.00,2026-02-20 10:03:00,taobao
O000558,U000847,P000098,臻选家居日用升级版,C04,家居日用,1,90.00,2026-02-20 13:45:00,wechat
O000558,U000847,P000172,原野宠物用品便携装,C08,宠物用品,4,99.00,2026-02-20 13:45:00,wechat
O000559,U000884,P000020,臻选数码配件套装,C05,数码配件,1,252.00,2026-02-20 22:11:00,jd
O000559,U000884,P000036,轻氧食品饮料旗舰款,C02,食品饮料,2,73.00,2026-02-20 22:11:00,jd
O000560,U000021,P000021,云感宠物用品旗舰款,C08,宠物用品,1,160.00,2026-02-20 23:14:00,wechat
O000561,U000058,P000047,轻盈服饰便携装,C03,服饰,3,154.00,2026-02-20 12:46:00,offline
O000562,U000095,P000158,臻选母婴用品升级版,C06,母婴用品,1,121.00,2026-02-21 10:45:00,douyin
O000563,U000132,P000031,悦活运动户外旗舰款,C07,运动户外,3,98.00,2026-02-21 21:05:00,search
O000563,U000132,P000116,臻选数码配件旗舰款,C05,数码配件,1,228.00,2026-02-21 21:05:00,search
O000563,U000132,P000065,轻盈生鲜套装,C09,生鲜,1,41.00,2026-02-21 21:05:00,search
O000563,U000132,P000082,原野旅行用品便携装,C10,旅行用品,1,253.00,2026-02-21 21:05:00,search
O000564,U000169,P000040,原野数码配件套装,C05,数码配件,1,162.00,2026-02-21 14:14:00,wechat
O000564,U000169,P000128,臻选旅行用品升级版,C10,旅行用品,4,514.00,2026-02-21 14:14:00,wechat
O000564,U000169,P000139,悦活运动户外日常款,C07,运动户外,2,358.00,2026-02-21 14:14:00,wechat
O000565,U000206,P000032,臻选生鲜便携装,C09,生鲜,4,71.00,2026-02-21 20:14:00,douyin
O000566,U000243,P000065,轻盈生鲜套装,C09,生鲜,1,41.00,2026-02-21 16:24:00,taobao
O000567,U000280,P000126,轻氧旅行用品旗舰款,C10,旅行用品,4,248.00,2026-02-21 18:45:00,wechat
O000567,U000280,P000030,轻氧家居日用套装,C04,家居日用,1,106.00,2026-02-21 18:45:00,wechat
O000567,U000280,P000079,悦活服饰日常款,C03,服饰,1,452.00,2026-02-21 18:45:00,wechat
O000568,U000317,P000065,轻盈生鲜套装,C09,生鲜,1,41.00,2026-02-21 18:39:00,offline
O000568,U000317,P000019,悦活家居日用日常款,C04,家居日用,4,71.00,2026-02-21 18:39:00,offline
O000568,U000317,P000132,轻氧家居日用便携装,C04,家居日用,1,91.00,2026-02-21 18:39:00,offline
O000569,U000354,P000070,原野宠物用品套装,C08,宠物用品,1,147.00,2026-02-21 18:35:00,douyin
O000569,U000354,P000082,原野旅行用品便携装,C10,旅行用品,1,253.00,2026-02-21 18:35:00,douyin
O000569,U000354,P000161,轻盈家居日用旗舰款,C04,家居日用,2,160.00,2026-02-21 18:35:00,douyin
O000569,U000354,P000090,轻氧旅行用品套装,C10,旅行用品,1,170.00,2026-02-21 18:35:00,douyin
O000570,U000391,P000054,轻氧美妆个护日常款,C01,美妆个护,1,138.00,2026-02-21 14:00:00,search
O000570,U000391,P000077,轻盈服饰便携装,C03,服饰,1,279.00,2026-02-21 14:00:00,search
O000570,U000391,P000123,云感宠物用品升级版,C08,宠物用品,1,83.00,2026-02-21 14:00:00,search
O000570,U000391,P000094,原野运动户外日常款,C07,运动户外,1,136.00,2026-02-21 14:00:00,search
O000571,U000428,P000052,原野数码配件便携装,C05,数码配件,1,173.00,2026-02-21 15:42:00,search
O000572,U000465,P000083,轻盈运动户外升级版,C07,运动户外,1,227.00,2026-02-21 15:21:00,search
O000573,U000502,P000039,云感生鲜日常款,C09,生鲜,1,109.00,2026-02-22 19:51:00,offline
O000573,U000502,P000020,臻选数码配件套装,C05,数码配件,2,252.00,2026-02-22 19:51:00,offline
O000574,U000539,P000151,悦活美妆个护旗舰款,C01,美妆个护,1,38.00,2026-02-22 16:38:00,taobao
O000574,U000539,P000006,轻氧母婴用品旗舰款,C06,母婴用品,1,161.00,2026-02-22 16:38:00,taobao
O000574,U000539,P000028,原野数码配件升级版,C05,数码配件,2,158.00,2026-02-22 16:38:00,taobao
O000575,U000576,P000153,云感美妆个护升级版,C01,美妆个护,1,48.00,2026-02-22 09:58:00,offline
O000575,U000576,P000126,轻氧旅行用品旗舰款,C10,旅行用品,1,248.00,2026-02-22 09:58:00,offline
O000575,U000576,P000016,原野运动户外旗舰款,C07,运动户外,1,164.00,2026-02-22 09:58:00,offline
O000575,U000576,P000101,轻盈生鲜旗舰款,C09,生鲜,1,111.00,2026-02-22 09:58:00,offline
O000576,U000613,P000160,原野旅行用品套装,C10,旅行用品,4,231.00,2026-02-22 17:36:00,search
O000576,U000613,P000126,轻氧旅行用品旗舰款,C10,旅行用品,1,248.00,2026-02-22 17:36:00,search
O000577,U000650,P000155,轻盈生鲜套装,C09,生鲜,1,106.00,2026-02-22 15:48:00,search
O000577,U000650,P000020,臻选数码配件套装,C05,数码配件,1,252.00,2026-02-22 15:48:00,search
O000577,U000650,P000123,云感宠物用品升级版,C08,宠物用品,1,83.00,2026-02-22 15:48:00,search
O000578,U000687,P000056,臻选旅行用品旗舰款,C10,旅行用品,1,443.00,2026-02-22 23:30:00,taobao
O000578,U000687,P000020,臻选数码配件套装,C05,数码配件,1,252.00,2026-02-22 23:30:00,taobao
O000579,U000724,P000143,轻盈美妆个护升级版,C01,美妆个护,1,53.00,2026-02-22 16:40:00,douyin
O000579,U000724,P000161,轻盈家居日用旗舰款,C04,家居日用,1,160.00,2026-02-22 16:40:00,douyin
O000579,U000724,P000163,悦活生鲜升级版,C09,生鲜,1,69.00,2026-02-22 16:40:00,douyin
O000579,U000724,P000078,轻氧运动户外升级版,C07,运动户外,1,332.00,2026-02-22 16:40:00,douyin
O000580,U000761,P000160,原野旅行用品套装,C10,旅行用品,1,231.00,2026-02-22 15:43:00,jd
O000580,U000761,P000133,悦活美妆个护升级版,C01,美妆个护,1,47.00,2026-02-22 15:43:00,jd
O000580,U000761,P000018,轻氧生鲜升级版,C09,生鲜,1,81.00,2026-02-22 15:43:00,jd
O000581,U000798,P000132,轻氧家居日用便携装,C04,家居日用,1,91.00,2026-02-22 18:13:00,douyin
O000582,U000835,P000172,原野宠物用品便携装,C08,宠物用品,1,99.00,2026-02-22 12:14:00,search
O000582,U000835,P000128,臻选旅行用品升级版,C10,旅行用品,1,514.00,2026-02-22 12:14:00,search
O000582,U000835,P000155,轻盈生鲜套装,C09,生鲜,1,106.00,2026-02-22 12:14:00,search
O000582,U000835,P000128,臻选旅行用品升级版,C10,旅行用品,1,514.00,2026-02-22 12:14:00,search
O000583,U000872,P000157,悦活旅行用品便携装,C10,旅行用品,1,436.00,2026-02-22 13:47:00,jd
O000584,U000009,P000145,悦活宠物用品套装,C08,宠物用品,1,42.00,2026-02-23 18:46:00,taobao
O000584,U000009,P000062,臻选旅行用品便携装,C10,旅行用品,1,226.00,2026-02-23 18:46:00,taobao
O000584,U000009,P000157,悦活旅行用品便携装,C10,旅行用品,1,436.00,2026-02-23 18:46:00,taobao
O000584,U000009,P000033,云感美妆个护升级版,C01,美妆个护,1,88.00,2026-02-23 18:46:00,taobao
O000585,U000046,P000027,云感宠物用品便携装,C08,宠物用品,1,96.00,2026-02-23 10:52:00,search
O000585,U000046,P000131,轻盈生鲜旗舰款,C09,生鲜,1,85.00,2026-02-23 10:52:00,search
O000585,U000046,P000005,轻盈数码配件套装,C05,数码配件,1,256.00,2026-02-23 10:52:00,search
O000586,U000083,P000101,轻盈生鲜旗舰款,C09,生鲜,1,111.00,2026-02-23 12:35:00,douyin
O000586,U000083,P000108,轻氧母婴用品升级版,C06,母婴用品,1,86.00,2026-02-23 12:35:00,douyin
O000586,U000083,P000016,原野运动户外旗舰款,C07,运动户外,1,164.00,2026-02-23 12:35:00,douyin
O000587,U000120,P000026,臻选生鲜旗舰款,C09,生鲜,1,88.00,2026-02-23 13:28:00,jd
O000587,U000120,P000047,轻盈服饰便携装,C03,服饰,1,154.00,2026-02-23 13:28:00,jd
O000587,U000120,P000075,云感母婴用品套装,C06,母婴用品,1,82.00,2026-02-23 13:28:00,jd
O000587,U000120,P000143,轻盈美妆个护升级版,C01,美妆个护,1,53.00,2026-02-23 13:28:00,jd
O000588,U000157,P000168,轻氧服饰升级版,C03,服饰,1,368.00,2026-02-23 22:22:00,wechat
O000589,U000194,P000101,轻盈生鲜旗舰款,C09,生鲜,1,111.00,2026-02-23 21:10:00,wechat
O000589,U000194,P000087,云感旅行用品便携装,C10,旅行用品,1,609.00,2026-02-23 21:10:00,wechat
O000590,U000231,P000031,悦活运动户外旗舰款,C07,运动户外,1,98.00,2026-02-23 21:58:00,taobao
O000590,U000231,P000093,云感生鲜升级版,C09,生鲜,4,39.00,2026-02-23 21:58:00,taobao
O000590,U000231,P000168,轻氧服饰升级版,C03,服饰,1,368.00,2026-02-23 21:58:00,taobao
O000590,U000231,P000151,悦活美妆个护旗舰款,C01,美妆个护,1,38.00,2026-02-23 21:58:00,taobao
O000591,U000268,P000078,轻氧运动户外升级版,C07,运动户外,1,332.00,2026-02-23 12:21:00,douyin
O000591,U000268,P000161,轻盈家居日用旗舰款,C04,家居日用,1,160.00,2026-02-23 12:21:00,douyin
O000591,U000268,P000038,臻选母婴用品升级版,C06,母婴用品,1,188.00,2026-02-23 12:21:00,douyin
O000591,U000268,P000026,臻选生鲜旗舰款,C09,生鲜,1,88.00,2026-02-23 12:21:00,douyin
O000592,U000305,P000136,原野运动户外旗舰款,C07,运动户外,1,169.00,2026-02-23 10:45:00,douyin
O000592,U000305,P000024,轻氧食品饮料日常款,C02,食品饮料,1,55.00,2026-02-23 10:45:00,douyin
O000592,U000305,P000054,轻氧美妆个护日常款,C01,美妆个护,1,138.00,2026-02-23 10:45:00,douyin
O000592,U000305,P000047,轻盈服饰便携装,C03,服饰,1,154.00,2026-02-23 10:45:00,douyin
O000593,U000342,P000098,臻选家居日用升级版,C04,家居日用,1,90.00,2026-02-23 20:17:00,wechat
O000593,U000342,P000020,臻选数码配件套装,C05,数码配件,1,252.00,2026-02-23 20:17:00,wechat
O000593,U000342,P000065,轻盈生鲜套装,C09,生鲜,1,41.00,2026-02-23 20:17:00,wechat
O000593,U000342,P000085,悦活家居日用套装,C04,家居日用,3,70.00,2026-02-23 20:17:00,wechat
O000594,U000379,P000103,悦活美妆个护升级版,C01,美妆个护,1,76.00,2026-02-23 09:55:00,search
O000594,U000379,P000046,原野食品饮料旗舰款,C02,食品饮料,4,69.00,2026-02-23 09:55:00,search
O000594,U000379,P000066,轻氧母婴用品旗舰款,C06,母婴用品,1,76.00,2026-02-23 09:55:00,search
O000594,U000379,P000036,轻氧食品饮料旗舰款,C02,食品饮料,1,73.00,2026-02-23 09:55:00,search
O000595,U000416,P000146,臻选生鲜旗舰款,C09,生鲜,1,112.00,2026-02-24 14:30:00,search
O000596,U000453,P000093,云感生鲜升级版,C09,生鲜,1,39.00,2026-02-24 21:37:00,douyin
O000597,U000490,P000038,臻选母婴用品升级版,C06,母婴用品,1,188.00,2026-02-24 16:21:00,search
O000597,U000490,P000127,悦活食品饮料便携装,C02,食品饮料,2,39.00,2026-02-24 16:21:00,search
O000597,U000490,P000090,轻氧旅行用品套装,C10,旅行用品,1,170.00,2026-02-24 16:21:00,search
O000597,U000490,P000170,臻选生鲜套装,C09,生鲜,1,77.00,2026-02-24 16:21:00,search
O000598,U000527,P000046,原野食品饮料旗舰款,C02,食品饮料,1,69.00,2026-02-24 09:55:00,wechat
O000598,U000527,P000045,云感食品饮料套装,C02,食品饮料,1,67.00,2026-02-24 09:55:00,wechat
O000599,U000564,P000095,轻盈旅行用品套装,C10,旅行用品,1,577.00,2026-02-24 17:59:00,search
O000600,U000601,P000063,云感母婴用品升级版,C06,母婴用品,1,165.00,2026-02-24 14:41:00,douyin
O000600,U000601,P000163,悦活生鲜升级版,C09,生鲜,1,69.00,2026-02-24 14:41:00,douyin
O000600,U000601,P000012,轻氧母婴用品便携装,C06,母婴用品,1,128.00,2026-02-24 14:41:00,douyin
O000600,U000601,P000167,轻盈美妆个护便携装,C01,美妆个护,1,119.00,2026-02-24 14:41:00,douyin
O000601,U000638,P000063,云感母婴用品升级版,C06,母婴用品,3,165.00,2026-02-24 14:32:00,search
O000601,U000638,P000069,云感运动户外日常款,C07,运动户外,1,268.00,2026-02-24 14:32:00,search
O000601,U000638,P000019,悦活家居日用日常款,C04,家居日用,2,71.00,2026-02-24 14:32:00,search
O000602,U000675,P000041,轻盈家居日用旗舰款,C04,家居日用,1,166.00,2026-02-24 13:38:00,search
O000603,U000712,P000024,轻氧食品饮料日常款,C02,食品饮料,2,55.00,2026-02-24 12:04:00,search
O000603,U000712,P000057,云感数码配件便携装,C05,数码配件,1,79.00,2026-02-24 12:04:00,search
O000603,U000712,P000016,原野运动户外旗舰款,C07,运动户外,1,164.00,2026-02-24 12:04:00,search
O000603,U000712,P000028,原野数码配件升级版,C05,数码配件,1,158.00,2026-02-24 12:04:00,search
O000604,U000749,P000054,轻氧美妆个护日常款,C01,美妆个护,1,138.00,2026-02-24 10:37:00,offline
O000604,U000749,P000056,臻选旅行用品旗舰款,C10,旅行用品,1,443.00,2026-02-24 10:37:00,offline
O000605,U000786,P000107,轻盈运动户外便携装,C07,运动户外,1,176.00,2026-02-24 18:34:00,douyin
O000606,U000823,P000006,轻氧母婴用品旗舰款,C06,母婴用品,1,161.00,2026-02-25 18:26:00,search
O000607,U000860,P000079,悦活服饰日常款,C03,服饰,1,452.00,2026-02-25 18:24:00,wechat
O000608,U000897,P000160,原野旅行用品套装,C10,旅行用品,1,231.00,2026-02-25 20:38:00,jd
O000608,U000897,P000070,原野宠物用品套装,C08,宠物用品,1,147.00,2026-02-25 20:38:00,jd
O000608,U000897,P000022,原野母婴用品便携装,C06,母婴用品,1,190.00,2026-02-25 20:38:00,jd
O000609,U000034,P000164,臻选食品饮料日常款,C02,食品饮料,1,73.00,2026-02-25 17:25:00,taobao
O000609,U000034,P000016,原野运动户外旗舰款,C07,运动户外,1,164.00,2026-02-25 17:25:00,taobao
O000609,U000034,P000085,悦活家居日用套装,C04,家居日用,1,70.00,2026-02-25 17:25:00,taobao
O000609,U000034,P000007,悦活服饰便携装,C03,服饰,1,344.00,2026-02-25 17:25:00,taobao
O000610,U000071,P000104,臻选旅行用品日常款,C10,旅行用品,1,352.00,2026-02-25 18:52:00,search
O000610,U000071,P000022,原野母婴用品便携装,C06,母婴用品,1,190.00,2026-02-25 18:52:00,search
O000610,U000071,P000081,云感数码配件旗舰款,C05,数码配件,1,152.00,2026-02-25 18:52:00,search
O000610,U000071,P000060,轻氧数码配件套装,C05,数码配件,1,269.00,2026-02-25 18:52:00,search
O000611,U000108,P000128,臻选旅行用品升级版,C10,旅行用品,1,514.00,2026-02-25 08:12:00,douyin
O000611,U000108,P000153,云感美妆个护升级版,C01,美妆个护,1,48.00,2026-02-25 08:12:00,douyin
O000611,U000108,P000056,臻选旅行用品旗舰款,C10,旅行用品,1,443.00,2026-02-25 08:12:00,douyin
O000611,U000108,P000140,臻选食品饮料套装,C02,食品饮料,1,71.00,2026-02-25 08:12:00,douyin
O000612,U000145,P000031,悦活运动户外旗舰款,C07,运动户外,1,98.00,2026-02-25 15:47:00,jd
O000612,U000145,P000048,轻氧宠物用品升级版,C08,宠物用品,1,142.00,2026-02-25 15:47:00,jd
O000612,U000145,P000118,原野美妆个护升级版,C01,美妆个护,1,133.00,2026-02-25 15:47:00,jd
O000612,U000145,P000060,轻氧数码配件套装,C05,数码配件,1,269.00,2026-02-25 15:47:00,jd
O000613,U000182,P000151,悦活美妆个护旗舰款,C01,美妆个护,1,38.00,2026-02-25 17:18:00,taobao
O000613,U000182,P000063,云感母婴用品升级版,C06,母婴用品,4,165.00,2026-02-25 17:18:00,taobao
O000613,U000182,P000011,轻盈旅行用品旗舰款,C10,旅行用品,1,224.00,2026-02-25 17:18:00,taobao
O000614,U000219,P000057,云感数码配件便携装,C05,数码配件,1,79.00,2026-02-25 09:51:00,offline
O000614,U000219,P000140,臻选食品饮料套装,C02,食品饮料,1,71.00,2026-02-25 09:51:00,offline
O000614,U000219,P000004,原野旅行用品日常款,C10,旅行用品,1,271.00,2026-02-25 09:51:00,offline
O000615,U000256,P000004,原野旅行用品日常款,C10,旅行用品,1,271.00,2026-02-25 12:09:00,search
O000615,U000256,P000010,原野旅行用品套装,C10,旅行用品,1,302.00,2026-02-25 12:09:00,search
O000615,U000256,P000033,云感美妆个护升级版,C01,美妆个护,1,88.00,2026-02-25 12:09:00,search
O000615,U000256,P000066,轻氧母婴用品旗舰款,C06,母婴用品,1,76.00,2026-02-25 12:09:00,search
O000616,U000293,P000008,臻选美妆个护升级版,C01,美妆个护,1,69.00,2026-02-25 15:37:00,wechat
O000616,U000293,P000025,悦活宠物用品套装,C08,宠物用品,3,105.00,2026-02-25 15:37:00,wechat
O000616,U000293,P000134,臻选数码配件日常款,C05,数码配件,1,120.00,2026-02-25 15:37:00,wechat
O000616,U000293,P000045,云感食品饮料套装,C02,食品饮料,1,67.00,2026-02-25 15:37:00,wechat
O000617,U000330,P000003,云感生鲜升级版,C09,生鲜,1,73.00,2026-02-26 08:23:00,offline
O000617,U000330,P000166,原野服饰旗舰款,C03,服饰,1,378.00,2026-02-26 08:23:00,offline
O000618,U000367,P000053,轻盈服饰升级版,C03,服饰,1,262.00,2026-02-26 09:50:00,douyin
O000618,U000367,P000033,云感美妆个护升级版,C01,美妆个护,1,88.00,2026-02-26 09:50:00,douyin
O000619,U000404,P000169,悦活生鲜日常款,C09,生鲜,1,42.00,2026-02-26 13:49:00,taobao
O000619,U000404,P000027,云感宠物用品便携装,C08,宠物用品,1,96.00,2026-02-26 13:49:00,taobao
O000619,U000404,P000018,轻氧生鲜升级版,C09,生鲜,1,81.00,2026-02-26 13:49:00,taobao
O000619,U000404,P000039,云感生鲜日常款,C09,生鲜,1,109.00,2026-02-26 13:49:00,taobao
O000620,U000441,P000142,原野母婴用品便携装,C06,母婴用品,1,161.00,2026-02-26 10:22:00,taobao
O000620,U000441,P000150,轻氧母婴用品套装,C06,母婴用品,4,76.00,2026-02-26 10:22:00,taobao
O000620,U000441,P000084,轻氧服饰日常款,C03,服饰,1,130.00,2026-02-26 10:22:00,taobao
O000620,U000441,P000001,悦活家居日用旗舰款,C04,家居日用,1,141.00,2026-02-26 10:22:00,taobao
O000621,U000478,P000162,轻氧食品饮料便携装,C02,食品饮料,1,73.00,2026-02-26 16:38:00,jd
O000622,U000515,P000154,原野生鲜日常款,C09,生鲜,3,103.00,2026-02-26 14:59:00,taobao
O000622,U000515,P000005,轻盈数码配件套装,C05,数码配件,1,256.00,2026-02-26 14:59:00,taobao
O000622,U000515,P000156,轻氧母婴用品旗舰款,C06,母婴用品,1,153.00,2026-02-26 14:59:00,taobao
O000622,U000515,P000050,臻选生鲜套装,C09,生鲜,1,108.00,2026-02-26 14:59:00,taobao
O000623,U000552,P000123,云感宠物用品升级版,C08,宠物用品,1,83.00,2026-02-26 14:10:00,taobao
O000624,U000589,P000056,臻选旅行用品旗舰款,C10,旅行用品,3,443.00,2026-02-26 20:59:00,taobao
O000624,U000589,P000045,云感食品饮料套装,C02,食品饮料,1,67.00,2026-02-26 20:59:00,taobao
O000624,U000589,P000068,臻选旅行用品升级版,C10,旅行用品,1,202.00,2026-02-26 20:59:00,taobao
O000625,U000626,P000098,臻选家居日用升级版,C04,家居日用,1,90.00,2026-02-26 17:41:00,taobao
O000625,U000626,P000144,轻氧美妆个护日常款,C01,美妆个护,1,118.00,2026-02-26 17:41:00,taobao
O000625,U000626,P000096,轻氧数码配件旗舰款,C05,数码配件,1,88.00,2026-02-26 17:41:00,taobao
O000626,U000663,P000053,轻盈服饰升级版,C03,服饰,1,262.00,2026-02-26 16:18:00,jd
O000626,U000663,P000171,云感生鲜旗舰款,C09,生鲜,1,30.00,2026-02-26 16:18:00,jd
O000626,U000663,P000058,原野生鲜升级版,C09,生鲜,1,44.00,2026-02-26 16:18:00,jd
O000627,U000700,P000111,云感宠物用品旗舰款,C08,宠物用品,3,117.00,2026-02-26 11:45:00,taobao
O000628,U000737,P000166,原野服饰旗舰款,C03,服饰,4,378.00,2026-02-27 13:27:00,taobao
O000628,U000737,P000088,原野家居日用升级版,C04,家居日用,3,89.00,2026-02-27 13:27:00,taobao
O000628,U000737,P000087,云感旅行用品便携装,C10,旅行用品,1,609.00,2026-02-27 13:27:00,taobao
O000629,U000774,P000136,原野运动户外旗舰款,C07,运动户外,1,169.00,2026-02-27 13:33:00,search
O000629,U000774,P000003,云感生鲜升级版,C09,生鲜,1,73.00,2026-02-27 13:33:00,search
O000629,U000774,P000038,臻选母婴用品升级版,C06,母婴用品,1,188.00,2026-02-27 13:33:00,search
O000629,U000774,P000133,悦活美妆个护升级版,C01,美妆个护,1,47.00,2026-02-27 13:33:00,search
O000630,U000811,P000086,臻选数码配件旗舰款,C05,数码配件,1,150.00,2026-02-27 08:05:00,taobao
O000630,U000811,P000011,轻盈旅行用品旗舰款,C10,旅行用品,1,224.00,2026-02-27 08:05:00,taobao
O000630,U000811,P000023,轻盈食品饮料升级版,C02,食品饮料,1,79.00,2026-02-27 08:05:00,taobao
O000630,U000811,P000110,臻选美妆个护套装,C01,美妆个护,1,81.00,2026-02-27 08:05:00,taobao
O000631,U000848,P000008,臻选美妆个护升级版,C01,美妆个护,1,69.00,2026-02-27 09:21:00,wechat
O000631,U000848,P000090,轻氧旅行用品套装,C10,旅行用品,1,170.00,2026-02-27 09:21:00,wechat
O000632,U000885,P000164,臻选食品饮料日常款,C02,食品饮料,1,73.00,2026-02-27 22:09:00,taobao
O000633,U000022,P000148,原野数码配件升级版,C05,数码配件,1,136.00,2026-02-27 23:35:00,jd
O000633,U000022,P000156,轻氧母婴用品旗舰款,C06,母婴用品,1,153.00,2026-02-27 23:35:00,jd
O000634,U000059,P000107,轻盈运动户外便携装,C07,运动户外,1,176.00,2026-02-27 13:01:00,search
O000634,U000059,P000085,悦活家居日用套装,C04,家居日用,1,70.00,2026-02-27 13:01:00,search
O000635,U000096,P000161,轻盈家居日用旗舰款,C04,家居日用,3,160.00,2026-02-27 08:35:00,douyin
O000635,U000096,P000058,原野生鲜升级版,C09,生鲜,1,44.00,2026-02-27 08:35:00,douyin
O000635,U000096,P000122,臻选运动户外便携装,C07,运动户外,1,212.00,2026-02-27 08:35:00,douyin
O000635,U000096,P000169,悦活生鲜日常款,C09,生鲜,1,42.00,2026-02-27 08:35:00,douyin
O000636,U000133,P000078,轻氧运动户外升级版,C07,运动户外,2,332.00,2026-02-27 14:07:00,douyin
O000637,U000170,P000097,悦活母婴用品便携装,C06,母婴用品,1,123.00,2026-02-27 11:10:00,jd
O000638,U000207,P000028,原野数码配件升级版,C05,数码配件,1,158.00,2026-02-27 19:54:00,taobao
O000638,U000207,P000151,悦活美妆个护旗舰款,C01,美妆个护,1,38.00,2026-02-27 19:54:00,taobao
O000638,U000207,P000075,云感母婴用品套装,C06,母婴用品,1,82.00,2026-02-27 19:54:00,taobao
O000638,U000207,P000081,云感数码配件旗舰款,C05,数码配件,1,152.00,2026-02-27 19:54:00,taobao
O000639,U000244,P000108,轻氧母婴用品升级版,C06,母婴用品,2,86.00,2026-02-28 10:56:00,douyin
O000639,U000244,P000071,轻盈宠物用品旗舰款,C08,宠物用品,1,144.00,2026-02-28 10:56:00,douyin
O000639,U000244,P000067,悦活旅行用品便携装,C10,旅行用品,1,195.00,2026-02-28 10:56:00,douyin
O000640,U000281,P000045,云感食品饮料套装,C02,食品饮料,1,67.00,2026-02-28 15:05:00,wechat
O000640,U000281,P000018,轻氧生鲜升级版,C09,生鲜,1,81.00,2026-02-28 15:05:00,wechat
O000641,U000318,P000093,云感生鲜升级版,C09,生鲜,4,39.00,2026-02-28 08:04:00,douyin
O000641,U000318,P000065,轻盈生鲜套装,C09,生鲜,1,41.00,2026-02-28 08:04:00,douyin
O000642,U000355,P000021,云感宠物用品旗舰款,C08,宠物用品,1,160.00,2026-02-28 14:46:00,taobao
O000643,U000392,P000014,臻选食品饮料日常款,C02,食品饮料,1,60.00,2026-02-28 17:59:00,offline
O000643,U000392,P000090,轻氧旅行用品套装,C10,旅行用品,1,170.00,2026-02-28 17:59:00,offline
O000643,U000392,P000090,轻氧旅行用品套装,C10,旅行用品,3,170.00,2026-02-28 17:59:00,offline
O000644,U000429,P000095,轻盈旅行用品套装,C10,旅行用品,1,577.00,2026-02-28 23:51:00,jd
O000644,U000429,P000008,臻选美妆个护升级版,C01,美妆个护,1,69.00,2026-02-28 23:51:00,jd
O000644,U000429,P000013,悦活食品饮料升级版,C02,食品饮料,2,91.00,2026-02-28 23:51:00,jd
O000645,U000466,P000062,臻选旅行用品便携装,C10,旅行用品,2,226.00,2026-02-28 08:49:00,offline
O000646,U000503,P000047,轻盈服饰便携装,C03,服饰,1,154.00,2026-02-28 14:18:00,douyin
O000647,U000540,P000021,云感宠物用品旗舰款,C08,宠物用品,1,160.00,2026-02-28 18:46:00,search
O000647,U000540,P000075,云感母婴用品套装,C06,母婴用品,2,82.00,2026-02-28 18:46:00,search
O000647,U000540,P000079,悦活服饰日常款,C03,服饰,1,452.00,2026-02-28 18:46:00,search
O000647,U000540,P000160,原野旅行用品套装,C10,旅行用品,1,231.00,2026-02-28 18:46:00,search
O000648,U000577,P000151,悦活美妆个护旗舰款,C01,美妆个护,1,38.00,2026-02-28 09:41:00,search
O000648,U000577,P000142,原野母婴用品便携装,C06,母婴用品,1,161.00,2026-02-28 09:41:00,search
O000648,U000577,P000016,原野运动户外旗舰款,C07,运动户外,1,164.00,2026-02-28 09:41:00,search
O000648,U000577,P000060,轻氧数码配件套装,C05,数码配件,1,269.00,2026-02-28 09:41:00,search
O000649,U000614,P000154,原野生鲜日常款,C09,生鲜,1,103.00,2026-02-28 23:16:00,jd
O000649,U000614,P000071,轻盈宠物用品旗舰款,C08,宠物用品,4,144.00,2026-02-28 23:16:00,jd
O000649,U000614,P000030,轻氧家居日用套装,C04,家居日用,1,106.00,2026-02-28 23:16:00,jd
O000649,U000614,P000126,轻氧旅行用品旗舰款,C10,旅行用品,1,248.00,2026-02-28 23:16:00,jd
O000650,U000651,P000164,臻选食品饮料日常款,C02,食品饮料,1,73.00,2026-03-01 16:21:00,jd
O000651,U000688,P000045,云感食品饮料套装,C02,食品饮料,1,67.00,2026-03-01 08:47:00,wechat
O000651,U000688,P000123,云感宠物用品升级版,C08,宠物用品,1,83.00,2026-03-01 08:47:00,wechat
O000652,U000725,P000017,轻盈食品饮料便携装,C02,食品饮料,1,71.00,2026-03-01 12:15:00,offline
O000653,U000762,P000168,轻氧服饰升级版,C03,服饰,2,368.00,2026-03-01 15:05:00,taobao
O000654,U000799,P000007,悦活服饰便携装,C03,服饰,1,344.00,2026-03-01 12:59:00,douyin
O000654,U000799,P000148,原野数码配件升级版,C05,数码配件,1,136.00,2026-03-01 12:59:00,douyin
O000655,U000836,P000154,原野生鲜日常款,C09,生鲜,1,103.00,2026-03-01 22:48:00,taobao
O000655,U000836,P000127,悦活食品饮料便携装,C02,食品饮料,1,39.00,2026-03-01 22:48:00,taobao
O000655,U000836,P000080,臻选家居日用套装,C04,家居日用,1,148.00,2026-03-01 22:48:00,taobao
O000656,U000873,P000024,轻氧食品饮料日常款,C02,食品饮料,1,55.00,2026-03-01 19:26:00,wechat
O000657,U000010,P000021,云感宠物用品旗舰款,C08,宠物用品,1,160.00,2026-03-01 18:59:00,taobao
O000657,U000010,P000087,云感旅行用品便携装,C10,旅行用品,4,609.00,2026-03-01 18:59:00,taobao
O000657,U000010,P000100,原野运动户外套装,C07,运动户外,1,235.00,2026-03-01 18:59:00,taobao
O000657,U000010,P000013,悦活食品饮料升级版,C02,食品饮料,1,91.00,2026-03-01 18:59:00,taobao
O000658,U000047,P000138,轻氧数码配件升级版,C05,数码配件,1,150.00,2026-03-01 23:40:00,search
O000658,U000047,P000083,轻盈运动户外升级版,C07,运动户外,1,227.00,2026-03-01 23:40:00,search
O000659,U000084,P000052,原野数码配件便携装,C05,数码配件,1,173.00,2026-03-01 08:54:00,taobao
O000659,U000084,P000061,悦活家居日用旗舰款,C04,家居日用,1,157.00,2026-03-01 08:54:00,taobao
O000660,U000121,P000033,云感美妆个护升级版,C01,美妆个护,1,88.00,2026-03-01 09:03:00,jd
O000660,U000121,P000033,云感美妆个护升级版,C01,美妆个护,3,88.00,2026-03-01 09:03:00,jd
O000660,U000121,P000109,悦活旅行用品日常款,C10,旅行用品,1,614.00,2026-03-01 09:03:00,jd
O000661,U000158,P000051,云感宠物用品旗舰款,C08,宠物用品,1,64.00,2026-03-02 19:28:00,taobao
O000662,U000195,P000036,轻氧食品饮料旗舰款,C02,食品饮料,1,73.00,2026-03-02 13:09:00,offline
O000662,U000195,P000082,原野旅行用品便携装,C10,旅行用品,1,253.00,2026-03-02 13:09:00,offline
O000663,U000232,P000026,臻选生鲜旗舰款,C09,生鲜,4,88.00,2026-03-02 21:51:00,jd
O000664,U000269,P000122,臻选运动户外便携装,C07,运动户外,1,212.00,2026-03-02 13:09:00,douyin
O000664,U000269,P000058,原野生鲜升级版,C09,生鲜,1,44.00,2026-03-02 13:09:00,douyin
O000664,U000269,P000004,原野旅行用品日常款,C10,旅行用品,1,271.00,2026-03-02 13:09:00,douyin
O000665,U000306,P000037,悦活运动户外便携装,C07,运动户外,1,152.00,2026-03-02 09:44:00,douyin
O000665,U000306,P000098,臻选家居日用升级版,C04,家居日用,1,90.00,2026-03-02 09:44:00,douyin
O000666,U000343,P000018,轻氧生鲜升级版,C09,生鲜,1,81.00,2026-03-02 16:20:00,offline
O000667,U000380,P000056,臻选旅行用品旗舰款,C10,旅行用品,1,443.00,2026-03-02 18:02:00,offline
O000668,U000417,P000081,云感数码配件旗舰款,C05,数码配件,3,152.00,2026-03-02 22:20:00,wechat
O000668,U000417,P000148,原野数码配件升级版,C05,数码配件,1,136.00,2026-03-02 22:20:00,wechat
O000669,U000454,P000099,云感服饰日常款,C03,服饰,1,230.00,2026-03-02 10:31:00,douyin
O000670,U000491,P000001,悦活家居日用旗舰款,C04,家居日用,1,141.00,2026-03-02 12:46:00,offline
O000670,U000491,P000139,悦活运动户外日常款,C07,运动户外,1,358.00,2026-03-02 12:46:00,offline
O000671,U000528,P000063,云感母婴用品升级版,C06,母婴用品,1,165.00,2026-03-02 14:11:00,offline
O000671,U000528,P000011,轻盈旅行用品旗舰款,C10,旅行用品,4,224.00,2026-03-02 14:11:00,offline
O000671,U000528,P000126,轻氧旅行用品旗舰款,C10,旅行用品,1,248.00,2026-03-02 14:11:00,offline
O000671,U000528,P000093,云感生鲜升级版,C09,生鲜,1,39.00,2026-03-02 14:11:00,offline
O000672,U000565,P000007,悦活服饰便携装,C03,服饰,1,344.00,2026-03-03 10:10:00,wechat
O000673,U000602,P000121,悦活运动户外旗舰款,C07,运动户外,1,291.00,2026-03-03 13:45:00,jd
O000673,U000602,P000158,臻选母婴用品升级版,C06,母婴用品,1,121.00,2026-03-03 13:45:00,jd
O000673,U000602,P000087,云感旅行用品便携装,C10,旅行用品,1,609.00,2026-03-03 13:45:00,jd
O000673,U000602,P000017,轻盈食品饮料便携装,C02,食品饮料,1,71.00,2026-03-03 13:45:00,jd
O000674,U000639,P000094,原野运动户外日常款,C07,运动户外,1,136.00,2026-03-03 23:45:00,offline
O000674,U000639,P000172,原野宠物用品便携装,C08,宠物用品,2,99.00,2026-03-03 23:45:00,offline
O000674,U000639,P000062,臻选旅行用品便携装,C10,旅行用品,1,226.00,2026-03-03 23:45:00,offline
O000675,U000676,P000032,臻选生鲜便携装,C09,生鲜,1,71.00,2026-03-03 22:15:00,jd
O000675,U000676,P000001,悦活家居日用旗舰款,C04,家居日用,1,141.00,2026-03-03 22:15:00,jd
O000675,U000676,P000079,悦活服饰日常款,C03,服饰,1,452.00,2026-03-03 22:15:00,jd
O000676,U000713,P000139,悦活运动户外日常款,C07,运动户外,1,358.00,2026-03-03 11:37:00,taobao
O000676,U000713,P000023,轻盈食品饮料升级版,C02,食品饮料,1,79.00,2026-03-03 11:37:00,taobao
O000677,U000750,P000123,云感宠物用品升级版,C08,宠物用品,1,83.00,2026-03-03 10:22:00,search
O000678,U000787,P000118,原野美妆个护升级版,C01,美妆个护,1,133.00,2026-03-03 23:16:00,taobao
O000679,U000824,P000006,轻氧母婴用品旗舰款,C06,母婴用品,1,161.00,2026-03-03 17:49:00,offline
O000680,U000861,P000171,云感生鲜旗舰款,C09,生鲜,2,30.00,2026-03-03 21:23:00,jd
O000680,U000861,P000084,轻氧服饰日常款,C03,服饰,3,130.00,2026-03-03 21:23:00,jd
O000680,U000861,P000143,轻盈美妆个护升级版,C01,美妆个护,1,53.00,2026-03-03 21:23:00,jd
O000681,U000898,P000051,云感宠物用品旗舰款,C08,宠物用品,1,64.00,2026-03-03 17:58:00,offline
O000681,U000898,P000060,轻氧数码配件套装,C05,数码配件,1,269.00,2026-03-03 17:58:00,offline
O000682,U000035,P000025,悦活宠物用品套装,C08,宠物用品,1,105.00,2026-03-03 11:47:00,wechat
O000683,U000072,P000125,轻盈生鲜套装,C09,生鲜,1,62.00,2026-03-04 23:00:00,wechat
O000683,U000072,P000078,轻氧运动户外升级版,C07,运动户外,1,332.00,2026-03-04 23:00:00,wechat
O000683,U000072,P000100,原野运动户外套装,C07,运动户外,1,235.00,2026-03-04 23:00:00,wechat
O000684,U000109,P000002,臻选服饰便携装,C03,服饰,4,332.00,2026-03-04 19:59:00,search
O000684,U000109,P000130,原野服饰套装,C03,服饰,2,194.00,2026-03-04 19:59:00,search
O000684,U000109,P000098,臻选家居日用升级版,C04,家居日用,1,90.00,2026-03-04 19:59:00,search
O000685,U000146,P000078,轻氧运动户外升级版,C07,运动户外,1,332.00,2026-03-04 22:09:00,search
O000685,U000146,P000154,原野生鲜日常款,C09,生鲜,1,103.00,2026-03-04 22:09:00,search
O000685,U000146,P000024,轻氧食品饮料日常款,C02,食品饮料,1,55.00,2026-03-04 22:09:00,search
O000685,U000146,P000120,轻氧宠物用品套装,C08,宠物用品,1,58.00,2026-03-04 22:09:00,search
O000686,U000183,P000053,轻盈服饰升级版,C03,服饰,1,262.00,2026-03-04 20:44:00,taobao
O000686,U000183,P000055,悦活宠物用品套装,C08,宠物用品,1,100.00,2026-03-04 20:44:00,taobao
O000687,U000220,P000092,臻选服饰便携装,C03,服饰,2,291.00,2026-03-04 15:05:00,douyin
O000688,U000257,P000078,轻氧运动户外升级版,C07,运动户外,1,332.00,2026-03-04 08:07:00,taobao
O000689,U000294,P000058,原野生鲜升级版,C09,生鲜,1,44.00,2026-03-04 18:12:00,taobao
O000689,U000294,P000151,悦活美妆个护旗舰款,C01,美妆个护,2,38.00,2026-03-04 18:12:00,taobao
O000690,U000331,P000122,臻选运动户外便携装,C07,运动户外,4,212.00,2026-03-04 11:26:00,search
O000690,U000331,P000006,轻氧母婴用品旗舰款,C06,母婴用品,1,161.00,2026-03-04 11:26:00,search
O000690,U000331,P000059,轻盈美妆个护日常款,C01,美妆个护,1,52.00,2026-03-04 11:26:00,search
O000691,U000368,P000138,轻氧数码配件升级版,C05,数码配件,1,150.00,2026-03-04 09:06:00,taobao
O000691,U000368,P000149,轻盈家居日用日常款,C04,家居日用,3,110.00,2026-03-04 09:06:00,taobao
O000692,U000405,P000042,轻氧美妆个护便携装,C01,美妆个护,1,69.00,2026-03-04 22:56:00,jd
O000692,U000405,P000091,悦活母婴用品旗舰款,C06,母婴用品,1,87.00,2026-03-04 22:56:00,jd
O000692,U000405,P000138,轻氧数码配件升级版,C05,数码配件,1,150.00,2026-03-04 22:56:00,jd
O000692,U000405,P000172,原野宠物用品便携装,C08,宠物用品,1,99.00,2026-03-04 22:56:00,jd
O000693,U000442,P000047,轻盈服饰便携装,C03,服饰,1,154.00,2026-03-04 23:40:00,wechat
O000693,U000442,P000082,原野旅行用品便携装,C10,旅行用品,1,253.00,2026-03-04 23:40:00,wechat
O000693,U000442,P000079,悦活服饰日常款,C03,服饰,1,452.00,2026-03-04 23:40:00,wechat
O000693,U000442,P000089,轻盈美妆个护日常款,C01,美妆个护,1,69.00,2026-03-04 23:40:00,wechat
O000694,U000479,P000051,云感宠物用品旗舰款,C08,宠物用品,1,64.00,2026-03-05 09:08:00,taobao
O000694,U000479,P000097,悦活母婴用品便携装,C06,母婴用品,1,123.00,2026-03-05 09:08:00,taobao
O000694,U000479,P000086,臻选数码配件旗舰款,C05,数码配件,1,150.00,2026-03-05 09:08:00,taobao
O000694,U000479,P000132,轻氧家居日用便携装,C04,家居日用,1,91.00,2026-03-05 09:08:00,taobao
O000695,U000516,P000165,云感生鲜套装,C09,生鲜,1,43.00,2026-03-05 15:53:00,wechat
O000695,U000516,P000006,轻氧母婴用品旗舰款,C06,母婴用品,4,161.00,2026-03-05 15:53:00,wechat
O000695,U000516,P000082,原野旅行用品便携装,C10,旅行用品,1,253.00,2026-03-05 15:53:00,wechat
O000695,U000516,P000079,悦活服饰日常款,C03,服饰,1,452.00,2026-03-05 15:53:00,wechat
O000696,U000553,P000100,原野运动户外套装,C07,运动户外,4,235.00,2026-03-05 18:21:00,search
O000697,U000590,P000027,云感宠物用品便携装,C08,宠物用品,3,96.00,2026-03-05 17:50:00,search
O000698,U000627,P000017,轻盈食品饮料便携装,C02,食品饮料,1,71.00,2026-03-05 19:39:00,taobao
O000698,U000627,P000046,原野食品饮料旗舰款,C02,食品饮料,1,69.00,2026-03-05 19:39:00,taobao
O000698,U000627,P000002,臻选服饰便携装,C03,服饰,1,332.00,2026-03-05 19:39:00,taobao
O000698,U000627,P000073,悦活家居日用升级版,C04,家居日用,1,147.00,2026-03-05 19:39:00,taobao
O000699,U000664,P000027,云感宠物用品便携装,C08,宠物用品,1,96.00,2026-03-05 11:54:00,offline
O000700,U000701,P000148,原野数码配件升级版,C05,数码配件,1,136.00,2026-03-05 20:00:00,jd
O000700,U000701,P000119,轻盈宠物用品日常款,C08,宠物用品,1,99.00,2026-03-05 20:00:00,jd
O000700,U000701,P000095,轻盈旅行用品套装,C10,旅行用品,1,577.00,2026-03-05 20:00:00,jd
O000701,U000738,P000036,轻氧食品饮料旗舰款,C02,食品饮料,1,73.00,2026-03-05 20:22:00,wechat
O000702,U000775,P000045,云感食品饮料套装,C02,食品饮料,1,67.00,2026-03-05 12:08:00,taobao
O000702,U000775,P000110,臻选美妆个护套装,C01,美妆个护,1,81.00,2026-03-05 12:08:00,taobao
O000702,U000775,P000041,轻盈家居日用旗舰款,C04,家居日用,1,166.00,2026-03-05 12:08:00,taobao
O000702,U000775,P000165,云感生鲜套装,C09,生鲜,1,43.00,2026-03-05 12:08:00,taobao
O000703,U000812,P000069,云感运动户外日常款,C07,运动户外,1,268.00,2026-03-05 12:50:00,douyin
O000703,U000812,P000004,原野旅行用品日常款,C10,旅行用品,2,271.00,2026-03-05 12:50:00,douyin
O000703,U000812,P000072,轻氧美妆个护便携装,C01,美妆个护,1,122.00,2026-03-05 12:50:00,douyin
O000703,U000812,P000126,轻氧旅行用品旗舰款,C10,旅行用品,1,248.00,2026-03-05 12:50:00,douyin
O000704,U000849,P000080,臻选家居日用套装,C04,家居日用,1,148.00,2026-03-05 19:33:00,taobao
O000704,U000849,P000163,悦活生鲜升级版,C09,生鲜,1,69.00,2026-03-05 19:33:00,taobao
O000705,U000886,P000133,悦活美妆个护升级版,C01,美妆个护,1,47.00,2026-03-06 10:33:00,offline
O000706,U000023,P000138,轻氧数码配件升级版,C05,数码配件,1,150.00,2026-03-06 10:07:00,jd
O000706,U000023,P000117,云感食品饮料便携装,C02,食品饮料,1,54.00,2026-03-06 10:07:00,jd
O000706,U000023,P000063,云感母婴用品升级版,C06,母婴用品,1,165.00,2026-03-06 10:07:00,jd
O000707,U000060,P000074,臻选美妆个护日常款,C01,美妆个护,1,71.00,2026-03-06 16:05:00,wechat
O000707,U000060,P000151,悦活美妆个护旗舰款,C01,美妆个护,4,38.00,2026-03-06 16:05:00,wechat
O000708,U000097,P000076,原野美妆个护旗舰款,C01,美妆个护,2,77.00,2026-03-06 21:37:00,taobao
O000709,U000134,P000018,轻氧生鲜升级版,C09,生鲜,2,81.00,2026-03-06 14:27:00,jd
O000709,U000134,P000026,臻选生鲜旗舰款,C09,生鲜,1,88.00,2026-03-06 14:27:00,jd
O000709,U000134,P000050,臻选生鲜套装,C09,生鲜,1,108.00,2026-03-06 14:27:00,jd
O000709,U000134,P000057,云感数码配件便携装,C05,数码配件,2,79.00,2026-03-06 14:27:00,jd
O000710,U000171,P000057,云感数码配件便携装,C05,数码配件,1,79.00,2026-03-06 19:59:00,offline
O000711,U000208,P000057,云感数码配件便携装,C05,数码配件,3,79.00,2026-03-06 22:48:00,offline
O000711,U000208,P000116,臻选数码配件旗舰款,C05,数码配件,2,228.00,2026-03-06 22:48:00,offline
O000711,U000208,P000171,云感生鲜旗舰款,C09,生鲜,1,30.00,2026-03-06 22:48:00,offline
O000711,U000208,P000059,轻盈美妆个护日常款,C01,美妆个护,1,52.00,2026-03-06 22:48:00,offline
O000712,U000245,P000115,悦活美妆个护套装,C01,美妆个护,1,86.00,2026-03-06 21:44:00,search
O000712,U000245,P000024,轻氧食品饮料日常款,C02,食品饮料,1,55.00,2026-03-06 21:44:00,search
O000712,U000245,P000090,轻氧旅行用品套装,C10,旅行用品,1,170.00,2026-03-06 21:44:00,search
O000712,U000245,P000095,轻盈旅行用品套装,C10,旅行用品,3,577.00,2026-03-06 21:44:00,search
O000713,U000282,P000166,原野服饰旗舰款,C03,服饰,1,378.00,2026-03-06 13:14:00,taobao
O000713,U000282,P000018,轻氧生鲜升级版,C09,生鲜,1,81.00,2026-03-06 13:14:00,taobao
O000713,U000282,P000100,原野运动户外套装,C07,运动户外,1,235.00,2026-03-06 13:14:00,taobao
O000714,U000319,P000037,悦活运动户外便携装,C07,运动户外,1,152.00,2026-03-06 22:58:00,wechat
O000714,U000319,P000015,云感母婴用品套装,C06,母婴用品,1,128.00,2026-03-06 22:58:00,wechat
O000714,U000319,P000116,臻选数码配件旗舰款,C05,数码配件,1,228.00,2026-03-06 22:58:00,wechat
O000714,U000319,P000146,臻选生鲜旗舰款,C09,生鲜,1,112.00,2026-03-06 22:58:00,wechat
O000715,U000356,P000147,云感数码配件便携装,C05,数码配件,1,281.00,2026-03-06 22:32:00,offline
O000715,U000356,P000100,原野运动户外套装,C07,运动户外,4,235.00,2026-03-06 22:32:00,offline
O000715,U000356,P000149,轻盈家居日用日常款,C04,家居日用,4,110.00,2026-03-06 22:32:00,offline
O000716,U000393,P000153,云感美妆个护升级版,C01,美妆个护,1,48.00,2026-03-07 20:33:00,douyin
O000716,U000393,P000014,臻选食品饮料日常款,C02,食品饮料,1,60.00,2026-03-07 20:33:00,douyin
O000716,U000393,P000128,臻选旅行用品升级版,C10,旅行用品,1,514.00,2026-03-07 20:33:00,douyin
O000716,U000393,P000015,云感母婴用品套装,C06,母婴用品,3,128.00,2026-03-07 20:33:00,douyin
O000717,U000430,P000018,轻氧生鲜升级版,C09,生鲜,3,81.00,2026-03-07 16:15:00,taobao
O000717,U000430,P000150,轻氧母婴用品套装,C06,母婴用品,1,76.00,2026-03-07 16:15:00,taobao
O000717,U000430,P000070,原野宠物用品套装,C08,宠物用品,4,147.00,2026-03-07 16:15:00,taobao
O000717,U000430,P000051,云感宠物用品旗舰款,C08,宠物用品,1,64.00,2026-03-07 16:15:00,taobao
O000718,U000467,P000029,轻盈食品饮料日常款,C02,食品饮料,4,91.00,2026-03-07 18:37:00,wechat
O000719,U000504,P000162,轻氧食品饮料便携装,C02,食品饮料,1,73.00,2026-03-07 20:51:00,offline
O000719,U000504,P000132,轻氧家居日用便携装,C04,家居日用,1,91.00,2026-03-07 20:51:00,offline
O000720,U000541,P000066,轻氧母婴用品旗舰款,C06,母婴用品,1,76.00,2026-03-07 19:01:00,jd
O000720,U000541,P000092,臻选服饰便携装,C03,服饰,1,291.00,2026-03-07 19:01:00,jd
O000721,U000578,P000153,云感美妆个护升级版,C01,美妆个护,2,48.00,2026-03-07 21:35:00,offline
O000721,U000578,P000161,轻盈家居日用旗舰款,C04,家居日用,1,160.00,2026-03-07 21:35:00,offline
O000721,U000578,P000056,臻选旅行用品旗舰款,C10,旅行用品,1,443.00,2026-03-07 21:35:00,offline
O000721,U000578,P000121,悦活运动户外旗舰款,C07,运动户外,1,291.00,2026-03-07 21:35:00,offline
O000722,U000615,P000019,悦活家居日用日常款,C04,家居日用,1,71.00,2026-03-07 08:50:00,jd
O000722,U000615,P000085,悦活家居日用套装,C04,家居日用,1,70.00,2026-03-07 08:50:00,jd
O000722,U000615,P000123,云感宠物用品升级版,C08,宠物用品,1,83.00,2026-03-07 08:50:00,jd
O000723,U000652,P000168,轻氧服饰升级版,C03,服饰,1,368.00,2026-03-07 18:24:00,search
O000723,U000652,P000067,悦活旅行用品便携装,C10,旅行用品,1,195.00,2026-03-07 18:24:00,search
O000723,U000652,P000063,云感母婴用品升级版,C06,母婴用品,1,165.00,2026-03-07 18:24:00,search
O000724,U000689,P000095,轻盈旅行用品套装,C10,旅行用品,1,577.00,2026-03-07 09:59:00,douyin
O000724,U000689,P000048,轻氧宠物用品升级版,C08,宠物用品,1,142.00,2026-03-07 09:59:00,douyin
O000725,U000726,P000140,臻选食品饮料套装,C02,食品饮料,1,71.00,2026-03-07 11:09:00,jd
O000725,U000726,P000021,云感宠物用品旗舰款,C08,宠物用品,1,160.00,2026-03-07 11:09:00,jd
O000725,U000726,P000145,悦活宠物用品套装,C08,宠物用品,1,42.00,2026-03-07 11:09:00,jd
O000725,U000726,P000081,云感数码配件旗舰款,C05,数码配件,1,152.00,2026-03-07 11:09:00,jd
O000726,U000763,P000136,原野运动户外旗舰款,C07,运动户外,1,169.00,2026-03-07 23:59:00,offline
O000726,U000763,P000085,悦活家居日用套装,C04,家居日用,1,70.00,2026-03-07 23:59:00,offline
O000726,U000763,P000040,原野数码配件套装,C05,数码配件,1,162.00,2026-03-07 23:59:00,offline
O000727,U000800,P000155,轻盈生鲜套装,C09,生鲜,1,106.00,2026-03-08 08:43:00,search
O000728,U000837,P000138,轻氧数码配件升级版,C05,数码配件,4,150.00,2026-03-08 12:39:00,taobao
O000728,U000837,P000046,原野食品饮料旗舰款,C02,食品饮料,1,69.00,2026-03-08 12:39:00,taobao
O000728,U000837,P000009,云感数码配件日常款,C05,数码配件,1,295.00,2026-03-08 12:39:00,taobao
O000729,U000874,P000152,臻选数码配件便携装,C05,数码配件,1,302.00,2026-03-08 20:51:00,wechat
O000730,U000011,P000016,原野运动户外旗舰款,C07,运动户外,1,164.00,2026-03-08 13:03:00,douyin
O000730,U000011,P000154,原野生鲜日常款,C09,生鲜,1,103.00,2026-03-08 13:03:00,douyin
O000730,U000011,P000121,悦活运动户外旗舰款,C07,运动户外,1,291.00,2026-03-08 13:03:00,douyin
O000730,U000011,P000053,轻盈服饰升级版,C03,服饰,1,262.00,2026-03-08 13:03:00,douyin
O000731,U000048,P000137,轻盈数码配件便携装,C05,数码配件,2,216.00,2026-03-08 10:08:00,offline
O000731,U000048,P000096,轻氧数码配件旗舰款,C05,数码配件,1,88.00,2026-03-08 10:08:00,offline
O000731,U000048,P000140,臻选食品饮料套装,C02,食品饮料,1,71.00,2026-03-08 10:08:00,offline
O000732,U000085,P000091,悦活母婴用品旗舰款,C06,母婴用品,1,87.00,2026-03-08 13:32:00,wechat
O000732,U000085,P000026,臻选生鲜旗舰款,C09,生鲜,1,88.00,2026-03-08 13:32:00,wechat
O000732,U000085,P000026,臻选生鲜旗舰款,C09,生鲜,2,88.00,2026-03-08 13:32:00,wechat
O000732,U000085,P000101,轻盈生鲜旗舰款,C09,生鲜,1,111.00,2026-03-08 13:32:00,wechat
O000733,U000122,P000120,轻氧宠物用品套装,C08,宠物用品,1,58.00,2026-03-08 14:03:00,search
O000733,U000122,P000129,云感服饰日常款,C03,服饰,1,307.00,2026-03-08 14:03:00,search
O000733,U000122,P000051,云感宠物用品旗舰款,C08,宠物用品,1,64.00,2026-03-08 14:03:00,search
O000733,U000122,P000022,原野母婴用品便携装,C06,母婴用品,1,190.00,2026-03-08 14:03:00,search
O000734,U000159,P000107,轻盈运动户外便携装,C07,运动户外,4,176.00,2026-03-08 12:01:00,search
O000734,U000159,P000130,原野服饰套装,C03,服饰,4,194.00,2026-03-08 12:01:00,search
O000734,U000159,P000092,臻选服饰便携装,C03,服饰,1,291.00,2026-03-08 12:01:00,search
O000735,U000196,P000079,悦活服饰日常款,C03,服饰,2,452.00,2026-03-08 16:12:00,douyin
O000735,U000196,P000038,臻选母婴用品升级版,C06,母婴用品,1,188.00,2026-03-08 16:12:00,douyin
O000736,U000233,P000156,轻氧母婴用品旗舰款,C06,母婴用品,1,153.00,2026-03-08 17:07:00,taobao
O000736,U000233,P000093,云感生鲜升级版,C09,生鲜,1,39.00,2026-03-08 17:07:00,taobao
O000737,U000270,P000144,轻氧美妆个护日常款,C01,美妆个护,1,118.00,2026-03-08 23:44:00,douyin
O000737,U000270,P000052,原野数码配件便携装,C05,数码配件,1,173.00,2026-03-08 23:44:00,douyin
O000737,U000270,P000032,臻选生鲜便携装,C09,生鲜,1,71.00,2026-03-08 23:44:00,douyin
O000738,U000307,P000136,原野运动户外旗舰款,C07,运动户外,1,169.00,2026-03-09 18:02:00,taobao
O000738,U000307,P000123,云感宠物用品升级版,C08,宠物用品,1,83.00,2026-03-09 18:02:00,taobao
O000738,U000307,P000094,原野运动户外日常款,C07,运动户外,3,136.00,2026-03-09 18:02:00,taobao
O000739,U000344,P000129,云感服饰日常款,C03,服饰,1,307.00,2026-03-09 09:39:00,taobao
O000739,U000344,P000108,轻氧母婴用品升级版,C06,母婴用品,1,86.00,2026-03-09 09:39:00,taobao
O000739,U000344,P000070,原野宠物用品套装,C08,宠物用品,1,147.00,2026-03-09 09:39:00,taobao
O000739,U000344,P000066,轻氧母婴用品旗舰款,C06,母婴用品,1,76.00,2026-03-09 09:39:00,taobao
O000740,U000381,P000086,臻选数码配件旗舰款,C05,数码配件,1,150.00,2026-03-09 08:21:00,offline
O000740,U000381,P000166,原野服饰旗舰款,C03,服饰,1,378.00,2026-03-09 08:21:00,offline
O000740,U000381,P000145,悦活宠物用品套装,C08,宠物用品,1,42.00,2026-03-09 08:21:00,offline
O000741,U000418,P000082,原野旅行用品便携装,C10,旅行用品,1,253.00,2026-03-09 17:03:00,offline
O000741,U000418,P000135,云感数码配件套装,C05,数码配件,1,182.00,2026-03-09 17:03:00,offline
O000741,U000418,P000072,轻氧美妆个护便携装,C01,美妆个护,4,122.00,2026-03-09 17:03:00,offline
O000741,U000418,P000121,悦活运动户外旗舰款,C07,运动户外,4,291.00,2026-03-09 17:03:00,offline
O000742,U000455,P000020,臻选数码配件套装,C05,数码配件,1,252.00,2026-03-09 15:23:00,jd
O000742,U000455,P000101,轻盈生鲜旗舰款,C09,生鲜,1,111.00,2026-03-09 15:23:00,jd
O000742,U000455,P000113,轻盈旅行用品升级版,C10,旅行用品,1,483.00,2026-03-09 15:23:00,jd
O000743,U000492,P000038,臻选母婴用品升级版,C06,母婴用品,1,188.00,2026-03-09 20:20:00,taobao
O000744,U000529,P000085,悦活家居日用套装,C04,家居日用,1,70.00,2026-03-09 19:01:00,douyin
O000744,U000529,P000007,悦活服饰便携装,C03,服饰,1,344.00,2026-03-09 19:01:00,douyin
O000744,U000529,P000135,云感数码配件套装,C05,数码配件,1,182.00,2026-03-09 19:01:00,douyin
O000744,U000529,P000107,轻盈运动户外便携装,C07,运动户外,1,176.00,2026-03-09 19:01:00,douyin
O000745,U000566,P000045,云感食品饮料套装,C02,食品饮料,1,67.00,2026-03-09 11:53:00,jd
O000745,U000566,P000164,臻选食品饮料日常款,C02,食品饮料,1,73.00,2026-03-09 11:53:00,jd
O000745,U000566,P000116,臻选数码配件旗舰款,C05,数码配件,1,228.00,2026-03-09 11:53:00,jd
O000745,U000566,P000105,云感运动户外套装,C07,运动户外,1,142.00,2026-03-09 11:53:00,jd
O000746,U000603,P000122,臻选运动户外便携装,C07,运动户外,4,212.00,2026-03-09 08:09:00,jd
O000746,U000603,P000128,臻选旅行用品升级版,C10,旅行用品,4,514.00,2026-03-09 08:09:00,jd
O000747,U000640,P000132,轻氧家居日用便携装,C04,家居日用,1,91.00,2026-03-09 13:20:00,jd
O000747,U000640,P000068,臻选旅行用品升级版,C10,旅行用品,1,202.00,2026-03-09 13:20:00,jd
O000747,U000640,P000102,轻氧母婴用品便携装,C06,母婴用品,1,104.00,2026-03-09 13:20:00,jd
O000748,U000677,P000121,悦活运动户外旗舰款,C07,运动户外,3,291.00,2026-03-09 21:01:00,offline
O000748,U000677,P000098,臻选家居日用升级版,C04,家居日用,1,90.00,2026-03-09 21:01:00,offline
O000748,U000677,P000113,轻盈旅行用品升级版,C10,旅行用品,2,483.00,2026-03-09 21:01:00,offline
O000748,U000677,P000100,原野运动户外套装,C07,运动户外,1,235.00,2026-03-09 21:01:00,offline
O000749,U000714,P000133,悦活美妆个护升级版,C01,美妆个护,1,47.00,2026-03-10 17:37:00,jd
O000749,U000714,P000023,轻盈食品饮料升级版,C02,食品饮料,1,79.00,2026-03-10 17:37:00,jd
O000749,U000714,P000152,臻选数码配件便携装,C05,数码配件,1,302.00,2026-03-10 17:37:00,jd
O000750,U000751,P000110,臻选美妆个护套装,C01,美妆个护,1,81.00,2026-03-10 20:14:00,jd
O000750,U000751,P000020,臻选数码配件套装,C05,数码配件,3,252.00,2026-03-10 20:14:00,jd
O000750,U000751,P000010,原野旅行用品套装,C10,旅行用品,1,302.00,2026-03-10 20:14:00,jd
O000751,U000788,P000077,轻盈服饰便携装,C03,服饰,4,279.00,2026-03-10 10:24:00,taobao
O000752,U000825,P000098,臻选家居日用升级版,C04,家居日用,1,90.00,2026-03-10 21:16:00,douyin
O000753,U000862,P000134,臻选数码配件日常款,C05,数码配件,1,120.00,2026-03-10 11:04:00,search
O000754,U000899,P000087,云感旅行用品便携装,C10,旅行用品,1,609.00,2026-03-10 14:47:00,douyin
O000755,U000036,P000096,轻氧数码配件旗舰款,C05,数码配件,1,88.00,2026-03-10 10:53:00,taobao
O000755,U000036,P000094,原野运动户外日常款,C07,运动户外,1,136.00,2026-03-10 10:53:00,taobao
O000756,U000073,P000081,云感数码配件旗舰款,C05,数码配件,1,152.00,2026-03-10 14:20:00,douyin
O000756,U000073,P000096,轻氧数码配件旗舰款,C05,数码配件,1,88.00,2026-03-10 14:20:00,douyin
O000756,U000073,P000090,轻氧旅行用品套装,C10,旅行用品,1,170.00,2026-03-10 14:20:00,douyin
O000756,U000073,P000096,轻氧数码配件旗舰款,C05,数码配件,1,88.00,2026-03-10 14:20:00,douyin
O000757,U000110,P000121,悦活运动户外旗舰款,C07,运动户外,1,291.00,2026-03-10 15:00:00,douyin
O000757,U000110,P000156,轻氧母婴用品旗舰款,C06,母婴用品,1,153.00,2026-03-10 15:00:00,douyin
O000757,U000110,P000028,原野数码配件升级版,C05,数码配件,4,158.00,2026-03-10 15:00:00,douyin
O000757,U000110,P000159,云感旅行用品日常款,C10,旅行用品,1,514.00,2026-03-10 15:00:00,douyin
O000758,U000147,P000167,轻盈美妆个护便携装,C01,美妆个护,1,119.00,2026-03-10 20:57:00,wechat
O000758,U000147,P000098,臻选家居日用升级版,C04,家居日用,1,90.00,2026-03-10 20:57:00,wechat
O000758,U000147,P000085,悦活家居日用套装,C04,家居日用,1,70.00,2026-03-10 20:57:00,wechat
O000759,U000184,P000005,轻盈数码配件套装,C05,数码配件,1,256.00,2026-03-10 23:26:00,wechat
O000759,U000184,P000038,臻选母婴用品升级版,C06,母婴用品,1,188.00,2026-03-10 23:26:00,wechat
O000759,U000184,P000156,轻氧母婴用品旗舰款,C06,母婴用品,1,153.00,2026-03-10 23:26:00,wechat
O000760,U000221,P000009,云感数码配件日常款,C05,数码配件,1,295.00,2026-03-11 08:53:00,taobao
O000760,U000221,P000167,轻盈美妆个护便携装,C01,美妆个护,3,119.00,2026-03-11 08:53:00,taobao
O000760,U000221,P000091,悦活母婴用品旗舰款,C06,母婴用品,1,87.00,2026-03-11 08:53:00,taobao
O000760,U000221,P000052,原野数码配件便携装,C05,数码配件,2,173.00,2026-03-11 08:53:00,taobao
O000761,U000258,P000037,悦活运动户外便携装,C07,运动户外,1,152.00,2026-03-11 10:58:00,taobao
O000761,U000258,P000105,云感运动户外套装,C07,运动户外,1,142.00,2026-03-11 10:58:00,taobao
O000761,U000258,P000168,轻氧服饰升级版,C03,服饰,2,368.00,2026-03-11 10:58:00,taobao
O000762,U000295,P000149,轻盈家居日用日常款,C04,家居日用,1,110.00,2026-03-11 18:21:00,search
O000762,U000295,P000126,轻氧旅行用品旗舰款,C10,旅行用品,1,248.00,2026-03-11 18:21:00,search
O000762,U000295,P000112,原野生鲜便携装,C09,生鲜,3,113.00,2026-03-11 18:21:00,search
O000763,U000332,P000150,轻氧母婴用品套装,C06,母婴用品,1,76.00,2026-03-11 21:47:00,taobao
O000763,U000332,P000066,轻氧母婴用品旗舰款,C06,母婴用品,1,76.00,2026-03-11 21:47:00,taobao
O000763,U000332,P000121,悦活运动户外旗舰款,C07,运动户外,1,291.00,2026-03-11 21:47:00,taobao
O000764,U000369,P000051,云感宠物用品旗舰款,C08,宠物用品,4,64.00,2026-03-11 15:43:00,jd
O000764,U000369,P000078,轻氧运动户外升级版,C07,运动户外,1,332.00,2026-03-11 15:43:00,jd
O000765,U000406,P000004,原野旅行用品日常款,C10,旅行用品,1,271.00,2026-03-11 11:19:00,douyin
O000766,U000443,P000058,原野生鲜升级版,C09,生鲜,1,44.00,2026-03-11 23:39:00,douyin
O000766,U000443,P000146,臻选生鲜旗舰款,C09,生鲜,3,112.00,2026-03-11 23:39:00,douyin
O000767,U000480,P000130,原野服饰套装,C03,服饰,1,194.00,2026-03-11 16:43:00,offline
O000768,U000517,P000020,臻选数码配件套装,C05,数码配件,1,252.00,2026-03-11 22:05:00,search
O000768,U000517,P000023,轻盈食品饮料升级版,C02,食品饮料,1,79.00,2026-03-11 22:05:00,search
O000768,U000517,P000099,云感服饰日常款,C03,服饰,1,230.00,2026-03-11 22:05:00,search
O000768,U000517,P000021,云感宠物用品旗舰款,C08,宠物用品,1,160.00,2026-03-11 22:05:00,search
O000769,U000554,P000171,云感生鲜旗舰款,C09,生鲜,1,30.00,2026-03-11 21:36:00,offline
O000769,U000554,P000110,臻选美妆个护套装,C01,美妆个护,1,81.00,2026-03-11 21:36:00,offline
O000770,U000591,P000159,云感旅行用品日常款,C10,旅行用品,1,514.00,2026-03-11 09:00:00,wechat
O000770,U000591,P000138,轻氧数码配件升级版,C05,数码配件,1,150.00,2026-03-11 09:00:00,wechat
O000770,U000591,P000062,臻选旅行用品便携装,C10,旅行用品,1,226.00,2026-03-11 09:00:00,wechat
O000770,U000591,P000106,原野母婴用品旗舰款,C06,母婴用品,1,102.00,2026-03-11 09:00:00,wechat
O000771,U000628,P000106,原野母婴用品旗舰款,C06,母婴用品,1,102.00,2026-03-12 17:41:00,wechat
O000772,U000665,P000117,云感食品饮料便携装,C02,食品饮料,1,54.00,2026-03-12 09:46:00,douyin
O000772,U000665,P000073,悦活家居日用升级版,C04,家居日用,4,147.00,2026-03-12 09:46:00,douyin
O000773,U000702,P000089,轻盈美妆个护日常款,C01,美妆个护,2,69.00,2026-03-12 10:35:00,wechat
O000773,U000702,P000047,轻盈服饰便携装,C03,服饰,1,154.00,2026-03-12 10:35:00,wechat
O000773,U000702,P000165,云感生鲜套装,C09,生鲜,1,43.00,2026-03-12 10:35:00,wechat
O000773,U000702,P000029,轻盈食品饮料日常款,C02,食品饮料,1,91.00,2026-03-12 10:35:00,wechat
O000774,U000739,P000131,轻盈生鲜旗舰款,C09,生鲜,1,85.00,2026-03-12 15:59:00,douyin
O000774,U000739,P000102,轻氧母婴用品便携装,C06,母婴用品,1,104.00,2026-03-12 15:59:00,douyin
O000774,U000739,P000156,轻氧母婴用品旗舰款,C06,母婴用品,4,153.00,2026-03-12 15:59:00,douyin
O000775,U000776,P000009,云感数码配件日常款,C05,数码配件,1,295.00,2026-03-12 11:30:00,douyin
O000776,U000813,P000007,悦活服饰便携装,C03,服饰,1,344.00,2026-03-12 12:27:00,taobao
O000776,U000813,P000140,臻选食品饮料套装,C02,食品饮料,1,71.00,2026-03-12 12:27:00,taobao
O000776,U000813,P000044,臻选食品饮料日常款,C02,食品饮料,1,28.00,2026-03-12 12:27:00,taobao
O000776,U000813,P000058,原野生鲜升级版,C09,生鲜,1,44.00,2026-03-12 12:27:00,taobao
O000777,U000850,P000017,轻盈食品饮料便携装,C02,食品饮料,2,71.00,2026-03-12 20:52:00,taobao
O000777,U000850,P000081,云感数码配件旗舰款,C05,数码配件,3,152.00,2026-03-12 20:52:00,taobao
O000777,U000850,P000127,悦活食品饮料便携装,C02,食品饮料,1,39.00,2026-03-12 20:52:00,taobao
O000778,U000887,P000068,臻选旅行用品升级版,C10,旅行用品,1,202.00,2026-03-12 22:29:00,offline
O000778,U000887,P000138,轻氧数码配件升级版,C05,数码配件,1,150.00,2026-03-12 22:29:00,offline
O000779,U000024,P000129,云感服饰日常款,C03,服饰,1,307.00,2026-03-12 19:10:00,jd
O000779,U000024,P000160,原野旅行用品套装,C10,旅行用品,1,231.00,2026-03-12 19:10:00,jd
O000779,U000024,P000057,云感数码配件便携装,C05,数码配件,1,79.00,2026-03-12 19:10:00,jd
O000779,U000024,P000085,悦活家居日用套装,C04,家居日用,2,70.00,2026-03-12 19:10:00,jd
O000780,U000061,P000055,悦活宠物用品套装,C08,宠物用品,1,100.00,2026-03-12 19:18:00,search
O000781,U000098,P000069,云感运动户外日常款,C07,运动户外,1,268.00,2026-03-12 20:09:00,taobao
O000781,U000098,P000064,原野宠物用品日常款,C08,宠物用品,3,140.00,2026-03-12 20:09:00,taobao
O000781,U000098,P000032,臻选生鲜便携装,C09,生鲜,1,71.00,2026-03-12 20:09:00,taobao
O000782,U000135,P000170,臻选生鲜套装,C09,生鲜,1,77.00,2026-03-13 18:46:00,douyin
O000783,U000172,P000079,悦活服饰日常款,C03,服饰,1,452.00,2026-03-13 23:31:00,taobao
O000783,U000172,P000002,臻选服饰便携装,C03,服饰,1,332.00,2026-03-13 23:31:00,taobao
O000784,U000209,P000046,原野食品饮料旗舰款,C02,食品饮料,1,69.00,2026-03-13 17:00:00,jd
O000784,U000209,P000145,悦活宠物用品套装,C08,宠物用品,1,42.00,2026-03-13 17:00:00,jd
O000784,U000209,P000016,原野运动户外旗舰款,C07,运动户外,1,164.00,2026-03-13 17:00:00,jd
O000785,U000246,P000037,悦活运动户外便携装,C07,运动户外,1,152.00,2026-03-13 13:25:00,offline
O000786,U000283,P000167,轻盈美妆个护便携装,C01,美妆个护,1,119.00,2026-03-13 13:24:00,search
O000786,U000283,P000135,云感数码配件套装,C05,数码配件,1,182.00,2026-03-13 13:24:00,search
O000787,U000320,P000119,轻盈宠物用品日常款,C08,宠物用品,1,99.00,2026-03-13 13:23:00,wechat
O000787,U000320,P000108,轻氧母婴用品升级版,C06,母婴用品,1,86.00,2026-03-13 13:23:00,wechat
O000787,U000320,P000118,原野美妆个护升级版,C01,美妆个护,1,133.00,2026-03-13 13:23:00,wechat
O000788,U000357,P000066,轻氧母婴用品旗舰款,C06,母婴用品,3,76.00,2026-03-13 21:35:00,wechat
O000788,U000357,P000083,轻盈运动户外升级版,C07,运动户外,3,227.00,2026-03-13 21:35:00,wechat
O000788,U000357,P000148,原野数码配件升级版,C05,数码配件,1,136.00,2026-03-13 21:35:00,wechat
O000789,U000394,P000039,云感生鲜日常款,C09,生鲜,1,109.00,2026-03-13 14:51:00,taobao
O000789,U000394,P000157,悦活旅行用品便携装,C10,旅行用品,1,436.00,2026-03-13 14:51:00,taobao
O000789,U000394,P000172,原野宠物用品便携装,C08,宠物用品,3,99.00,2026-03-13 14:51:00,taobao
O000789,U000394,P000167,轻盈美妆个护便携装,C01,美妆个护,1,119.00,2026-03-13 14:51:00,taobao
O000790,U000431,P000135,云感数码配件套装,C05,数码配件,1,182.00,2026-03-13 17:01:00,taobao
O000790,U000431,P000098,臻选家居日用升级版,C04,家居日用,1,90.00,2026-03-13 17:01:00,taobao
O000790,U000431,P000172,原野宠物用品便携装,C08,宠物用品,1,99.00,2026-03-13 17:01:00,taobao
O000791,U000468,P000067,悦活旅行用品便携装,C10,旅行用品,3,195.00,2026-03-13 22:16:00,offline
O000791,U000468,P000134,臻选数码配件日常款,C05,数码配件,1,120.00,2026-03-13 22:16:00,offline
O000792,U000505,P000129,云感服饰日常款,C03,服饰,1,307.00,2026-03-13 15:41:00,search
O000792,U000505,P000172,原野宠物用品便携装,C08,宠物用品,3,99.00,2026-03-13 15:41:00,search
O000793,U000542,P000147,云感数码配件便携装,C05,数码配件,1,281.00,2026-03-14 08:00:00,taobao
O000793,U000542,P000168,轻氧服饰升级版,C03,服饰,1,368.00,2026-03-14 08:00:00,taobao
O000794,U000579,P000068,臻选旅行用品升级版,C10,旅行用品,2,202.00,2026-03-14 20:56:00,wechat
O000794,U000579,P000076,原野美妆个护旗舰款,C01,美妆个护,2,77.00,2026-03-14 20:56:00,wechat
O000794,U000579,P000155,轻盈生鲜套装,C09,生鲜,1,106.00,2026-03-14 20:56:00,wechat
O000794,U000579,P000100,原野运动户外套装,C07,运动户外,1,235.00,2026-03-14 20:56:00,wechat
O000795,U000616,P000164,臻选食品饮料日常款,C02,食品饮料,1,73.00,2026-03-14 18:13:00,jd
O000796,U000653,P000129,云感服饰日常款,C03,服饰,1,307.00,2026-03-14 12:15:00,offline
O000796,U000653,P000089,轻盈美妆个护日常款,C01,美妆个护,1,69.00,2026-03-14 12:15:00,offline
O000796,U000653,P000119,轻盈宠物用品日常款,C08,宠物用品,1,99.00,2026-03-14 12:15:00,offline
O000797,U000690,P000037,悦活运动户外便携装,C07,运动户外,1,152.00,2026-03-14 17:48:00,wechat
O000797,U000690,P000091,悦活母婴用品旗舰款,C06,母婴用品,1,87.00,2026-03-14 17:48:00,wechat
O000798,U000727,P000012,轻氧母婴用品便携装,C06,母婴用品,1,128.00,2026-03-14 16:06:00,jd
O000798,U000727,P000133,悦活美妆个护升级版,C01,美妆个护,1,47.00,2026-03-14 16:06:00,jd
O000798,U000727,P000147,云感数码配件便携装,C05,数码配件,1,281.00,2026-03-14 16:06:00,jd
O000799,U000764,P000046,原野食品饮料旗舰款,C02,食品饮料,1,69.00,2026-03-14 20:49:00,offline
O000799,U000764,P000147,云感数码配件便携装,C05,数码配件,1,281.00,2026-03-14 20:49:00,offline
O000799,U000764,P000004,原野旅行用品日常款,C10,旅行用品,2,271.00,2026-03-14 20:49:00,offline
O000799,U000764,P000145,悦活宠物用品套装,C08,宠物用品,1,42.00,2026-03-14 20:49:00,offline
O000800,U000801,P000142,原野母婴用品便携装,C06,母婴用品,1,161.00,2026-03-14 18:41:00,jd
O000800,U000801,P000097,悦活母婴用品便携装,C06,母婴用品,2,123.00,2026-03-14 18:41:00,jd
O000800,U000801,P000048,轻氧宠物用品升级版,C08,宠物用品,1,142.00,2026-03-14 18:41:00,jd
O000801,U000838,P000101,轻盈生鲜旗舰款,C09,生鲜,1,111.00,2026-03-14 16:51:00,search
O000802,U000875,P000043,悦活服饰升级版,C03,服饰,1,237.00,2026-03-14 22:47:00,taobao
O000802,U000875,P000159,云感旅行用品日常款,C10,旅行用品,1,514.00,2026-03-14 22:47:00,taobao
O000802,U000875,P000008,臻选美妆个护升级版,C01,美妆个护,1,69.00,2026-03-14 22:47:00,taobao
O000803,U000012,P000165,云感生鲜套装,C09,生鲜,1,43.00,2026-03-14 10:37:00,jd
O000804,U000049,P000073,悦活家居日用升级版,C04,家居日用,1,147.00,2026-03-15 16:31:00,jd
O000804,U000049,P000093,云感生鲜升级版,C09,生鲜,1,39.00,2026-03-15 16:31:00,jd
O000804,U000049,P000012,轻氧母婴用品便携装,C06,母婴用品,1,128.00,2026-03-15 16:31:00,jd
O000804,U000049,P000071,轻盈宠物用品旗舰款,C08,宠物用品,1,144.00,2026-03-15 16:31:00,jd
O000805,U000086,P000081,云感数码配件旗舰款,C05,数码配件,1,152.00,2026-03-15 19:59:00,jd
O000805,U000086,P000016,原野运动户外旗舰款,C07,运动户外,2,164.00,2026-03-15 19:59:00,jd
O000805,U000086,P000172,原野宠物用品便携装,C08,宠物用品,1,99.00,2026-03-15 19:59:00,jd
O000806,U000123,P000167,轻盈美妆个护便携装,C01,美妆个护,1,119.00,2026-03-15 13:11:00,search
O000806,U000123,P000039,云感生鲜日常款,C09,生鲜,1,109.00,2026-03-15 13:11:00,search
O000806,U000123,P000166,原野服饰旗舰款,C03,服饰,1,378.00,2026-03-15 13:11:00,search
O000806,U000123,P000140,臻选食品饮料套装,C02,食品饮料,1,71.00,2026-03-15 13:11:00,search
O000807,U000160,P000082,原野旅行用品便携装,C10,旅行用品,3,253.00,2026-03-15 16:56:00,douyin
O000808,U000197,P000013,悦活食品饮料升级版,C02,食品饮料,1,91.00,2026-03-15 09:31:00,douyin
O000809,U000234,P000010,原野旅行用品套装,C10,旅行用品,1,302.00,2026-03-15 22:14:00,search
O000809,U000234,P000025,悦活宠物用品套装,C08,宠物用品,1,105.00,2026-03-15 22:14:00,search
O000809,U000234,P000084,轻氧服饰日常款,C03,服饰,1,130.00,2026-03-15 22:14:00,search
O000810,U000271,P000042,轻氧美妆个护便携装,C01,美妆个护,1,69.00,2026-03-15 19:39:00,jd
O000810,U000271,P000014,臻选食品饮料日常款,C02,食品饮料,1,60.00,2026-03-15 19:39:00,jd
O000810,U000271,P000116,臻选数码配件旗舰款,C05,数码配件,1,228.00,2026-03-15 19:39:00,jd
O000811,U000308,P000109,悦活旅行用品日常款,C10,旅行用品,1,614.00,2026-03-15 16:54:00,douyin
O000811,U000308,P000123,云感宠物用品升级版,C08,宠物用品,1,83.00,2026-03-15 16:54:00,douyin
O000812,U000345,P000131,轻盈生鲜旗舰款,C09,生鲜,1,85.00,2026-03-15 12:34:00,search
O000812,U000345,P000020,臻选数码配件套装,C05,数码配件,1,252.00,2026-03-15 12:34:00,search
O000812,U000345,P000082,原野旅行用品便携装,C10,旅行用品,1,253.00,2026-03-15 12:34:00,search
O000813,U000382,P000153,云感美妆个护升级版,C01,美妆个护,1,48.00,2026-03-15 11:15:00,douyin
O000813,U000382,P000167,轻盈美妆个护便携装,C01,美妆个护,1,119.00,2026-03-15 11:15:00,douyin
O000813,U000382,P000037,悦活运动户外便携装,C07,运动户外,1,152.00,2026-03-15 11:15:00,douyin
O000813,U000382,P000008,臻选美妆个护升级版,C01,美妆个护,2,69.00,2026-03-15 11:15:00,douyin
O000814,U000419,P000033,云感美妆个护升级版,C01,美妆个护,4,88.00,2026-03-15 15:07:00,taobao
O000814,U000419,P000078,轻氧运动户外升级版,C07,运动户外,1,332.00,2026-03-15 15:07:00,taobao
O000814,U000419,P000021,云感宠物用品旗舰款,C08,宠物用品,1,160.00,2026-03-15 15:07:00,taobao
O000814,U000419,P000078,轻氧运动户外升级版,C07,运动户外,1,332.00,2026-03-15 15:07:00,taobao
O000815,U000456,P000069,云感运动户外日常款,C07,运动户外,4,268.00,2026-03-16 11:19:00,douyin
O000816,U000493,P000165,云感生鲜套装,C09,生鲜,1,43.00,2026-03-16 11:52:00,offline
O000816,U000493,P000070,原野宠物用品套装,C08,宠物用品,1,147.00,2026-03-16 11:52:00,offline
O000817,U000530,P000160,原野旅行用品套装,C10,旅行用品,4,231.00,2026-03-16 16:36:00,search
O000818,U000567,P000029,轻盈食品饮料日常款,C02,食品饮料,1,91.00,2026-03-16 19:18:00,wechat
O000818,U000567,P000114,轻氧母婴用品日常款,C06,母婴用品,1,142.00,2026-03-16 19:18:00,wechat
O000819,U000604,P000083,轻盈运动户外升级版,C07,运动户外,1,227.00,2026-03-16 14:33:00,offline
O000820,U000641,P000171,云感生鲜旗舰款,C09,生鲜,1,30.00,2026-03-16 17:49:00,douyin
O000821,U000678,P000054,轻氧美妆个护日常款,C01,美妆个护,1,138.00,2026-03-16 09:23:00,search
O000821,U000678,P000074,臻选美妆个护日常款,C01,美妆个护,1,71.00,2026-03-16 09:23:00,search
O000821,U000678,P000015,云感母婴用品套装,C06,母婴用品,1,128.00,2026-03-16 09:23:00,search
O000822,U000715,P000117,云感食品饮料便携装,C02,食品饮料,4,54.00,2026-03-16 13:22:00,taobao
O000822,U000715,P000143,轻盈美妆个护升级版,C01,美妆个护,1,53.00,2026-03-16 13:22:00,taobao
O000822,U000715,P000103,悦活美妆个护升级版,C01,美妆个护,4,76.00,2026-03-16 13:22:00,taobao
O000823,U000752,P000114,轻氧母婴用品日常款,C06,母婴用品,1,142.00,2026-03-16 15:16:00,taobao
O000823,U000752,P000045,云感食品饮料套装,C02,食品饮料,2,67.00,2026-03-16 15:16:00,taobao
O000824,U000789,P000138,轻氧数码配件升级版,C05,数码配件,1,150.00,2026-03-16 11:38:00,jd
O000824,U000789,P000114,轻氧母婴用品日常款,C06,母婴用品,1,142.00,2026-03-16 11:38:00,jd
O000824,U000789,P000167,轻盈美妆个护便携装,C01,美妆个护,1,119.00,2026-03-16 11:38:00,jd
O000824,U000789,P000098,臻选家居日用升级版,C04,家居日用,4,90.00,2026-03-16 11:38:00,jd
O000825,U000826,P000008,臻选美妆个护升级版,C01,美妆个护,1,69.00,2026-03-16 14:43:00,jd
O000825,U000826,P000143,轻盈美妆个护升级版,C01,美妆个护,4,53.00,2026-03-16 14:43:00,jd
O000825,U000826,P000075,云感母婴用品套装,C06,母婴用品,1,82.00,2026-03-16 14:43:00,jd
O000825,U000826,P000010,原野旅行用品套装,C10,旅行用品,1,302.00,2026-03-16 14:43:00,jd
O000826,U000863,P000168,轻氧服饰升级版,C03,服饰,1,368.00,2026-03-17 16:50:00,taobao
O000826,U000863,P000005,轻盈数码配件套装,C05,数码配件,1,256.00,2026-03-17 16:50:00,taobao
O000826,U000863,P000071,轻盈宠物用品旗舰款,C08,宠物用品,1,144.00,2026-03-17 16:50:00,taobao
O000827,U000900,P000089,轻盈美妆个护日常款,C01,美妆个护,1,69.00,2026-03-17 14:44:00,taobao
O000827,U000900,P000140,臻选食品饮料套装,C02,食品饮料,1,71.00,2026-03-17 14:44:00,taobao
O000827,U000900,P000169,悦活生鲜日常款,C09,生鲜,1,42.00,2026-03-17 14:44:00,taobao
O000828,U000037,P000167,轻盈美妆个护便携装,C01,美妆个护,1,119.00,2026-03-17 18:13:00,douyin
O000828,U000037,P000008,臻选美妆个护升级版,C01,美妆个护,1,69.00,2026-03-17 18:13:00,douyin
O000828,U000037,P000022,原野母婴用品便携装,C06,母婴用品,1,190.00,2026-03-17 18:13:00,douyin
O000829,U000074,P000063,云感母婴用品升级版,C06,母婴用品,1,165.00,2026-03-17 10:21:00,wechat
O000829,U000074,P000006,轻氧母婴用品旗舰款,C06,母婴用品,1,161.00,2026-03-17 10:21:00,wechat
O000829,U000074,P000019,悦活家居日用日常款,C04,家居日用,1,71.00,2026-03-17 10:21:00,wechat
O000830,U000111,P000139,悦活运动户外日常款,C07,运动户外,1,358.00,2026-03-17 12:17:00,douyin
O000830,U000111,P000016,原野运动户外旗舰款,C07,运动户外,1,164.00,2026-03-17 12:17:00,douyin
O000831,U000148,P000049,悦活数码配件日常款,C05,数码配件,1,141.00,2026-03-17 16:55:00,jd
O000831,U000148,P000041,轻盈家居日用旗舰款,C04,家居日用,1,166.00,2026-03-17 16:55:00,jd
O000831,U000148,P000038,臻选母婴用品升级版,C06,母婴用品,4,188.00,2026-03-17 16:55:00,jd
O000832,U000185,P000046,原野食品饮料旗舰款,C02,食品饮料,1,69.00,2026-03-17 11:02:00,wechat
O000832,U000185,P000168,轻氧服饰升级版,C03,服饰,1,368.00,2026-03-17 11:02:00,wechat
O000832,U000185,P000025,悦活宠物用品套装,C08,宠物用品,1,105.00,2026-03-17 11:02:00,wechat
O000833,U000222,P000055,悦活宠物用品套装,C08,宠物用品,1,100.00,2026-03-17 22:22:00,jd
O000833,U000222,P000160,原野旅行用品套装,C10,旅行用品,1,231.00,2026-03-17 22:22:00,jd
O000833,U000222,P000114,轻氧母婴用品日常款,C06,母婴用品,1,142.00,2026-03-17 22:22:00,jd
O000833,U000222,P000111,云感宠物用品旗舰款,C08,宠物用品,4,117.00,2026-03-17 22:22:00,jd
O000834,U000259,P000035,轻盈家居日用套装,C04,家居日用,1,116.00,2026-03-17 08:35:00,jd
O000834,U000259,P000048,轻氧宠物用品升级版,C08,宠物用品,2,142.00,2026-03-17 08:35:00,jd
O000834,U000259,P000133,悦活美妆个护升级版,C01,美妆个护,1,47.00,2026-03-17 08:35:00,jd
O000835,U000296,P000079,悦活服饰日常款,C03,服饰,1,452.00,2026-03-17 18:35:00,search
O000836,U000333,P000151,悦活美妆个护旗舰款,C01,美妆个护,3,38.00,2026-03-17 11:52:00,search
O000836,U000333,P000014,臻选食品饮料日常款,C02,食品饮料,1,60.00,2026-03-17 11:52:00,search
O000836,U000333,P000025,悦活宠物用品套装,C08,宠物用品,1,105.00,2026-03-17 11:52:00,search
O000836,U000333,P000102,轻氧母婴用品便携装,C06,母婴用品,1,104.00,2026-03-17 11:52:00,search
O000837,U000370,P000090,轻氧旅行用品套装,C10,旅行用品,1,170.00,2026-03-18 13:53:00,taobao
O000837,U000370,P000093,云感生鲜升级版,C09,生鲜,1,39.00,2026-03-18 13:53:00,taobao
O000837,U000370,P000044,臻选食品饮料日常款,C02,食品饮料,4,28.00,2026-03-18 13:53:00,taobao
O000837,U000370,P000065,轻盈生鲜套装,C09,生鲜,4,41.00,2026-03-18 13:53:00,taobao
O000838,U000407,P000010,原野旅行用品套装,C10,旅行用品,1,302.00,2026-03-18 16:53:00,wechat
O000838,U000407,P000107,轻盈运动户外便携装,C07,运动户外,1,176.00,2026-03-18 16:53:00,wechat
O000838,U000407,P000158,臻选母婴用品升级版,C06,母婴用品,1,121.00,2026-03-18 16:53:00,wechat
O000838,U000407,P000052,原野数码配件便携装,C05,数码配件,1,173.00,2026-03-18 16:53:00,wechat
O000839,U000444,P000108,轻氧母婴用品升级版,C06,母婴用品,1,86.00,2026-03-18 10:39:00,offline
O000839,U000444,P000139,悦活运动户外日常款,C07,运动户外,1,358.00,2026-03-18 10:39:00,offline
O000839,U000444,P000166,原野服饰旗舰款,C03,服饰,1,378.00,2026-03-18 10:39:00,offline
O000840,U000481,P000129,云感服饰日常款,C03,服饰,1,307.00,2026-03-18 19:15:00,wechat
O000840,U000481,P000074,臻选美妆个护日常款,C01,美妆个护,1,71.00,2026-03-18 19:15:00,wechat
O000840,U000481,P000108,轻氧母婴用品升级版,C06,母婴用品,1,86.00,2026-03-18 19:15:00,wechat
O000841,U000518,P000022,原野母婴用品便携装,C06,母婴用品,1,190.00,2026-03-18 21:43:00,offline
O000841,U000518,P000088,原野家居日用升级版,C04,家居日用,1,89.00,2026-03-18 21:43:00,offline
O000841,U000518,P000002,臻选服饰便携装,C03,服饰,1,332.00,2026-03-18 21:43:00,offline
O000841,U000518,P000051,云感宠物用品旗舰款,C08,宠物用品,1,64.00,2026-03-18 21:43:00,offline
O000842,U000555,P000060,轻氧数码配件套装,C05,数码配件,1,269.00,2026-03-18 17:35:00,douyin
O000843,U000592,P000116,臻选数码配件旗舰款,C05,数码配件,1,228.00,2026-03-18 13:02:00,jd
O000843,U000592,P000030,轻氧家居日用套装,C04,家居日用,1,106.00,2026-03-18 13:02:00,jd
O000844,U000629,P000008,臻选美妆个护升级版,C01,美妆个护,2,69.00,2026-03-18 13:22:00,taobao
O000845,U000666,P000064,原野宠物用品日常款,C08,宠物用品,1,140.00,2026-03-18 16:34:00,douyin
O000845,U000666,P000145,悦活宠物用品套装,C08,宠物用品,1,42.00,2026-03-18 16:34:00,douyin
O000845,U000666,P000012,轻氧母婴用品便携装,C06,母婴用品,2,128.00,2026-03-18 16:34:00,douyin
O000845,U000666,P000099,云感服饰日常款,C03,服饰,1,230.00,2026-03-18 16:34:00,douyin
O000846,U000703,P000125,轻盈生鲜套装,C09,生鲜,1,62.00,2026-03-18 09:58:00,offline
O000846,U000703,P000067,悦活旅行用品便携装,C10,旅行用品,1,195.00,2026-03-18 09:58:00,offline
O000846,U000703,P000138,轻氧数码配件升级版,C05,数码配件,1,150.00,2026-03-18 09:58:00,offline
O000847,U000740,P000069,云感运动户外日常款,C07,运动户外,1,268.00,2026-03-18 12:02:00,search
O000847,U000740,P000116,臻选数码配件旗舰款,C05,数码配件,1,228.00,2026-03-18 12:02:00,search
O000848,U000777,P000059,轻盈美妆个护日常款,C01,美妆个护,1,52.00,2026-03-19 23:23:00,wechat
O000848,U000777,P000108,轻氧母婴用品升级版,C06,母婴用品,1,86.00,2026-03-19 23:23:00,wechat
O000848,U000777,P000063,云感母婴用品升级版,C06,母婴用品,2,165.00,2026-03-19 23:23:00,wechat
O000849,U000814,P000093,云感生鲜升级版,C09,生鲜,4,39.00,2026-03-19 13:24:00,jd
O000849,U000814,P000075,云感母婴用品套装,C06,母婴用品,2,82.00,2026-03-19 13:24:00,jd
O000849,U000814,P000056,臻选旅行用品旗舰款,C10,旅行用品,1,443.00,2026-03-19 13:24:00,jd
O000850,U000851,P000086,臻选数码配件旗舰款,C05,数码配件,1,150.00,2026-03-19 23:30:00,search
O000850,U000851,P000123,云感宠物用品升级版,C08,宠物用品,3,83.00,2026-03-19 23:30:00,search
O000850,U000851,P000146,臻选生鲜旗舰款,C09,生鲜,1,112.00,2026-03-19 23:30:00,search
O000851,U000888,P000011,轻盈旅行用品旗舰款,C10,旅行用品,1,224.00,2026-03-19 18:18:00,jd
O000851,U000888,P000004,原野旅行用品日常款,C10,旅行用品,1,271.00,2026-03-19 18:18:00,jd
O000852,U000025,P000036,轻氧食品饮料旗舰款,C02,食品饮料,3,73.00,2026-03-19 08:19:00,douyin
O000852,U000025,P000056,臻选旅行用品旗舰款,C10,旅行用品,1,443.00,2026-03-19 08:19:00,douyin
O000853,U000062,P000121,悦活运动户外旗舰款,C07,运动户外,1,291.00,2026-03-19 13:46:00,douyin
O000853,U000062,P000110,臻选美妆个护套装,C01,美妆个护,1,81.00,2026-03-19 13:46:00,douyin
O000854,U000099,P000041,轻盈家居日用旗舰款,C04,家居日用,1,166.00,2026-03-19 21:14:00,offline
O000854,U000099,P000056,臻选旅行用品旗舰款,C10,旅行用品,1,443.00,2026-03-19 21:14:00,offline
O000854,U000099,P000164,臻选食品饮料日常款,C02,食品饮料,1,73.00,2026-03-19 21:14:00,offline
O000854,U000099,P000160,原野旅行用品套装,C10,旅行用品,4,231.00,2026-03-19 21:14:00,offline
O000855,U000136,P000165,云感生鲜套装,C09,生鲜,2,43.00,2026-03-19 19:02:00,search
O000855,U000136,P000031,悦活运动户外旗舰款,C07,运动户外,1,98.00,2026-03-19 19:02:00,search
O000855,U000136,P000035,轻盈家居日用套装,C04,家居日用,1,116.00,2026-03-19 19:02:00,search
O000855,U000136,P000004,原野旅行用品日常款,C10,旅行用品,1,271.00,2026-03-19 19:02:00,search
O000856,U000173,P000155,轻盈生鲜套装,C09,生鲜,1,106.00,2026-03-19 17:20:00,search
O000856,U000173,P000016,原野运动户外旗舰款,C07,运动户外,1,164.00,2026-03-19 17:20:00,search
O000856,U000173,P000053,轻盈服饰升级版,C03,服饰,1,262.00,2026-03-19 17:20:00,search
O000856,U000173,P000045,云感食品饮料套装,C02,食品饮料,1,67.00,2026-03-19 17:20:00,search
O000857,U000210,P000079,悦活服饰日常款,C03,服饰,1,452.00,2026-03-19 09:04:00,search
O000857,U000210,P000136,原野运动户外旗舰款,C07,运动户外,1,169.00,2026-03-19 09:04:00,search
O000857,U000210,P000082,原野旅行用品便携装,C10,旅行用品,1,253.00,2026-03-19 09:04:00,search
O000858,U000247,P000054,轻氧美妆个护日常款,C01,美妆个护,1,138.00,2026-03-19 16:23:00,wechat
O000858,U000247,P000161,轻盈家居日用旗舰款,C04,家居日用,1,160.00,2026-03-19 16:23:00,wechat
O000858,U000247,P000064,原野宠物用品日常款,C08,宠物用品,1,140.00,2026-03-19 16:23:00,wechat
O000859,U000284,P000111,云感宠物用品旗舰款,C08,宠物用品,4,117.00,2026-03-20 08:59:00,search
O000859,U000284,P000052,原野数码配件便携装,C05,数码配件,1,173.00,2026-03-20 08:59:00,search
O000859,U000284,P000077,轻盈服饰便携装,C03,服饰,1,279.00,2026-03-20 08:59:00,search
O000860,U000321,P000053,轻盈服饰升级版,C03,服饰,1,262.00,2026-03-20 14:01:00,douyin
O000861,U000358,P000172,原野宠物用品便携装,C08,宠物用品,1,99.00,2026-03-20 10:45:00,wechat
O000861,U000358,P000131,轻盈生鲜旗舰款,C09,生鲜,1,85.00,2026-03-20 10:45:00,wechat
O000862,U000395,P000047,轻盈服饰便携装,C03,服饰,1,154.00,2026-03-20 19:27:00,taobao
O000862,U000395,P000039,云感生鲜日常款,C09,生鲜,1,109.00,2026-03-20 19:27:00,taobao
O000863,U000432,P000028,原野数码配件升级版,C05,数码配件,1,158.00,2026-03-20 10:04:00,wechat
O000863,U000432,P000084,轻氧服饰日常款,C03,服饰,2,130.00,2026-03-20 10:04:00,wechat
O000863,U000432,P000008,臻选美妆个护升级版,C01,美妆个护,1,69.00,2026-03-20 10:04:00,wechat
O000863,U000432,P000100,原野运动户外套装,C07,运动户外,1,235.00,2026-03-20 10:04:00,wechat
O000864,U000469,P000092,臻选服饰便携装,C03,服饰,1,291.00,2026-03-20 21:21:00,offline
O000864,U000469,P000051,云感宠物用品旗舰款,C08,宠物用品,1,64.00,2026-03-20 21:21:00,offline
O000864,U000469,P000027,云感宠物用品便携装,C08,宠物用品,1,96.00,2026-03-20 21:21:00,offline
O000865,U000506,P000153,云感美妆个护升级版,C01,美妆个护,1,48.00,2026-03-20 17:04:00,search
O000865,U000506,P000006,轻氧母婴用品旗舰款,C06,母婴用品,1,161.00,2026-03-20 17:04:00,search
O000865,U000506,P000172,原野宠物用品便携装,C08,宠物用品,1,99.00,2026-03-20 17:04:00,search
O000866,U000543,P000129,云感服饰日常款,C03,服饰,1,307.00,2026-03-20 09:13:00,jd
O000867,U000580,P000002,臻选服饰便携装,C03,服饰,1,332.00,2026-03-20 17:23:00,wechat
O000867,U000580,P000127,悦活食品饮料便携装,C02,食品饮料,1,39.00,2026-03-20 17:23:00,wechat
O000867,U000580,P000050,臻选生鲜套装,C09,生鲜,1,108.00,2026-03-20 17:23:00,wechat
O000868,U000617,P000145,悦活宠物用品套装,C08,宠物用品,1,42.00,2026-03-20 20:10:00,offline
O000868,U000617,P000135,云感数码配件套装,C05,数码配件,2,182.00,2026-03-20 20:10:00,offline
O000868,U000617,P000152,臻选数码配件便携装,C05,数码配件,1,302.00,2026-03-20 20:10:00,offline
O000869,U000654,P000046,原野食品饮料旗舰款,C02,食品饮料,3,69.00,2026-03-20 16:28:00,wechat
O000869,U000654,P000023,轻盈食品饮料升级版,C02,食品饮料,1,79.00,2026-03-20 16:28:00,wechat
O000869,U000654,P000097,悦活母婴用品便携装,C06,母婴用品,4,123.00,2026-03-20 16:28:00,wechat
O000870,U000691,P000127,悦活食品饮料便携装,C02,食品饮料,1,39.00,2026-03-21 08:26:00,taobao
O000870,U000691,P000090,轻氧旅行用品套装,C10,旅行用品,1,170.00,2026-03-21 08:26:00,taobao
O000870,U000691,P000090,轻氧旅行用品套装,C10,旅行用品,1,170.00,2026-03-21 08:26:00,taobao
O000870,U000691,P000058,原野生鲜升级版,C09,生鲜,1,44.00,2026-03-21 08:26:00,taobao
O000871,U000728,P000134,臻选数码配件日常款,C05,数码配件,1,120.00,2026-03-21 22:43:00,taobao
O000872,U000765,P000097,悦活母婴用品便携装,C06,母婴用品,2,123.00,2026-03-21 12:03:00,jd
O000872,U000765,P000096,轻氧数码配件旗舰款,C05,数码配件,4,88.00,2026-03-21 12:03:00,jd
O000872,U000765,P000088,原野家居日用升级版,C04,家居日用,1,89.00,2026-03-21 12:03:00,jd
O000872,U000765,P000126,轻氧旅行用品旗舰款,C10,旅行用品,4,248.00,2026-03-21 12:03:00,jd
O000873,U000802,P000099,云感服饰日常款,C03,服饰,1,230.00,2026-03-21 11:44:00,search
O000874,U000839,P000079,悦活服饰日常款,C03,服饰,1,452.00,2026-03-21 17:50:00,jd
O000874,U000839,P000171,云感生鲜旗舰款,C09,生鲜,4,30.00,2026-03-21 17:50:00,jd
O000874,U000839,P000111,云感宠物用品旗舰款,C08,宠物用品,1,117.00,2026-03-21 17:50:00,jd
O000874,U000839,P000109,悦活旅行用品日常款,C10,旅行用品,1,614.00,2026-03-21 17:50:00,jd
O000875,U000876,P000031,悦活运动户外旗舰款,C07,运动户外,1,98.00,2026-03-21 17:09:00,taobao
O000876,U000013,P000027,云感宠物用品便携装,C08,宠物用品,4,96.00,2026-03-21 20:46:00,jd
O000876,U000013,P000015,云感母婴用品套装,C06,母婴用品,2,128.00,2026-03-21 20:46:00,jd
O000876,U000013,P000156,轻氧母婴用品旗舰款,C06,母婴用品,2,153.00,2026-03-21 20:46:00,jd
O000876,U000013,P000096,轻氧数码配件旗舰款,C05,数码配件,4,88.00,2026-03-21 20:46:00,jd
O000877,U000050,P000151,悦活美妆个护旗舰款,C01,美妆个护,3,38.00,2026-03-21 09:56:00,taobao
O000877,U000050,P000131,轻盈生鲜旗舰款,C09,生鲜,1,85.00,2026-03-21 09:56:00,taobao
O000878,U000087,P000056,臻选旅行用品旗舰款,C10,旅行用品,2,443.00,2026-03-21 10:30:00,taobao
O000878,U000087,P000015,云感母婴用品套装,C06,母婴用品,1,128.00,2026-03-21 10:30:00,taobao
O000879,U000124,P000041,轻盈家居日用旗舰款,C04,家居日用,1,166.00,2026-03-21 22:27:00,jd
O000879,U000124,P000064,原野宠物用品日常款,C08,宠物用品,1,140.00,2026-03-21 22:27:00,jd
O000879,U000124,P000009,云感数码配件日常款,C05,数码配件,1,295.00,2026-03-21 22:27:00,jd
O000880,U000161,P000043,悦活服饰升级版,C03,服饰,1,237.00,2026-03-21 15:36:00,jd
O000880,U000161,P000052,原野数码配件便携装,C05,数码配件,1,173.00,2026-03-21 15:36:00,jd
O000880,U000161,P000018,轻氧生鲜升级版,C09,生鲜,2,81.00,2026-03-21 15:36:00,jd
O000880,U000161,P000017,轻盈食品饮料便携装,C02,食品饮料,1,71.00,2026-03-21 15:36:00,jd
O000881,U000198,P000101,轻盈生鲜旗舰款,C09,生鲜,1,111.00,2026-03-22 16:26:00,taobao
O000881,U000198,P000122,臻选运动户外便携装,C07,运动户外,1,212.00,2026-03-22 16:26:00,taobao
O000881,U000198,P000064,原野宠物用品日常款,C08,宠物用品,1,140.00,2026-03-22 16:26:00,taobao
O000882,U000235,P000017,轻盈食品饮料便携装,C02,食品饮料,1,71.00,2026-03-22 22:38:00,wechat
O000882,U000235,P000164,臻选食品饮料日常款,C02,食品饮料,1,73.00,2026-03-22 22:38:00,wechat
O000882,U000235,P000056,臻选旅行用品旗舰款,C10,旅行用品,1,443.00,2026-03-22 22:38:00,wechat
O000883,U000272,P000016,原野运动户外旗舰款,C07,运动户外,1,164.00,2026-03-22 17:24:00,jd
O000884,U000309,P000060,轻氧数码配件套装,C05,数码配件,1,269.00,2026-03-22 15:17:00,wechat
O000884,U000309,P000099,云感服饰日常款,C03,服饰,1,230.00,2026-03-22 15:17:00,wechat
O000885,U000346,P000147,云感数码配件便携装,C05,数码配件,1,281.00,2026-03-22 14:04:00,jd
O000886,U000383,P000167,轻盈美妆个护便携装,C01,美妆个护,3,119.00,2026-03-22 13:23:00,douyin
O000886,U000383,P000053,轻盈服饰升级版,C03,服饰,1,262.00,2026-03-22 13:23:00,douyin
O000886,U000383,P000010,原野旅行用品套装,C10,旅行用品,1,302.00,2026-03-22 13:23:00,douyin
O000886,U000383,P000170,臻选生鲜套装,C09,生鲜,1,77.00,2026-03-22 13:23:00,douyin
O000887,U000420,P000031,悦活运动户外旗舰款,C07,运动户外,1,98.00,2026-03-22 11:29:00,douyin
O000887,U000420,P000003,云感生鲜升级版,C09,生鲜,1,73.00,2026-03-22 11:29:00,douyin
O000887,U000420,P000147,云感数码配件便携装,C05,数码配件,1,281.00,2026-03-22 11:29:00,douyin
O000888,U000457,P000131,轻盈生鲜旗舰款,C09,生鲜,2,85.00,2026-03-22 09:18:00,wechat
O000888,U000457,P000020,臻选数码配件套装,C05,数码配件,1,252.00,2026-03-22 09:18:00,wechat
O000889,U000494,P000118,原野美妆个护升级版,C01,美妆个护,1,133.00,2026-03-22 12:33:00,jd
O000889,U000494,P000087,云感旅行用品便携装,C10,旅行用品,1,609.00,2026-03-22 12:33:00,jd
O000889,U000494,P000049,悦活数码配件日常款,C05,数码配件,3,141.00,2026-03-22 12:33:00,jd
O000889,U000494,P000078,轻氧运动户外升级版,C07,运动户外,1,332.00,2026-03-22 12:33:00,jd
O000890,U000531,P000026,臻选生鲜旗舰款,C09,生鲜,1,88.00,2026-03-22 08:06:00,jd
O000890,U000531,P000004,原野旅行用品日常款,C10,旅行用品,1,271.00,2026-03-22 08:06:00,jd
O000890,U000531,P000031,悦活运动户外旗舰款,C07,运动户外,1,98.00,2026-03-22 08:06:00,jd
O000891,U000568,P000017,轻盈食品饮料便携装,C02,食品饮料,2,71.00,2026-03-22 15:27:00,taobao
O000891,U000568,P000064,原野宠物用品日常款,C08,宠物用品,1,140.00,2026-03-22 15:27:00,taobao
O000891,U000568,P000005,轻盈数码配件套装,C05,数码配件,1,256.00,2026-03-22 15:27:00,taobao
O000892,U000605,P000027,云感宠物用品便携装,C08,宠物用品,2,96.00,2026-03-23 20:16:00,search
O000892,U000605,P000168,轻氧服饰升级版,C03,服饰,1,368.00,2026-03-23 20:16:00,search
O000893,U000642,P000101,轻盈生鲜旗舰款,C09,生鲜,3,111.00,2026-03-23 11:51:00,taobao
O000894,U000679,P000090,轻氧旅行用品套装,C10,旅行用品,1,170.00,2026-03-23 21:19:00,jd
O000894,U000679,P000001,悦活家居日用旗舰款,C04,家居日用,1,141.00,2026-03-23 21:19:00,jd
O000894,U000679,P000049,悦活数码配件日常款,C05,数码配件,1,141.00,2026-03-23 21:19:00,jd
O000895,U000716,P000020,臻选数码配件套装,C05,数码配件,1,252.00,2026-03-23 13:44:00,jd
O000895,U000716,P000140,臻选食品饮料套装,C02,食品饮料,1,71.00,2026-03-23 13:44:00,jd
O000895,U000716,P000105,云感运动户外套装,C07,运动户外,1,142.00,2026-03-23 13:44:00,jd
O000895,U000716,P000060,轻氧数码配件套装,C05,数码配件,1,269.00,2026-03-23 13:44:00,jd
O000896,U000753,P000088,原野家居日用升级版,C04,家居日用,3,89.00,2026-03-23 10:49:00,taobao
O000896,U000753,P000041,轻盈家居日用旗舰款,C04,家居日用,1,166.00,2026-03-23 10:49:00,taobao
O000896,U000753,P000038,臻选母婴用品升级版,C06,母婴用品,1,188.00,2026-03-23 10:49:00,taobao
O000896,U000753,P000138,轻氧数码配件升级版,C05,数码配件,1,150.00,2026-03-23 10:49:00,taobao
O000897,U000790,P000163,悦活生鲜升级版,C09,生鲜,1,69.00,2026-03-23 12:04:00,wechat
O000897,U000790,P000142,原野母婴用品便携装,C06,母婴用品,1,161.00,2026-03-23 12:04:00,wechat
O000897,U000790,P000079,悦活服饰日常款,C03,服饰,1,452.00,2026-03-23 12:04:00,wechat
O000898,U000827,P000127,悦活食品饮料便携装,C02,食品饮料,1,39.00,2026-03-23 21:40:00,search
O000898,U000827,P000045,云感食品饮料套装,C02,食品饮料,3,67.00,2026-03-23 21:40:00,search
O000899,U000864,P000123,云感宠物用品升级版,C08,宠物用品,1,83.00,2026-03-23 12:36:00,wechat
O000899,U000864,P000119,轻盈宠物用品日常款,C08,宠物用品,3,99.00,2026-03-23 12:36:00,wechat
O000900,U000001,P000136,原野运动户外旗舰款,C07,运动户外,1,169.00,2026-03-23 13:55:00,jd
O000901,U000698,P000115,悦活美妆个护套装,C01,美妆个护,1,86.00,2026-03-23 18:45:00,wechat
O000901,U000698,P000090,轻氧旅行用品套装,C10,旅行用品,1,170.00,2026-03-23 18:45:00,wechat
O000901,U000698,P000020,臻选数码配件套装,C05,数码配件,2,252.00,2026-03-23 18:45:00,wechat
O000902,U000263,P000116,臻选数码配件旗舰款,C05,数码配件,1,228.00,2026-03-23 16:00:00,taobao
O000903,U000063,P000140,臻选食品饮料套装,C02,食品饮料,3,71.00,2026-03-24 22:29:00,wechat
O000903,U000063,P000160,原野旅行用品套装,C10,旅行用品,1,231.00,2026-03-24 22:29:00,wechat
O000903,U000063,P000051,云感宠物用品旗舰款,C08,宠物用品,1,64.00,2026-03-24 22:29:00,wechat
O000903,U000063,P000132,轻氧家居日用便携装,C04,家居日用,1,91.00,2026-03-24 22:29:00,wechat
O000904,U000774,P000150,轻氧母婴用品套装,C06,母婴用品,1,76.00,2026-03-24 11:20:00,taobao
O000904,U000774,P000028,原野数码配件升级版,C05,数码配件,1,158.00,2026-03-24 11:20:00,taobao
O000904,U000774,P000100,原野运动户外套装,C07,运动户外,4,235.00,2026-03-24 11:20:00,taobao
O000904,U000774,P000123,云感宠物用品升级版,C08,宠物用品,1,83.00,2026-03-24 11:20:00,taobao
O000905,U000140,P000061,悦活家居日用旗舰款,C04,家居日用,1,157.00,2026-03-24 18:03:00,jd
O000905,U000140,P000050,臻选生鲜套装,C09,生鲜,1,108.00,2026-03-24 18:03:00,jd
O000905,U000140,P000141,云感数码配件旗舰款,C05,数码配件,1,220.00,2026-03-24 18:03:00,jd
O000906,U000157,P000171,云感生鲜旗舰款,C09,生鲜,1,30.00,2026-03-24 14:44:00,jd
O000906,U000157,P000127,悦活食品饮料便携装,C02,食品饮料,4,39.00,2026-03-24 14:44:00,jd
O000907,U000031,P000057,云感数码配件便携装,C05,数码配件,1,79.00,2026-03-24 14:47:00,jd
O000907,U000031,P000160,原野旅行用品套装,C10,旅行用品,1,231.00,2026-03-24 14:47:00,jd
O000908,U000027,P000168,轻氧服饰升级版,C03,服饰,1,368.00,2026-03-24 16:44:00,wechat
O000909,U000584,P000026,臻选生鲜旗舰款,C09,生鲜,3,88.00,2026-03-24 19:01:00,taobao
O000909,U000584,P000020,臻选数码配件套装,C05,数码配件,1,252.00,2026-03-24 19:01:00,taobao
O000910,U000700,P000068,臻选旅行用品升级版,C10,旅行用品,1,202.00,2026-03-24 09:00:00,wechat
O000910,U000700,P000126,轻氧旅行用品旗舰款,C10,旅行用品,1,248.00,2026-03-24 09:00:00,wechat
O000911,U000359,P000061,悦活家居日用旗舰款,C04,家居日用,1,157.00,2026-03-24 17:37:00,jd
O000911,U000359,P000128,臻选旅行用品升级版,C10,旅行用品,1,514.00,2026-03-24 17:37:00,jd
O000912,U000426,P000098,臻选家居日用升级版,C04,家居日用,4,90.00,2026-03-24 20:33:00,taobao
O000912,U000426,P000052,原野数码配件便携装,C05,数码配件,1,173.00,2026-03-24 20:33:00,taobao
O000912,U000426,P000063,云感母婴用品升级版,C06,母婴用品,4,165.00,2026-03-24 20:33:00,taobao
O000912,U000426,P000110,臻选美妆个护套装,C01,美妆个护,1,81.00,2026-03-24 20:33:00,taobao
O000913,U000740,P000015,云感母婴用品套装,C06,母婴用品,1,128.00,2026-03-24 08:56:00,douyin
O000913,U000740,P000044,臻选食品饮料日常款,C02,食品饮料,1,28.00,2026-03-24 08:56:00,douyin
O000914,U000262,P000154,原野生鲜日常款,C09,生鲜,1,103.00,2026-03-25 14:37:00,jd
O000914,U000262,P000017,轻盈食品饮料便携装,C02,食品饮料,1,71.00,2026-03-25 14:37:00,jd
O000915,U000662,P000132,轻氧家居日用便携装,C04,家居日用,1,91.00,2026-03-25 22:01:00,jd
O000915,U000662,P000026,臻选生鲜旗舰款,C09,生鲜,1,88.00,2026-03-25 22:01:00,jd
O000915,U000662,P000098,臻选家居日用升级版,C04,家居日用,2,90.00,2026-03-25 22:01:00,jd
O000915,U000662,P000143,轻盈美妆个护升级版,C01,美妆个护,1,53.00,2026-03-25 22:01:00,jd
O000916,U000387,P000107,轻盈运动户外便携装,C07,运动户外,1,176.00,2026-03-25 10:07:00,jd
O000916,U000387,P000071,轻盈宠物用品旗舰款,C08,宠物用品,4,144.00,2026-03-25 10:07:00,jd
O000917,U000606,P000100,原野运动户外套装,C07,运动户外,1,235.00,2026-03-25 21:35:00,taobao
O000918,U000823,P000020,臻选数码配件套装,C05,数码配件,1,252.00,2026-03-25 09:23:00,taobao
O000918,U000823,P000026,臻选生鲜旗舰款,C09,生鲜,2,88.00,2026-03-25 09:23:00,taobao
O000918,U000823,P000151,悦活美妆个护旗舰款,C01,美妆个护,1,38.00,2026-03-25 09:23:00,taobao
O000919,U000639,P000074,臻选美妆个护日常款,C01,美妆个护,1,71.00,2026-03-25 19:33:00,offline
O000920,U000285,P000166,原野服饰旗舰款,C03,服饰,3,378.00,2026-03-25 18:33:00,taobao
O000920,U000285,P000073,悦活家居日用升级版,C04,家居日用,1,147.00,2026-03-25 18:33:00,taobao
O000920,U000285,P000144,轻氧美妆个护日常款,C01,美妆个护,1,118.00,2026-03-25 18:33:00,taobao
O000920,U000285,P000160,原野旅行用品套装,C10,旅行用品,1,231.00,2026-03-25 18:33:00,taobao
O000921,U000298,P000138,轻氧数码配件升级版,C05,数码配件,4,150.00,2026-03-25 23:32:00,douyin
O000921,U000298,P000072,轻氧美妆个护便携装,C01,美妆个护,1,122.00,2026-03-25 23:32:00,douyin
O000921,U000298,P000137,轻盈数码配件便携装,C05,数码配件,1,216.00,2026-03-25 23:32:00,douyin
O000922,U000886,P000044,臻选食品饮料日常款,C02,食品饮料,1,28.00,2026-03-25 17:01:00,douyin
O000922,U000886,P000036,轻氧食品饮料旗舰款,C02,食品饮料,1,73.00,2026-03-25 17:01:00,douyin
O000922,U000886,P000042,轻氧美妆个护便携装,C01,美妆个护,2,69.00,2026-03-25 17:01:00,douyin
O000923,U000063,P000126,轻氧旅行用品旗舰款,C10,旅行用品,1,248.00,2026-03-25 08:46:00,wechat
O000923,U000063,P000069,云感运动户外日常款,C07,运动户外,1,268.00,2026-03-25 08:46:00,wechat
O000924,U000750,P000065,轻盈生鲜套装,C09,生鲜,1,41.00,2026-03-25 20:43:00,wechat
O000924,U000750,P000005,轻盈数码配件套装,C05,数码配件,1,256.00,2026-03-25 20:43:00,wechat
O000924,U000750,P000075,云感母婴用品套装,C06,母婴用品,1,82.00,2026-03-25 20:43:00,wechat
O000924,U000750,P000015,云感母婴用品套装,C06,母婴用品,1,128.00,2026-03-25 20:43:00,wechat
O000925,U000344,P000120,轻氧宠物用品套装,C08,宠物用品,1,58.00,2026-03-26 15:44:00,offline
O000925,U000344,P000150,轻氧母婴用品套装,C06,母婴用品,1,76.00,2026-03-26 15:44:00,offline
O000925,U000344,P000042,轻氧美妆个护便携装,C01,美妆个护,1,69.00,2026-03-26 15:44:00,offline
O000925,U000344,P000020,臻选数码配件套装,C05,数码配件,1,252.00,2026-03-26 15:44:00,offline
O000926,U000617,P000045,云感食品饮料套装,C02,食品饮料,1,67.00,2026-03-26 20:57:00,taobao
O000926,U000617,P000157,悦活旅行用品便携装,C10,旅行用品,2,436.00,2026-03-26 20:57:00,taobao
O000926,U000617,P000079,悦活服饰日常款,C03,服饰,2,452.00,2026-03-26 20:57:00,taobao
O000926,U000617,P000153,云感美妆个护升级版,C01,美妆个护,1,48.00,2026-03-26 20:57:00,taobao
O000927,U000192,P000150,轻氧母婴用品套装,C06,母婴用品,1,76.00,2026-03-26 19:01:00,search
O000927,U000192,P000079,悦活服饰日常款,C03,服饰,1,452.00,2026-03-26 19:01:00,search
O000927,U000192,P000153,云感美妆个护升级版,C01,美妆个护,3,48.00,2026-03-26 19:01:00,search
O000928,U000652,P000170,臻选生鲜套装,C09,生鲜,1,77.00,2026-03-26 16:51:00,search
O000928,U000652,P000013,悦活食品饮料升级版,C02,食品饮料,1,91.00,2026-03-26 16:51:00,search
O000929,U000807,P000040,原野数码配件套装,C05,数码配件,1,162.00,2026-03-26 09:00:00,search
O000929,U000807,P000150,轻氧母婴用品套装,C06,母婴用品,1,76.00,2026-03-26 09:00:00,search
O000930,U000348,P000096,轻氧数码配件旗舰款,C05,数码配件,1,88.00,2026-03-26 09:31:00,wechat
O000930,U000348,P000020,臻选数码配件套装,C05,数码配件,1,252.00,2026-03-26 09:31:00,wechat
O000930,U000348,P000076,原野美妆个护旗舰款,C01,美妆个护,1,77.00,2026-03-26 09:31:00,wechat
O000931,U000732,P000024,轻氧食品饮料日常款,C02,食品饮料,1,55.00,2026-03-26 08:23:00,douyin
O000932,U000794,P000077,轻盈服饰便携装,C03,服饰,1,279.00,2026-03-26 13:13:00,taobao
O000933,U000301,P000134,臻选数码配件日常款,C05,数码配件,1,120.00,2026-03-26 08:43:00,offline
O000933,U000301,P000167,轻盈美妆个护便携装,C01,美妆个护,1,119.00,2026-03-26 08:43:00,offline
O000934,U000361,P000134,臻选数码配件日常款,C05,数码配件,1,120.00,2026-03-26 13:39:00,douyin
O000934,U000361,P000141,云感数码配件旗舰款,C05,数码配件,1,220.00,2026-03-26 13:39:00,douyin
O000934,U000361,P000007,悦活服饰便携装,C03,服饰,1,344.00,2026-03-26 13:39:00,douyin
O000934,U000361,P000127,悦活食品饮料便携装,C02,食品饮料,1,39.00,2026-03-26 13:39:00,douyin
O000935,U000509,P000112,原野生鲜便携装,C09,生鲜,1,113.00,2026-03-26 20:47:00,douyin
O000935,U000509,P000108,轻氧母婴用品升级版,C06,母婴用品,1,86.00,2026-03-26 20:47:00,douyin
O000936,U000884,P000124,原野食品饮料日常款,C02,食品饮料,1,60.00,2026-03-27 10:10:00,offline
O000937,U000357,P000088,原野家居日用升级版,C04,家居日用,1,89.00,2026-03-27 23:45:00,wechat
O000938,U000229,P000028,原野数码配件升级版,C05,数码配件,1,158.00,2026-03-27 15:08:00,search
O000938,U000229,P000172,原野宠物用品便携装,C08,宠物用品,1,99.00,2026-03-27 15:08:00,search
O000939,U000757,P000033,云感美妆个护升级版,C01,美妆个护,1,88.00,2026-03-27 19:43:00,wechat
O000940,U000426,P000137,轻盈数码配件便携装,C05,数码配件,1,216.00,2026-03-27 11:48:00,taobao
O000940,U000426,P000001,悦活家居日用旗舰款,C04,家居日用,1,141.00,2026-03-27 11:48:00,taobao
O000941,U000775,P000001,悦活家居日用旗舰款,C04,家居日用,1,141.00,2026-03-27 11:53:00,jd
O000941,U000775,P000144,轻氧美妆个护日常款,C01,美妆个护,1,118.00,2026-03-27 11:53:00,jd
O000941,U000775,P000159,云感旅行用品日常款,C10,旅行用品,1,514.00,2026-03-27 11:53:00,jd
O000942,U000053,P000120,轻氧宠物用品套装,C08,宠物用品,1,58.00,2026-03-27 16:36:00,jd
O000942,U000053,P000055,悦活宠物用品套装,C08,宠物用品,1,100.00,2026-03-27 16:36:00,jd
O000942,U000053,P000024,轻氧食品饮料日常款,C02,食品饮料,1,55.00,2026-03-27 16:36:00,jd
O000943,U000569,P000041,轻盈家居日用旗舰款,C04,家居日用,4,166.00,2026-03-27 10:34:00,wechat
O000943,U000569,P000043,悦活服饰升级版,C03,服饰,1,237.00,2026-03-27 10:34:00,wechat
O000943,U000569,P000051,云感宠物用品旗舰款,C08,宠物用品,1,64.00,2026-03-27 10:34:00,wechat
O000943,U000569,P000133,悦活美妆个护升级版,C01,美妆个护,1,47.00,2026-03-27 10:34:00,wechat
O000944,U000438,P000084,轻氧服饰日常款,C03,服饰,1,130.00,2026-03-27 21:50:00,wechat
O000944,U000438,P000001,悦活家居日用旗舰款,C04,家居日用,1,141.00,2026-03-27 21:50:00,wechat
O000944,U000438,P000149,轻盈家居日用日常款,C04,家居日用,3,110.00,2026-03-27 21:50:00,wechat
O000944,U000438,P000099,云感服饰日常款,C03,服饰,3,230.00,2026-03-27 21:50:00,wechat
O000945,U000879,P000092,臻选服饰便携装,C03,服饰,1,291.00,2026-03-27 22:53:00,taobao
O000946,U000803,P000046,原野食品饮料旗舰款,C02,食品饮料,1,69.00,2026-03-27 08:09:00,jd
O000946,U000803,P000129,云感服饰日常款,C03,服饰,2,307.00,2026-03-27 08:09:00,jd
O000947,U000287,P000123,云感宠物用品升级版,C08,宠物用品,3,83.00,2026-03-28 09:45:00,offline
O000947,U000287,P000123,云感宠物用品升级版,C08,宠物用品,1,83.00,2026-03-28 09:45:00,offline
O000948,U000671,P000011,轻盈旅行用品旗舰款,C10,旅行用品,1,224.00,2026-03-28 19:05:00,offline
O000948,U000671,P000035,轻盈家居日用套装,C04,家居日用,1,116.00,2026-03-28 19:05:00,offline
O000948,U000671,P000108,轻氧母婴用品升级版,C06,母婴用品,1,86.00,2026-03-28 19:05:00,offline
O000949,U000872,P000013,悦活食品饮料升级版,C02,食品饮料,1,91.00,2026-03-28 18:17:00,offline
O000949,U000872,P000073,悦活家居日用升级版,C04,家居日用,1,147.00,2026-03-28 18:17:00,offline
O000949,U000872,P000155,轻盈生鲜套装,C09,生鲜,1,106.00,2026-03-28 18:17:00,offline
O000949,U000872,P000149,轻盈家居日用日常款,C04,家居日用,1,110.00,2026-03-28 18:17:00,offline
O000950,U000797,P000172,原野宠物用品便携装,C08,宠物用品,1,99.00,2026-03-28 18:00:00,wechat
O000950,U000797,P000089,轻盈美妆个护日常款,C01,美妆个护,1,69.00,2026-03-28 18:00:00,wechat
O000950,U000797,P000100,原野运动户外套装,C07,运动户外,2,235.00,2026-03-28 18:00:00,wechat
O000950,U000797,P000011,轻盈旅行用品旗舰款,C10,旅行用品,4,224.00,2026-03-28 18:00:00,wechat
O000951,U000695,P000061,悦活家居日用旗舰款,C04,家居日用,1,157.00,2026-03-28 10:55:00,search
O000951,U000695,P000009,云感数码配件日常款,C05,数码配件,2,295.00,2026-03-28 10:55:00,search
O000951,U000695,P000004,原野旅行用品日常款,C10,旅行用品,3,271.00,2026-03-28 10:55:00,search
O000952,U000710,P000091,悦活母婴用品旗舰款,C06,母婴用品,1,87.00,2026-03-28 21:24:00,wechat
O000952,U000710,P000064,原野宠物用品日常款,C08,宠物用品,1,140.00,2026-03-28 21:24:00,wechat
O000953,U000435,P000155,轻盈生鲜套装,C09,生鲜,1,106.00,2026-03-28 11:57:00,offline
O000953,U000435,P000078,轻氧运动户外升级版,C07,运动户外,3,332.00,2026-03-28 11:57:00,offline
O000953,U000435,P000084,轻氧服饰日常款,C03,服饰,1,130.00,2026-03-28 11:57:00,offline
O000954,U000279,P000111,云感宠物用品旗舰款,C08,宠物用品,1,117.00,2026-03-28 21:57:00,jd
O000955,U000889,P000137,轻盈数码配件便携装,C05,数码配件,1,216.00,2026-03-28 21:04:00,douyin
O000956,U000082,P000142,原野母婴用品便携装,C06,母婴用品,2,161.00,2026-03-28 11:22:00,taobao
O000956,U000082,P000061,悦活家居日用旗舰款,C04,家居日用,1,157.00,2026-03-28 11:22:00,taobao
O000956,U000082,P000088,原野家居日用升级版,C04,家居日用,1,89.00,2026-03-28 11:22:00,taobao
O000957,U000237,P000054,轻氧美妆个护日常款,C01,美妆个护,1,138.00,2026-03-28 21:08:00,taobao
O000958,U000757,P000039,云感生鲜日常款,C09,生鲜,1,109.00,2026-03-29 16:33:00,jd
O000958,U000757,P000130,原野服饰套装,C03,服饰,1,194.00,2026-03-29 16:33:00,jd
O000958,U000757,P000045,云感食品饮料套装,C02,食品饮料,1,67.00,2026-03-29 16:33:00,jd
O000958,U000757,P000030,轻氧家居日用套装,C04,家居日用,1,106.00,2026-03-29 16:33:00,jd
O000959,U000570,P000162,轻氧食品饮料便携装,C02,食品饮料,4,73.00,2026-03-29 19:07:00,wechat
O000959,U000570,P000021,云感宠物用品旗舰款,C08,宠物用品,4,160.00,2026-03-29 19:07:00,wechat
O000959,U000570,P000163,悦活生鲜升级版,C09,生鲜,1,69.00,2026-03-29 19:07:00,wechat
O000960,U000860,P000028,原野数码配件升级版,C05,数码配件,1,158.00,2026-03-29 14:14:00,search
O000960,U000860,P000030,轻氧家居日用套装,C04,家居日用,1,106.00,2026-03-29 14:14:00,search
O000960,U000860,P000134,臻选数码配件日常款,C05,数码配件,3,120.00,2026-03-29 14:14:00,search
O000961,U000737,P000002,臻选服饰便携装,C03,服饰,1,332.00,2026-03-29 13:16:00,taobao
O000961,U000737,P000135,云感数码配件套装,C05,数码配件,1,182.00,2026-03-29 13:16:00,taobao
O000961,U000737,P000036,轻氧食品饮料旗舰款,C02,食品饮料,1,73.00,2026-03-29 13:16:00,taobao
O000962,U000343,P000075,云感母婴用品套装,C06,母婴用品,1,82.00,2026-03-29 23:14:00,offline
O000962,U000343,P000099,云感服饰日常款,C03,服饰,1,230.00,2026-03-29 23:14:00,offline
O000962,U000343,P000034,原野生鲜日常款,C09,生鲜,4,71.00,2026-03-29 23:14:00,offline
O000963,U000441,P000073,悦活家居日用升级版,C04,家居日用,1,147.00,2026-03-29 12:00:00,taobao
O000963,U000441,P000017,轻盈食品饮料便携装,C02,食品饮料,1,71.00,2026-03-29 12:00:00,taobao
O000964,U000135,P000112,原野生鲜便携装,C09,生鲜,1,113.00,2026-03-29 20:05:00,jd
O000964,U000135,P000134,臻选数码配件日常款,C05,数码配件,1,120.00,2026-03-29 20:05:00,jd
O000965,U000009,P000099,云感服饰日常款,C03,服饰,1,230.00,2026-03-29 16:29:00,jd
O000965,U000009,P000117,云感食品饮料便携装,C02,食品饮料,1,54.00,2026-03-29 16:29:00,jd
O000965,U000009,P000046,原野食品饮料旗舰款,C02,食品饮料,4,69.00,2026-03-29 16:29:00,jd
O000965,U000009,P000132,轻氧家居日用便携装,C04,家居日用,1,91.00,2026-03-29 16:29:00,jd
O000966,U000449,P000129,云感服饰日常款,C03,服饰,1,307.00,2026-03-29 19:22:00,jd
O000967,U000615,P000110,臻选美妆个护套装,C01,美妆个护,3,81.00,2026-03-29 22:24:00,douyin
O000967,U000615,P000039,云感生鲜日常款,C09,生鲜,3,109.00,2026-03-29 22:24:00,douyin
O000967,U000615,P000068,臻选旅行用品升级版,C10,旅行用品,1,202.00,2026-03-29 22:24:00,douyin
O000968,U000333,P000032,臻选生鲜便携装,C09,生鲜,1,71.00,2026-03-29 09:21:00,search
O000968,U000333,P000120,轻氧宠物用品套装,C08,宠物用品,1,58.00,2026-03-29 09:21:00,search
O000969,U000111,P000054,轻氧美妆个护日常款,C01,美妆个护,1,138.00,2026-03-30 08:08:00,search
O000970,U000863,P000156,轻氧母婴用品旗舰款,C06,母婴用品,3,153.00,2026-03-30 09:44:00,taobao
O000970,U000863,P000154,原野生鲜日常款,C09,生鲜,1,103.00,2026-03-30 09:44:00,taobao
O000970,U000863,P000103,悦活美妆个护升级版,C01,美妆个护,1,76.00,2026-03-30 09:44:00,taobao
O000970,U000863,P000007,悦活服饰便携装,C03,服饰,1,344.00,2026-03-30 09:44:00,taobao
O000971,U000864,P000091,悦活母婴用品旗舰款,C06,母婴用品,1,87.00,2026-03-30 09:44:00,douyin
O000971,U000864,P000022,原野母婴用品便携装,C06,母婴用品,1,190.00,2026-03-30 09:44:00,douyin
O000972,U000441,P000012,轻氧母婴用品便携装,C06,母婴用品,1,128.00,2026-03-30 12:03:00,search
O000972,U000441,P000170,臻选生鲜套装,C09,生鲜,1,77.00,2026-03-30 12:03:00,search
O000973,U000497,P000024,轻氧食品饮料日常款,C02,食品饮料,4,55.00,2026-03-30 11:18:00,search
O000973,U000497,P000134,臻选数码配件日常款,C05,数码配件,1,120.00,2026-03-30 11:18:00,search
O000974,U000528,P000168,轻氧服饰升级版,C03,服饰,1,368.00,2026-03-30 21:40:00,douyin
O000975,U000181,P000035,轻盈家居日用套装,C04,家居日用,1,116.00,2026-03-30 22:27:00,offline
O000975,U000181,P000147,云感数码配件便携装,C05,数码配件,1,281.00,2026-03-30 22:27:00,offline
O000976,U000576,P000040,原野数码配件套装,C05,数码配件,1,162.00,2026-03-30 09:17:00,offline
O000976,U000576,P000013,悦活食品饮料升级版,C02,食品饮料,4,91.00,2026-03-30 09:17:00,offline
O000977,U000877,P000103,悦活美妆个护升级版,C01,美妆个护,1,76.00,2026-03-30 11:45:00,wechat
O000977,U000877,P000036,轻氧食品饮料旗舰款,C02,食品饮料,1,73.00,2026-03-30 11:45:00,wechat
O000978,U000125,P000074,臻选美妆个护日常款,C01,美妆个护,1,71.00,2026-03-30 23:13:00,jd
O000979,U000143,P000037,悦活运动户外便携装,C07,运动户外,3,152.00,2026-03-30 19:35:00,taobao
O000979,U000143,P000144,轻氧美妆个护日常款,C01,美妆个护,1,118.00,2026-03-30 19:35:00,taobao
O000980,U000746,P000164,臻选食品饮料日常款,C02,食品饮料,1,73.00,2026-03-31 16:11:00,douyin
O000980,U000746,P000019,悦活家居日用日常款,C04,家居日用,1,71.00,2026-03-31 16:11:00,douyin
O000980,U000746,P000102,轻氧母婴用品便携装,C06,母婴用品,1,104.00,2026-03-31 16:11:00,douyin
O000980,U000746,P000111,云感宠物用品旗舰款,C08,宠物用品,1,117.00,2026-03-31 16:11:00,douyin
O000981,U000270,P000106,原野母婴用品旗舰款,C06,母婴用品,1,102.00,2026-03-31 23:07:00,search
O000981,U000270,P000102,轻氧母婴用品便携装,C06,母婴用品,1,104.00,2026-03-31 23:07:00,search
O000981,U000270,P000024,轻氧食品饮料日常款,C02,食品饮料,1,55.00,2026-03-31 23:07:00,search
O000982,U000198,P000159,云感旅行用品日常款,C10,旅行用品,1,514.00,2026-03-31 16:04:00,douyin
O000982,U000198,P000160,原野旅行用品套装,C10,旅行用品,1,231.00,2026-03-31 16:04:00,douyin
O000982,U000198,P000070,原野宠物用品套装,C08,宠物用品,1,147.00,2026-03-31 16:04:00,douyin
O000982,U000198,P000149,轻盈家居日用日常款,C04,家居日用,1,110.00,2026-03-31 16:04:00,douyin
O000983,U000366,P000044,臻选食品饮料日常款,C02,食品饮料,1,28.00,2026-03-31 22:33:00,taobao
O000983,U000366,P000044,臻选食品饮料日常款,C02,食品饮料,1,28.00,2026-03-31 22:33:00,taobao
O000984,U000656,P000022,原野母婴用品便携装,C06,母婴用品,1,190.00,2026-03-31 20:25:00,search
O000985,U000596,P000025,悦活宠物用品套装,C08,宠物用品,1,105.00,2026-03-31 22:34:00,offline
O000985,U000596,P000004,原野旅行用品日常款,C10,旅行用品,1,271.00,2026-03-31 22:34:00,offline
O000986,U000266,P000003,云感生鲜升级版,C09,生鲜,1,73.00,2026-03-31 11:55:00,search
O000986,U000266,P000036,轻氧食品饮料旗舰款,C02,食品饮料,1,73.00,2026-03-31 11:55:00,search
O000987,U000844,P000066,轻氧母婴用品旗舰款,C06,母婴用品,2,76.00,2026-03-31 20:53:00,douyin
O000987,U000844,P000048,轻氧宠物用品升级版,C08,宠物用品,1,142.00,2026-03-31 20:53:00,douyin
O000987,U000844,P000086,臻选数码配件旗舰款,C05,数码配件,4,150.00,2026-03-31 20:53:00,douyin
O000988,U000339,P000118,原野美妆个护升级版,C01,美妆个护,1,133.00,2026-03-31 13:34:00,offline
O000988,U000339,P000048,轻氧宠物用品升级版,C08,宠物用品,1,142.00,2026-03-31 13:34:00,offline
O000988,U000339,P000090,轻氧旅行用品套装,C10,旅行用品,1,170.00,2026-03-31 13:34:00,offline
O000989,U000093,P000140,臻选食品饮料套装,C02,食品饮料,1,71.00,2026-03-31 21:37:00,jd
O000989,U000093,P000124,原野食品饮料日常款,C02,食品饮料,1,60.00,2026-03-31 21:37:00,jd
O000990,U000632,P000123,云感宠物用品升级版,C08,宠物用品,1,83.00,2026-03-31 14:08:00,taobao
O000990,U000632,P000062,臻选旅行用品便携装,C10,旅行用品,3,226.00,2026-03-31 14:08:00,taobao
O000991,U000292,P000121,悦活运动户外旗舰款,C07,运动户外,1,291.00,2026-04-01 13:00:00,search
O000991,U000292,P000006,轻氧母婴用品旗舰款,C06,母婴用品,1,161.00,2026-04-01 13:00:00,search
O000991,U000292,P000081,云感数码配件旗舰款,C05,数码配件,1,152.00,2026-04-01 13:00:00,search
O000992,U000714,P000156,轻氧母婴用品旗舰款,C06,母婴用品,1,153.00,2026-04-01 23:22:00,douyin
O000992,U000714,P000015,云感母婴用品套装,C06,母婴用品,1,128.00,2026-04-01 23:22:00,douyin
O000993,U000150,P000048,轻氧宠物用品升级版,C08,宠物用品,2,142.00,2026-04-01 19:49:00,search
O000993,U000150,P000116,臻选数码配件旗舰款,C05,数码配件,1,228.00,2026-04-01 19:49:00,search
O000993,U000150,P000053,轻盈服饰升级版,C03,服饰,1,262.00,2026-04-01 19:49:00,search
O000993,U000150,P000087,云感旅行用品便携装,C10,旅行用品,1,609.00,2026-04-01 19:49:00,search
O000994,U000265,P000045,云感食品饮料套装,C02,食品饮料,1,67.00,2026-04-01 17:04:00,taobao
O000994,U000265,P000133,悦活美妆个护升级版,C01,美妆个护,1,47.00,2026-04-01 17:04:00,taobao
O000994,U000265,P000169,悦活生鲜日常款,C09,生鲜,1,42.00,2026-04-01 17:04:00,taobao
O000994,U000265,P000146,臻选生鲜旗舰款,C09,生鲜,1,112.00,2026-04-01 17:04:00,taobao
O000995,U000346,P000155,轻盈生鲜套装,C09,生鲜,1,106.00,2026-04-01 11:50:00,jd
O000995,U000346,P000073,悦活家居日用升级版,C04,家居日用,1,147.00,2026-04-01 11:50:00,jd
O000995,U000346,P000141,云感数码配件旗舰款,C05,数码配件,1,220.00,2026-04-01 11:50:00,jd
O000995,U000346,P000010,原野旅行用品套装,C10,旅行用品,1,302.00,2026-04-01 11:50:00,jd
O000996,U000337,P000060,轻氧数码配件套装,C05,数码配件,1,269.00,2026-04-01 10:31:00,wechat
O000996,U000337,P000126,轻氧旅行用品旗舰款,C10,旅行用品,1,248.00,2026-04-01 10:31:00,wechat
O000996,U000337,P000168,轻氧服饰升级版,C03,服饰,1,368.00,2026-04-01 10:31:00,wechat
O000996,U000337,P000018,轻氧生鲜升级版,C09,生鲜,1,81.00,2026-04-01 10:31:00,wechat
O000997,U000167,P000164,臻选食品饮料日常款,C02,食品饮料,4,73.00,2026-04-01 15:15:00,douyin
O000997,U000167,P000031,悦活运动户外旗舰款,C07,运动户外,2,98.00,2026-04-01 15:15:00,douyin
O000997,U000167,P000080,臻选家居日用套装,C04,家居日用,1,148.00,2026-04-01 15:15:00,douyin
O000997,U000167,P000161,轻盈家居日用旗舰款,C04,家居日用,1,160.00,2026-04-01 15:15:00,douyin
O000998,U000857,P000027,云感宠物用品便携装,C08,宠物用品,4,96.00,2026-04-01 21:22:00,douyin
O000998,U000857,P000140,臻选食品饮料套装,C02,食品饮料,1,71.00,2026-04-01 21:22:00,douyin
O000998,U000857,P000140,臻选食品饮料套装,C02,食品饮料,1,71.00,2026-04-01 21:22:00,douyin
O000999,U000288,P000123,云感宠物用品升级版,C08,宠物用品,1,83.00,2026-04-01 22:13:00,offline
O000999,U000288,P000018,轻氧生鲜升级版,C09,生鲜,1,81.00,2026-04-01 22:13:00,offline
O000999,U000288,P000131,轻盈生鲜旗舰款,C09,生鲜,1,85.00,2026-04-01 22:13:00,offline
O000999,U000288,P000006,轻氧母婴用品旗舰款,C06,母婴用品,1,161.00,2026-04-01 22:13:00,offline
O001000,U000009,P000091,悦活母婴用品旗舰款,C06,母婴用品,1,87.00,2026-04-01 16:47:00,douyin
O001001,U000452,P000016,原野运动户外旗舰款,C07,运动户外,2,164.00,2026-04-01 08:09:00,offline
O001002,U000504,P000145,悦活宠物用品套装,C08,宠物用品,1,42.00,2026-04-02 10:52:00,taobao
O001002,U000504,P000091,悦活母婴用品旗舰款,C06,母婴用品,4,87.00,2026-04-02 10:52:00,taobao
O001002,U000504,P000100,原野运动户外套装,C07,运动户外,1,235.00,2026-04-02 10:52:00,taobao
O001003,U000095,P000120,轻氧宠物用品套装,C08,宠物用品,2,58.00,2026-04-02 22:28:00,jd
O001003,U000095,P000102,轻氧母婴用品便携装,C06,母婴用品,1,104.00,2026-04-02 22:28:00,jd
O001003,U000095,P000136,原野运动户外旗舰款,C07,运动户外,1,169.00,2026-04-02 22:28:00,jd
O001003,U000095,P000140,臻选食品饮料套装,C02,食品饮料,4,71.00,2026-04-02 22:28:00,jd
O001004,U000037,P000031,悦活运动户外旗舰款,C07,运动户外,1,98.00,2026-04-02 08:44:00,wechat
O001004,U000037,P000149,轻盈家居日用日常款,C04,家居日用,1,110.00,2026-04-02 08:44:00,wechat
O001004,U000037,P000044,臻选食品饮料日常款,C02,食品饮料,1,28.00,2026-04-02 08:44:00,wechat
O001004,U000037,P000075,云感母婴用品套装,C06,母婴用品,1,82.00,2026-04-02 08:44:00,wechat
O001005,U000870,P000116,臻选数码配件旗舰款,C05,数码配件,1,228.00,2026-04-02 20:32:00,jd
O001005,U000870,P000168,轻氧服饰升级版,C03,服饰,1,368.00,2026-04-02 20:32:00,jd
O001005,U000870,P000154,原野生鲜日常款,C09,生鲜,1,103.00,2026-04-02 20:32:00,jd
O001005,U000870,P000116,臻选数码配件旗舰款,C05,数码配件,1,228.00,2026-04-02 20:32:00,jd
O001006,U000136,P000039,云感生鲜日常款,C09,生鲜,1,109.00,2026-04-02 13:46:00,wechat
O001006,U000136,P000130,原野服饰套装,C03,服饰,1,194.00,2026-04-02 13:46:00,wechat
O001006,U000136,P000032,臻选生鲜便携装,C09,生鲜,3,71.00,2026-04-02 13:46:00,wechat
O001007,U000881,P000071,轻盈宠物用品旗舰款,C08,宠物用品,3,144.00,2026-04-02 10:42:00,taobao
O001007,U000881,P000045,云感食品饮料套装,C02,食品饮料,1,67.00,2026-04-02 10:42:00,taobao
O001007,U000881,P000079,悦活服饰日常款,C03,服饰,1,452.00,2026-04-02 10:42:00,taobao
O001007,U000881,P000114,轻氧母婴用品日常款,C06,母婴用品,2,142.00,2026-04-02 10:42:00,taobao
O001008,U000425,P000122,臻选运动户外便携装,C07,运动户外,1,212.00,2026-04-02 16:36:00,douyin
O001009,U000222,P000095,轻盈旅行用品套装,C10,旅行用品,1,577.00,2026-04-02 18:57:00,taobao
O001009,U000222,P000071,轻盈宠物用品旗舰款,C08,宠物用品,1,144.00,2026-04-02 18:57:00,taobao
O001009,U000222,P000125,轻盈生鲜套装,C09,生鲜,1,62.00,2026-04-02 18:57:00,taobao
O001009,U000222,P000062,臻选旅行用品便携装,C10,旅行用品,1,226.00,2026-04-02 18:57:00,taobao
O001010,U000198,P000025,悦活宠物用品套装,C08,宠物用品,4,105.00,2026-04-02 09:12:00,search
O001010,U000198,P000068,臻选旅行用品升级版,C10,旅行用品,1,202.00,2026-04-02 09:12:00,search
O001010,U000198,P000013,悦活食品饮料升级版,C02,食品饮料,1,91.00,2026-04-02 09:12:00,search
O001011,U000337,P000101,轻盈生鲜旗舰款,C09,生鲜,1,111.00,2026-04-02 17:40:00,taobao
O001011,U000337,P000110,臻选美妆个护套装,C01,美妆个护,1,81.00,2026-04-02 17:40:00,taobao
O001011,U000337,P000066,轻氧母婴用品旗舰款,C06,母婴用品,1,76.00,2026-04-02 17:40:00,taobao
O001012,U000859,P000149,轻盈家居日用日常款,C04,家居日用,3,110.00,2026-04-02 19:21:00,offline
O001012,U000859,P000167,轻盈美妆个护便携装,C01,美妆个护,3,119.00,2026-04-02 19:21:00,offline
O001013,U000686,P000161,轻盈家居日用旗舰款,C04,家居日用,1,160.00,2026-04-03 12:27:00,jd
O001013,U000686,P000060,轻氧数码配件套装,C05,数码配件,1,269.00,2026-04-03 12:27:00,jd
O001013,U000686,P000134,臻选数码配件日常款,C05,数码配件,1,120.00,2026-04-03 12:27:00,jd
O001013,U000686,P000036,轻氧食品饮料旗舰款,C02,食品饮料,1,73.00,2026-04-03 12:27:00,jd
O001014,U000672,P000005,轻盈数码配件套装,C05,数码配件,1,256.00,2026-04-03 17:32:00,search
O001014,U000672,P000134,臻选数码配件日常款,C05,数码配件,1,120.00,2026-04-03 17:32:00,search
O001014,U000672,P000004,原野旅行用品日常款,C10,旅行用品,2,271.00,2026-04-03 17:32:00,search
O001015,U000788,P000071,轻盈宠物用品旗舰款,C08,宠物用品,1,144.00,2026-04-03 20:45:00,offline
O001015,U000788,P000077,轻盈服饰便携装,C03,服饰,4,279.00,2026-04-03 20:45:00,offline
O001016,U000181,P000143,轻盈美妆个护升级版,C01,美妆个护,1,53.00,2026-04-03 14:07:00,wechat
O001016,U000181,P000102,轻氧母婴用品便携装,C06,母婴用品,1,104.00,2026-04-03 14:07:00,wechat
O001017,U000420,P000073,悦活家居日用升级版,C04,家居日用,1,147.00,2026-04-03 19:59:00,offline
O001017,U000420,P000091,悦活母婴用品旗舰款,C06,母婴用品,2,87.00,2026-04-03 19:59:00,offline
O001018,U000035,P000134,臻选数码配件日常款,C05,数码配件,1,120.00,2026-04-03 21:45:00,wechat
O001018,U000035,P000042,轻氧美妆个护便携装,C01,美妆个护,1,69.00,2026-04-03 21:45:00,wechat
O001018,U000035,P000145,悦活宠物用品套装,C08,宠物用品,1,42.00,2026-04-03 21:45:00,wechat
O001019,U000738,P000157,悦活旅行用品便携装,C10,旅行用品,1,436.00,2026-04-03 09:53:00,search
O001019,U000738,P000094,原野运动户外日常款,C07,运动户外,1,136.00,2026-04-03 09:53:00,search
O001020,U000509,P000040,原野数码配件套装,C05,数码配件,1,162.00,2026-04-03 09:48:00,search
O001020,U000509,P000114,轻氧母婴用品日常款,C06,母婴用品,1,142.00,2026-04-03 09:48:00,search
O001021,U000350,P000151,悦活美妆个护旗舰款,C01,美妆个护,1,38.00,2026-04-03 13:18:00,taobao
O001021,U000350,P000084,轻氧服饰日常款,C03,服饰,1,130.00,2026-04-03 13:18:00,taobao
O001021,U000350,P000093,云感生鲜升级版,C09,生鲜,1,39.00,2026-04-03 13:18:00,taobao
O001022,U000026,P000126,轻氧旅行用品旗舰款,C10,旅行用品,1,248.00,2026-04-03 15:38:00,taobao
O001022,U000026,P000028,原野数码配件升级版,C05,数码配件,1,158.00,2026-04-03 15:38:00,taobao
O001022,U000026,P000089,轻盈美妆个护日常款,C01,美妆个护,1,69.00,2026-04-03 15:38:00,taobao
O001023,U000241,P000110,臻选美妆个护套装,C01,美妆个护,1,81.00,2026-04-03 10:47:00,jd
O001024,U000411,P000016,原野运动户外旗舰款,C07,运动户外,1,164.00,2026-04-04 20:46:00,douyin
O001024,U000411,P000164,臻选食品饮料日常款,C02,食品饮料,2,73.00,2026-04-04 20:46:00,douyin
O001024,U000411,P000122,臻选运动户外便携装,C07,运动户外,1,212.00,2026-04-04 20:46:00,douyin
O001024,U000411,P000082,原野旅行用品便携装,C10,旅行用品,1,253.00,2026-04-04 20:46:00,douyin
O001025,U000597,P000101,轻盈生鲜旗舰款,C09,生鲜,1,111.00,2026-04-04 09:39:00,taobao
O001025,U000597,P000029,轻盈食品饮料日常款,C02,食品饮料,1,91.00,2026-04-04 09:39:00,taobao
O001025,U000597,P000067,悦活旅行用品便携装,C10,旅行用品,1,195.00,2026-04-04 09:39:00,taobao
O001026,U000248,P000051,云感宠物用品旗舰款,C08,宠物用品,1,64.00,2026-04-04 18:54:00,jd
O001026,U000248,P000164,臻选食品饮料日常款,C02,食品饮料,1,73.00,2026-04-04 18:54:00,jd
O001027,U000856,P000039,云感生鲜日常款,C09,生鲜,1,109.00,2026-04-04 17:26:00,jd
O001027,U000856,P000093,云感生鲜升级版,C09,生鲜,2,39.00,2026-04-04 17:26:00,jd
O001027,U000856,P000100,原野运动户外套装,C07,运动户外,1,235.00,2026-04-04 17:26:00,jd
O001027,U000856,P000150,轻氧母婴用品套装,C06,母婴用品,1,76.00,2026-04-04 17:26:00,jd
O001028,U000885,P000032,臻选生鲜便携装,C09,生鲜,1,71.00,2026-04-04 17:31:00,offline
O001028,U000885,P000025,悦活宠物用品套装,C08,宠物用品,1,105.00,2026-04-04 17:31:00,offline
O001028,U000885,P000085,悦活家居日用套装,C04,家居日用,1,70.00,2026-04-04 17:31:00,offline
O001028,U000885,P000059,轻盈美妆个护日常款,C01,美妆个护,2,52.00,2026-04-04 17:31:00,offline
O001029,U000350,P000109,悦活旅行用品日常款,C10,旅行用品,4,614.00,2026-04-04 20:08:00,wechat
O001030,U000738,P000134,臻选数码配件日常款,C05,数码配件,1,120.00,2026-04-04 18:05:00,offline
O001030,U000738,P000027,云感宠物用品便携装,C08,宠物用品,2,96.00,2026-04-04 18:05:00,offline
O001030,U000738,P000127,悦活食品饮料便携装,C02,食品饮料,1,39.00,2026-04-04 18:05:00,offline
O001030,U000738,P000166,原野服饰旗舰款,C03,服饰,3,378.00,2026-04-04 18:05:00,offline
O001031,U000213,P000089,轻盈美妆个护日常款,C01,美妆个护,1,69.00,2026-04-04 17:32:00,offline
O001031,U000213,P000138,轻氧数码配件升级版,C05,数码配件,3,150.00,2026-04-04 17:32:00,offline
O001032,U000078,P000045,云感食品饮料套装,C02,食品饮料,1,67.00,2026-04-04 20:50:00,douyin
O001033,U000602,P000136,原野运动户外旗舰款,C07,运动户外,1,169.00,2026-04-04 18:36:00,jd
O001033,U000602,P000164,臻选食品饮料日常款,C02,食品饮料,1,73.00,2026-04-04 18:36:00,jd
O001034,U000339,P000031,悦活运动户外旗舰款,C07,运动户外,1,98.00,2026-04-04 19:55:00,douyin
O001034,U000339,P000101,轻盈生鲜旗舰款,C09,生鲜,1,111.00,2026-04-04 19:55:00,douyin
O001035,U000700,P000065,轻盈生鲜套装,C09,生鲜,1,41.00,2026-04-05 18:00:00,offline
O001035,U000700,P000008,臻选美妆个护升级版,C01,美妆个护,2,69.00,2026-04-05 18:00:00,offline
O001036,U000033,P000028,原野数码配件升级版,C05,数码配件,1,158.00,2026-04-05 15:18:00,douyin
O001036,U000033,P000154,原野生鲜日常款,C09,生鲜,1,103.00,2026-04-05 15:18:00,douyin
O001036,U000033,P000035,轻盈家居日用套装,C04,家居日用,1,116.00,2026-04-05 15:18:00,douyin
O001037,U000122,P000054,轻氧美妆个护日常款,C01,美妆个护,1,138.00,2026-04-05 19:00:00,search
O001037,U000122,P000162,轻氧食品饮料便携装,C02,食品饮料,1,73.00,2026-04-05 19:00:00,search
O001037,U000122,P000030,轻氧家居日用套装,C04,家居日用,1,106.00,2026-04-05 19:00:00,search
O001038,U000785,P000039,云感生鲜日常款,C09,生鲜,2,109.00,2026-04-05 11:50:00,taobao
O001038,U000785,P000093,云感生鲜升级版,C09,生鲜,1,39.00,2026-04-05 11:50:00,taobao
O001038,U000785,P000056,臻选旅行用品旗舰款,C10,旅行用品,1,443.00,2026-04-05 11:50:00,taobao
O001038,U000785,P000160,原野旅行用品套装,C10,旅行用品,1,231.00,2026-04-05 11:50:00,taobao
O001039,U000730,P000024,轻氧食品饮料日常款,C02,食品饮料,2,55.00,2026-04-05 13:07:00,wechat
O001040,U000222,P000010,原野旅行用品套装,C10,旅行用品,1,302.00,2026-04-05 09:03:00,search
O001041,U000187,P000074,臻选美妆个护日常款,C01,美妆个护,1,71.00,2026-04-05 12:48:00,search
O001041,U000187,P000075,云感母婴用品套装,C06,母婴用品,3,82.00,2026-04-05 12:48:00,search
O001042,U000290,P000087,云感旅行用品便携装,C10,旅行用品,1,609.00,2026-04-05 23:51:00,jd
O001043,U000321,P000031,悦活运动户外旗舰款,C07,运动户外,2,98.00,2026-04-05 23:25:00,jd
O001043,U000321,P000053,轻盈服饰升级版,C03,服饰,1,262.00,2026-04-05 23:25:00,jd
O001043,U000321,P000027,云感宠物用品便携装,C08,宠物用品,1,96.00,2026-04-05 23:25:00,jd
O001044,U000716,P000073,悦活家居日用升级版,C04,家居日用,1,147.00,2026-04-05 10:11:00,jd
O001045,U000127,P000005,轻盈数码配件套装,C05,数码配件,2,256.00,2026-04-05 20:22:00,douyin
O001045,U000127,P000118,原野美妆个护升级版,C01,美妆个护,1,133.00,2026-04-05 20:22:00,douyin
O001045,U000127,P000014,臻选食品饮料日常款,C02,食品饮料,1,60.00,2026-04-05 20:22:00,douyin
O001046,U000674,P000037,悦活运动户外便携装,C07,运动户外,1,152.00,2026-04-06 16:28:00,offline
O001046,U000674,P000073,悦活家居日用升级版,C04,家居日用,1,147.00,2026-04-06 16:28:00,offline
O001047,U000747,P000021,云感宠物用品旗舰款,C08,宠物用品,1,160.00,2026-04-06 22:10:00,jd
O001047,U000747,P000120,轻氧宠物用品套装,C08,宠物用品,4,58.00,2026-04-06 22:10:00,jd
O001047,U000747,P000008,臻选美妆个护升级版,C01,美妆个护,1,69.00,2026-04-06 22:10:00,jd
O001048,U000028,P000060,轻氧数码配件套装,C05,数码配件,1,269.00,2026-04-06 20:34:00,taobao
O001049,U000215,P000147,云感数码配件便携装,C05,数码配件,1,281.00,2026-04-06 12:24:00,douyin
O001049,U000215,P000006,轻氧母婴用品旗舰款,C06,母婴用品,1,161.00,2026-04-06 12:24:00,douyin
O001049,U000215,P000086,臻选数码配件旗舰款,C05,数码配件,1,150.00,2026-04-06 12:24:00,douyin
O001049,U000215,P000015,云感母婴用品套装,C06,母婴用品,1,128.00,2026-04-06 12:24:00,douyin
O001050,U000601,P000045,云感食品饮料套装,C02,食品饮料,1,67.00,2026-04-06 23:03:00,wechat
O001050,U000601,P000074,臻选美妆个护日常款,C01,美妆个护,3,71.00,2026-04-06 23:03:00,wechat
O001051,U000483,P000021,云感宠物用品旗舰款,C08,宠物用品,1,160.00,2026-04-06 16:06:00,search
O001052,U000049,P000172,原野宠物用品便携装,C08,宠物用品,1,99.00,2026-04-06 15:04:00,douyin
O001053,U000036,P000115,悦活美妆个护套装,C01,美妆个护,4,86.00,2026-04-06 13:38:00,offline
O001054,U000629,P000064,原野宠物用品日常款,C08,宠物用品,1,140.00,2026-04-06 20:30:00,jd
O001055,U000366,P000150,轻氧母婴用品套装,C06,母婴用品,1,76.00,2026-04-06 22:59:00,taobao
O001056,U000110,P000015,云感母婴用品套装,C06,母婴用品,1,128.00,2026-04-06 09:23:00,wechat
O001057,U000213,P000138,轻氧数码配件升级版,C05,数码配件,1,150.00,2026-04-07 12:47:00,taobao
O001058,U000096,P000100,原野运动户外套装,C07,运动户外,1,235.00,2026-04-07 21:45:00,wechat
O001058,U000096,P000158,臻选母婴用品升级版,C06,母婴用品,1,121.00,2026-04-07 21:45:00,wechat
O001059,U000896,P000131,轻盈生鲜旗舰款,C09,生鲜,3,85.00,2026-04-07 21:35:00,search
O001059,U000896,P000112,原野生鲜便携装,C09,生鲜,1,113.00,2026-04-07 21:35:00,search
O001060,U000756,P000037,悦活运动户外便携装,C07,运动户外,1,152.00,2026-04-07 20:35:00,jd
O001061,U000308,P000154,原野生鲜日常款,C09,生鲜,1,103.00,2026-04-07 09:37:00,offline
O001061,U000308,P000069,云感运动户外日常款,C07,运动户外,1,268.00,2026-04-07 09:37:00,offline
O001061,U000308,P000170,臻选生鲜套装,C09,生鲜,1,77.00,2026-04-07 09:37:00,offline
O001062,U000409,P000146,臻选生鲜旗舰款,C09,生鲜,1,112.00,2026-04-07 20:00:00,jd
O001062,U000409,P000140,臻选食品饮料套装,C02,食品饮料,1,71.00,2026-04-07 20:00:00,jd
O001062,U000409,P000095,轻盈旅行用品套装,C10,旅行用品,3,577.00,2026-04-07 20:00:00,jd
O001063,U000740,P000060,轻氧数码配件套装,C05,数码配件,1,269.00,2026-04-07 22:18:00,offline
O001063,U000740,P000082,原野旅行用品便携装,C10,旅行用品,1,253.00,2026-04-07 22:18:00,offline
O001063,U000740,P000086,臻选数码配件旗舰款,C05,数码配件,1,150.00,2026-04-07 22:18:00,offline
O001063,U000740,P000009,云感数码配件日常款,C05,数码配件,1,295.00,2026-04-07 22:18:00,offline
O001064,U000849,P000023,轻盈食品饮料升级版,C02,食品饮料,1,79.00,2026-04-07 20:24:00,wechat
O001064,U000849,P000007,悦活服饰便携装,C03,服饰,1,344.00,2026-04-07 20:24:00,wechat
O001065,U000015,P000021,云感宠物用品旗舰款,C08,宠物用品,1,160.00,2026-04-07 23:06:00,douyin
O001065,U000015,P000007,悦活服饰便携装,C03,服饰,1,344.00,2026-04-07 23:06:00,douyin
O001066,U000368,P000039,云感生鲜日常款,C09,生鲜,1,109.00,2026-04-07 13:15:00,taobao
O001067,U000827,P000121,悦活运动户外旗舰款,C07,运动户外,1,291.00,2026-04-07 17:21:00,jd
O001067,U000827,P000101,轻盈生鲜旗舰款,C09,生鲜,3,111.00,2026-04-07 17:21:00,jd
O001067,U000827,P000095,轻盈旅行用品套装,C10,旅行用品,1,577.00,2026-04-07 17:21:00,jd
O001068,U000098,P000061,悦活家居日用旗舰款,C04,家居日用,3,157.00,2026-04-08 15:28:00,wechat
O001068,U000098,P000125,轻盈生鲜套装,C09,生鲜,1,62.00,2026-04-08 15:28:00,wechat
O001068,U000098,P000050,臻选生鲜套装,C09,生鲜,1,108.00,2026-04-08 15:28:00,wechat
O001069,U000648,P000063,云感母婴用品升级版,C06,母婴用品,1,165.00,2026-04-08 18:42:00,offline
O001069,U000648,P000119,轻盈宠物用品日常款,C08,宠物用品,1,99.00,2026-04-08 18:42:00,offline
O001069,U000648,P000098,臻选家居日用升级版,C04,家居日用,1,90.00,2026-04-08 18:42:00,offline
O001069,U000648,P000156,轻氧母婴用品旗舰款,C06,母婴用品,1,153.00,2026-04-08 18:42:00,offline
O001070,U000793,P000074,臻选美妆个护日常款,C01,美妆个护,1,71.00,2026-04-08 11:24:00,jd
O001071,U000798,P000167,轻盈美妆个护便携装,C01,美妆个护,3,119.00,2026-04-08 18:49:00,wechat
O001071,U000798,P000100,原野运动户外套装,C07,运动户外,3,235.00,2026-04-08 18:49:00,wechat
O001071,U000798,P000139,悦活运动户外日常款,C07,运动户外,1,358.00,2026-04-08 18:49:00,wechat
O001071,U000798,P000024,轻氧食品饮料日常款,C02,食品饮料,1,55.00,2026-04-08 18:49:00,wechat
O001072,U000881,P000021,云感宠物用品旗舰款,C08,宠物用品,1,160.00,2026-04-08 23:49:00,jd
O001072,U000881,P000122,臻选运动户外便携装,C07,运动户外,1,212.00,2026-04-08 23:49:00,jd
O001072,U000881,P000103,悦活美妆个护升级版,C01,美妆个护,1,76.00,2026-04-08 23:49:00,jd
O001073,U000129,P000111,云感宠物用品旗舰款,C08,宠物用品,1,117.00,2026-04-08 09:20:00,offline
O001074,U000864,P000106,原野母婴用品旗舰款,C06,母婴用品,1,102.00,2026-04-08 20:47:00,search
O001074,U000864,P000051,云感宠物用品旗舰款,C08,宠物用品,1,64.00,2026-04-08 20:47:00,search
O001074,U000864,P000171,云感生鲜旗舰款,C09,生鲜,3,30.00,2026-04-08 20:47:00,search
O001074,U000864,P000169,悦活生鲜日常款,C09,生鲜,1,42.00,2026-04-08 20:47:00,search
O001075,U000858,P000050,臻选生鲜套装,C09,生鲜,4,108.00,2026-04-08 16:43:00,jd
O001076,U000220,P000038,臻选母婴用品升级版,C06,母婴用品,1,188.00,2026-04-08 22:02:00,douyin
O001076,U000220,P000091,悦活母婴用品旗舰款,C06,母婴用品,1,87.00,2026-04-08 22:02:00,douyin
O001077,U000428,P000011,轻盈旅行用品旗舰款,C10,旅行用品,1,224.00,2026-04-08 23:35:00,search
O001077,U000428,P000165,云感生鲜套装,C09,生鲜,1,43.00,2026-04-08 23:35:00,search
O001077,U000428,P000118,原野美妆个护升级版,C01,美妆个护,2,133.00,2026-04-08 23:35:00,search
O001078,U000454,P000043,悦活服饰升级版,C03,服饰,1,237.00,2026-04-08 16:34:00,wechat
O001078,U000454,P000115,悦活美妆个护套装,C01,美妆个护,1,86.00,2026-04-08 16:34:00,wechat
O001078,U000454,P000044,臻选食品饮料日常款,C02,食品饮料,1,28.00,2026-04-08 16:34:00,wechat
O001078,U000454,P000054,轻氧美妆个护日常款,C01,美妆个护,1,138.00,2026-04-08 16:34:00,wechat
O001079,U000806,P000136,原野运动户外旗舰款,C07,运动户外,1,169.00,2026-04-09 13:59:00,offline
O001079,U000806,P000069,云感运动户外日常款,C07,运动户外,1,268.00,2026-04-09 13:59:00,offline
O001079,U000806,P000036,轻氧食品饮料旗舰款,C02,食品饮料,1,73.00,2026-04-09 13:59:00,offline
O001079,U000806,P000096,轻氧数码配件旗舰款,C05,数码配件,3,88.00,2026-04-09 13:59:00,offline
O001080,U000070,P000164,臻选食品饮料日常款,C02,食品饮料,1,73.00,2026-04-09 08:21:00,taobao
O001081,U000497,P000011,轻盈旅行用品旗舰款,C10,旅行用品,1,224.00,2026-04-09 20:33:00,search
O001081,U000497,P000028,原野数码配件升级版,C05,数码配件,1,158.00,2026-04-09 20:33:00,search
O001081,U000497,P000158,臻选母婴用品升级版,C06,母婴用品,1,121.00,2026-04-09 20:33:00,search
O001081,U000497,P000145,悦活宠物用品套装,C08,宠物用品,1,42.00,2026-04-09 20:33:00,search
O001082,U000568,P000163,悦活生鲜升级版,C09,生鲜,1,69.00,2026-04-09 09:27:00,taobao
O001082,U000568,P000076,原野美妆个护旗舰款,C01,美妆个护,1,77.00,2026-04-09 09:27:00,taobao
O001082,U000568,P000007,悦活服饰便携装,C03,服饰,1,344.00,2026-04-09 09:27:00,taobao
O001083,U000574,P000071,轻盈宠物用品旗舰款,C08,宠物用品,1,144.00,2026-04-09 22:42:00,offline
O001084,U000160,P000037,悦活运动户外便携装,C07,运动户外,1,152.00,2026-04-09 20:44:00,taobao
O001084,U000160,P000145,悦活宠物用品套装,C08,宠物用品,1,42.00,2026-04-09 20:44:00,taobao
O001085,U000749,P000053,轻盈服饰升级版,C03,服饰,3,262.00,2026-04-09 16:51:00,offline
O001085,U000749,P000153,云感美妆个护升级版,C01,美妆个护,4,48.00,2026-04-09 16:51:00,offline
O001086,U000186,P000151,悦活美妆个护旗舰款,C01,美妆个护,1,38.00,2026-04-09 23:33:00,jd
O001086,U000186,P000109,悦活旅行用品日常款,C10,旅行用品,3,614.00,2026-04-09 23:33:00,jd
O001087,U000635,P000166,原野服饰旗舰款,C03,服饰,4,378.00,2026-04-09 13:49:00,taobao
O001088,U000524,P000154,原野生鲜日常款,C09,生鲜,1,103.00,2026-04-09 20:04:00,offline
O001088,U000524,P000130,原野服饰套装,C03,服饰,1,194.00,2026-04-09 20:04:00,offline
O001088,U000524,P000152,臻选数码配件便携装,C05,数码配件,1,302.00,2026-04-09 20:04:00,offline
O001088,U000524,P000010,原野旅行用品套装,C10,旅行用品,1,302.00,2026-04-09 20:04:00,offline
O001089,U000167,P000103,悦活美妆个护升级版,C01,美妆个护,1,76.00,2026-04-09 17:40:00,wechat
O001090,U000123,P000052,原野数码配件便携装,C05,数码配件,1,173.00,2026-04-10 19:27:00,douyin
O001090,U000123,P000126,轻氧旅行用品旗舰款,C10,旅行用品,1,248.00,2026-04-10 19:27:00,douyin
O001090,U000123,P000019,悦活家居日用日常款,C04,家居日用,1,71.00,2026-04-10 19:27:00,douyin
O001090,U000123,P000062,臻选旅行用品便携装,C10,旅行用品,4,226.00,2026-04-10 19:27:00,douyin
O001091,U000077,P000003,云感生鲜升级版,C09,生鲜,1,73.00,2026-04-10 14:11:00,jd
O001091,U000077,P000078,轻氧运动户外升级版,C07,运动户外,4,332.00,2026-04-10 14:11:00,jd
O001091,U000077,P000008,臻选美妆个护升级版,C01,美妆个护,2,69.00,2026-04-10 14:11:00,jd
O001091,U000077,P000005,轻盈数码配件套装,C05,数码配件,1,256.00,2026-04-10 14:11:00,jd
O001092,U000101,P000036,轻氧食品饮料旗舰款,C02,食品饮料,4,73.00,2026-04-10 12:51:00,wechat
O001092,U000101,P000053,轻盈服饰升级版,C03,服饰,1,262.00,2026-04-10 12:51:00,wechat
O001093,U000811,P000057,云感数码配件便携装,C05,数码配件,1,79.00,2026-04-10 09:25:00,wechat
O001093,U000811,P000056,臻选旅行用品旗舰款,C10,旅行用品,1,443.00,2026-04-10 09:25:00,wechat
O001093,U000811,P000139,悦活运动户外日常款,C07,运动户外,2,358.00,2026-04-10 09:25:00,wechat
O001094,U000699,P000138,轻氧数码配件升级版,C05,数码配件,1,150.00,2026-04-10 08:42:00,offline
O001094,U000699,P000104,臻选旅行用品日常款,C10,旅行用品,1,352.00,2026-04-10 08:42:00,offline
O001095,U000141,P000047,轻盈服饰便携装,C03,服饰,1,154.00,2026-04-10 23:11:00,douyin
O001095,U000141,P000112,原野生鲜便携装,C09,生鲜,1,113.00,2026-04-10 23:11:00,douyin
O001095,U000141,P000056,臻选旅行用品旗舰款,C10,旅行用品,1,443.00,2026-04-10 23:11:00,douyin
O001095,U000141,P000022,原野母婴用品便携装,C06,母婴用品,1,190.00,2026-04-10 23:11:00,douyin
O001096,U000194,P000138,轻氧数码配件升级版,C05,数码配件,1,150.00,2026-04-10 10:59:00,jd
O001096,U000194,P000044,臻选食品饮料日常款,C02,食品饮料,4,28.00,2026-04-10 10:59:00,jd
O001096,U000194,P000129,云感服饰日常款,C03,服饰,3,307.00,2026-04-10 10:59:00,jd
O001096,U000194,P000166,原野服饰旗舰款,C03,服饰,1,378.00,2026-04-10 10:59:00,jd
O001097,U000655,P000049,悦活数码配件日常款,C05,数码配件,3,141.00,2026-04-10 18:09:00,taobao
O001098,U000638,P000146,臻选生鲜旗舰款,C09,生鲜,1,112.00,2026-04-10 18:08:00,wechat
O001098,U000638,P000037,悦活运动户外便携装,C07,运动户外,1,152.00,2026-04-10 18:08:00,wechat
O001098,U000638,P000151,悦活美妆个护旗舰款,C01,美妆个护,1,38.00,2026-04-10 18:08:00,wechat
O001099,U000525,P000058,原野生鲜升级版,C09,生鲜,1,44.00,2026-04-10 10:43:00,search
O001099,U000525,P000141,云感数码配件旗舰款,C05,数码配件,1,220.00,2026-04-10 10:43:00,search
O001099,U000525,P000006,轻氧母婴用品旗舰款,C06,母婴用品,1,161.00,2026-04-10 10:43:00,search
O001100,U000083,P000010,原野旅行用品套装,C10,旅行用品,1,302.00,2026-04-10 08:11:00,wechat
O001100,U000083,P000039,云感生鲜日常款,C09,生鲜,1,109.00,2026-04-10 08:11:00,wechat
O001100,U000083,P000167,轻盈美妆个护便携装,C01,美妆个护,3,119.00,2026-04-10 08:11:00,wechat
O001101,U000747,P000018,轻氧生鲜升级版,C09,生鲜,1,81.00,2026-04-11 14:42:00,offline
O001101,U000747,P000091,悦活母婴用品旗舰款,C06,母婴用品,1,87.00,2026-04-11 14:42:00,offline
O001102,U000234,P000038,臻选母婴用品升级版,C06,母婴用品,4,188.00,2026-04-11 14:11:00,offline
O001102,U000234,P000063,云感母婴用品升级版,C06,母婴用品,1,165.00,2026-04-11 14:11:00,offline
O001103,U000843,P000105,云感运动户外套装,C07,运动户外,4,142.00,2026-04-11 10:13:00,wechat
O001104,U000046,P000077,轻盈服饰便携装,C03,服饰,1,279.00,2026-04-11 10:44:00,taobao
O001104,U000046,P000121,悦活运动户外旗舰款,C07,运动户外,1,291.00,2026-04-11 10:44:00,taobao
O001104,U000046,P000047,轻盈服饰便携装,C03,服饰,1,154.00,2026-04-11 10:44:00,taobao
O001105,U000702,P000065,轻盈生鲜套装,C09,生鲜,1,41.00,2026-04-11 16:24:00,jd
O001106,U000231,P000172,原野宠物用品便携装,C08,宠物用品,1,99.00,2026-04-11 22:13:00,offline
O001106,U000231,P000086,臻选数码配件旗舰款,C05,数码配件,1,150.00,2026-04-11 22:13:00,offline
O001106,U000231,P000024,轻氧食品饮料日常款,C02,食品饮料,1,55.00,2026-04-11 22:13:00,offline
O001106,U000231,P000106,原野母婴用品旗舰款,C06,母婴用品,1,102.00,2026-04-11 22:13:00,offline
O001107,U000759,P000090,轻氧旅行用品套装,C10,旅行用品,1,170.00,2026-04-11 22:12:00,jd
O001108,U000538,P000002,臻选服饰便携装,C03,服饰,1,332.00,2026-04-11 15:57:00,taobao
O001108,U000538,P000068,臻选旅行用品升级版,C10,旅行用品,1,202.00,2026-04-11 15:57:00,taobao
O001108,U000538,P000051,云感宠物用品旗舰款,C08,宠物用品,1,64.00,2026-04-11 15:57:00,taobao
O001109,U000761,P000076,原野美妆个护旗舰款,C01,美妆个护,1,77.00,2026-04-11 08:39:00,douyin
O001109,U000761,P000089,轻盈美妆个护日常款,C01,美妆个护,1,69.00,2026-04-11 08:39:00,douyin
O001109,U000761,P000057,云感数码配件便携装,C05,数码配件,1,79.00,2026-04-11 08:39:00,douyin
O001109,U000761,P000043,悦活服饰升级版,C03,服饰,1,237.00,2026-04-11 08:39:00,douyin
O001110,U000087,P000093,云感生鲜升级版,C09,生鲜,2,39.00,2026-04-11 09:41:00,jd
O001110,U000087,P000027,云感宠物用品便携装,C08,宠物用品,1,96.00,2026-04-11 09:41:00,jd
O001110,U000087,P000138,轻氧数码配件升级版,C05,数码配件,3,150.00,2026-04-11 09:41:00,jd
O001110,U000087,P000169,悦活生鲜日常款,C09,生鲜,3,42.00,2026-04-11 09:41:00,jd
O001111,U000058,P000099,云感服饰日常款,C03,服饰,1,230.00,2026-04-11 20:51:00,wechat
O001111,U000058,P000070,原野宠物用品套装,C08,宠物用品,1,147.00,2026-04-11 20:51:00,wechat
O001112,U000371,P000152,臻选数码配件便携装,C05,数码配件,1,302.00,2026-04-12 14:08:00,search
O001112,U000371,P000012,轻氧母婴用品便携装,C06,母婴用品,1,128.00,2026-04-12 14:08:00,search
O001113,U000186,P000156,轻氧母婴用品旗舰款,C06,母婴用品,1,153.00,2026-04-12 22:01:00,offline
O001113,U000186,P000123,云感宠物用品升级版,C08,宠物用品,4,83.00,2026-04-12 22:01:00,offline
O001114,U000880,P000042,轻氧美妆个护便携装,C01,美妆个护,1,69.00,2026-04-12 08:59:00,jd
O001114,U000880,P000061,悦活家居日用旗舰款,C04,家居日用,1,157.00,2026-04-12 08:59:00,jd
O001114,U000880,P000091,悦活母婴用品旗舰款,C06,母婴用品,1,87.00,2026-04-12 08:59:00,jd
O001115,U000847,P000023,轻盈食品饮料升级版,C02,食品饮料,1,79.00,2026-04-12 21:53:00,search
O001116,U000455,P000158,臻选母婴用品升级版,C06,母婴用品,1,121.00,2026-04-12 12:01:00,jd
O001116,U000455,P000126,轻氧旅行用品旗舰款,C10,旅行用品,1,248.00,2026-04-12 12:01:00,jd
O001117,U000578,P000060,轻氧数码配件套装,C05,数码配件,1,269.00,2026-04-12 19:54:00,jd
O001118,U000713,P000075,云感母婴用品套装,C06,母婴用品,2,82.00,2026-04-12 10:57:00,search
O001118,U000713,P000007,悦活服饰便携装,C03,服饰,1,344.00,2026-04-12 10:57:00,search
O001119,U000704,P000045,云感食品饮料套装,C02,食品饮料,1,67.00,2026-04-12 22:13:00,offline
O001119,U000704,P000156,轻氧母婴用品旗舰款,C06,母婴用品,1,153.00,2026-04-12 22:13:00,offline
O001119,U000704,P000060,轻氧数码配件套装,C05,数码配件,1,269.00,2026-04-12 22:13:00,offline
O001120,U000172,P000141,云感数码配件旗舰款,C05,数码配件,1,220.00,2026-04-12 17:26:00,wechat
O001120,U000172,P000046,原野食品饮料旗舰款,C02,食品饮料,1,69.00,2026-04-12 17:26:00,wechat
O001120,U000172,P000014,臻选食品饮料日常款,C02,食品饮料,1,60.00,2026-04-12 17:26:00,wechat
O001120,U000172,P000167,轻盈美妆个护便携装,C01,美妆个护,2,119.00,2026-04-12 17:26:00,wechat
O001121,U000137,P000037,悦活运动户外便携装,C07,运动户外,1,152.00,2026-04-12 23:52:00,jd
O001122,U000394,P000018,轻氧生鲜升级版,C09,生鲜,1,81.00,2026-04-12 10:41:00,jd
O001123,U000899,P000160,原野旅行用品套装,C10,旅行用品,1,231.00,2026-04-13 14:13:00,offline
O001123,U000899,P000070,原野宠物用品套装,C08,宠物用品,1,147.00,2026-04-13 14:13:00,offline
O001124,U000134,P000114,轻氧母婴用品日常款,C06,母婴用品,2,142.00,2026-04-13 14:32:00,wechat
O001124,U000134,P000166,原野服饰旗舰款,C03,服饰,1,378.00,2026-04-13 14:32:00,wechat
O001125,U000492,P000166,原野服饰旗舰款,C03,服饰,1,378.00,2026-04-13 21:56:00,wechat
O001125,U000492,P000165,云感生鲜套装,C09,生鲜,3,43.00,2026-04-13 21:56:00,wechat
O001125,U000492,P000067,悦活旅行用品便携装,C10,旅行用品,1,195.00,2026-04-13 21:56:00,wechat
O001125,U000492,P000033,云感美妆个护升级版,C01,美妆个护,1,88.00,2026-04-13 21:56:00,wechat
O001126,U000847,P000005,轻盈数码配件套装,C05,数码配件,1,256.00,2026-04-13 14:54:00,offline
O001126,U000847,P000120,轻氧宠物用品套装,C08,宠物用品,1,58.00,2026-04-13 14:54:00,offline
O001126,U000847,P000022,原野母婴用品便携装,C06,母婴用品,4,190.00,2026-04-13 14:54:00,offline
O001126,U000847,P000015,云感母婴用品套装,C06,母婴用品,1,128.00,2026-04-13 14:54:00,offline
O001127,U000638,P000165,云感生鲜套装,C09,生鲜,1,43.00,2026-04-13 18:02:00,wechat
O001128,U000599,P000070,原野宠物用品套装,C08,宠物用品,1,147.00,2026-04-13 19:58:00,taobao
O001129,U000541,P000158,臻选母婴用品升级版,C06,母婴用品,1,121.00,2026-04-13 18:33:00,wechat
O001129,U000541,P000147,云感数码配件便携装,C05,数码配件,2,281.00,2026-04-13 18:33:00,wechat
O001130,U000149,P000145,悦活宠物用品套装,C08,宠物用品,1,42.00,2026-04-13 12:31:00,douyin
O001130,U000149,P000113,轻盈旅行用品升级版,C10,旅行用品,1,483.00,2026-04-13 12:31:00,douyin
O001131,U000402,P000117,云感食品饮料便携装,C02,食品饮料,1,54.00,2026-04-13 20:27:00,jd
O001131,U000402,P000026,臻选生鲜旗舰款,C09,生鲜,1,88.00,2026-04-13 20:27:00,jd
O001131,U000402,P000139,悦活运动户外日常款,C07,运动户外,1,358.00,2026-04-13 20:27:00,jd
O001132,U000783,P000095,轻盈旅行用品套装,C10,旅行用品,1,577.00,2026-04-13 15:53:00,offline
O001132,U000783,P000014,臻选食品饮料日常款,C02,食品饮料,1,60.00,2026-04-13 15:53:00,offline
O001132,U000783,P000013,悦活食品饮料升级版,C02,食品饮料,3,91.00,2026-04-13 15:53:00,offline
O001133,U000468,P000144,轻氧美妆个护日常款,C01,美妆个护,1,118.00,2026-04-13 14:27:00,taobao
O001133,U000468,P000162,轻氧食品饮料便携装,C02,食品饮料,1,73.00,2026-04-13 14:27:00,taobao
O001134,U000054,P000137,轻盈数码配件便携装,C05,数码配件,3,216.00,2026-04-14 23:17:00,wechat
O001134,U000054,P000110,臻选美妆个护套装,C01,美妆个护,1,81.00,2026-04-14 23:17:00,wechat
O001135,U000444,P000018,轻氧生鲜升级版,C09,生鲜,3,81.00,2026-04-14 08:22:00,douyin
O001135,U000444,P000003,云感生鲜升级版,C09,生鲜,1,73.00,2026-04-14 08:22:00,douyin
O001135,U000444,P000063,云感母婴用品升级版,C06,母婴用品,1,165.00,2026-04-14 08:22:00,douyin
O001135,U000444,P000037,悦活运动户外便携装,C07,运动户外,1,152.00,2026-04-14 08:22:00,douyin
O001136,U000500,P000091,悦活母婴用品旗舰款,C06,母婴用品,1,87.00,2026-04-14 08:27:00,douyin
O001136,U000500,P000168,轻氧服饰升级版,C03,服饰,3,368.00,2026-04-14 08:27:00,douyin
O001136,U000500,P000143,轻盈美妆个护升级版,C01,美妆个护,1,53.00,2026-04-14 08:27:00,douyin
O001136,U000500,P000165,云感生鲜套装,C09,生鲜,1,43.00,2026-04-14 08:27:00,douyin
O001137,U000312,P000152,臻选数码配件便携装,C05,数码配件,1,302.00,2026-04-14 15:52:00,jd
O001137,U000312,P000046,原野食品饮料旗舰款,C02,食品饮料,1,69.00,2026-04-14 15:52:00,jd
O001137,U000312,P000044,臻选食品饮料日常款,C02,食品饮料,1,28.00,2026-04-14 15:52:00,jd
O001138,U000349,P000044,臻选食品饮料日常款,C02,食品饮料,1,28.00,2026-04-14 13:16:00,douyin
O001138,U000349,P000171,云感生鲜旗舰款,C09,生鲜,1,30.00,2026-04-14 13:16:00,douyin
O001139,U000339,P000106,原野母婴用品旗舰款,C06,母婴用品,1,102.00,2026-04-14 08:59:00,jd
O001140,U000623,P000051,云感宠物用品旗舰款,C08,宠物用品,1,64.00,2026-04-14 14:36:00,taobao
O001141,U000151,P000131,轻盈生鲜旗舰款,C09,生鲜,1,85.00,2026-04-14 22:21:00,search
O001141,U000151,P000003,云感生鲜升级版,C09,生鲜,2,73.00,2026-04-14 22:21:00,search
O001141,U000151,P000023,轻盈食品饮料升级版,C02,食品饮料,3,79.00,2026-04-14 22:21:00,search
O001141,U000151,P000161,轻盈家居日用旗舰款,C04,家居日用,1,160.00,2026-04-14 22:21:00,search
O001142,U000320,P000069,云感运动户外日常款,C07,运动户外,1,268.00,2026-04-14 23:35:00,douyin
O001142,U000320,P000069,云感运动户外日常款,C07,运动户外,1,268.00,2026-04-14 23:35:00,douyin
O001142,U000320,P000003,云感生鲜升级版,C09,生鲜,3,73.00,2026-04-14 23:35:00,douyin
O001143,U000017,P000105,云感运动户外套装,C07,运动户外,1,142.00,2026-04-14 19:40:00,taobao
O001143,U000017,P000034,原野生鲜日常款,C09,生鲜,1,71.00,2026-04-14 19:40:00,taobao
O001144,U000495,P000057,云感数码配件便携装,C05,数码配件,1,79.00,2026-04-14 16:28:00,wechat
O001145,U000524,P000013,悦活食品饮料升级版,C02,食品饮料,2,91.00,2026-04-15 17:34:00,wechat
O001145,U000524,P000080,臻选家居日用套装,C04,家居日用,1,148.00,2026-04-15 17:34:00,wechat
O001145,U000524,P000085,悦活家居日用套装,C04,家居日用,1,70.00,2026-04-15 17:34:00,wechat
O001145,U000524,P000046,原野食品饮料旗舰款,C02,食品饮料,1,69.00,2026-04-15 17:34:00,wechat
O001146,U000882,P000130,原野服饰套装,C03,服饰,1,194.00,2026-04-15 16:25:00,offline
O001146,U000882,P000022,原野母婴用品便携装,C06,母婴用品,1,190.00,2026-04-15 16:25:00,offline
O001146,U000882,P000122,臻选运动户外便携装,C07,运动户外,1,212.00,2026-04-15 16:25:00,offline
O001147,U000855,P000148,原野数码配件升级版,C05,数码配件,1,136.00,2026-04-15 08:05:00,douyin
O001148,U000481,P000052,原野数码配件便携装,C05,数码配件,4,173.00,2026-04-15 21:36:00,jd
O001148,U000481,P000055,悦活宠物用品套装,C08,宠物用品,1,100.00,2026-04-15 21:36:00,jd
O001148,U000481,P000029,轻盈食品饮料日常款,C02,食品饮料,1,91.00,2026-04-15 21:36:00,jd
O001149,U000516,P000056,臻选旅行用品旗舰款,C10,旅行用品,1,443.00,2026-04-15 22:55:00,search
O001149,U000516,P000129,云感服饰日常款,C03,服饰,1,307.00,2026-04-15 22:55:00,search
O001149,U000516,P000109,悦活旅行用品日常款,C10,旅行用品,1,614.00,2026-04-15 22:55:00,search
O001150,U000310,P000067,悦活旅行用品便携装,C10,旅行用品,1,195.00,2026-04-15 19:01:00,search
O001150,U000310,P000032,臻选生鲜便携装,C09,生鲜,1,71.00,2026-04-15 19:01:00,search
O001150,U000310,P000005,轻盈数码配件套装,C05,数码配件,1,256.00,2026-04-15 19:01:00,search
O001151,U000134,P000074,臻选美妆个护日常款,C01,美妆个护,1,71.00,2026-04-15 09:26:00,jd
O001151,U000134,P000016,原野运动户外旗舰款,C07,运动户外,1,164.00,2026-04-15 09:26:00,jd
O001151,U000134,P000033,云感美妆个护升级版,C01,美妆个护,1,88.00,2026-04-15 09:26:00,jd
O001151,U000134,P000067,悦活旅行用品便携装,C10,旅行用品,1,195.00,2026-04-15 09:26:00,jd
O001152,U000626,P000058,原野生鲜升级版,C09,生鲜,2,44.00,2026-04-15 19:35:00,search
O001152,U000626,P000014,臻选食品饮料日常款,C02,食品饮料,1,60.00,2026-04-15 19:35:00,search
O001152,U000626,P000106,原野母婴用品旗舰款,C06,母婴用品,1,102.00,2026-04-15 19:35:00,search
O001152,U000626,P000154,原野生鲜日常款,C09,生鲜,1,103.00,2026-04-15 19:35:00,search
O001153,U000525,P000155,轻盈生鲜套装,C09,生鲜,1,106.00,2026-04-15 22:38:00,search
O001153,U000525,P000091,悦活母婴用品旗舰款,C06,母婴用品,2,87.00,2026-04-15 22:38:00,search
O001153,U000525,P000068,臻选旅行用品升级版,C10,旅行用品,1,202.00,2026-04-15 22:38:00,search
O001154,U000046,P000144,轻氧美妆个护日常款,C01,美妆个护,1,118.00,2026-04-15 16:11:00,search
O001154,U000046,P000156,轻氧母婴用品旗舰款,C06,母婴用品,1,153.00,2026-04-15 16:11:00,search
O001154,U000046,P000031,悦活运动户外旗舰款,C07,运动户外,1,98.00,2026-04-15 16:11:00,search
O001154,U000046,P000017,轻盈食品饮料便携装,C02,食品饮料,1,71.00,2026-04-15 16:11:00,search
O001155,U000278,P000113,轻盈旅行用品升级版,C10,旅行用品,1,483.00,2026-04-15 21:29:00,douyin
O001156,U000047,P000151,悦活美妆个护旗舰款,C01,美妆个护,1,38.00,2026-04-16 18:36:00,search
O001157,U000116,P000120,轻氧宠物用品套装,C08,宠物用品,1,58.00,2026-04-16 18:52:00,search
O001157,U000116,P000044,臻选食品饮料日常款,C02,食品饮料,1,28.00,2026-04-16 18:52:00,search
O001158,U000373,P000001,悦活家居日用旗舰款,C04,家居日用,1,141.00,2026-04-16 22:17:00,wechat
O001158,U000373,P000130,原野服饰套装,C03,服饰,2,194.00,2026-04-16 22:17:00,wechat
O001158,U000373,P000005,轻盈数码配件套装,C05,数码配件,1,256.00,2026-04-16 22:17:00,wechat
O001158,U000373,P000103,悦活美妆个护升级版,C01,美妆个护,1,76.00,2026-04-16 22:17:00,wechat
O001159,U000713,P000127,悦活食品饮料便携装,C02,食品饮料,1,39.00,2026-04-16 19:08:00,jd
O001159,U000713,P000046,原野食品饮料旗舰款,C02,食品饮料,1,69.00,2026-04-16 19:08:00,jd
O001160,U000271,P000037,悦活运动户外便携装,C07,运动户外,2,152.00,2026-04-16 23:18:00,jd
O001160,U000271,P000077,轻盈服饰便携装,C03,服饰,2,279.00,2026-04-16 23:18:00,jd
O001160,U000271,P000147,云感数码配件便携装,C05,数码配件,2,281.00,2026-04-16 23:18:00,jd
O001160,U000271,P000047,轻盈服饰便携装,C03,服饰,1,154.00,2026-04-16 23:18:00,jd
O001161,U000869,P000036,轻氧食品饮料旗舰款,C02,食品饮料,1,73.00,2026-04-16 14:42:00,jd
O001161,U000869,P000108,轻氧母婴用品升级版,C06,母婴用品,1,86.00,2026-04-16 14:42:00,jd
O001162,U000715,P000106,原野母婴用品旗舰款,C06,母婴用品,1,102.00,2026-04-16 18:28:00,taobao
O001162,U000715,P000116,臻选数码配件旗舰款,C05,数码配件,1,228.00,2026-04-16 18:28:00,taobao
O001162,U000715,P000140,臻选食品饮料套装,C02,食品饮料,4,71.00,2026-04-16 18:28:00,taobao
O001162,U000715,P000091,悦活母婴用品旗舰款,C06,母婴用品,1,87.00,2026-04-16 18:28:00,taobao
O001163,U000801,P000143,轻盈美妆个护升级版,C01,美妆个护,1,53.00,2026-04-16 22:22:00,search
O001163,U000801,P000094,原野运动户外日常款,C07,运动户外,1,136.00,2026-04-16 22:22:00,search
O001163,U000801,P000149,轻盈家居日用日常款,C04,家居日用,1,110.00,2026-04-16 22:22:00,search
O001164,U000058,P000068,臻选旅行用品升级版,C10,旅行用品,1,202.00,2026-04-16 10:34:00,wechat
O001164,U000058,P000050,臻选生鲜套装,C09,生鲜,1,108.00,2026-04-16 10:34:00,wechat
O001165,U000738,P000104,臻选旅行用品日常款,C10,旅行用品,1,352.00,2026-04-16 15:56:00,search
O001166,U000783,P000134,臻选数码配件日常款,C05,数码配件,1,120.00,2026-04-16 10:05:00,jd
O001167,U000600,P000011,轻盈旅行用品旗舰款,C10,旅行用品,1,224.00,2026-04-17 08:03:00,offline
O001167,U000600,P000010,原野旅行用品套装,C10,旅行用品,1,302.00,2026-04-17 08:03:00,offline
O001167,U000600,P000139,悦活运动户外日常款,C07,运动户外,1,358.00,2026-04-17 08:03:00,offline
O001168,U000818,P000016,原野运动户外旗舰款,C07,运动户外,1,164.00,2026-04-17 11:03:00,taobao
O001168,U000818,P000170,臻选生鲜套装,C09,生鲜,1,77.00,2026-04-17 11:03:00,taobao
O001169,U000066,P000144,轻氧美妆个护日常款,C01,美妆个护,1,118.00,2026-04-17 13:47:00,taobao
O001169,U000066,P000034,原野生鲜日常款,C09,生鲜,1,71.00,2026-04-17 13:47:00,taobao
O001169,U000066,P000039,云感生鲜日常款,C09,生鲜,1,109.00,2026-04-17 13:47:00,taobao
O001169,U000066,P000094,原野运动户外日常款,C07,运动户外,2,136.00,2026-04-17 13:47:00,taobao
O001170,U000693,P000080,臻选家居日用套装,C04,家居日用,1,148.00,2026-04-17 18:29:00,search
O001170,U000693,P000061,悦活家居日用旗舰款,C04,家居日用,1,157.00,2026-04-17 18:29:00,search
O001170,U000693,P000026,臻选生鲜旗舰款,C09,生鲜,1,88.00,2026-04-17 18:29:00,search
O001170,U000693,P000162,轻氧食品饮料便携装,C02,食品饮料,1,73.00,2026-04-17 18:29:00,search
O001171,U000412,P000032,臻选生鲜便携装,C09,生鲜,1,71.00,2026-04-17 15:45:00,douyin
O001172,U000515,P000075,云感母婴用品套装,C06,母婴用品,1,82.00,2026-04-17 13:31:00,search
O001172,U000515,P000036,轻氧食品饮料旗舰款,C02,食品饮料,1,73.00,2026-04-17 13:31:00,search
O001172,U000515,P000078,轻氧运动户外升级版,C07,运动户外,1,332.00,2026-04-17 13:31:00,search
O001173,U000407,P000118,原野美妆个护升级版,C01,美妆个护,1,133.00,2026-04-17 14:31:00,taobao
O001173,U000407,P000038,臻选母婴用品升级版,C06,母婴用品,1,188.00,2026-04-17 14:31:00,taobao
O001174,U000852,P000129,云感服饰日常款,C03,服饰,1,307.00,2026-04-17 19:19:00,search
O001174,U000852,P000161,轻盈家居日用旗舰款,C04,家居日用,1,160.00,2026-04-17 19:19:00,search
O001174,U000852,P000130,原野服饰套装,C03,服饰,1,194.00,2026-04-17 19:19:00,search
O001174,U000852,P000103,悦活美妆个护升级版,C01,美妆个护,1,76.00,2026-04-17 19:19:00,search
O001175,U000390,P000027,云感宠物用品便携装,C08,宠物用品,1,96.00,2026-04-17 11:36:00,search
O001175,U000390,P000168,轻氧服饰升级版,C03,服饰,1,368.00,2026-04-17 11:36:00,search
O001176,U000135,P000069,云感运动户外日常款,C07,运动户外,1,268.00,2026-04-17 12:00:00,offline
O001176,U000135,P000060,轻氧数码配件套装,C05,数码配件,1,269.00,2026-04-17 12:00:00,offline
O001176,U000135,P000166,原野服饰旗舰款,C03,服饰,1,378.00,2026-04-17 12:00:00,offline
O001177,U000890,P000124,原野食品饮料日常款,C02,食品饮料,4,60.00,2026-04-17 09:06:00,offline
O001177,U000890,P000025,悦活宠物用品套装,C08,宠物用品,1,105.00,2026-04-17 09:06:00,offline
O001177,U000890,P000071,轻盈宠物用品旗舰款,C08,宠物用品,1,144.00,2026-04-17 09:06:00,offline
O001177,U000890,P000138,轻氧数码配件升级版,C05,数码配件,1,150.00,2026-04-17 09:06:00,offline
O001178,U000198,P000045,云感食品饮料套装,C02,食品饮料,1,67.00,2026-04-18 11:06:00,wechat
O001178,U000198,P000109,悦活旅行用品日常款,C10,旅行用品,1,614.00,2026-04-18 11:06:00,wechat
O001178,U000198,P000003,云感生鲜升级版,C09,生鲜,1,73.00,2026-04-18 11:06:00,wechat
O001178,U000198,P000110,臻选美妆个护套装,C01,美妆个护,1,81.00,2026-04-18 11:06:00,wechat
O001179,U000079,P000040,原野数码配件套装,C05,数码配件,1,162.00,2026-04-18 23:27:00,taobao
O001180,U000500,P000113,轻盈旅行用品升级版,C10,旅行用品,3,483.00,2026-04-18 16:55:00,jd
O001180,U000500,P000042,轻氧美妆个护便携装,C01,美妆个护,1,69.00,2026-04-18 16:55:00,jd
O001180,U000500,P000135,云感数码配件套装,C05,数码配件,1,182.00,2026-04-18 16:55:00,jd
O001181,U000801,P000107,轻盈运动户外便携装,C07,运动户外,1,176.00,2026-04-18 17:16:00,douyin
O001182,U000586,P000062,臻选旅行用品便携装,C10,旅行用品,2,226.00,2026-04-18 22:35:00,wechat
O001182,U000586,P000134,臻选数码配件日常款,C05,数码配件,1,120.00,2026-04-18 22:35:00,wechat
O001182,U000586,P000001,悦活家居日用旗舰款,C04,家居日用,4,141.00,2026-04-18 22:35:00,wechat
O001183,U000373,P000018,轻氧生鲜升级版,C09,生鲜,1,81.00,2026-04-18 12:05:00,search
O001183,U000373,P000116,臻选数码配件旗舰款,C05,数码配件,1,228.00,2026-04-18 12:05:00,search
O001183,U000373,P000100,原野运动户外套装,C07,运动户外,1,235.00,2026-04-18 12:05:00,search
O001184,U000187,P000134,臻选数码配件日常款,C05,数码配件,1,120.00,2026-04-18 13:26:00,wechat
O001184,U000187,P000044,臻选食品饮料日常款,C02,食品饮料,1,28.00,2026-04-18 13:26:00,wechat
O001185,U000338,P000006,轻氧母婴用品旗舰款,C06,母婴用品,1,161.00,2026-04-18 20:19:00,douyin
O001185,U000338,P000172,原野宠物用品便携装,C08,宠物用品,4,99.00,2026-04-18 20:19:00,douyin
O001185,U000338,P000050,臻选生鲜套装,C09,生鲜,1,108.00,2026-04-18 20:19:00,douyin
O001185,U000338,P000062,臻选旅行用品便携装,C10,旅行用品,1,226.00,2026-04-18 20:19:00,douyin
O001186,U000472,P000047,轻盈服饰便携装,C03,服饰,1,154.00,2026-04-18 20:31:00,offline
O001186,U000472,P000056,臻选旅行用品旗舰款,C10,旅行用品,1,443.00,2026-04-18 20:31:00,offline
O001186,U000472,P000080,臻选家居日用套装,C04,家居日用,1,148.00,2026-04-18 20:31:00,offline
O001186,U000472,P000123,云感宠物用品升级版,C08,宠物用品,1,83.00,2026-04-18 20:31:00,offline
O001187,U000614,P000013,悦活食品饮料升级版,C02,食品饮料,1,91.00,2026-04-18 17:18:00,wechat
O001188,U000820,P000112,原野生鲜便携装,C09,生鲜,1,113.00,2026-04-18 13:53:00,taobao
O001188,U000820,P000129,云感服饰日常款,C03,服饰,1,307.00,2026-04-18 13:53:00,taobao
O001188,U000820,P000059,轻盈美妆个护日常款,C01,美妆个护,1,52.00,2026-04-18 13:53:00,taobao
O001189,U000185,P000088,原野家居日用升级版,C04,家居日用,4,89.00,2026-04-19 11:55:00,search
O001189,U000185,P000031,悦活运动户外旗舰款,C07,运动户外,1,98.00,2026-04-19 11:55:00,search
O001189,U000185,P000094,原野运动户外日常款,C07,运动户外,1,136.00,2026-04-19 11:55:00,search
O001190,U000352,P000126,轻氧旅行用品旗舰款,C10,旅行用品,1,248.00,2026-04-19 14:32:00,douyin
O001191,U000553,P000099,云感服饰日常款,C03,服饰,1,230.00,2026-04-19 10:06:00,douyin
O001192,U000665,P000007,悦活服饰便携装,C03,服饰,1,344.00,2026-04-19 22:14:00,douyin
O001192,U000665,P000120,轻氧宠物用品套装,C08,宠物用品,1,58.00,2026-04-19 22:14:00,douyin
O001193,U000589,P000163,悦活生鲜升级版,C09,生鲜,1,69.00,2026-04-19 09:18:00,jd
O001193,U000589,P000144,轻氧美妆个护日常款,C01,美妆个护,4,118.00,2026-04-19 09:18:00,jd
O001193,U000589,P000169,悦活生鲜日常款,C09,生鲜,1,42.00,2026-04-19 09:18:00,jd
O001194,U000462,P000084,轻氧服饰日常款,C03,服饰,1,130.00,2026-04-19 16:02:00,search
O001194,U000462,P000064,原野宠物用品日常款,C08,宠物用品,1,140.00,2026-04-19 16:02:00,search
O001194,U000462,P000120,轻氧宠物用品套装,C08,宠物用品,1,58.00,2026-04-19 16:02:00,search
O001195,U000679,P000132,轻氧家居日用便携装,C04,家居日用,1,91.00,2026-04-19 13:54:00,taobao
O001195,U000679,P000029,轻盈食品饮料日常款,C02,食品饮料,1,91.00,2026-04-19 13:54:00,taobao
O001196,U000676,P000061,悦活家居日用旗舰款,C04,家居日用,3,157.00,2026-04-19 11:05:00,wechat
O001196,U000676,P000076,原野美妆个护旗舰款,C01,美妆个护,1,77.00,2026-04-19 11:05:00,wechat
O001197,U000621,P000009,云感数码配件日常款,C05,数码配件,1,295.00,2026-04-19 10:32:00,jd
O001198,U000508,P000009,云感数码配件日常款,C05,数码配件,4,295.00,2026-04-19 10:53:00,offline
O001198,U000508,P000088,原野家居日用升级版,C04,家居日用,1,89.00,2026-04-19 10:53:00,offline
O001198,U000508,P000030,轻氧家居日用套装,C04,家居日用,1,106.00,2026-04-19 10:53:00,offline
O001199,U000375,P000009,云感数码配件日常款,C05,数码配件,1,295.00,2026-04-19 18:50:00,wechat
O001199,U000375,P000060,轻氧数码配件套装,C05,数码配件,1,269.00,2026-04-19 18:50:00,wechat
O001200,U000053,P000132,轻氧家居日用便携装,C04,家居日用,2,91.00,2026-04-20 20:02:00,jd
O001200,U000053,P000130,原野服饰套装,C03,服饰,1,194.00,2026-04-20 20:02:00,jd
O001201,U000077,P000098,臻选家居日用升级版,C04,家居日用,1,90.00,2026-04-20 08:04:00,douyin
O001201,U000077,P000081,云感数码配件旗舰款,C05,数码配件,1,152.00,2026-04-20 08:04:00,douyin
O001201,U000077,P000006,轻氧母婴用品旗舰款,C06,母婴用品,2,161.00,2026-04-20 08:04:00,douyin
O001201,U000077,P000034,原野生鲜日常款,C09,生鲜,1,71.00,2026-04-20 08:04:00,douyin
O001202,U000345,P000063,云感母婴用品升级版,C06,母婴用品,1,165.00,2026-04-20 16:55:00,search
O001202,U000345,P000101,轻盈生鲜旗舰款,C09,生鲜,1,111.00,2026-04-20 16:55:00,search
O001203,U000103,P000003,云感生鲜升级版,C09,生鲜,1,73.00,2026-04-20 10:13:00,taobao
O001204,U000633,P000095,轻盈旅行用品套装,C10,旅行用品,1,577.00,2026-04-20 15:19:00,offline
O001204,U000633,P000128,臻选旅行用品升级版,C10,旅行用品,1,514.00,2026-04-20 15:19:00,offline
O001204,U000633,P000038,臻选母婴用品升级版,C06,母婴用品,1,188.00,2026-04-20 15:19:00,offline
O001204,U000633,P000039,云感生鲜日常款,C09,生鲜,1,109.00,2026-04-20 15:19:00,offline
O001205,U000856,P000014,臻选食品饮料日常款,C02,食品饮料,1,60.00,2026-04-20 14:42:00,offline
O001205,U000856,P000138,轻氧数码配件升级版,C05,数码配件,1,150.00,2026-04-20 14:42:00,offline
O001206,U000807,P000127,悦活食品饮料便携装,C02,食品饮料,1,39.00,2026-04-20 23:33:00,offline
O001206,U000807,P000098,臻选家居日用升级版,C04,家居日用,1,90.00,2026-04-20 23:33:00,offline
O001207,U000021,P000087,云感旅行用品便携装,C10,旅行用品,1,609.00,2026-04-20 12:25:00,search
O001208,U000892,P000166,原野服饰旗舰款,C03,服饰,1,378.00,2026-04-20 20:15:00,douyin
O001208,U000892,P000160,原野旅行用品套装,C10,旅行用品,1,231.00,2026-04-20 20:15:00,douyin
O001208,U000892,P000084,轻氧服饰日常款,C03,服饰,1,130.00,2026-04-20 20:15:00,douyin
O001208,U000892,P000018,轻氧生鲜升级版,C09,生鲜,1,81.00,2026-04-20 20:15:00,douyin
O001209,U000696,P000168,轻氧服饰升级版,C03,服饰,1,368.00,2026-04-20 23:10:00,wechat
O001209,U000696,P000172,原野宠物用品便携装,C08,宠物用品,1,99.00,2026-04-20 23:10:00,wechat
O001210,U000398,P000155,轻盈生鲜套装,C09,生鲜,1,106.00,2026-04-20 11:37:00,search
O001210,U000398,P000135,云感数码配件套装,C05,数码配件,1,182.00,2026-04-20 11:37:00,search
O001210,U000398,P000133,悦活美妆个护升级版,C01,美妆个护,1,47.00,2026-04-20 11:37:00,search
O001210,U000398,P000057,云感数码配件便携装,C05,数码配件,1,79.00,2026-04-20 11:37:00,search
O001211,U000657,P000053,轻盈服饰升级版,C03,服饰,1,262.00,2026-04-21 19:13:00,offline
O001211,U000657,P000027,云感宠物用品便携装,C08,宠物用品,3,96.00,2026-04-21 19:13:00,offline
O001212,U000832,P000162,轻氧食品饮料便携装,C02,食品饮料,1,73.00,2026-04-21 16:08:00,wechat
O001212,U000832,P000013,悦活食品饮料升级版,C02,食品饮料,2,91.00,2026-04-21 16:08:00,wechat
O001212,U000832,P000033,云感美妆个护升级版,C01,美妆个护,1,88.00,2026-04-21 16:08:00,wechat
O001212,U000832,P000109,悦活旅行用品日常款,C10,旅行用品,1,614.00,2026-04-21 16:08:00,wechat
O001213,U000472,P000060,轻氧数码配件套装,C05,数码配件,1,269.00,2026-04-21 12:39:00,search
O001213,U000472,P000097,悦活母婴用品便携装,C06,母婴用品,1,123.00,2026-04-21 12:39:00,search
O001213,U000472,P000146,臻选生鲜旗舰款,C09,生鲜,1,112.00,2026-04-21 12:39:00,search
O001214,U000029,P000171,云感生鲜旗舰款,C09,生鲜,1,30.00,2026-04-21 16:29:00,search
O001214,U000029,P000120,轻氧宠物用品套装,C08,宠物用品,2,58.00,2026-04-21 16:29:00,search
O001214,U000029,P000129,云感服饰日常款,C03,服饰,2,307.00,2026-04-21 16:29:00,search
O001215,U000189,P000038,臻选母婴用品升级版,C06,母婴用品,3,188.00,2026-04-21 20:44:00,search
O001216,U000624,P000035,轻盈家居日用套装,C04,家居日用,1,116.00,2026-04-21 09:16:00,search
O001217,U000625,P000075,云感母婴用品套装,C06,母婴用品,1,82.00,2026-04-21 16:57:00,taobao
O001218,U000883,P000089,轻盈美妆个护日常款,C01,美妆个护,2,69.00,2026-04-21 18:05:00,taobao
O001218,U000883,P000061,悦活家居日用旗舰款,C04,家居日用,2,157.00,2026-04-21 18:05:00,taobao
O001219,U000646,P000132,轻氧家居日用便携装,C04,家居日用,1,91.00,2026-04-21 14:18:00,wechat
O001219,U000646,P000114,轻氧母婴用品日常款,C06,母婴用品,1,142.00,2026-04-21 14:18:00,wechat
O001220,U000027,P000107,轻盈运动户外便携装,C07,运动户外,2,176.00,2026-04-21 14:06:00,taobao
O001220,U000027,P000138,轻氧数码配件升级版,C05,数码配件,1,150.00,2026-04-21 14:06:00,taobao
O001220,U000027,P000004,原野旅行用品日常款,C10,旅行用品,1,271.00,2026-04-21 14:06:00,taobao
O001220,U000027,P000084,轻氧服饰日常款,C03,服饰,1,130.00,2026-04-21 14:06:00,taobao
O001221,U000639,P000010,原野旅行用品套装,C10,旅行用品,1,302.00,2026-04-21 08:14:00,jd
O001221,U000639,P000164,臻选食品饮料日常款,C02,食品饮料,3,73.00,2026-04-21 08:14:00,jd
O001221,U000639,P000156,轻氧母婴用品旗舰款,C06,母婴用品,1,153.00,2026-04-21 08:14:00,jd
O001221,U000639,P000018,轻氧生鲜升级版,C09,生鲜,1,81.00,2026-04-21 08:14:00,jd
O001222,U000736,P000078,轻氧运动户外升级版,C07,运动户外,1,332.00,2026-04-22 08:50:00,wechat
O001223,U000692,P000006,轻氧母婴用品旗舰款,C06,母婴用品,3,161.00,2026-04-22 17:51:00,offline
O001223,U000692,P000002,臻选服饰便携装,C03,服饰,4,332.00,2026-04-22 17:51:00,offline
O001223,U000692,P000019,悦活家居日用日常款,C04,家居日用,1,71.00,2026-04-22 17:51:00,offline
O001224,U000281,P000017,轻盈食品饮料便携装,C02,食品饮料,1,71.00,2026-04-22 11:33:00,douyin
O001224,U000281,P000012,轻氧母婴用品便携装,C06,母婴用品,1,128.00,2026-04-22 11:33:00,douyin
O001225,U000769,P000116,臻选数码配件旗舰款,C05,数码配件,1,228.00,2026-04-22 10:16:00,wechat
O001225,U000769,P000166,原野服饰旗舰款,C03,服饰,1,378.00,2026-04-22 10:16:00,wechat
O001225,U000769,P000171,云感生鲜旗舰款,C09,生鲜,1,30.00,2026-04-22 10:16:00,wechat
O001225,U000769,P000165,云感生鲜套装,C09,生鲜,1,43.00,2026-04-22 10:16:00,wechat
O001226,U000760,P000146,臻选生鲜旗舰款,C09,生鲜,1,112.00,2026-04-22 16:56:00,jd
O001226,U000760,P000144,轻氧美妆个护日常款,C01,美妆个护,1,118.00,2026-04-22 16:56:00,jd
O001226,U000760,P000009,云感数码配件日常款,C05,数码配件,1,295.00,2026-04-22 16:56:00,jd
O001226,U000760,P000060,轻氧数码配件套装,C05,数码配件,1,269.00,2026-04-22 16:56:00,jd
O001227,U000292,P000163,悦活生鲜升级版,C09,生鲜,1,69.00,2026-04-22 09:41:00,taobao
O001227,U000292,P000019,悦活家居日用日常款,C04,家居日用,1,71.00,2026-04-22 09:41:00,taobao
O001227,U000292,P000091,悦活母婴用品旗舰款,C06,母婴用品,1,87.00,2026-04-22 09:41:00,taobao
O001228,U000023,P000154,原野生鲜日常款,C09,生鲜,1,103.00,2026-04-22 20:47:00,douyin
O001228,U000023,P000013,悦活食品饮料升级版,C02,食品饮料,1,91.00,2026-04-22 20:47:00,douyin
O001228,U000023,P000068,臻选旅行用品升级版,C10,旅行用品,4,202.00,2026-04-22 20:47:00,douyin
O001229,U000446,P000103,悦活美妆个护升级版,C01,美妆个护,1,76.00,2026-04-22 12:28:00,search
O001229,U000446,P000118,原野美妆个护升级版,C01,美妆个护,1,133.00,2026-04-22 12:28:00,search
O001230,U000636,P000135,云感数码配件套装,C05,数码配件,1,182.00,2026-04-22 11:15:00,wechat
O001230,U000636,P000164,臻选食品饮料日常款,C02,食品饮料,1,73.00,2026-04-22 11:15:00,wechat
O001230,U000636,P000017,轻盈食品饮料便携装,C02,食品饮料,1,71.00,2026-04-22 11:15:00,wechat
O001231,U000816,P000086,臻选数码配件旗舰款,C05,数码配件,1,150.00,2026-04-22 09:59:00,search
O001231,U000816,P000003,云感生鲜升级版,C09,生鲜,1,73.00,2026-04-22 09:59:00,search
O001232,U000424,P000011,轻盈旅行用品旗舰款,C10,旅行用品,1,224.00,2026-04-22 09:58:00,wechat
O001232,U000424,P000081,云感数码配件旗舰款,C05,数码配件,1,152.00,2026-04-22 09:58:00,wechat
O001232,U000424,P000114,轻氧母婴用品日常款,C06,母婴用品,1,142.00,2026-04-22 09:58:00,wechat
O001233,U000021,P000031,悦活运动户外旗舰款,C07,运动户外,1,98.00,2026-04-23 08:34:00,douyin
O001233,U000021,P000157,悦活旅行用品便携装,C10,旅行用品,2,436.00,2026-04-23 08:34:00,douyin
O001233,U000021,P000146,臻选生鲜旗舰款,C09,生鲜,2,112.00,2026-04-23 08:34:00,douyin
O001233,U000021,P000030,轻氧家居日用套装,C04,家居日用,1,106.00,2026-04-23 08:34:00,douyin
O001234,U000607,P000042,轻氧美妆个护便携装,C01,美妆个护,1,69.00,2026-04-23 22:20:00,taobao
O001235,U000080,P000159,云感旅行用品日常款,C10,旅行用品,1,514.00,2026-04-23 21:15:00,taobao
O001236,U000127,P000064,原野宠物用品日常款,C08,宠物用品,1,140.00,2026-04-23 22:21:00,jd
O001236,U000127,P000085,悦活家居日用套装,C04,家居日用,1,70.00,2026-04-23 22:21:00,jd
O001236,U000127,P000028,原野数码配件升级版,C05,数码配件,3,158.00,2026-04-23 22:21:00,jd
O001237,U000192,P000039,云感生鲜日常款,C09,生鲜,1,109.00,2026-04-23 15:02:00,search
O001237,U000192,P000061,悦活家居日用旗舰款,C04,家居日用,1,157.00,2026-04-23 15:02:00,search
O001237,U000192,P000048,轻氧宠物用品升级版,C08,宠物用品,1,142.00,2026-04-23 15:02:00,search
O001237,U000192,P000029,轻盈食品饮料日常款,C02,食品饮料,1,91.00,2026-04-23 15:02:00,search
O001238,U000814,P000145,悦活宠物用品套装,C08,宠物用品,1,42.00,2026-04-23 15:00:00,search
O001238,U000814,P000061,悦活家居日用旗舰款,C04,家居日用,1,157.00,2026-04-23 15:00:00,search
O001238,U000814,P000080,臻选家居日用套装,C04,家居日用,1,148.00,2026-04-23 15:00:00,search
O001239,U000150,P000083,轻盈运动户外升级版,C07,运动户外,1,227.00,2026-04-23 08:12:00,douyin
O001239,U000150,P000010,原野旅行用品套装,C10,旅行用品,1,302.00,2026-04-23 08:12:00,douyin
O001239,U000150,P000169,悦活生鲜日常款,C09,生鲜,1,42.00,2026-04-23 08:12:00,douyin
O001240,U000750,P000044,臻选食品饮料日常款,C02,食品饮料,1,28.00,2026-04-23 18:46:00,douyin
O001241,U000816,P000050,臻选生鲜套装,C09,生鲜,1,108.00,2026-04-23 15:28:00,wechat
O001241,U000816,P000117,云感食品饮料便携装,C02,食品饮料,1,54.00,2026-04-23 15:28:00,wechat
O001242,U000791,P000141,云感数码配件旗舰款,C05,数码配件,1,220.00,2026-04-23 13:19:00,jd
O001242,U000791,P000040,原野数码配件套装,C05,数码配件,1,162.00,2026-04-23 13:19:00,jd
O001243,U000562,P000165,云感生鲜套装,C09,生鲜,1,43.00,2026-04-23 11:04:00,search
O001243,U000562,P000168,轻氧服饰升级版,C03,服饰,4,368.00,2026-04-23 11:04:00,search
O001244,U000067,P000103,悦活美妆个护升级版,C01,美妆个护,1,76.00,2026-04-24 09:48:00,offline
O001245,U000126,P000070,原野宠物用品套装,C08,宠物用品,4,147.00,2026-04-24 13:36:00,taobao
O001245,U000126,P000122,臻选运动户外便携装,C07,运动户外,1,212.00,2026-04-24 13:36:00,taobao
O001246,U000380,P000012,轻氧母婴用品便携装,C06,母婴用品,2,128.00,2026-04-24 18:05:00,offline
O001247,U000035,P000084,轻氧服饰日常款,C03,服饰,1,130.00,2026-04-24 13:39:00,taobao
O001247,U000035,P000116,臻选数码配件旗舰款,C05,数码配件,2,228.00,2026-04-24 13:39:00,taobao
O001247,U000035,P000114,轻氧母婴用品日常款,C06,母婴用品,1,142.00,2026-04-24 13:39:00,taobao
O001247,U000035,P000111,云感宠物用品旗舰款,C08,宠物用品,1,117.00,2026-04-24 13:39:00,taobao
O001248,U000528,P000026,臻选生鲜旗舰款,C09,生鲜,1,88.00,2026-04-24 13:35:00,search
O001248,U000528,P000082,原野旅行用品便携装,C10,旅行用品,3,253.00,2026-04-24 13:35:00,search
O001248,U000528,P000156,轻氧母婴用品旗舰款,C06,母婴用品,1,153.00,2026-04-24 13:35:00,search
O001249,U000044,P000150,轻氧母婴用品套装,C06,母婴用品,1,76.00,2026-04-24 10:44:00,taobao
O001250,U000732,P000068,臻选旅行用品升级版,C10,旅行用品,1,202.00,2026-04-24 08:49:00,offline
O001251,U000895,P000037,悦活运动户外便携装,C07,运动户外,1,152.00,2026-04-24 14:51:00,douyin
O001251,U000895,P000007,悦活服饰便携装,C03,服饰,1,344.00,2026-04-24 14:51:00,douyin
O001252,U000896,P000166,原野服饰旗舰款,C03,服饰,1,378.00,2026-04-24 10:03:00,jd
O001253,U000813,P000159,云感旅行用品日常款,C10,旅行用品,1,514.00,2026-04-24 16:16:00,taobao
O001254,U000867,P000153,云感美妆个护升级版,C01,美妆个护,1,48.00,2026-04-24 13:27:00,jd
O001254,U000867,P000029,轻盈食品饮料日常款,C02,食品饮料,1,91.00,2026-04-24 13:27:00,jd
O001254,U000867,P000072,轻氧美妆个护便携装,C01,美妆个护,1,122.00,2026-04-24 13:27:00,jd
O001254,U000867,P000065,轻盈生鲜套装,C09,生鲜,1,41.00,2026-04-24 13:27:00,jd
O001255,U000606,P000031,悦活运动户外旗舰款,C07,运动户外,1,98.00,2026-04-25 10:11:00,search
O001256,U000366,P000046,原野食品饮料旗舰款,C02,食品饮料,1,69.00,2026-04-25 14:40:00,jd
O001256,U000366,P000031,悦活运动户外旗舰款,C07,运动户外,1,98.00,2026-04-25 14:40:00,jd
O001256,U000366,P000030,轻氧家居日用套装,C04,家居日用,1,106.00,2026-04-25 14:40:00,jd
O001256,U000366,P000137,轻盈数码配件便携装,C05,数码配件,1,216.00,2026-04-25 14:40:00,jd
O001257,U000771,P000075,云感母婴用品套装,C06,母婴用品,1,82.00,2026-04-25 18:09:00,douyin
O001258,U000811,P000172,原野宠物用品便携装,C08,宠物用品,1,99.00,2026-04-25 14:04:00,wechat
O001258,U000811,P000172,原野宠物用品便携装,C08,宠物用品,1,99.00,2026-04-25 14:04:00,wechat
O001258,U000811,P000020,臻选数码配件套装,C05,数码配件,1,252.00,2026-04-25 14:04:00,wechat
O001258,U000811,P000018,轻氧生鲜升级版,C09,生鲜,1,81.00,2026-04-25 14:04:00,wechat
O001259,U000647,P000072,轻氧美妆个护便携装,C01,美妆个护,1,122.00,2026-04-25 16:00:00,search
O001260,U000232,P000016,原野运动户外旗舰款,C07,运动户外,1,164.00,2026-04-25 22:18:00,jd
O001260,U000232,P000056,臻选旅行用品旗舰款,C10,旅行用品,1,443.00,2026-04-25 22:18:00,jd
O001260,U000232,P000114,轻氧母婴用品日常款,C06,母婴用品,1,142.00,2026-04-25 22:18:00,jd
O001261,U000407,P000048,轻氧宠物用品升级版,C08,宠物用品,1,142.00,2026-04-25 08:46:00,search
O001261,U000407,P000132,轻氧家居日用便携装,C04,家居日用,1,91.00,2026-04-25 08:46:00,search
O001262,U000473,P000021,云感宠物用品旗舰款,C08,宠物用品,1,160.00,2026-04-25 16:12:00,offline
O001262,U000473,P000123,云感宠物用品升级版,C08,宠物用品,1,83.00,2026-04-25 16:12:00,offline
O001263,U000034,P000140,臻选食品饮料套装,C02,食品饮料,1,71.00,2026-04-25 12:11:00,offline
O001263,U000034,P000115,悦活美妆个护套装,C01,美妆个护,1,86.00,2026-04-25 12:11:00,offline
O001263,U000034,P000006,轻氧母婴用品旗舰款,C06,母婴用品,1,161.00,2026-04-25 12:11:00,offline
O001264,U000314,P000126,轻氧旅行用品旗舰款,C10,旅行用品,1,248.00,2026-04-25 22:53:00,taobao
O001264,U000314,P000076,原野美妆个护旗舰款,C01,美妆个护,1,77.00,2026-04-25 22:53:00,taobao
O001265,U000891,P000023,轻盈食品饮料升级版,C02,食品饮料,1,79.00,2026-04-25 14:03:00,wechat
O001266,U000211,P000010,原野旅行用品套装,C10,旅行用品,2,302.00,2026-04-26 15:08:00,taobao
O001266,U000211,P000006,轻氧母婴用品旗舰款,C06,母婴用品,1,161.00,2026-04-26 15:08:00,taobao
O001266,U000211,P000148,原野数码配件升级版,C05,数码配件,1,136.00,2026-04-26 15:08:00,taobao
O001266,U000211,P000047,轻盈服饰便携装,C03,服饰,1,154.00,2026-04-26 15:08:00,taobao
O001267,U000319,P000095,轻盈旅行用品套装,C10,旅行用品,1,577.00,2026-04-26 22:07:00,jd
O001268,U000007,P000170,臻选生鲜套装,C09,生鲜,1,77.00,2026-04-26 19:36:00,search
O001269,U000845,P000126,轻氧旅行用品旗舰款,C10,旅行用品,1,248.00,2026-04-26 08:58:00,jd
O001269,U000845,P000168,轻氧服饰升级版,C03,服饰,2,368.00,2026-04-26 08:58:00,jd
O001269,U000845,P000099,云感服饰日常款,C03,服饰,1,230.00,2026-04-26 08:58:00,jd
O001269,U000845,P000134,臻选数码配件日常款,C05,数码配件,3,120.00,2026-04-26 08:58:00,jd
O001270,U000167,P000132,轻氧家居日用便携装,C04,家居日用,1,91.00,2026-04-26 10:31:00,offline
O001270,U000167,P000038,臻选母婴用品升级版,C06,母婴用品,1,188.00,2026-04-26 10:31:00,offline
O001270,U000167,P000079,悦活服饰日常款,C03,服饰,1,452.00,2026-04-26 10:31:00,offline
O001270,U000167,P000108,轻氧母婴用品升级版,C06,母婴用品,3,86.00,2026-04-26 10:31:00,offline
O001271,U000233,P000071,轻盈宠物用品旗舰款,C08,宠物用品,1,144.00,2026-04-26 17:51:00,taobao
O001271,U000233,P000097,悦活母婴用品便携装,C06,母婴用品,1,123.00,2026-04-26 17:51:00,taobao
O001271,U000233,P000010,原野旅行用品套装,C10,旅行用品,1,302.00,2026-04-26 17:51:00,taobao
O001271,U000233,P000022,原野母婴用品便携装,C06,母婴用品,1,190.00,2026-04-26 17:51:00,taobao
O001272,U000591,P000055,悦活宠物用品套装,C08,宠物用品,1,100.00,2026-04-26 08:55:00,offline
O001272,U000591,P000136,原野运动户外旗舰款,C07,运动户外,1,169.00,2026-04-26 08:55:00,offline
O001273,U000781,P000055,悦活宠物用品套装,C08,宠物用品,1,100.00,2026-04-26 11:06:00,douyin
O001273,U000781,P000042,轻氧美妆个护便携装,C01,美妆个护,1,69.00,2026-04-26 11:06:00,douyin
O001273,U000781,P000024,轻氧食品饮料日常款,C02,食品饮料,1,55.00,2026-04-26 11:06:00,douyin
O001274,U000834,P000054,轻氧美妆个护日常款,C01,美妆个护,1,138.00,2026-04-26 21:42:00,taobao
O001275,U000755,P000154,原野生鲜日常款,C09,生鲜,1,103.00,2026-04-26 09:41:00,jd
O001275,U000755,P000148,原野数码配件升级版,C05,数码配件,1,136.00,2026-04-26 09:41:00,jd
O001275,U000755,P000116,臻选数码配件旗舰款,C05,数码配件,1,228.00,2026-04-26 09:41:00,jd
O001276,U000288,P000135,云感数码配件套装,C05,数码配件,1,182.00,2026-04-26 09:04:00,jd
O001276,U000288,P000068,臻选旅行用品升级版,C10,旅行用品,2,202.00,2026-04-26 09:04:00,jd
O001276,U000288,P000063,云感母婴用品升级版,C06,母婴用品,1,165.00,2026-04-26 09:04:00,jd
O001276,U000288,P000103,悦活美妆个护升级版,C01,美妆个护,1,76.00,2026-04-26 09:04:00,jd
O001277,U000516,P000161,轻盈家居日用旗舰款,C04,家居日用,2,160.00,2026-04-27 17:54:00,wechat
O001278,U000363,P000077,轻盈服饰便携装,C03,服饰,1,279.00,2026-04-27 23:41:00,taobao
O001279,U000007,P000060,轻氧数码配件套装,C05,数码配件,1,269.00,2026-04-27 12:33:00,offline
O001279,U000007,P000137,轻盈数码配件便携装,C05,数码配件,1,216.00,2026-04-27 12:33:00,offline
O001279,U000007,P000062,臻选旅行用品便携装,C10,旅行用品,1,226.00,2026-04-27 12:33:00,offline
O001280,U000096,P000078,轻氧运动户外升级版,C07,运动户外,1,332.00,2026-04-27 15:24:00,search
O001280,U000096,P000073,悦活家居日用升级版,C04,家居日用,1,147.00,2026-04-27 15:24:00,search
O001280,U000096,P000162,轻氧食品饮料便携装,C02,食品饮料,4,73.00,2026-04-27 15:24:00,search
O001281,U000860,P000050,臻选生鲜套装,C09,生鲜,1,108.00,2026-04-27 08:28:00,taobao
O001281,U000860,P000091,悦活母婴用品旗舰款,C06,母婴用品,1,87.00,2026-04-27 08:28:00,taobao
O001281,U000860,P000143,轻盈美妆个护升级版,C01,美妆个护,1,53.00,2026-04-27 08:28:00,taobao
O001281,U000860,P000021,云感宠物用品旗舰款,C08,宠物用品,1,160.00,2026-04-27 08:28:00,taobao
O001282,U000400,P000090,轻氧旅行用品套装,C10,旅行用品,1,170.00,2026-04-27 17:40:00,offline
O001282,U000400,P000038,臻选母婴用品升级版,C06,母婴用品,2,188.00,2026-04-27 17:40:00,offline
O001283,U000161,P000111,云感宠物用品旗舰款,C08,宠物用品,1,117.00,2026-04-27 14:50:00,jd
O001284,U000680,P000074,臻选美妆个护日常款,C01,美妆个护,1,71.00,2026-04-27 13:55:00,douyin
O001285,U000486,P000051,云感宠物用品旗舰款,C08,宠物用品,1,64.00,2026-04-27 21:31:00,taobao
O001286,U000510,P000103,悦活美妆个护升级版,C01,美妆个护,1,76.00,2026-04-27 23:54:00,offline
O001286,U000510,P000125,轻盈生鲜套装,C09,生鲜,3,62.00,2026-04-27 23:54:00,offline
O001286,U000510,P000034,原野生鲜日常款,C09,生鲜,1,71.00,2026-04-27 23:54:00,offline
O001287,U000154,P000128,臻选旅行用品升级版,C10,旅行用品,1,514.00,2026-04-27 09:01:00,douyin
O001287,U000154,P000033,云感美妆个护升级版,C01,美妆个护,1,88.00,2026-04-27 09:01:00,douyin
O001287,U000154,P000117,云感食品饮料便携装,C02,食品饮料,1,54.00,2026-04-27 09:01:00,douyin
O001288,U000602,P000100,原野运动户外套装,C07,运动户外,1,235.00,2026-04-28 09:26:00,wechat
O001288,U000602,P000123,云感宠物用品升级版,C08,宠物用品,1,83.00,2026-04-28 09:26:00,wechat
O001289,U000363,P000108,轻氧母婴用品升级版,C06,母婴用品,1,86.00,2026-04-28 10:16:00,jd
O001289,U000363,P000127,悦活食品饮料便携装,C02,食品饮料,1,39.00,2026-04-28 10:16:00,jd
O001289,U000363,P000123,云感宠物用品升级版,C08,宠物用品,1,83.00,2026-04-28 10:16:00,jd
O001290,U000429,P000118,原野美妆个护升级版,C01,美妆个护,3,133.00,2026-04-28 20:48:00,taobao
O001290,U000429,P000058,原野生鲜升级版,C09,生鲜,1,44.00,2026-04-28 20:48:00,taobao
O001290,U000429,P000039,云感生鲜日常款,C09,生鲜,1,109.00,2026-04-28 20:48:00,taobao
O001291,U000448,P000008,臻选美妆个护升级版,C01,美妆个护,1,69.00,2026-04-28 15:35:00,jd
O001291,U000448,P000055,悦活宠物用品套装,C08,宠物用品,1,100.00,2026-04-28 15:35:00,jd
O001292,U000891,P000163,悦活生鲜升级版,C09,生鲜,1,69.00,2026-04-28 12:53:00,jd
O001292,U000891,P000026,臻选生鲜旗舰款,C09,生鲜,1,88.00,2026-04-28 12:53:00,jd
O001292,U000891,P000057,云感数码配件便携装,C05,数码配件,1,79.00,2026-04-28 12:53:00,jd
O001293,U000765,P000156,轻氧母婴用品旗舰款,C06,母婴用品,2,153.00,2026-04-28 14:22:00,douyin
O001293,U000765,P000123,云感宠物用品升级版,C08,宠物用品,1,83.00,2026-04-28 14:22:00,douyin
O001293,U000765,P000061,悦活家居日用旗舰款,C04,家居日用,1,157.00,2026-04-28 14:22:00,douyin
O001294,U000895,P000081,云感数码配件旗舰款,C05,数码配件,1,152.00,2026-04-28 22:29:00,wechat
O001295,U000747,P000011,轻盈旅行用品旗舰款,C10,旅行用品,1,224.00,2026-04-28 13:22:00,jd
O001296,U000255,P000092,臻选服饰便携装,C03,服饰,1,291.00,2026-04-28 15:00:00,search
O001297,U000443,P000121,悦活运动户外旗舰款,C07,运动户外,1,291.00,2026-04-28 12:01:00,taobao
O001298,U000337,P000104,臻选旅行用品日常款,C10,旅行用品,1,352.00,2026-04-28 14:49:00,offline
O001298,U000337,P000127,悦活食品饮料便携装,C02,食品饮料,3,39.00,2026-04-28 14:49:00,offline
O001298,U000337,P000075,云感母婴用品套装,C06,母婴用品,1,82.00,2026-04-28 14:49:00,offline
O001299,U000459,P000118,原野美妆个护升级版,C01,美妆个护,1,133.00,2026-04-29 17:54:00,search
O001300,U000131,P000050,臻选生鲜套装,C09,生鲜,1,108.00,2026-04-29 11:10:00,douyin
O001300,U000131,P000165,云感生鲜套装,C09,生鲜,1,43.00,2026-04-29 11:10:00,douyin
O001300,U000131,P000125,轻盈生鲜套装,C09,生鲜,1,62.00,2026-04-29 11:10:00,douyin
O001300,U000131,P000166,原野服饰旗舰款,C03,服饰,1,378.00,2026-04-29 11:10:00,douyin
O001301,U000011,P000168,轻氧服饰升级版,C03,服饰,1,368.00,2026-04-29 23:10:00,douyin
O001301,U000011,P000103,悦活美妆个护升级版,C01,美妆个护,1,76.00,2026-04-29 23:10:00,douyin
O001302,U000739,P000054,轻氧美妆个护日常款,C01,美妆个护,1,138.00,2026-04-29 17:13:00,search
O001302,U000739,P000137,轻盈数码配件便携装,C05,数码配件,1,216.00,2026-04-29 17:13:00,search
O001303,U000389,P000043,悦活服饰升级版,C03,服饰,1,237.00,2026-04-29 14:15:00,douyin
O001303,U000389,P000152,臻选数码配件便携装,C05,数码配件,1,302.00,2026-04-29 14:15:00,douyin
O001303,U000389,P000085,悦活家居日用套装,C04,家居日用,1,70.00,2026-04-29 14:15:00,douyin
O001304,U000192,P000105,云感运动户外套装,C07,运动户外,1,142.00,2026-04-29 12:46:00,douyin
O001304,U000192,P000149,轻盈家居日用日常款,C04,家居日用,1,110.00,2026-04-29 12:46:00,douyin
O001305,U000032,P000148,原野数码配件升级版,C05,数码配件,1,136.00,2026-04-29 11:15:00,douyin
O001305,U000032,P000034,原野生鲜日常款,C09,生鲜,4,71.00,2026-04-29 11:15:00,douyin
O001305,U000032,P000129,云感服饰日常款,C03,服饰,1,307.00,2026-04-29 11:15:00,douyin
O001306,U000084,P000003,云感生鲜升级版,C09,生鲜,1,73.00,2026-04-29 15:03:00,douyin
O001307,U000348,P000027,云感宠物用品便携装,C08,宠物用品,3,96.00,2026-04-29 16:45:00,douyin
O001307,U000348,P000018,轻氧生鲜升级版,C09,生鲜,1,81.00,2026-04-29 16:45:00,douyin
O001308,U000355,P000143,轻盈美妆个护升级版,C01,美妆个护,1,53.00,2026-04-29 09:12:00,search
O001308,U000355,P000031,悦活运动户外旗舰款,C07,运动户外,3,98.00,2026-04-29 09:12:00,search
O001309,U000454,P000045,云感食品饮料套装,C02,食品饮料,1,67.00,2026-04-29 12:21:00,taobao
O001309,U000454,P000059,轻盈美妆个护日常款,C01,美妆个护,1,52.00,2026-04-29 12:21:00,taobao
O001309,U000454,P000087,云感旅行用品便携装,C10,旅行用品,1,609.00,2026-04-29 12:21:00,taobao
O001309,U000454,P000058,原野生鲜升级版,C09,生鲜,1,44.00,2026-04-29 12:21:00,taobao
O001310,U000381,P000140,臻选食品饮料套装,C02,食品饮料,1,71.00,2026-04-30 11:00:00,search
O001310,U000381,P000067,悦活旅行用品便携装,C10,旅行用品,1,195.00,2026-04-30 11:00:00,search
O001310,U000381,P000020,臻选数码配件套装,C05,数码配件,1,252.00,2026-04-30 11:00:00,search
O001310,U000381,P000073,悦活家居日用升级版,C04,家居日用,1,147.00,2026-04-30 11:00:00,search
O001311,U000431,P000130,原野服饰套装,C03,服饰,1,194.00,2026-04-30 08:55:00,jd
O001311,U000431,P000165,云感生鲜套装,C09,生鲜,1,43.00,2026-04-30 08:55:00,jd
O001311,U000431,P000168,轻氧服饰升级版,C03,服饰,1,368.00,2026-04-30 08:55:00,jd
O001311,U000431,P000161,轻盈家居日用旗舰款,C04,家居日用,4,160.00,2026-04-30 08:55:00,jd
O001312,U000265,P000106,原野母婴用品旗舰款,C06,母婴用品,3,102.00,2026-04-30 20:17:00,douyin
O001312,U000265,P000046,原野食品饮料旗舰款,C02,食品饮料,1,69.00,2026-04-30 20:17:00,douyin
O001312,U000265,P000086,臻选数码配件旗舰款,C05,数码配件,1,150.00,2026-04-30 20:17:00,douyin
O001312,U000265,P000141,云感数码配件旗舰款,C05,数码配件,4,220.00,2026-04-30 20:17:00,douyin
O001313,U000617,P000005,轻盈数码配件套装,C05,数码配件,1,256.00,2026-04-30 19:30:00,jd
O001313,U000617,P000133,悦活美妆个护升级版,C01,美妆个护,1,47.00,2026-04-30 19:30:00,jd
O001314,U000164,P000159,云感旅行用品日常款,C10,旅行用品,1,514.00,2026-04-30 10:22:00,search
O001314,U000164,P000117,云感食品饮料便携装,C02,食品饮料,1,54.00,2026-04-30 10:22:00,search
O001314,U000164,P000149,轻盈家居日用日常款,C04,家居日用,1,110.00,2026-04-30 10:22:00,search
O001315,U000262,P000116,臻选数码配件旗舰款,C05,数码配件,1,228.00,2026-04-30 12:15:00,taobao
O001315,U000262,P000118,原野美妆个护升级版,C01,美妆个护,1,133.00,2026-04-30 12:15:00,taobao
O001315,U000262,P000041,轻盈家居日用旗舰款,C04,家居日用,1,166.00,2026-04-30 12:15:00,taobao
O001316,U000175,P000082,原野旅行用品便携装,C10,旅行用品,1,253.00,2026-04-30 18:53:00,offline
O001316,U000175,P000050,臻选生鲜套装,C09,生鲜,1,108.00,2026-04-30 18:53:00,offline
O001316,U000175,P000132,轻氧家居日用便携装,C04,家居日用,1,91.00,2026-04-30 18:53:00,offline
O001317,U000404,P000066,轻氧母婴用品旗舰款,C06,母婴用品,1,76.00,2026-04-30 17:20:00,wechat
O001317,U000404,P000164,臻选食品饮料日常款,C02,食品饮料,2,73.00,2026-04-30 17:20:00,wechat
O001318,U000199,P000065,轻盈生鲜套装,C09,生鲜,1,41.00,2026-04-30 10:36:00,offline
O001318,U000199,P000164,臻选食品饮料日常款,C02,食品饮料,1,73.00,2026-04-30 10:36:00,offline
O001318,U000199,P000033,云感美妆个护升级版,C01,美妆个护,1,88.00,2026-04-30 10:36:00,offline
O001318,U000199,P000129,云感服饰日常款,C03,服饰,1,307.00,2026-04-30 10:36:00,offline
O001319,U000609,P000082,原野旅行用品便携装,C10,旅行用品,3,253.00,2026-04-30 13:07:00,taobao
O001319,U000609,P000003,云感生鲜升级版,C09,生鲜,1,73.00,2026-04-30 13:07:00,taobao
O001320,U000412,P000112,原野生鲜便携装,C09,生鲜,1,113.00,2026-04-30 18:56:00,douyin
O001320,U000412,P000133,悦活美妆个护升级版,C01,美妆个护,1,47.00,2026-04-30 18:56:00,douyin
O001320,U000412,P000036,轻氧食品饮料旗舰款,C02,食品饮料,1,73.00,2026-04-30 18:56:00,douyin
O001320,U000412,P000131,轻盈生鲜旗舰款,C09,生鲜,1,85.00,2026-04-30 18:56:00,douyin
O001321,U000401,P000095,轻盈旅行用品套装,C10,旅行用品,1,577.00,2026-05-01 09:30:00,jd
O001321,U000401,P000167,轻盈美妆个护便携装,C01,美妆个护,3,119.00,2026-05-01 09:30:00,jd
O001321,U000401,P000092,臻选服饰便携装,C03,服饰,1,291.00,2026-05-01 09:30:00,jd
O001321,U000401,P000026,臻选生鲜旗舰款,C09,生鲜,1,88.00,2026-05-01 09:30:00,jd
O001322,U000824,P000090,轻氧旅行用品套装,C10,旅行用品,1,170.00,2026-05-01 15:17:00,douyin
O001323,U000878,P000001,悦活家居日用旗舰款,C04,家居日用,1,141.00,2026-05-01 11:26:00,taobao
O001324,U000287,P000145,悦活宠物用品套装,C08,宠物用品,3,42.00,2026-05-01 19:18:00,offline
O001325,U000548,P000069,云感运动户外日常款,C07,运动户外,1,268.00,2026-05-01 12:30:00,wechat
O001326,U000050,P000161,轻盈家居日用旗舰款,C04,家居日用,1,160.00,2026-05-01 20:08:00,jd
O001326,U000050,P000067,悦活旅行用品便携装,C10,旅行用品,1,195.00,2026-05-01 20:08:00,jd
O001326,U000050,P000047,轻盈服饰便携装,C03,服饰,1,154.00,2026-05-01 20:08:00,jd
O001327,U000607,P000115,悦活美妆个护套装,C01,美妆个护,1,86.00,2026-05-01 08:23:00,wechat
O001327,U000607,P000082,原野旅行用品便携装,C10,旅行用品,1,253.00,2026-05-01 08:23:00,wechat
O001327,U000607,P000056,臻选旅行用品旗舰款,C10,旅行用品,1,443.00,2026-05-01 08:23:00,wechat
O001328,U000116,P000024,轻氧食品饮料日常款,C02,食品饮料,1,55.00,2026-05-01 15:16:00,taobao
O001328,U000116,P000107,轻盈运动户外便携装,C07,运动户外,1,176.00,2026-05-01 15:16:00,taobao
O001329,U000563,P000055,悦活宠物用品套装,C08,宠物用品,1,100.00,2026-05-01 15:49:00,search
O001329,U000563,P000007,悦活服饰便携装,C03,服饰,1,344.00,2026-05-01 15:49:00,search
O001329,U000563,P000032,臻选生鲜便携装,C09,生鲜,1,71.00,2026-05-01 15:49:00,search
O001330,U000686,P000124,原野食品饮料日常款,C02,食品饮料,1,60.00,2026-05-01 20:40:00,taobao
O001330,U000686,P000148,原野数码配件升级版,C05,数码配件,1,136.00,2026-05-01 20:40:00,taobao
O001330,U000686,P000096,轻氧数码配件旗舰款,C05,数码配件,1,88.00,2026-05-01 20:40:00,taobao
O001331,U000795,P000076,原野美妆个护旗舰款,C01,美妆个护,1,77.00,2026-05-01 20:17:00,search
O001332,U000761,P000002,臻选服饰便携装,C03,服饰,1,332.00,2026-05-02 18:50:00,douyin
O001332,U000761,P000039,云感生鲜日常款,C09,生鲜,1,109.00,2026-05-02 18:50:00,douyin
O001333,U000739,P000017,轻盈食品饮料便携装,C02,食品饮料,1,71.00,2026-05-02 12:21:00,douyin
O001333,U000739,P000030,轻氧家居日用套装,C04,家居日用,1,106.00,2026-05-02 12:21:00,douyin
O001333,U000739,P000163,悦活生鲜升级版,C09,生鲜,2,69.00,2026-05-02 12:21:00,douyin
O001334,U000121,P000004,原野旅行用品日常款,C10,旅行用品,1,271.00,2026-05-02 09:46:00,offline
O001334,U000121,P000163,悦活生鲜升级版,C09,生鲜,1,69.00,2026-05-02 09:46:00,offline
O001334,U000121,P000046,原野食品饮料旗舰款,C02,食品饮料,1,69.00,2026-05-02 09:46:00,offline
O001335,U000339,P000166,原野服饰旗舰款,C03,服饰,1,378.00,2026-05-02 13:54:00,jd
O001335,U000339,P000049,悦活数码配件日常款,C05,数码配件,1,141.00,2026-05-02 13:54:00,jd
O001336,U000219,P000007,悦活服饰便携装,C03,服饰,1,344.00,2026-05-02 13:32:00,search
O001336,U000219,P000145,悦活宠物用品套装,C08,宠物用品,1,42.00,2026-05-02 13:32:00,search
O001337,U000052,P000118,原野美妆个护升级版,C01,美妆个护,1,133.00,2026-05-02 20:16:00,search
O001337,U000052,P000100,原野运动户外套装,C07,运动户外,1,235.00,2026-05-02 20:16:00,search
O001337,U000052,P000068,臻选旅行用品升级版,C10,旅行用品,1,202.00,2026-05-02 20:16:00,search
O001337,U000052,P000153,云感美妆个护升级版,C01,美妆个护,1,48.00,2026-05-02 20:16:00,search
O001338,U000604,P000096,轻氧数码配件旗舰款,C05,数码配件,1,88.00,2026-05-02 21:37:00,douyin
O001338,U000604,P000167,轻盈美妆个护便携装,C01,美妆个护,1,119.00,2026-05-02 21:37:00,douyin
O001338,U000604,P000073,悦活家居日用升级版,C04,家居日用,1,147.00,2026-05-02 21:37:00,douyin
O001339,U000636,P000141,云感数码配件旗舰款,C05,数码配件,1,220.00,2026-05-02 12:14:00,wechat
O001339,U000636,P000003,云感生鲜升级版,C09,生鲜,1,73.00,2026-05-02 12:14:00,wechat
O001339,U000636,P000015,云感母婴用品套装,C06,母婴用品,1,128.00,2026-05-02 12:14:00,wechat
O001340,U000533,P000053,轻盈服饰升级版,C03,服饰,4,262.00,2026-05-02 10:18:00,search
O001340,U000533,P000171,云感生鲜旗舰款,C09,生鲜,1,30.00,2026-05-02 10:18:00,search
O001340,U000533,P000075,云感母婴用品套装,C06,母婴用品,2,82.00,2026-05-02 10:18:00,search
O001340,U000533,P000120,轻氧宠物用品套装,C08,宠物用品,1,58.00,2026-05-02 10:18:00,search
O001341,U000482,P000032,臻选生鲜便携装,C09,生鲜,1,71.00,2026-05-02 10:10:00,taobao
O001341,U000482,P000069,云感运动户外日常款,C07,运动户外,1,268.00,2026-05-02 10:10:00,taobao
O001341,U000482,P000111,云感宠物用品旗舰款,C08,宠物用品,2,117.00,2026-05-02 10:10:00,taobao
O001342,U000014,P000092,臻选服饰便携装,C03,服饰,1,291.00,2026-05-02 11:58:00,taobao
O001342,U000014,P000119,轻盈宠物用品日常款,C08,宠物用品,1,99.00,2026-05-02 11:58:00,taobao
O001342,U000014,P000169,悦活生鲜日常款,C09,生鲜,1,42.00,2026-05-02 11:58:00,taobao
O001343,U000893,P000065,轻盈生鲜套装,C09,生鲜,2,41.00,2026-05-03 18:37:00,taobao
O001343,U000893,P000129,云感服饰日常款,C03,服饰,4,307.00,2026-05-03 18:37:00,taobao
O001343,U000893,P000003,云感生鲜升级版,C09,生鲜,1,73.00,2026-05-03 18:37:00,taobao
O001344,U000094,P000150,轻氧母婴用品套装,C06,母婴用品,1,76.00,2026-05-03 10:09:00,offline
O001344,U000094,P000070,原野宠物用品套装,C08,宠物用品,2,147.00,2026-05-03 10:09:00,offline
O001345,U000734,P000093,云感生鲜升级版,C09,生鲜,1,39.00,2026-05-03 11:14:00,taobao
O001345,U000734,P000088,原野家居日用升级版,C04,家居日用,1,89.00,2026-05-03 11:14:00,taobao
O001345,U000734,P000142,原野母婴用品便携装,C06,母婴用品,1,161.00,2026-05-03 11:14:00,taobao
O001345,U000734,P000032,臻选生鲜便携装,C09,生鲜,4,71.00,2026-05-03 11:14:00,taobao
O001346,U000756,P000106,原野母婴用品旗舰款,C06,母婴用品,1,102.00,2026-05-03 20:58:00,wechat
O001346,U000756,P000021,云感宠物用品旗舰款,C08,宠物用品,1,160.00,2026-05-03 20:58:00,wechat
O001346,U000756,P000143,轻盈美妆个护升级版,C01,美妆个护,4,53.00,2026-05-03 20:58:00,wechat
O001346,U000756,P000063,云感母婴用品升级版,C06,母婴用品,1,165.00,2026-05-03 20:58:00,wechat
O001347,U000197,P000120,轻氧宠物用品套装,C08,宠物用品,3,58.00,2026-05-03 13:10:00,wechat
O001347,U000197,P000019,悦活家居日用日常款,C04,家居日用,1,71.00,2026-05-03 13:10:00,wechat
O001348,U000396,P000059,轻盈美妆个护日常款,C01,美妆个护,1,52.00,2026-05-03 18:11:00,douyin
O001348,U000396,P000073,悦活家居日用升级版,C04,家居日用,4,147.00,2026-05-03 18:11:00,douyin
O001349,U000336,P000147,云感数码配件便携装,C05,数码配件,1,281.00,2026-05-03 20:13:00,taobao
O001349,U000336,P000026,臻选生鲜旗舰款,C09,生鲜,2,88.00,2026-05-03 20:13:00,taobao
O001349,U000336,P000164,臻选食品饮料日常款,C02,食品饮料,2,73.00,2026-05-03 20:13:00,taobao
O001349,U000336,P000110,臻选美妆个护套装,C01,美妆个护,1,81.00,2026-05-03 20:13:00,taobao
O001350,U000695,P000118,原野美妆个护升级版,C01,美妆个护,3,133.00,2026-05-03 20:56:00,search
O001350,U000695,P000010,原野旅行用品套装,C10,旅行用品,1,302.00,2026-05-03 20:56:00,search
O001350,U000695,P000090,轻氧旅行用品套装,C10,旅行用品,1,170.00,2026-05-03 20:56:00,search
O001350,U000695,P000142,原野母婴用品便携装,C06,母婴用品,1,161.00,2026-05-03 20:56:00,search
O001351,U000890,P000044,臻选食品饮料日常款,C02,食品饮料,1,28.00,2026-05-03 17:03:00,taobao
O001351,U000890,P000032,臻选生鲜便携装,C09,生鲜,3,71.00,2026-05-03 17:03:00,taobao
O001351,U000890,P000019,悦活家居日用日常款,C04,家居日用,1,71.00,2026-05-03 17:03:00,taobao
O001352,U000617,P000163,悦活生鲜升级版,C09,生鲜,1,69.00,2026-05-03 20:22:00,wechat
O001353,U000866,P000167,轻盈美妆个护便携装,C01,美妆个护,1,119.00,2026-05-03 21:30:00,taobao
O001353,U000866,P000116,臻选数码配件旗舰款,C05,数码配件,1,228.00,2026-05-03 21:30:00,taobao
O001353,U000866,P000029,轻盈食品饮料日常款,C02,食品饮料,3,91.00,2026-05-03 21:30:00,taobao
O001354,U000054,P000069,云感运动户外日常款,C07,运动户外,4,268.00,2026-05-04 17:51:00,offline
O001354,U000054,P000087,云感旅行用品便携装,C10,旅行用品,1,609.00,2026-05-04 17:51:00,offline
O001354,U000054,P000122,臻选运动户外便携装,C07,运动户外,4,212.00,2026-05-04 17:51:00,offline
O001354,U000054,P000140,臻选食品饮料套装,C02,食品饮料,1,71.00,2026-05-04 17:51:00,offline
O001355,U000128,P000003,云感生鲜升级版,C09,生鲜,1,73.00,2026-05-04 22:39:00,search
O001355,U000128,P000066,轻氧母婴用品旗舰款,C06,母婴用品,1,76.00,2026-05-04 22:39:00,search
O001355,U000128,P000172,原野宠物用品便携装,C08,宠物用品,1,99.00,2026-05-04 22:39:00,search
O001356,U000303,P000056,臻选旅行用品旗舰款,C10,旅行用品,1,443.00,2026-05-04 17:48:00,taobao
O001356,U000303,P000155,轻盈生鲜套装,C09,生鲜,1,106.00,2026-05-04 17:48:00,taobao
O001356,U000303,P000159,云感旅行用品日常款,C10,旅行用品,1,514.00,2026-05-04 17:48:00,taobao
O001357,U000568,P000100,原野运动户外套装,C07,运动户外,1,235.00,2026-05-04 20:35:00,offline
O001357,U000568,P000146,臻选生鲜旗舰款,C09,生鲜,1,112.00,2026-05-04 20:35:00,offline
O001357,U000568,P000012,轻氧母婴用品便携装,C06,母婴用品,1,128.00,2026-05-04 20:35:00,offline
O001358,U000553,P000104,臻选旅行用品日常款,C10,旅行用品,2,352.00,2026-05-04 17:48:00,douyin
O001358,U000553,P000042,轻氧美妆个护便携装,C01,美妆个护,1,69.00,2026-05-04 17:48:00,douyin
O001358,U000553,P000166,原野服饰旗舰款,C03,服饰,1,378.00,2026-05-04 17:48:00,douyin
O001359,U000027,P000058,原野生鲜升级版,C09,生鲜,1,44.00,2026-05-04 09:22:00,jd
O001359,U000027,P000078,轻氧运动户外升级版,C07,运动户外,2,332.00,2026-05-04 09:22:00,jd
O001359,U000027,P000124,原野食品饮料日常款,C02,食品饮料,1,60.00,2026-05-04 09:22:00,jd
O001359,U000027,P000055,悦活宠物用品套装,C08,宠物用品,1,100.00,2026-05-04 09:22:00,jd
O001360,U000013,P000136,原野运动户外旗舰款,C07,运动户外,1,169.00,2026-05-04 14:59:00,offline
O001361,U000600,P000117,云感食品饮料便携装,C02,食品饮料,3,54.00,2026-05-04 08:46:00,offline
O001362,U000474,P000139,悦活运动户外日常款,C07,运动户外,1,358.00,2026-05-04 15:19:00,taobao
O001362,U000474,P000031,悦活运动户外旗舰款,C07,运动户外,1,98.00,2026-05-04 15:19:00,taobao
O001363,U000588,P000107,轻盈运动户外便携装,C07,运动户外,1,176.00,2026-05-04 18:10:00,taobao
O001363,U000588,P000117,云感食品饮料便携装,C02,食品饮料,1,54.00,2026-05-04 18:10:00,taobao
O001364,U000798,P000087,云感旅行用品便携装,C10,旅行用品,3,609.00,2026-05-04 21:42:00,jd
O001364,U000798,P000021,云感宠物用品旗舰款,C08,宠物用品,1,160.00,2026-05-04 21:42:00,jd
O001364,U000798,P000139,悦活运动户外日常款,C07,运动户外,1,358.00,2026-05-04 21:42:00,jd
O001364,U000798,P000073,悦活家居日用升级版,C04,家居日用,1,147.00,2026-05-04 21:42:00,jd
O001365,U000155,P000064,原野宠物用品日常款,C08,宠物用品,1,140.00,2026-05-05 13:52:00,jd
O001365,U000155,P000006,轻氧母婴用品旗舰款,C06,母婴用品,1,161.00,2026-05-05 13:52:00,jd
O001365,U000155,P000095,轻盈旅行用品套装,C10,旅行用品,1,577.00,2026-05-05 13:52:00,jd
O001366,U000632,P000095,轻盈旅行用品套装,C10,旅行用品,1,577.00,2026-05-05 09:00:00,douyin
O001366,U000632,P000023,轻盈食品饮料升级版,C02,食品饮料,1,79.00,2026-05-05 09:00:00,douyin
O001367,U000726,P000001,悦活家居日用旗舰款,C04,家居日用,1,141.00,2026-05-05 19:02:00,jd
O001367,U000726,P000096,轻氧数码配件旗舰款,C05,数码配件,3,88.00,2026-05-05 19:02:00,jd
O001367,U000726,P000082,原野旅行用品便携装,C10,旅行用品,1,253.00,2026-05-05 19:02:00,jd
O001367,U000726,P000044,臻选食品饮料日常款,C02,食品饮料,3,28.00,2026-05-05 19:02:00,jd
O001368,U000457,P000028,原野数码配件升级版,C05,数码配件,1,158.00,2026-05-05 11:59:00,search
O001369,U000782,P000165,云感生鲜套装,C09,生鲜,1,43.00,2026-05-05 23:51:00,search
O001369,U000782,P000052,原野数码配件便携装,C05,数码配件,3,173.00,2026-05-05 23:51:00,search
O001370,U000795,P000020,臻选数码配件套装,C05,数码配件,2,252.00,2026-05-05 15:11:00,offline
O001370,U000795,P000024,轻氧食品饮料日常款,C02,食品饮料,1,55.00,2026-05-05 15:11:00,offline
O001370,U000795,P000059,轻盈美妆个护日常款,C01,美妆个护,1,52.00,2026-05-05 15:11:00,offline
O001370,U000795,P000033,云感美妆个护升级版,C01,美妆个护,1,88.00,2026-05-05 15:11:00,offline
O001371,U000014,P000038,臻选母婴用品升级版,C06,母婴用品,1,188.00,2026-05-05 22:56:00,douyin
O001371,U000014,P000026,臻选生鲜旗舰款,C09,生鲜,1,88.00,2026-05-05 22:56:00,douyin
O001371,U000014,P000115,悦活美妆个护套装,C01,美妆个护,1,86.00,2026-05-05 22:56:00,douyin
O001372,U000135,P000115,悦活美妆个护套装,C01,美妆个护,4,86.00,2026-05-05 11:55:00,search
O001373,U000029,P000058,原野生鲜升级版,C09,生鲜,1,44.00,2026-05-05 09:39:00,jd
O001374,U000115,P000061,悦活家居日用旗舰款,C04,家居日用,1,157.00,2026-05-05 17:37:00,jd
O001375,U000488,P000042,轻氧美妆个护便携装,C01,美妆个护,1,69.00,2026-05-05 22:18:00,taobao
O001375,U000488,P000039,云感生鲜日常款,C09,生鲜,1,109.00,2026-05-05 22:18:00,taobao
O001375,U000488,P000139,悦活运动户外日常款,C07,运动户外,1,358.00,2026-05-05 22:18:00,taobao
O001376,U000634,P000065,轻盈生鲜套装,C09,生鲜,4,41.00,2026-05-06 16:33:00,search
O001377,U000070,P000119,轻盈宠物用品日常款,C08,宠物用品,1,99.00,2026-05-06 15:59:00,taobao
O001378,U000540,P000030,轻氧家居日用套装,C04,家居日用,1,106.00,2026-05-06 09:12:00,wechat
O001378,U000540,P000015,云感母婴用品套装,C06,母婴用品,1,128.00,2026-05-06 09:12:00,wechat
O001378,U000540,P000146,臻选生鲜旗舰款,C09,生鲜,1,112.00,2026-05-06 09:12:00,wechat
O001378,U000540,P000152,臻选数码配件便携装,C05,数码配件,1,302.00,2026-05-06 09:12:00,wechat
O001379,U000287,P000051,云感宠物用品旗舰款,C08,宠物用品,1,64.00,2026-05-06 15:04:00,taobao
O001379,U000287,P000001,悦活家居日用旗舰款,C04,家居日用,1,141.00,2026-05-06 15:04:00,taobao
O001379,U000287,P000097,悦活母婴用品便携装,C06,母婴用品,4,123.00,2026-05-06 15:04:00,taobao
O001379,U000287,P000155,轻盈生鲜套装,C09,生鲜,1,106.00,2026-05-06 15:04:00,taobao
O001380,U000078,P000035,轻盈家居日用套装,C04,家居日用,4,116.00,2026-05-06 10:53:00,jd
O001380,U000078,P000073,悦活家居日用升级版,C04,家居日用,1,147.00,2026-05-06 10:53:00,jd
O001381,U000843,P000075,云感母婴用品套装,C06,母婴用品,4,82.00,2026-05-06 09:28:00,douyin
O001381,U000843,P000083,轻盈运动户外升级版,C07,运动户外,4,227.00,2026-05-06 09:28:00,douyin
O001381,U000843,P000162,轻氧食品饮料便携装,C02,食品饮料,1,73.00,2026-05-06 09:28:00,douyin
O001381,U000843,P000146,臻选生鲜旗舰款,C09,生鲜,1,112.00,2026-05-06 09:28:00,douyin
O001382,U000528,P000158,臻选母婴用品升级版,C06,母婴用品,1,121.00,2026-05-06 20:08:00,wechat
O001382,U000528,P000144,轻氧美妆个护日常款,C01,美妆个护,1,118.00,2026-05-06 20:08:00,wechat
O001382,U000528,P000171,云感生鲜旗舰款,C09,生鲜,3,30.00,2026-05-06 20:08:00,wechat
O001382,U000528,P000106,原野母婴用品旗舰款,C06,母婴用品,1,102.00,2026-05-06 20:08:00,wechat
O001383,U000584,P000099,云感服饰日常款,C03,服饰,1,230.00,2026-05-06 15:22:00,offline
O001383,U000584,P000067,悦活旅行用品便携装,C10,旅行用品,4,195.00,2026-05-06 15:22:00,offline
O001383,U000584,P000105,云感运动户外套装,C07,运动户外,2,142.00,2026-05-06 15:22:00,offline
O001383,U000584,P000117,云感食品饮料便携装,C02,食品饮料,1,54.00,2026-05-06 15:22:00,offline
O001384,U000134,P000124,原野食品饮料日常款,C02,食品饮料,1,60.00,2026-05-06 19:16:00,offline
O001385,U000377,P000153,云感美妆个护升级版,C01,美妆个护,1,48.00,2026-05-06 14:22:00,douyin
O001386,U000400,P000164,臻选食品饮料日常款,C02,食品饮料,1,73.00,2026-05-06 08:28:00,taobao
O001386,U000400,P000012,轻氧母婴用品便携装,C06,母婴用品,1,128.00,2026-05-06 08:28:00,taobao
O001387,U000317,P000128,臻选旅行用品升级版,C10,旅行用品,1,514.00,2026-05-07 08:51:00,search
O001387,U000317,P000097,悦活母婴用品便携装,C06,母婴用品,2,123.00,2026-05-07 08:51:00,search
O001387,U000317,P000114,轻氧母婴用品日常款,C06,母婴用品,1,142.00,2026-05-07 08:51:00,search
O001388,U000718,P000093,云感生鲜升级版,C09,生鲜,3,39.00,2026-05-07 12:18:00,offline
O001388,U000718,P000130,原野服饰套装,C03,服饰,1,194.00,2026-05-07 12:18:00,offline
O001388,U000718,P000042,轻氧美妆个护便携装,C01,美妆个护,1,69.00,2026-05-07 12:18:00,offline
O001388,U000718,P000026,臻选生鲜旗舰款,C09,生鲜,1,88.00,2026-05-07 12:18:00,offline
O001389,U000087,P000122,臻选运动户外便携装,C07,运动户外,3,212.00,2026-05-07 09:16:00,jd
O001389,U000087,P000170,臻选生鲜套装,C09,生鲜,1,77.00,2026-05-07 09:16:00,jd
O001390,U000814,P000006,轻氧母婴用品旗舰款,C06,母婴用品,1,161.00,2026-05-07 20:38:00,taobao
O001390,U000814,P000164,臻选食品饮料日常款,C02,食品饮料,1,73.00,2026-05-07 20:38:00,taobao
O001391,U000476,P000065,轻盈生鲜套装,C09,生鲜,1,41.00,2026-05-07 09:15:00,offline
O001391,U000476,P000016,原野运动户外旗舰款,C07,运动户外,1,164.00,2026-05-07 09:15:00,offline
O001392,U000155,P000059,轻盈美妆个护日常款,C01,美妆个护,1,52.00,2026-05-07 08:44:00,search
O001392,U000155,P000064,原野宠物用品日常款,C08,宠物用品,3,140.00,2026-05-07 08:44:00,search
O001392,U000155,P000051,云感宠物用品旗舰款,C08,宠物用品,1,64.00,2026-05-07 08:44:00,search
O001392,U000155,P000136,原野运动户外旗舰款,C07,运动户外,1,169.00,2026-05-07 08:44:00,search
O001393,U000881,P000109,悦活旅行用品日常款,C10,旅行用品,1,614.00,2026-05-07 17:42:00,taobao
O001393,U000881,P000005,轻盈数码配件套装,C05,数码配件,1,256.00,2026-05-07 17:42:00,taobao
O001394,U000346,P000023,轻盈食品饮料升级版,C02,食品饮料,1,79.00,2026-05-07 12:31:00,douyin
O001394,U000346,P000084,轻氧服饰日常款,C03,服饰,4,130.00,2026-05-07 12:31:00,douyin
O001394,U000346,P000026,臻选生鲜旗舰款,C09,生鲜,3,88.00,2026-05-07 12:31:00,douyin
O001395,U000689,P000011,轻盈旅行用品旗舰款,C10,旅行用品,1,224.00,2026-05-07 13:04:00,jd
O001395,U000689,P000137,轻盈数码配件便携装,C05,数码配件,1,216.00,2026-05-07 13:04:00,jd
O001395,U000689,P000005,轻盈数码配件套装,C05,数码配件,1,256.00,2026-05-07 13:04:00,jd
O001396,U000681,P000087,云感旅行用品便携装,C10,旅行用品,4,609.00,2026-05-07 14:23:00,douyin
O001396,U000681,P000117,云感食品饮料便携装,C02,食品饮料,1,54.00,2026-05-07 14:23:00,douyin
O001397,U000873,P000111,云感宠物用品旗舰款,C08,宠物用品,1,117.00,2026-05-07 13:09:00,taobao
O001397,U000873,P000141,云感数码配件旗舰款,C05,数码配件,3,220.00,2026-05-07 13:09:00,taobao
O001397,U000873,P000019,悦活家居日用日常款,C04,家居日用,1,71.00,2026-05-07 13:09:00,taobao
O001397,U000873,P000054,轻氧美妆个护日常款,C01,美妆个护,1,138.00,2026-05-07 13:09:00,taobao
O001398,U000248,P000136,原野运动户外旗舰款,C07,运动户外,1,169.00,2026-05-08 11:06:00,jd
O001399,U000307,P000069,云感运动户外日常款,C07,运动户外,1,268.00,2026-05-08 21:50:00,search
O001399,U000307,P000019,悦活家居日用日常款,C04,家居日用,1,71.00,2026-05-08 21:50:00,search
O001400,U000555,P000114,轻氧母婴用品日常款,C06,母婴用品,1,142.00,2026-05-08 17:43:00,wechat
O001401,U000621,P000152,臻选数码配件便携装,C05,数码配件,1,302.00,2026-05-08 13:19:00,taobao
O001401,U000621,P000131,轻盈生鲜旗舰款,C09,生鲜,1,85.00,2026-05-08 13:19:00,taobao
O001402,U000586,P000082,原野旅行用品便携装,C10,旅行用品,1,253.00,2026-05-08 08:03:00,taobao
O001402,U000586,P000058,原野生鲜升级版,C09,生鲜,1,44.00,2026-05-08 08:03:00,taobao
O001402,U000586,P000108,轻氧母婴用品升级版,C06,母婴用品,1,86.00,2026-05-08 08:03:00,taobao
O001403,U000469,P000056,臻选旅行用品旗舰款,C10,旅行用品,1,443.00,2026-05-08 09:34:00,wechat
O001404,U000432,P000065,轻盈生鲜套装,C09,生鲜,1,41.00,2026-05-08 15:15:00,offline
O001404,U000432,P000093,云感生鲜升级版,C09,生鲜,1,39.00,2026-05-08 15:15:00,offline
O001404,U000432,P000125,轻盈生鲜套装,C09,生鲜,1,62.00,2026-05-08 15:15:00,offline
O001405,U000019,P000063,云感母婴用品升级版,C06,母婴用品,1,165.00,2026-05-08 20:32:00,wechat
O001406,U000077,P000066,轻氧母婴用品旗舰款,C06,母婴用品,1,76.00,2026-05-08 15:46:00,offline
O001407,U000629,P000081,云感数码配件旗舰款,C05,数码配件,1,152.00,2026-05-08 17:43:00,taobao
O001407,U000629,P000033,云感美妆个护升级版,C01,美妆个护,1,88.00,2026-05-08 17:43:00,taobao
O001408,U000459,P000067,悦活旅行用品便携装,C10,旅行用品,1,195.00,2026-05-08 14:44:00,taobao
O001408,U000459,P000119,轻盈宠物用品日常款,C08,宠物用品,1,99.00,2026-05-08 14:44:00,taobao
O001408,U000459,P000086,臻选数码配件旗舰款,C05,数码配件,1,150.00,2026-05-08 14:44:00,taobao
O001409,U000013,P000030,轻氧家居日用套装,C04,家居日用,1,106.00,2026-05-09 12:09:00,taobao
O001410,U000430,P000018,轻氧生鲜升级版,C09,生鲜,1,81.00,2026-05-09 23:39:00,taobao
O001410,U000430,P000031,悦活运动户外旗舰款,C07,运动户外,1,98.00,2026-05-09 23:39:00,taobao
O001410,U000430,P000003,云感生鲜升级版,C09,生鲜,1,73.00,2026-05-09 23:39:00,taobao
O001410,U000430,P000007,悦活服饰便携装,C03,服饰,1,344.00,2026-05-09 23:39:00,taobao
O001411,U000748,P000117,云感食品饮料便携装,C02,食品饮料,1,54.00,2026-05-09 17:43:00,wechat
O001411,U000748,P000126,轻氧旅行用品旗舰款,C10,旅行用品,1,248.00,2026-05-09 17:43:00,wechat
O001411,U000748,P000039,云感生鲜日常款,C09,生鲜,1,109.00,2026-05-09 17:43:00,wechat
O001412,U000736,P000112,原野生鲜便携装,C09,生鲜,1,113.00,2026-05-09 12:40:00,offline
O001412,U000736,P000151,悦活美妆个护旗舰款,C01,美妆个护,2,38.00,2026-05-09 12:40:00,offline
O001412,U000736,P000046,原野食品饮料旗舰款,C02,食品饮料,1,69.00,2026-05-09 12:40:00,offline
O001413,U000422,P000110,臻选美妆个护套装,C01,美妆个护,1,81.00,2026-05-09 10:11:00,search
O001413,U000422,P000070,原野宠物用品套装,C08,宠物用品,1,147.00,2026-05-09 10:11:00,search
O001414,U000855,P000163,悦活生鲜升级版,C09,生鲜,3,69.00,2026-05-09 17:12:00,douyin
O001414,U000855,P000028,原野数码配件升级版,C05,数码配件,1,158.00,2026-05-09 17:12:00,douyin
O001414,U000855,P000169,悦活生鲜日常款,C09,生鲜,1,42.00,2026-05-09 17:12:00,douyin
O001414,U000855,P000120,轻氧宠物用品套装,C08,宠物用品,1,58.00,2026-05-09 17:12:00,douyin
O001415,U000477,P000124,原野食品饮料日常款,C02,食品饮料,1,60.00,2026-05-09 14:28:00,jd
O001415,U000477,P000091,悦活母婴用品旗舰款,C06,母婴用品,3,87.00,2026-05-09 14:28:00,jd
O001415,U000477,P000064,原野宠物用品日常款,C08,宠物用品,1,140.00,2026-05-09 14:28:00,jd
O001415,U000477,P000137,轻盈数码配件便携装,C05,数码配件,1,216.00,2026-05-09 14:28:00,jd
O001416,U000340,P000025,悦活宠物用品套装,C08,宠物用品,1,105.00,2026-05-09 12:56:00,jd
O001416,U000340,P000074,臻选美妆个护日常款,C01,美妆个护,1,71.00,2026-05-09 12:56:00,jd
O001417,U000526,P000117,云感食品饮料便携装,C02,食品饮料,1,54.00,2026-05-09 08:46:00,douyin
O001417,U000526,P000013,悦活食品饮料升级版,C02,食品饮料,1,91.00,2026-05-09 08:46:00,douyin
O001418,U000782,P000064,原野宠物用品日常款,C08,宠物用品,1,140.00,2026-05-09 20:01:00,search
O001418,U000782,P000078,轻氧运动户外升级版,C07,运动户外,1,332.00,2026-05-09 20:01:00,search
O001418,U000782,P000128,臻选旅行用品升级版,C10,旅行用品,1,514.00,2026-05-09 20:01:00,search
O001419,U000774,P000132,轻氧家居日用便携装,C04,家居日用,2,91.00,2026-05-09 16:42:00,offline
O001419,U000774,P000079,悦活服饰日常款,C03,服饰,3,452.00,2026-05-09 16:42:00,offline
O001419,U000774,P000113,轻盈旅行用品升级版,C10,旅行用品,1,483.00,2026-05-09 16:42:00,offline
O001420,U000070,P000033,云感美妆个护升级版,C01,美妆个护,1,88.00,2026-05-10 08:45:00,offline
O001420,U000070,P000065,轻盈生鲜套装,C09,生鲜,2,41.00,2026-05-10 08:45:00,offline
O001420,U000070,P000001,悦活家居日用旗舰款,C04,家居日用,1,141.00,2026-05-10 08:45:00,offline
O001421,U000039,P000140,臻选食品饮料套装,C02,食品饮料,1,71.00,2026-05-10 15:35:00,search
O001421,U000039,P000039,云感生鲜日常款,C09,生鲜,4,109.00,2026-05-10 15:35:00,search
O001422,U000754,P000153,云感美妆个护升级版,C01,美妆个护,1,48.00,2026-05-10 12:29:00,taobao
O001422,U000754,P000074,臻选美妆个护日常款,C01,美妆个护,1,71.00,2026-05-10 12:29:00,taobao
O001422,U000754,P000029,轻盈食品饮料日常款,C02,食品饮料,1,91.00,2026-05-10 12:29:00,taobao
O001423,U000320,P000135,云感数码配件套装,C05,数码配件,1,182.00,2026-05-10 17:01:00,wechat
O001423,U000320,P000084,轻氧服饰日常款,C03,服饰,2,130.00,2026-05-10 17:01:00,wechat
O001423,U000320,P000049,悦活数码配件日常款,C05,数码配件,1,141.00,2026-05-10 17:01:00,wechat
O001424,U000835,P000107,轻盈运动户外便携装,C07,运动户外,1,176.00,2026-05-10 10:07:00,jd
O001424,U000835,P000044,臻选食品饮料日常款,C02,食品饮料,1,28.00,2026-05-10 10:07:00,jd
O001424,U000835,P000113,轻盈旅行用品升级版,C10,旅行用品,1,483.00,2026-05-10 10:07:00,jd
O001425,U000132,P000149,轻盈家居日用日常款,C04,家居日用,1,110.00,2026-05-10 20:20:00,jd
O001425,U000132,P000161,轻盈家居日用旗舰款,C04,家居日用,1,160.00,2026-05-10 20:20:00,jd
O001425,U000132,P000031,悦活运动户外旗舰款,C07,运动户外,1,98.00,2026-05-10 20:20:00,jd
O001425,U000132,P000125,轻盈生鲜套装,C09,生鲜,1,62.00,2026-05-10 20:20:00,jd
O001426,U000683,P000064,原野宠物用品日常款,C08,宠物用品,2,140.00,2026-05-10 16:24:00,wechat
O001426,U000683,P000014,臻选食品饮料日常款,C02,食品饮料,1,60.00,2026-05-10 16:24:00,wechat
O001426,U000683,P000004,原野旅行用品日常款,C10,旅行用品,1,271.00,2026-05-10 16:24:00,wechat
O001426,U000683,P000168,轻氧服饰升级版,C03,服饰,1,368.00,2026-05-10 16:24:00,wechat
O001427,U000078,P000058,原野生鲜升级版,C09,生鲜,1,44.00,2026-05-10 21:07:00,wechat
O001427,U000078,P000097,悦活母婴用品便携装,C06,母婴用品,1,123.00,2026-05-10 21:07:00,wechat
O001427,U000078,P000018,轻氧生鲜升级版,C09,生鲜,1,81.00,2026-05-10 21:07:00,wechat
O001428,U000328,P000041,轻盈家居日用旗舰款,C04,家居日用,1,166.00,2026-05-10 11:56:00,douyin
O001429,U000675,P000137,轻盈数码配件便携装,C05,数码配件,1,216.00,2026-05-10 11:26:00,offline
O001429,U000675,P000030,轻氧家居日用套装,C04,家居日用,1,106.00,2026-05-10 11:26:00,offline
O001429,U000675,P000002,臻选服饰便携装,C03,服饰,1,332.00,2026-05-10 11:26:00,offline
O001430,U000308,P000016,原野运动户外旗舰款,C07,运动户外,1,164.00,2026-05-10 09:23:00,wechat
O001431,U000509,P000148,原野数码配件升级版,C05,数码配件,1,136.00,2026-05-11 18:50:00,search
O001431,U000509,P000112,原野生鲜便携装,C09,生鲜,1,113.00,2026-05-11 18:50:00,search
O001431,U000509,P000019,悦活家居日用日常款,C04,家居日用,2,71.00,2026-05-11 18:50:00,search
O001431,U000509,P000112,原野生鲜便携装,C09,生鲜,1,113.00,2026-05-11 18:50:00,search
O001432,U000810,P000104,臻选旅行用品日常款,C10,旅行用品,1,352.00,2026-05-11 19:55:00,douyin
O001432,U000810,P000105,云感运动户外套装,C07,运动户外,2,142.00,2026-05-11 19:55:00,douyin
O001432,U000810,P000098,臻选家居日用升级版,C04,家居日用,1,90.00,2026-05-11 19:55:00,douyin
O001432,U000810,P000023,轻盈食品饮料升级版,C02,食品饮料,1,79.00,2026-05-11 19:55:00,douyin
O001433,U000667,P000021,云感宠物用品旗舰款,C08,宠物用品,1,160.00,2026-05-11 15:29:00,offline
O001433,U000667,P000122,臻选运动户外便携装,C07,运动户外,1,212.00,2026-05-11 15:29:00,offline
O001434,U000437,P000127,悦活食品饮料便携装,C02,食品饮料,1,39.00,2026-05-11 19:23:00,wechat
O001434,U000437,P000091,悦活母婴用品旗舰款,C06,母婴用品,2,87.00,2026-05-11 19:23:00,wechat
O001434,U000437,P000101,轻盈生鲜旗舰款,C09,生鲜,4,111.00,2026-05-11 19:23:00,wechat
O001435,U000587,P000016,原野运动户外旗舰款,C07,运动户外,1,164.00,2026-05-11 17:11:00,jd
O001435,U000587,P000162,轻氧食品饮料便携装,C02,食品饮料,1,73.00,2026-05-11 17:11:00,jd
O001436,U000363,P000014,臻选食品饮料日常款,C02,食品饮料,4,60.00,2026-05-11 19:47:00,taobao
O001436,U000363,P000071,轻盈宠物用品旗舰款,C08,宠物用品,1,144.00,2026-05-11 19:47:00,taobao
O001436,U000363,P000075,云感母婴用品套装,C06,母婴用品,2,82.00,2026-05-11 19:47:00,taobao
O001436,U000363,P000124,原野食品饮料日常款,C02,食品饮料,1,60.00,2026-05-11 19:47:00,taobao
O001437,U000840,P000014,臻选食品饮料日常款,C02,食品饮料,1,60.00,2026-05-11 19:53:00,wechat
O001437,U000840,P000141,云感数码配件旗舰款,C05,数码配件,1,220.00,2026-05-11 19:53:00,wechat
O001437,U000840,P000147,云感数码配件便携装,C05,数码配件,1,281.00,2026-05-11 19:53:00,wechat
O001438,U000357,P000044,臻选食品饮料日常款,C02,食品饮料,4,28.00,2026-05-11 19:36:00,offline
O001439,U000343,P000165,云感生鲜套装,C09,生鲜,4,43.00,2026-05-11 22:16:00,douyin
O001440,U000608,P000057,云感数码配件便携装,C05,数码配件,1,79.00,2026-05-11 09:13:00,offline
O001440,U000608,P000104,臻选旅行用品日常款,C10,旅行用品,1,352.00,2026-05-11 09:13:00,offline
O001440,U000608,P000025,悦活宠物用品套装,C08,宠物用品,1,105.00,2026-05-11 09:13:00,offline
O001440,U000608,P000119,轻盈宠物用品日常款,C08,宠物用品,1,99.00,2026-05-11 09:13:00,offline
O001441,U000105,P000051,云感宠物用品旗舰款,C08,宠物用品,3,64.00,2026-05-11 20:56:00,wechat
O001442,U000868,P000108,轻氧母婴用品升级版,C06,母婴用品,1,86.00,2026-05-12 12:43:00,wechat
O001443,U000555,P000171,云感生鲜旗舰款,C09,生鲜,1,30.00,2026-05-12 10:38:00,search
O001443,U000555,P000159,云感旅行用品日常款,C10,旅行用品,1,514.00,2026-05-12 10:38:00,search
O001443,U000555,P000100,原野运动户外套装,C07,运动户外,3,235.00,2026-05-12 10:38:00,search
O001444,U000667,P000026,臻选生鲜旗舰款,C09,生鲜,1,88.00,2026-05-12 21:46:00,search
O001444,U000667,P000104,臻选旅行用品日常款,C10,旅行用品,1,352.00,2026-05-12 21:46:00,search
O001444,U000667,P000019,悦活家居日用日常款,C04,家居日用,1,71.00,2026-05-12 21:46:00,search
O001444,U000667,P000090,轻氧旅行用品套装,C10,旅行用品,1,170.00,2026-05-12 21:46:00,search
O001445,U000708,P000080,臻选家居日用套装,C04,家居日用,3,148.00,2026-05-12 13:43:00,wechat
O001445,U000708,P000003,云感生鲜升级版,C09,生鲜,1,73.00,2026-05-12 13:43:00,wechat
O001445,U000708,P000145,悦活宠物用品套装,C08,宠物用品,1,42.00,2026-05-12 13:43:00,wechat
O001446,U000841,P000007,悦活服饰便携装,C03,服饰,1,344.00,2026-05-12 15:54:00,search
O001446,U000841,P000088,原野家居日用升级版,C04,家居日用,1,89.00,2026-05-12 15:54:00,search
O001447,U000108,P000084,轻氧服饰日常款,C03,服饰,1,130.00,2026-05-12 10:17:00,offline
O001447,U000108,P000004,原野旅行用品日常款,C10,旅行用品,3,271.00,2026-05-12 10:17:00,offline
O001447,U000108,P000127,悦活食品饮料便携装,C02,食品饮料,1,39.00,2026-05-12 10:17:00,offline
O001448,U000500,P000014,臻选食品饮料日常款,C02,食品饮料,1,60.00,2026-05-12 11:21:00,wechat
O001449,U000254,P000053,轻盈服饰升级版,C03,服饰,1,262.00,2026-05-12 08:57:00,jd
O001450,U000074,P000070,原野宠物用品套装,C08,宠物用品,4,147.00,2026-05-12 12:43:00,taobao
O001450,U000074,P000058,原野生鲜升级版,C09,生鲜,1,44.00,2026-05-12 12:43:00,taobao
O001450,U000074,P000018,轻氧生鲜升级版,C09,生鲜,1,81.00,2026-05-12 12:43:00,taobao
O001450,U000074,P000143,轻盈美妆个护升级版,C01,美妆个护,1,53.00,2026-05-12 12:43:00,taobao
O001451,U000742,P000169,悦活生鲜日常款,C09,生鲜,1,42.00,2026-05-12 23:11:00,offline
O001452,U000071,P000131,轻盈生鲜旗舰款,C09,生鲜,1,85.00,2026-05-12 19:32:00,jd
O001452,U000071,P000153,云感美妆个护升级版,C01,美妆个护,1,48.00,2026-05-12 19:32:00,jd
O001452,U000071,P000001,悦活家居日用旗舰款,C04,家居日用,1,141.00,2026-05-12 19:32:00,jd
O001452,U000071,P000037,悦活运动户外便携装,C07,运动户外,1,152.00,2026-05-12 19:32:00,jd
O001453,U000260,P000033,云感美妆个护升级版,C01,美妆个护,1,88.00,2026-05-13 08:09:00,jd
O001453,U000260,P000024,轻氧食品饮料日常款,C02,食品饮料,1,55.00,2026-05-13 08:09:00,jd
O001454,U000131,P000002,臻选服饰便携装,C03,服饰,1,332.00,2026-05-13 12:24:00,offline
O001454,U000131,P000003,云感生鲜升级版,C09,生鲜,4,73.00,2026-05-13 12:24:00,offline
O001455,U000222,P000037,悦活运动户外便携装,C07,运动户外,1,152.00,2026-05-13 13:44:00,search
O001456,U000460,P000080,臻选家居日用套装,C04,家居日用,3,148.00,2026-05-13 15:25:00,douyin
O001456,U000460,P000107,轻盈运动户外便携装,C07,运动户外,1,176.00,2026-05-13 15:25:00,douyin
O001456,U000460,P000160,原野旅行用品套装,C10,旅行用品,1,231.00,2026-05-13 15:25:00,douyin
O001456,U000460,P000152,臻选数码配件便携装,C05,数码配件,3,302.00,2026-05-13 15:25:00,douyin
O001457,U000680,P000062,臻选旅行用品便携装,C10,旅行用品,3,226.00,2026-05-13 13:21:00,wechat
O001457,U000680,P000045,云感食品饮料套装,C02,食品饮料,2,67.00,2026-05-13 13:21:00,wechat
O001457,U000680,P000037,悦活运动户外便携装,C07,运动户外,1,152.00,2026-05-13 13:21:00,wechat
O001457,U000680,P000064,原野宠物用品日常款,C08,宠物用品,1,140.00,2026-05-13 13:21:00,wechat
O001458,U000557,P000119,轻盈宠物用品日常款,C08,宠物用品,1,99.00,2026-05-13 08:26:00,jd
O001459,U000786,P000144,轻氧美妆个护日常款,C01,美妆个护,1,118.00,2026-05-13 16:00:00,douyin
O001459,U000786,P000168,轻氧服饰升级版,C03,服饰,1,368.00,2026-05-13 16:00:00,douyin
O001459,U000786,P000118,原野美妆个护升级版,C01,美妆个护,1,133.00,2026-05-13 16:00:00,douyin
O001459,U000786,P000012,轻氧母婴用品便携装,C06,母婴用品,1,128.00,2026-05-13 16:00:00,douyin
O001460,U000307,P000137,轻盈数码配件便携装,C05,数码配件,1,216.00,2026-05-13 15:48:00,jd
O001460,U000307,P000109,悦活旅行用品日常款,C10,旅行用品,1,614.00,2026-05-13 15:48:00,jd
O001460,U000307,P000130,原野服饰套装,C03,服饰,1,194.00,2026-05-13 15:48:00,jd
O001460,U000307,P000040,原野数码配件套装,C05,数码配件,1,162.00,2026-05-13 15:48:00,jd
O001461,U000599,P000058,原野生鲜升级版,C09,生鲜,1,44.00,2026-05-13 10:30:00,douyin
O001462,U000335,P000039,云感生鲜日常款,C09,生鲜,1,109.00,2026-05-13 22:54:00,taobao
O001462,U000335,P000172,原野宠物用品便携装,C08,宠物用品,1,99.00,2026-05-13 22:54:00,taobao
O001462,U000335,P000057,云感数码配件便携装,C05,数码配件,1,79.00,2026-05-13 22:54:00,taobao
O001463,U000195,P000151,悦活美妆个护旗舰款,C01,美妆个护,1,38.00,2026-05-13 14:38:00,offline
O001463,U000195,P000126,轻氧旅行用品旗舰款,C10,旅行用品,1,248.00,2026-05-13 14:38:00,offline
O001463,U000195,P000097,悦活母婴用品便携装,C06,母婴用品,3,123.00,2026-05-13 14:38:00,offline
O001464,U000530,P000066,轻氧母婴用品旗舰款,C06,母婴用品,1,76.00,2026-05-14 12:00:00,wechat
O001464,U000530,P000141,云感数码配件旗舰款,C05,数码配件,1,220.00,2026-05-14 12:00:00,wechat
O001464,U000530,P000041,轻盈家居日用旗舰款,C04,家居日用,1,166.00,2026-05-14 12:00:00,wechat
O001465,U000686,P000099,云感服饰日常款,C03,服饰,1,230.00,2026-05-14 11:31:00,douyin
O001465,U000686,P000034,原野生鲜日常款,C09,生鲜,1,71.00,2026-05-14 11:31:00,douyin
O001465,U000686,P000066,轻氧母婴用品旗舰款,C06,母婴用品,1,76.00,2026-05-14 11:31:00,douyin
O001465,U000686,P000043,悦活服饰升级版,C03,服饰,2,237.00,2026-05-14 11:31:00,douyin
O001466,U000265,P000026,臻选生鲜旗舰款,C09,生鲜,1,88.00,2026-05-14 15:51:00,search
O001466,U000265,P000004,原野旅行用品日常款,C10,旅行用品,1,271.00,2026-05-14 15:51:00,search
O001466,U000265,P000036,轻氧食品饮料旗舰款,C02,食品饮料,1,73.00,2026-05-14 15:51:00,search
O001466,U000265,P000030,轻氧家居日用套装,C04,家居日用,4,106.00,2026-05-14 15:51:00,search
O001467,U000657,P000005,轻盈数码配件套装,C05,数码配件,2,256.00,2026-05-14 22:13:00,offline
O001468,U000023,P000135,云感数码配件套装,C05,数码配件,4,182.00,2026-05-14 20:49:00,wechat
O001469,U000576,P000133,悦活美妆个护升级版,C01,美妆个护,1,47.00,2026-05-14 09:06:00,taobao
O001469,U000576,P000093,云感生鲜升级版,C09,生鲜,1,39.00,2026-05-14 09:06:00,taobao
O001469,U000576,P000143,轻盈美妆个护升级版,C01,美妆个护,1,53.00,2026-05-14 09:06:00,taobao
O001469,U000576,P000036,轻氧食品饮料旗舰款,C02,食品饮料,1,73.00,2026-05-14 09:06:00,taobao
O001470,U000551,P000007,悦活服饰便携装,C03,服饰,1,344.00,2026-05-14 15:23:00,search
O001470,U000551,P000106,原野母婴用品旗舰款,C06,母婴用品,1,102.00,2026-05-14 15:23:00,search
O001471,U000143,P000165,云感生鲜套装,C09,生鲜,4,43.00,2026-05-14 18:19:00,offline
O001471,U000143,P000039,云感生鲜日常款,C09,生鲜,1,109.00,2026-05-14 18:19:00,offline
O001471,U000143,P000090,轻氧旅行用品套装,C10,旅行用品,1,170.00,2026-05-14 18:19:00,offline
O001471,U000143,P000106,原野母婴用品旗舰款,C06,母婴用品,4,102.00,2026-05-14 18:19:00,offline
O001472,U000744,P000169,悦活生鲜日常款,C09,生鲜,1,42.00,2026-05-14 14:16:00,search
O001472,U000744,P000117,云感食品饮料便携装,C02,食品饮料,1,54.00,2026-05-14 14:16:00,search
O001472,U000744,P000047,轻盈服饰便携装,C03,服饰,1,154.00,2026-05-14 14:16:00,search
O001473,U000688,P000001,悦活家居日用旗舰款,C04,家居日用,4,141.00,2026-05-14 09:08:00,douyin
O001473,U000688,P000039,云感生鲜日常款,C09,生鲜,1,109.00,2026-05-14 09:08:00,douyin
O001473,U000688,P000023,轻盈食品饮料升级版,C02,食品饮料,1,79.00,2026-05-14 09:08:00,douyin
O001473,U000688,P000119,轻盈宠物用品日常款,C08,宠物用品,1,99.00,2026-05-14 09:08:00,douyin
O001474,U000195,P000098,臻选家居日用升级版,C04,家居日用,1,90.00,2026-05-14 11:42:00,taobao
O001474,U000195,P000010,原野旅行用品套装,C10,旅行用品,1,302.00,2026-05-14 11:42:00,taobao
O001474,U000195,P000057,云感数码配件便携装,C05,数码配件,1,79.00,2026-05-14 11:42:00,taobao
O001474,U000195,P000054,轻氧美妆个护日常款,C01,美妆个护,1,138.00,2026-05-14 11:42:00,taobao
O001475,U000421,P000074,臻选美妆个护日常款,C01,美妆个护,1,71.00,2026-05-15 14:03:00,search
O001476,U000655,P000172,原野宠物用品便携装,C08,宠物用品,1,99.00,2026-05-15 20:38:00,jd
O001476,U000655,P000110,臻选美妆个护套装,C01,美妆个护,1,81.00,2026-05-15 20:38:00,jd
O001476,U000655,P000016,原野运动户外旗舰款,C07,运动户外,4,164.00,2026-05-15 20:38:00,jd
O001477,U000427,P000091,悦活母婴用品旗舰款,C06,母婴用品,1,87.00,2026-05-15 11:36:00,search
O001477,U000427,P000144,轻氧美妆个护日常款,C01,美妆个护,2,118.00,2026-05-15 11:36:00,search
O001478,U000420,P000145,悦活宠物用品套装,C08,宠物用品,1,42.00,2026-05-15 12:16:00,taobao
O001478,U000420,P000077,轻盈服饰便携装,C03,服饰,1,279.00,2026-05-15 12:16:00,taobao
O001478,U000420,P000151,悦活美妆个护旗舰款,C01,美妆个护,1,38.00,2026-05-15 12:16:00,taobao
O001479,U000286,P000144,轻氧美妆个护日常款,C01,美妆个护,1,118.00,2026-05-15 13:23:00,search
O001480,U000895,P000135,云感数码配件套装,C05,数码配件,1,182.00,2026-05-15 15:39:00,offline
O001480,U000895,P000015,云感母婴用品套装,C06,母婴用品,1,128.00,2026-05-15 15:39:00,offline
O001480,U000895,P000139,悦活运动户外日常款,C07,运动户外,1,358.00,2026-05-15 15:39:00,offline
O001480,U000895,P000168,轻氧服饰升级版,C03,服饰,1,368.00,2026-05-15 15:39:00,offline
O001481,U000645,P000014,臻选食品饮料日常款,C02,食品饮料,1,60.00,2026-05-15 14:40:00,douyin
O001481,U000645,P000085,悦活家居日用套装,C04,家居日用,1,70.00,2026-05-15 14:40:00,douyin
O001482,U000871,P000124,原野食品饮料日常款,C02,食品饮料,1,60.00,2026-05-15 22:23:00,taobao
O001483,U000887,P000138,轻氧数码配件升级版,C05,数码配件,1,150.00,2026-05-15 22:25:00,search
O001483,U000887,P000170,臻选生鲜套装,C09,生鲜,2,77.00,2026-05-15 22:25:00,search
O001483,U000887,P000024,轻氧食品饮料日常款,C02,食品饮料,1,55.00,2026-05-15 22:25:00,search
O001484,U000858,P000032,臻选生鲜便携装,C09,生鲜,1,71.00,2026-05-15 21:44:00,douyin
O001484,U000858,P000050,臻选生鲜套装,C09,生鲜,1,108.00,2026-05-15 21:44:00,douyin
O001484,U000858,P000073,悦活家居日用升级版,C04,家居日用,1,147.00,2026-05-15 21:44:00,douyin
O001484,U000858,P000125,轻盈生鲜套装,C09,生鲜,1,62.00,2026-05-15 21:44:00,douyin
O001485,U000177,P000033,云感美妆个护升级版,C01,美妆个护,3,88.00,2026-05-15 16:57:00,offline
O001486,U000199,P000022,原野母婴用品便携装,C06,母婴用品,1,190.00,2026-05-16 20:09:00,offline
O001487,U000270,P000020,臻选数码配件套装,C05,数码配件,1,252.00,2026-05-16 21:59:00,search
O001488,U000884,P000115,悦活美妆个护套装,C01,美妆个护,1,86.00,2026-05-16 13:44:00,douyin
O001489,U000270,P000155,轻盈生鲜套装,C09,生鲜,1,106.00,2026-05-16 08:17:00,wechat
O001489,U000270,P000081,云感数码配件旗舰款,C05,数码配件,4,152.00,2026-05-16 08:17:00,wechat
O001489,U000270,P000121,悦活运动户外旗舰款,C07,运动户外,1,291.00,2026-05-16 08:17:00,wechat
O001490,U000803,P000086,臻选数码配件旗舰款,C05,数码配件,1,150.00,2026-05-16 14:06:00,jd
O001490,U000803,P000157,悦活旅行用品便携装,C10,旅行用品,1,436.00,2026-05-16 14:06:00,jd
O001490,U000803,P000145,悦活宠物用品套装,C08,宠物用品,1,42.00,2026-05-16 14:06:00,jd
O001490,U000803,P000138,轻氧数码配件升级版,C05,数码配件,1,150.00,2026-05-16 14:06:00,jd
O001491,U000459,P000009,云感数码配件日常款,C05,数码配件,1,295.00,2026-05-16 08:23:00,search
O001491,U000459,P000168,轻氧服饰升级版,C03,服饰,1,368.00,2026-05-16 08:23:00,search
O001492,U000001,P000022,原野母婴用品便携装,C06,母婴用品,1,190.00,2026-05-16 23:23:00,wechat
O001493,U000707,P000109,悦活旅行用品日常款,C10,旅行用品,1,614.00,2026-05-16 09:37:00,offline
O001494,U000244,P000015,云感母婴用品套装,C06,母婴用品,1,128.00,2026-05-16 18:35:00,wechat
O001494,U000244,P000131,轻盈生鲜旗舰款,C09,生鲜,1,85.00,2026-05-16 18:35:00,wechat
O001494,U000244,P000087,云感旅行用品便携装,C10,旅行用品,1,609.00,2026-05-16 18:35:00,wechat
O001494,U000244,P000121,悦活运动户外旗舰款,C07,运动户外,1,291.00,2026-05-16 18:35:00,wechat
O001495,U000699,P000138,轻氧数码配件升级版,C05,数码配件,1,150.00,2026-05-16 21:26:00,wechat
O001495,U000699,P000119,轻盈宠物用品日常款,C08,宠物用品,1,99.00,2026-05-16 21:26:00,wechat
O001495,U000699,P000101,轻盈生鲜旗舰款,C09,生鲜,3,111.00,2026-05-16 21:26:00,wechat
O001496,U000786,P000122,臻选运动户外便携装,C07,运动户外,1,212.00,2026-05-16 12:48:00,wechat
O001497,U000591,P000152,臻选数码配件便携装,C05,数码配件,1,302.00,2026-05-17 20:19:00,search
O001497,U000591,P000169,悦活生鲜日常款,C09,生鲜,1,42.00,2026-05-17 20:19:00,search
O001497,U000591,P000068,臻选旅行用品升级版,C10,旅行用品,1,202.00,2026-05-17 20:19:00,search
O001498,U000825,P000122,臻选运动户外便携装,C07,运动户外,1,212.00,2026-05-17 19:35:00,offline
O001498,U000825,P000086,臻选数码配件旗舰款,C05,数码配件,1,150.00,2026-05-17 19:35:00,offline
O001499,U000032,P000170,臻选生鲜套装,C09,生鲜,1,77.00,2026-05-17 12:22:00,jd
O001499,U000032,P000166,原野服饰旗舰款,C03,服饰,1,378.00,2026-05-17 12:22:00,jd
O001499,U000032,P000015,云感母婴用品套装,C06,母婴用品,2,128.00,2026-05-17 12:22:00,jd
O001499,U000032,P000169,悦活生鲜日常款,C09,生鲜,1,42.00,2026-05-17 12:22:00,jd
O001500,U000188,P000086,臻选数码配件旗舰款,C05,数码配件,1,150.00,2026-05-17 23:01:00,wechat
O001500,U000188,P000005,轻盈数码配件套装,C05,数码配件,1,256.00,2026-05-17 23:01:00,wechat
O001500,U000188,P000088,原野家居日用升级版,C04,家居日用,1,89.00,2026-05-17 23:01:00,wechat
O001500,U000188,P000025,悦活宠物用品套装,C08,宠物用品,1,105.00,2026-05-17 23:01:00,wechat
O001501,U000653,P000138,轻氧数码配件升级版,C05,数码配件,1,150.00,2026-05-17 23:51:00,search
O001501,U000653,P000166,原野服饰旗舰款,C03,服饰,1,378.00,2026-05-17 23:51:00,search
O001502,U000762,P000057,云感数码配件便携装,C05,数码配件,1,79.00,2026-05-17 16:49:00,search
O001502,U000762,P000112,原野生鲜便携装,C09,生鲜,1,113.00,2026-05-17 16:49:00,search
O001502,U000762,P000153,云感美妆个护升级版,C01,美妆个护,1,48.00,2026-05-17 16:49:00,search
O001503,U000188,P000166,原野服饰旗舰款,C03,服饰,1,378.00,2026-05-17 14:36:00,taobao
O001503,U000188,P000130,原野服饰套装,C03,服饰,1,194.00,2026-05-17 14:36:00,taobao
O001503,U000188,P000129,云感服饰日常款,C03,服饰,1,307.00,2026-05-17 14:36:00,taobao
O001503,U000188,P000167,轻盈美妆个护便携装,C01,美妆个护,1,119.00,2026-05-17 14:36:00,taobao
O001504,U000493,P000143,轻盈美妆个护升级版,C01,美妆个护,1,53.00,2026-05-17 20:52:00,wechat
O001504,U000493,P000096,轻氧数码配件旗舰款,C05,数码配件,1,88.00,2026-05-17 20:52:00,wechat
O001504,U000493,P000166,原野服饰旗舰款,C03,服饰,1,378.00,2026-05-17 20:52:00,wechat
O001504,U000493,P000080,臻选家居日用套装,C04,家居日用,1,148.00,2026-05-17 20:52:00,wechat
O001505,U000530,P000134,臻选数码配件日常款,C05,数码配件,1,120.00,2026-05-17 19:23:00,wechat
O001506,U000009,P000131,轻盈生鲜旗舰款,C09,生鲜,1,85.00,2026-05-17 14:57:00,offline
O001506,U000009,P000125,轻盈生鲜套装,C09,生鲜,4,62.00,2026-05-17 14:57:00,offline
O001506,U000009,P000106,原野母婴用品旗舰款,C06,母婴用品,1,102.00,2026-05-17 14:57:00,offline
O001506,U000009,P000113,轻盈旅行用品升级版,C10,旅行用品,2,483.00,2026-05-17 14:57:00,offline
O001507,U000737,P000045,云感食品饮料套装,C02,食品饮料,1,67.00,2026-05-17 12:36:00,jd
O001507,U000737,P000136,原野运动户外旗舰款,C07,运动户外,4,169.00,2026-05-17 12:36:00,jd
O001508,U000689,P000026,臻选生鲜旗舰款,C09,生鲜,4,88.00,2026-05-18 10:39:00,wechat
O001508,U000689,P000040,原野数码配件套装,C05,数码配件,1,162.00,2026-05-18 10:39:00,wechat
O001508,U000689,P000074,臻选美妆个护日常款,C01,美妆个护,1,71.00,2026-05-18 10:39:00,wechat
O001508,U000689,P000133,悦活美妆个护升级版,C01,美妆个护,4,47.00,2026-05-18 10:39:00,wechat
O001509,U000480,P000114,轻氧母婴用品日常款,C06,母婴用品,1,142.00,2026-05-18 12:21:00,taobao
O001509,U000480,P000068,臻选旅行用品升级版,C10,旅行用品,4,202.00,2026-05-18 12:21:00,taobao
O001509,U000480,P000035,轻盈家居日用套装,C04,家居日用,1,116.00,2026-05-18 12:21:00,taobao
O001510,U000064,P000083,轻盈运动户外升级版,C07,运动户外,1,227.00,2026-05-18 08:09:00,douyin
O001511,U000779,P000171,云感生鲜旗舰款,C09,生鲜,1,30.00,2026-05-18 20:29:00,search
O001511,U000779,P000142,原野母婴用品便携装,C06,母婴用品,1,161.00,2026-05-18 20:29:00,search
O001511,U000779,P000053,轻盈服饰升级版,C03,服饰,1,262.00,2026-05-18 20:29:00,search
O001511,U000779,P000115,悦活美妆个护套装,C01,美妆个护,1,86.00,2026-05-18 20:29:00,search
O001512,U000630,P000099,云感服饰日常款,C03,服饰,1,230.00,2026-05-18 09:27:00,wechat
O001512,U000630,P000028,原野数码配件升级版,C05,数码配件,1,158.00,2026-05-18 09:27:00,wechat
O001512,U000630,P000038,臻选母婴用品升级版,C06,母婴用品,2,188.00,2026-05-18 09:27:00,wechat
O001513,U000012,P000143,轻盈美妆个护升级版,C01,美妆个护,1,53.00,2026-05-18 16:51:00,wechat
O001514,U000608,P000168,轻氧服饰升级版,C03,服饰,3,368.00,2026-05-18 14:04:00,offline
O001515,U000713,P000094,原野运动户外日常款,C07,运动户外,1,136.00,2026-05-18 13:23:00,douyin
O001516,U000682,P000019,悦活家居日用日常款,C04,家居日用,1,71.00,2026-05-18 16:27:00,jd
O001516,U000682,P000060,轻氧数码配件套装,C05,数码配件,1,269.00,2026-05-18 16:27:00,jd
O001516,U000682,P000155,轻盈生鲜套装,C09,生鲜,1,106.00,2026-05-18 16:27:00,jd
O001517,U000462,P000057,云感数码配件便携装,C05,数码配件,1,79.00,2026-05-18 16:07:00,taobao
O001517,U000462,P000113,轻盈旅行用品升级版,C10,旅行用品,1,483.00,2026-05-18 16:07:00,taobao
O001518,U000272,P000031,悦活运动户外旗舰款,C07,运动户外,1,98.00,2026-05-18 12:06:00,search
O001518,U000272,P000086,臻选数码配件旗舰款,C05,数码配件,1,150.00,2026-05-18 12:06:00,search
O001518,U000272,P000104,臻选旅行用品日常款,C10,旅行用品,1,352.00,2026-05-18 12:06:00,search
O001519,U000582,P000012,轻氧母婴用品便携装,C06,母婴用品,1,128.00,2026-05-19 14:51:00,wechat
O001519,U000582,P000105,云感运动户外套装,C07,运动户外,1,142.00,2026-05-19 14:51:00,wechat
O001520,U000222,P000035,轻盈家居日用套装,C04,家居日用,1,116.00,2026-05-19 19:46:00,douyin
O001520,U000222,P000134,臻选数码配件日常款,C05,数码配件,1,120.00,2026-05-19 19:46:00,douyin
O001520,U000222,P000111,云感宠物用品旗舰款,C08,宠物用品,3,117.00,2026-05-19 19:46:00,douyin
O001520,U000222,P000170,臻选生鲜套装,C09,生鲜,3,77.00,2026-05-19 19:46:00,douyin
O001521,U000339,P000070,原野宠物用品套装,C08,宠物用品,1,147.00,2026-05-19 15:37:00,wechat
O001521,U000339,P000159,云感旅行用品日常款,C10,旅行用品,1,514.00,2026-05-19 15:37:00,wechat
O001521,U000339,P000147,云感数码配件便携装,C05,数码配件,3,281.00,2026-05-19 15:37:00,wechat
O001521,U000339,P000043,悦活服饰升级版,C03,服饰,1,237.00,2026-05-19 15:37:00,wechat
O001522,U000369,P000040,原野数码配件套装,C05,数码配件,1,162.00,2026-05-19 08:13:00,jd
O001523,U000813,P000002,臻选服饰便携装,C03,服饰,4,332.00,2026-05-19 19:14:00,offline
O001523,U000813,P000162,轻氧食品饮料便携装,C02,食品饮料,1,73.00,2026-05-19 19:14:00,offline
O001524,U000896,P000136,原野运动户外旗舰款,C07,运动户外,1,169.00,2026-05-19 10:59:00,jd
O001525,U000611,P000160,原野旅行用品套装,C10,旅行用品,1,231.00,2026-05-19 15:13:00,douyin
O001526,U000335,P000037,悦活运动户外便携装,C07,运动户外,1,152.00,2026-05-19 21:09:00,search
O001526,U000335,P000141,云感数码配件旗舰款,C05,数码配件,1,220.00,2026-05-19 21:09:00,search
O001527,U000678,P000082,原野旅行用品便携装,C10,旅行用品,1,253.00,2026-05-19 08:38:00,offline
O001527,U000678,P000118,原野美妆个护升级版,C01,美妆个护,1,133.00,2026-05-19 08:38:00,offline
O001527,U000678,P000172,原野宠物用品便携装,C08,宠物用品,1,99.00,2026-05-19 08:38:00,offline
O001528,U000506,P000076,原野美妆个护旗舰款,C01,美妆个护,1,77.00,2026-05-19 22:35:00,jd
O001528,U000506,P000124,原野食品饮料日常款,C02,食品饮料,1,60.00,2026-05-19 22:35:00,jd
O001528,U000506,P000144,轻氧美妆个护日常款,C01,美妆个护,1,118.00,2026-05-19 22:35:00,jd
O001528,U000506,P000030,轻氧家居日用套装,C04,家居日用,1,106.00,2026-05-19 22:35:00,jd
O001529,U000717,P000098,臻选家居日用升级版,C04,家居日用,1,90.00,2026-05-19 23:38:00,offline
O001529,U000717,P000044,臻选食品饮料日常款,C02,食品饮料,1,28.00,2026-05-19 23:38:00,offline
O001529,U000717,P000129,云感服饰日常款,C03,服饰,2,307.00,2026-05-19 23:38:00,offline
O001529,U000717,P000153,云感美妆个护升级版,C01,美妆个护,1,48.00,2026-05-19 23:38:00,offline
O001530,U000559,P000001,悦活家居日用旗舰款,C04,家居日用,1,141.00,2026-05-20 08:05:00,jd
O001530,U000559,P000139,悦活运动户外日常款,C07,运动户外,1,358.00,2026-05-20 08:05:00,jd
O001530,U000559,P000017,轻盈食品饮料便携装,C02,食品饮料,1,71.00,2026-05-20 08:05:00,jd
O001531,U000079,P000111,云感宠物用品旗舰款,C08,宠物用品,3,117.00,2026-05-20 22:09:00,offline
O001531,U000079,P000085,悦活家居日用套装,C04,家居日用,1,70.00,2026-05-20 22:09:00,offline
O001531,U000079,P000048,轻氧宠物用品升级版,C08,宠物用品,1,142.00,2026-05-20 22:09:00,offline
O001531,U000079,P000024,轻氧食品饮料日常款,C02,食品饮料,1,55.00,2026-05-20 22:09:00,offline
O001532,U000149,P000055,悦活宠物用品套装,C08,宠物用品,1,100.00,2026-05-20 16:56:00,douyin
O001532,U000149,P000095,轻盈旅行用品套装,C10,旅行用品,1,577.00,2026-05-20 16:56:00,douyin
O001532,U000149,P000011,轻盈旅行用品旗舰款,C10,旅行用品,1,224.00,2026-05-20 16:56:00,douyin
O001533,U000561,P000118,原野美妆个护升级版,C01,美妆个护,1,133.00,2026-05-20 22:35:00,taobao
O001534,U000367,P000148,原野数码配件升级版,C05,数码配件,1,136.00,2026-05-20 20:58:00,douyin
O001534,U000367,P000158,臻选母婴用品升级版,C06,母婴用品,1,121.00,2026-05-20 20:58:00,douyin
O001534,U000367,P000117,云感食品饮料便携装,C02,食品饮料,1,54.00,2026-05-20 20:58:00,douyin
O001534,U000367,P000158,臻选母婴用品升级版,C06,母婴用品,1,121.00,2026-05-20 20:58:00,douyin
O001535,U000102,P000171,云感生鲜旗舰款,C09,生鲜,1,30.00,2026-05-20 08:58:00,jd
O001535,U000102,P000168,轻氧服饰升级版,C03,服饰,1,368.00,2026-05-20 08:58:00,jd
O001536,U000122,P000002,臻选服饰便携装,C03,服饰,1,332.00,2026-05-20 14:20:00,offline
O001536,U000122,P000002,臻选服饰便携装,C03,服饰,1,332.00,2026-05-20 14:20:00,offline
O001537,U000665,P000019,悦活家居日用日常款,C04,家居日用,2,71.00,2026-05-20 21:18:00,jd
O001537,U000665,P000051,云感宠物用品旗舰款,C08,宠物用品,1,64.00,2026-05-20 21:18:00,jd
O001538,U000673,P000071,轻盈宠物用品旗舰款,C08,宠物用品,4,144.00,2026-05-20 12:06:00,offline
O001539,U000213,P000102,轻氧母婴用品便携装,C06,母婴用品,4,104.00,2026-05-20 08:43:00,taobao
O001539,U000213,P000062,臻选旅行用品便携装,C10,旅行用品,3,226.00,2026-05-20 08:43:00,taobao
O001539,U000213,P000146,臻选生鲜旗舰款,C09,生鲜,1,112.00,2026-05-20 08:43:00,taobao
O001539,U000213,P000069,云感运动户外日常款,C07,运动户外,1,268.00,2026-05-20 08:43:00,taobao
O001540,U000352,P000154,原野生鲜日常款,C09,生鲜,1,103.00,2026-05-20 18:18:00,search
O001541,U000255,P000046,原野食品饮料旗舰款,C02,食品饮料,4,69.00,2026-05-21 15:02:00,taobao
O001542,U000816,P000025,悦活宠物用品套装,C08,宠物用品,1,105.00,2026-05-21 20:55:00,wechat
O001543,U000551,P000015,云感母婴用品套装,C06,母婴用品,1,128.00,2026-05-21 08:21:00,taobao
O001543,U000551,P000172,原野宠物用品便携装,C08,宠物用品,3,99.00,2026-05-21 08:21:00,taobao
O001543,U000551,P000163,悦活生鲜升级版,C09,生鲜,1,69.00,2026-05-21 08:21:00,taobao
O001544,U000898,P000151,悦活美妆个护旗舰款,C01,美妆个护,1,38.00,2026-05-21 19:05:00,search
O001545,U000894,P000087,云感旅行用品便携装,C10,旅行用品,1,609.00,2026-05-21 08:49:00,taobao
O001546,U000674,P000106,原野母婴用品旗舰款,C06,母婴用品,1,102.00,2026-05-21 22:04:00,douyin
O001547,U000871,P000126,轻氧旅行用品旗舰款,C10,旅行用品,1,248.00,2026-05-21 20:45:00,jd
O001547,U000871,P000118,原野美妆个护升级版,C01,美妆个护,1,133.00,2026-05-21 20:45:00,jd
O001547,U000871,P000104,臻选旅行用品日常款,C10,旅行用品,3,352.00,2026-05-21 20:45:00,jd
O001548,U000074,P000034,原野生鲜日常款,C09,生鲜,1,71.00,2026-05-21 20:29:00,douyin
O001548,U000074,P000052,原野数码配件便携装,C05,数码配件,1,173.00,2026-05-21 20:29:00,douyin
O001549,U000789,P000149,轻盈家居日用日常款,C04,家居日用,1,110.00,2026-05-21 15:29:00,taobao
O001549,U000789,P000081,云感数码配件旗舰款,C05,数码配件,1,152.00,2026-05-21 15:29:00,taobao
O001549,U000789,P000048,轻氧宠物用品升级版,C08,宠物用品,1,142.00,2026-05-21 15:29:00,taobao
O001549,U000789,P000111,云感宠物用品旗舰款,C08,宠物用品,1,117.00,2026-05-21 15:29:00,taobao
O001550,U000032,P000077,轻盈服饰便携装,C03,服饰,1,279.00,2026-05-21 13:08:00,douyin
O001550,U000032,P000147,云感数码配件便携装,C05,数码配件,4,281.00,2026-05-21 13:08:00,douyin
O001550,U000032,P000146,臻选生鲜旗舰款,C09,生鲜,1,112.00,2026-05-21 13:08:00,douyin
O001551,U000846,P000100,原野运动户外套装,C07,运动户外,4,235.00,2026-05-21 19:11:00,jd
O001552,U000731,P000140,臻选食品饮料套装,C02,食品饮料,1,71.00,2026-05-22 18:21:00,search
O001552,U000731,P000037,悦活运动户外便携装,C07,运动户外,1,152.00,2026-05-22 18:21:00,search
O001552,U000731,P000144,轻氧美妆个护日常款,C01,美妆个护,2,118.00,2026-05-22 18:21:00,search
O001553,U000203,P000132,轻氧家居日用便携装,C04,家居日用,1,91.00,2026-05-22 09:34:00,taobao
O001553,U000203,P000154,原野生鲜日常款,C09,生鲜,1,103.00,2026-05-22 09:34:00,taobao
O001554,U000125,P000099,云感服饰日常款,C03,服饰,1,230.00,2026-05-22 09:35:00,jd
O001554,U000125,P000035,轻盈家居日用套装,C04,家居日用,1,116.00,2026-05-22 09:35:00,jd
O001555,U000194,P000092,臻选服饰便携装,C03,服饰,1,291.00,2026-05-22 16:33:00,douyin
O001555,U000194,P000032,臻选生鲜便携装,C09,生鲜,1,71.00,2026-05-22 16:33:00,douyin
O001555,U000194,P000155,轻盈生鲜套装,C09,生鲜,1,106.00,2026-05-22 16:33:00,douyin
O001556,U000193,P000063,云感母婴用品升级版,C06,母婴用品,1,165.00,2026-05-22 16:12:00,taobao
O001557,U000399,P000091,悦活母婴用品旗舰款,C06,母婴用品,1,87.00,2026-05-22 18:23:00,taobao
O001557,U000399,P000121,悦活运动户外旗舰款,C07,运动户外,1,291.00,2026-05-22 18:23:00,taobao
O001557,U000399,P000053,轻盈服饰升级版,C03,服饰,1,262.00,2026-05-22 18:23:00,taobao
O001558,U000615,P000049,悦活数码配件日常款,C05,数码配件,1,141.00,2026-05-22 17:12:00,wechat
O001558,U000615,P000021,云感宠物用品旗舰款,C08,宠物用品,1,160.00,2026-05-22 17:12:00,wechat
O001558,U000615,P000045,云感食品饮料套装,C02,食品饮料,1,67.00,2026-05-22 17:12:00,wechat
O001558,U000615,P000140,臻选食品饮料套装,C02,食品饮料,1,71.00,2026-05-22 17:12:00,wechat
O001559,U000064,P000168,轻氧服饰升级版,C03,服饰,1,368.00,2026-05-22 16:29:00,taobao
O001559,U000064,P000103,悦活美妆个护升级版,C01,美妆个护,1,76.00,2026-05-22 16:29:00,taobao
O001559,U000064,P000025,悦活宠物用品套装,C08,宠物用品,1,105.00,2026-05-22 16:29:00,taobao
O001560,U000665,P000043,悦活服饰升级版,C03,服饰,1,237.00,2026-05-22 15:27:00,offline
O001560,U000665,P000040,原野数码配件套装,C05,数码配件,1,162.00,2026-05-22 15:27:00,offline
O001560,U000665,P000171,云感生鲜旗舰款,C09,生鲜,1,30.00,2026-05-22 15:27:00,offline
O001561,U000018,P000022,原野母婴用品便携装,C06,母婴用品,1,190.00,2026-05-22 22:06:00,taobao
O001561,U000018,P000074,臻选美妆个护日常款,C01,美妆个护,2,71.00,2026-05-22 22:06:00,taobao
O001561,U000018,P000046,原野食品饮料旗舰款,C02,食品饮料,1,69.00,2026-05-22 22:06:00,taobao
O001561,U000018,P000009,云感数码配件日常款,C05,数码配件,3,295.00,2026-05-22 22:06:00,taobao
O001562,U000001,P000011,轻盈旅行用品旗舰款,C10,旅行用品,1,224.00,2026-05-22 16:08:00,taobao
O001562,U000001,P000099,云感服饰日常款,C03,服饰,1,230.00,2026-05-22 16:08:00,taobao
O001562,U000001,P000161,轻盈家居日用旗舰款,C04,家居日用,1,160.00,2026-05-22 16:08:00,taobao
O001562,U000001,P000091,悦活母婴用品旗舰款,C06,母婴用品,1,87.00,2026-05-22 16:08:00,taobao
O001563,U000023,P000003,云感生鲜升级版,C09,生鲜,1,73.00,2026-05-23 20:53:00,taobao
O001563,U000023,P000108,轻氧母婴用品升级版,C06,母婴用品,1,86.00,2026-05-23 20:53:00,taobao
O001563,U000023,P000044,臻选食品饮料日常款,C02,食品饮料,1,28.00,2026-05-23 20:53:00,taobao
O001564,U000035,P000099,云感服饰日常款,C03,服饰,1,230.00,2026-05-23 15:36:00,wechat
O001564,U000035,P000081,云感数码配件旗舰款,C05,数码配件,1,152.00,2026-05-23 15:36:00,wechat
O001565,U000522,P000058,原野生鲜升级版,C09,生鲜,1,44.00,2026-05-23 20:43:00,douyin
O001565,U000522,P000070,原野宠物用品套装,C08,宠物用品,1,147.00,2026-05-23 20:43:00,douyin
O001565,U000522,P000112,原野生鲜便携装,C09,生鲜,1,113.00,2026-05-23 20:43:00,douyin
O001566,U000878,P000166,原野服饰旗舰款,C03,服饰,1,378.00,2026-05-23 09:13:00,wechat
O001567,U000273,P000089,轻盈美妆个护日常款,C01,美妆个护,1,69.00,2026-05-23 23:09:00,search
O001568,U000192,P000088,原野家居日用升级版,C04,家居日用,2,89.00,2026-05-23 11:02:00,search
O001568,U000192,P000007,悦活服饰便携装,C03,服饰,1,344.00,2026-05-23 11:02:00,search
O001569,U000564,P000010,原野旅行用品套装,C10,旅行用品,3,302.00,2026-05-23 13:18:00,wechat
O001570,U000303,P000120,轻氧宠物用品套装,C08,宠物用品,1,58.00,2026-05-23 20:06:00,offline
O001571,U000613,P000081,云感数码配件旗舰款,C05,数码配件,1,152.00,2026-05-23 10:20:00,wechat
O001571,U000613,P000088,原野家居日用升级版,C04,家居日用,1,89.00,2026-05-23 10:20:00,wechat
O001571,U000613,P000049,悦活数码配件日常款,C05,数码配件,1,141.00,2026-05-23 10:20:00,wechat
O001571,U000613,P000065,轻盈生鲜套装,C09,生鲜,3,41.00,2026-05-23 10:20:00,wechat
O001572,U000475,P000099,云感服饰日常款,C03,服饰,1,230.00,2026-05-23 22:52:00,taobao
O001573,U000437,P000022,原野母婴用品便携装,C06,母婴用品,1,190.00,2026-05-23 16:26:00,search
O001573,U000437,P000012,轻氧母婴用品便携装,C06,母婴用品,1,128.00,2026-05-23 16:26:00,search
O001573,U000437,P000145,悦活宠物用品套装,C08,宠物用品,1,42.00,2026-05-23 16:26:00,search
O001573,U000437,P000137,轻盈数码配件便携装,C05,数码配件,1,216.00,2026-05-23 16:26:00,search
O001574,U000449,P000064,原野宠物用品日常款,C08,宠物用品,1,140.00,2026-05-24 14:00:00,wechat
O001574,U000449,P000007,悦活服饰便携装,C03,服饰,1,344.00,2026-05-24 14:00:00,wechat
O001575,U000532,P000051,云感宠物用品旗舰款,C08,宠物用品,1,64.00,2026-05-24 19:30:00,douyin
O001575,U000532,P000131,轻盈生鲜旗舰款,C09,生鲜,1,85.00,2026-05-24 19:30:00,douyin
O001576,U000769,P000085,悦活家居日用套装,C04,家居日用,1,70.00,2026-05-24 16:32:00,taobao
O001577,U000895,P000035,轻盈家居日用套装,C04,家居日用,1,116.00,2026-05-24 14:13:00,douyin
O001577,U000895,P000004,原野旅行用品日常款,C10,旅行用品,1,271.00,2026-05-24 14:13:00,douyin
O001578,U000659,P000136,原野运动户外旗舰款,C07,运动户外,2,169.00,2026-05-24 19:49:00,search
O001578,U000659,P000150,轻氧母婴用品套装,C06,母婴用品,1,76.00,2026-05-24 19:49:00,search
O001579,U000687,P000009,云感数码配件日常款,C05,数码配件,1,295.00,2026-05-24 22:11:00,offline
O001580,U000513,P000048,轻氧宠物用品升级版,C08,宠物用品,1,142.00,2026-05-24 14:03:00,offline
O001580,U000513,P000032,臻选生鲜便携装,C09,生鲜,1,71.00,2026-05-24 14:03:00,offline
O001580,U000513,P000083,轻盈运动户外升级版,C07,运动户外,1,227.00,2026-05-24 14:03:00,offline
O001580,U000513,P000151,悦活美妆个护旗舰款,C01,美妆个护,1,38.00,2026-05-24 14:03:00,offline
O001581,U000038,P000085,悦活家居日用套装,C04,家居日用,2,70.00,2026-05-24 22:58:00,offline
O001581,U000038,P000117,云感食品饮料便携装,C02,食品饮料,1,54.00,2026-05-24 22:58:00,offline
O001581,U000038,P000166,原野服饰旗舰款,C03,服饰,3,378.00,2026-05-24 22:58:00,offline
O001581,U000038,P000039,云感生鲜日常款,C09,生鲜,1,109.00,2026-05-24 22:58:00,offline
O001582,U000806,P000088,原野家居日用升级版,C04,家居日用,1,89.00,2026-05-24 17:54:00,douyin
O001583,U000208,P000167,轻盈美妆个护便携装,C01,美妆个护,1,119.00,2026-05-24 20:11:00,douyin
O001583,U000208,P000016,原野运动户外旗舰款,C07,运动户外,4,164.00,2026-05-24 20:11:00,douyin
O001583,U000208,P000108,轻氧母婴用品升级版,C06,母婴用品,1,86.00,2026-05-24 20:11:00,douyin
O001584,U000218,P000115,悦活美妆个护套装,C01,美妆个护,1,86.00,2026-05-24 15:41:00,wechat
O001584,U000218,P000039,云感生鲜日常款,C09,生鲜,2,109.00,2026-05-24 15:41:00,wechat
O001584,U000218,P000082,原野旅行用品便携装,C10,旅行用品,1,253.00,2026-05-24 15:41:00,wechat
O001584,U000218,P000012,轻氧母婴用品便携装,C06,母婴用品,1,128.00,2026-05-24 15:41:00,wechat
O001585,U000060,P000019,悦活家居日用日常款,C04,家居日用,3,71.00,2026-05-25 09:09:00,wechat
O001586,U000600,P000038,臻选母婴用品升级版,C06,母婴用品,1,188.00,2026-05-25 15:28:00,wechat
O001586,U000600,P000062,臻选旅行用品便携装,C10,旅行用品,1,226.00,2026-05-25 15:28:00,wechat
O001586,U000600,P000065,轻盈生鲜套装,C09,生鲜,1,41.00,2026-05-25 15:28:00,wechat
O001586,U000600,P000170,臻选生鲜套装,C09,生鲜,1,77.00,2026-05-25 15:28:00,wechat
O001587,U000828,P000162,轻氧食品饮料便携装,C02,食品饮料,1,73.00,2026-05-25 08:05:00,taobao
O001588,U000495,P000016,原野运动户外旗舰款,C07,运动户外,1,164.00,2026-05-25 10:03:00,taobao
O001588,U000495,P000049,悦活数码配件日常款,C05,数码配件,4,141.00,2026-05-25 10:03:00,taobao
O001588,U000495,P000094,原野运动户外日常款,C07,运动户外,1,136.00,2026-05-25 10:03:00,taobao
O001589,U000393,P000130,原野服饰套装,C03,服饰,1,194.00,2026-05-25 17:03:00,jd
O001590,U000619,P000018,轻氧生鲜升级版,C09,生鲜,2,81.00,2026-05-25 08:55:00,search
O001590,U000619,P000049,悦活数码配件日常款,C05,数码配件,2,141.00,2026-05-25 08:55:00,search
O001590,U000619,P000145,悦活宠物用品套装,C08,宠物用品,1,42.00,2026-05-25 08:55:00,search
O001590,U000619,P000019,悦活家居日用日常款,C04,家居日用,1,71.00,2026-05-25 08:55:00,search
O001591,U000847,P000150,轻氧母婴用品套装,C06,母婴用品,4,76.00,2026-05-25 16:05:00,douyin
O001591,U000847,P000010,原野旅行用品套装,C10,旅行用品,1,302.00,2026-05-25 16:05:00,douyin
O001591,U000847,P000108,轻氧母婴用品升级版,C06,母婴用品,1,86.00,2026-05-25 16:05:00,douyin
O001592,U000195,P000103,悦活美妆个护升级版,C01,美妆个护,1,76.00,2026-05-25 13:46:00,search
O001592,U000195,P000146,臻选生鲜旗舰款,C09,生鲜,1,112.00,2026-05-25 13:46:00,search
O001592,U000195,P000087,云感旅行用品便携装,C10,旅行用品,1,609.00,2026-05-25 13:46:00,search
O001593,U000556,P000111,云感宠物用品旗舰款,C08,宠物用品,3,117.00,2026-05-25 22:49:00,offline
O001593,U000556,P000161,轻盈家居日用旗舰款,C04,家居日用,4,160.00,2026-05-25 22:49:00,offline
O001594,U000666,P000153,云感美妆个护升级版,C01,美妆个护,1,48.00,2026-05-25 19:56:00,wechat
O001594,U000666,P000161,轻盈家居日用旗舰款,C04,家居日用,1,160.00,2026-05-25 19:56:00,wechat
O001594,U000666,P000051,云感宠物用品旗舰款,C08,宠物用品,1,64.00,2026-05-25 19:56:00,wechat
O001594,U000666,P000168,轻氧服饰升级版,C03,服饰,3,368.00,2026-05-25 19:56:00,wechat
O001595,U000507,P000024,轻氧食品饮料日常款,C02,食品饮料,1,55.00,2026-05-25 22:59:00,jd
O001596,U000070,P000033,云感美妆个护升级版,C01,美妆个护,3,88.00,2026-05-26 08:40:00,jd
O001597,U000600,P000034,原野生鲜日常款,C09,生鲜,1,71.00,2026-05-26 19:19:00,taobao
O001597,U000600,P000166,原野服饰旗舰款,C03,服饰,4,378.00,2026-05-26 19:19:00,taobao
O001597,U000600,P000157,悦活旅行用品便携装,C10,旅行用品,1,436.00,2026-05-26 19:19:00,taobao
O001598,U000566,P000131,轻盈生鲜旗舰款,C09,生鲜,4,85.00,2026-05-26 11:05:00,offline
O001599,U000239,P000078,轻氧运动户外升级版,C07,运动户外,1,332.00,2026-05-26 18:13:00,offline
O001599,U000239,P000103,悦活美妆个护升级版,C01,美妆个护,2,76.00,2026-05-26 18:13:00,offline
O001599,U000239,P000169,悦活生鲜日常款,C09,生鲜,1,42.00,2026-05-26 18:13:00,offline
O001600,U000087,P000120,轻氧宠物用品套装,C08,宠物用品,1,58.00,2026-05-26 12:50:00,taobao
O001600,U000087,P000102,轻氧母婴用品便携装,C06,母婴用品,1,104.00,2026-05-26 12:50:00,taobao
O001600,U000087,P000172,原野宠物用品便携装,C08,宠物用品,2,99.00,2026-05-26 12:50:00,taobao
O001601,U000377,P000073,悦活家居日用升级版,C04,家居日用,1,147.00,2026-05-26 19:22:00,wechat
O001602,U000869,P000167,轻盈美妆个护便携装,C01,美妆个护,1,119.00,2026-05-26 18:34:00,search
O001602,U000869,P000131,轻盈生鲜旗舰款,C09,生鲜,2,85.00,2026-05-26 18:34:00,search
O001602,U000869,P000025,悦活宠物用品套装,C08,宠物用品,1,105.00,2026-05-26 18:34:00,search
O001603,U000640,P000040,原野数码配件套装,C05,数码配件,1,162.00,2026-05-26 10:30:00,search
O001603,U000640,P000049,悦活数码配件日常款,C05,数码配件,4,141.00,2026-05-26 10:30:00,search
O001603,U000640,P000058,原野生鲜升级版,C09,生鲜,1,44.00,2026-05-26 10:30:00,search
O001603,U000640,P000018,轻氧生鲜升级版,C09,生鲜,2,81.00,2026-05-26 10:30:00,search
O001604,U000715,P000068,臻选旅行用品升级版,C10,旅行用品,1,202.00,2026-05-26 13:08:00,jd
O001604,U000715,P000077,轻盈服饰便携装,C03,服饰,1,279.00,2026-05-26 13:08:00,jd
O001604,U000715,P000097,悦活母婴用品便携装,C06,母婴用品,1,123.00,2026-05-26 13:08:00,jd
O001605,U000593,P000079,悦活服饰日常款,C03,服饰,3,452.00,2026-05-26 20:04:00,search
O001606,U000624,P000109,悦活旅行用品日常款,C10,旅行用品,1,614.00,2026-05-26 11:52:00,wechat
O001606,U000624,P000097,悦活母婴用品便携装,C06,母婴用品,1,123.00,2026-05-26 11:52:00,wechat
O001606,U000624,P000171,云感生鲜旗舰款,C09,生鲜,1,30.00,2026-05-26 11:52:00,wechat
O001606,U000624,P000018,轻氧生鲜升级版,C09,生鲜,1,81.00,2026-05-26 11:52:00,wechat
O001607,U000152,P000035,轻盈家居日用套装,C04,家居日用,1,116.00,2026-05-27 18:11:00,wechat
O001607,U000152,P000114,轻氧母婴用品日常款,C06,母婴用品,1,142.00,2026-05-27 18:11:00,wechat
O001607,U000152,P000171,云感生鲜旗舰款,C09,生鲜,1,30.00,2026-05-27 18:11:00,wechat
O001607,U000152,P000060,轻氧数码配件套装,C05,数码配件,4,269.00,2026-05-27 18:11:00,wechat
O001608,U000859,P000045,云感食品饮料套装,C02,食品饮料,1,67.00,2026-05-27 20:22:00,jd
O001608,U000859,P000165,云感生鲜套装,C09,生鲜,1,43.00,2026-05-27 20:22:00,jd
O001608,U000859,P000120,轻氧宠物用品套装,C08,宠物用品,1,58.00,2026-05-27 20:22:00,jd
O001609,U000048,P000171,云感生鲜旗舰款,C09,生鲜,1,30.00,2026-05-27 08:00:00,douyin
O001609,U000048,P000001,悦活家居日用旗舰款,C04,家居日用,1,141.00,2026-05-27 08:00:00,douyin
O001610,U000805,P000160,原野旅行用品套装,C10,旅行用品,1,231.00,2026-05-27 08:22:00,jd
O001610,U000805,P000062,臻选旅行用品便携装,C10,旅行用品,1,226.00,2026-05-27 08:22:00,jd
O001610,U000805,P000155,轻盈生鲜套装,C09,生鲜,1,106.00,2026-05-27 08:22:00,jd
O001610,U000805,P000123,云感宠物用品升级版,C08,宠物用品,1,83.00,2026-05-27 08:22:00,jd
O001611,U000809,P000154,原野生鲜日常款,C09,生鲜,1,103.00,2026-05-27 22:11:00,taobao
O001611,U000809,P000047,轻盈服饰便携装,C03,服饰,1,154.00,2026-05-27 22:11:00,taobao
O001611,U000809,P000098,臻选家居日用升级版,C04,家居日用,1,90.00,2026-05-27 22:11:00,taobao
O001611,U000809,P000137,轻盈数码配件便携装,C05,数码配件,1,216.00,2026-05-27 22:11:00,taobao
O001612,U000346,P000130,原野服饰套装,C03,服饰,4,194.00,2026-05-27 20:03:00,wechat
O001612,U000346,P000113,轻盈旅行用品升级版,C10,旅行用品,2,483.00,2026-05-27 20:03:00,wechat
O001612,U000346,P000016,原野运动户外旗舰款,C07,运动户外,1,164.00,2026-05-27 20:03:00,wechat
O001613,U000806,P000046,原野食品饮料旗舰款,C02,食品饮料,1,69.00,2026-05-27 10:23:00,offline
O001613,U000806,P000132,轻氧家居日用便携装,C04,家居日用,1,91.00,2026-05-27 10:23:00,offline
O001613,U000806,P000131,轻盈生鲜旗舰款,C09,生鲜,1,85.00,2026-05-27 10:23:00,offline
O001613,U000806,P000086,臻选数码配件旗舰款,C05,数码配件,1,150.00,2026-05-27 10:23:00,offline
O001614,U000284,P000018,轻氧生鲜升级版,C09,生鲜,1,81.00,2026-05-27 10:55:00,offline
O001614,U000284,P000062,臻选旅行用品便携装,C10,旅行用品,1,226.00,2026-05-27 10:55:00,offline
O001615,U000152,P000154,原野生鲜日常款,C09,生鲜,1,103.00,2026-05-27 19:39:00,wechat
O001615,U000152,P000159,云感旅行用品日常款,C10,旅行用品,1,514.00,2026-05-27 19:39:00,wechat
O001616,U000771,P000130,原野服饰套装,C03,服饰,1,194.00,2026-05-27 23:23:00,taobao
O001616,U000771,P000169,悦活生鲜日常款,C09,生鲜,1,42.00,2026-05-27 23:23:00,taobao
O001617,U000648,P000168,轻氧服饰升级版,C03,服饰,1,368.00,2026-05-27 21:01:00,jd
O001618,U000001,P000084,轻氧服饰日常款,C03,服饰,1,130.00,2026-05-28 08:57:00,wechat
O001619,U000392,P000141,云感数码配件旗舰款,C05,数码配件,1,220.00,2026-05-28 19:03:00,douyin
O001620,U000830,P000113,轻盈旅行用品升级版,C10,旅行用品,1,483.00,2026-05-28 08:55:00,jd
O001620,U000830,P000095,轻盈旅行用品套装,C10,旅行用品,1,577.00,2026-05-28 08:55:00,jd
O001620,U000830,P000139,悦活运动户外日常款,C07,运动户外,1,358.00,2026-05-28 08:55:00,jd
O001620,U000830,P000028,原野数码配件升级版,C05,数码配件,1,158.00,2026-05-28 08:55:00,jd
O001621,U000378,P000004,原野旅行用品日常款,C10,旅行用品,1,271.00,2026-05-28 22:34:00,taobao
O001621,U000378,P000057,云感数码配件便携装,C05,数码配件,1,79.00,2026-05-28 22:34:00,taobao
O001622,U000361,P000077,轻盈服饰便携装,C03,服饰,1,279.00,2026-05-28 19:20:00,taobao
O001623,U000721,P000042,轻氧美妆个护便携装,C01,美妆个护,1,69.00,2026-05-28 23:23:00,offline
O001623,U000721,P000167,轻盈美妆个护便携装,C01,美妆个护,4,119.00,2026-05-28 23:23:00,offline
O001623,U000721,P000021,云感宠物用品旗舰款,C08,宠物用品,1,160.00,2026-05-28 23:23:00,offline
O001624,U000428,P000050,臻选生鲜套装,C09,生鲜,3,108.00,2026-05-28 18:20:00,douyin
O001624,U000428,P000147,云感数码配件便携装,C05,数码配件,1,281.00,2026-05-28 18:20:00,douyin
O001624,U000428,P000146,臻选生鲜旗舰款,C09,生鲜,3,112.00,2026-05-28 18:20:00,douyin
O001625,U000338,P000073,悦活家居日用升级版,C04,家居日用,1,147.00,2026-05-28 17:42:00,offline
O001626,U000630,P000082,原野旅行用品便携装,C10,旅行用品,1,253.00,2026-05-28 08:36:00,douyin
O001626,U000630,P000111,云感宠物用品旗舰款,C08,宠物用品,4,117.00,2026-05-28 08:36:00,douyin
O001626,U000630,P000022,原野母婴用品便携装,C06,母婴用品,1,190.00,2026-05-28 08:36:00,douyin
O001627,U000182,P000145,悦活宠物用品套装,C08,宠物用品,1,42.00,2026-05-28 08:09:00,douyin
O001627,U000182,P000168,轻氧服饰升级版,C03,服饰,1,368.00,2026-05-28 08:09:00,douyin
O001627,U000182,P000166,原野服饰旗舰款,C03,服饰,1,378.00,2026-05-28 08:09:00,douyin
O001627,U000182,P000142,原野母婴用品便携装,C06,母婴用品,1,161.00,2026-05-28 08:09:00,douyin
O001628,U000375,P000027,云感宠物用品便携装,C08,宠物用品,1,96.00,2026-05-28 12:05:00,offline
O001628,U000375,P000104,臻选旅行用品日常款,C10,旅行用品,1,352.00,2026-05-28 12:05:00,offline
O001629,U000542,P000025,悦活宠物用品套装,C08,宠物用品,3,105.00,2026-05-29 12:39:00,taobao
O001630,U000140,P000062,臻选旅行用品便携装,C10,旅行用品,2,226.00,2026-05-29 19:00:00,search
O001630,U000140,P000067,悦活旅行用品便携装,C10,旅行用品,4,195.00,2026-05-29 19:00:00,search
O001630,U000140,P000047,轻盈服饰便携装,C03,服饰,1,154.00,2026-05-29 19:00:00,search
O001631,U000395,P000021,云感宠物用品旗舰款,C08,宠物用品,1,160.00,2026-05-29 09:49:00,douyin
O001631,U000395,P000125,轻盈生鲜套装,C09,生鲜,1,62.00,2026-05-29 09:49:00,douyin
O001631,U000395,P000154,原野生鲜日常款,C09,生鲜,1,103.00,2026-05-29 09:49:00,douyin
O001631,U000395,P000073,悦活家居日用升级版,C04,家居日用,1,147.00,2026-05-29 09:49:00,douyin
O001632,U000525,P000137,轻盈数码配件便携装,C05,数码配件,1,216.00,2026-05-29 11:38:00,douyin
O001632,U000525,P000035,轻盈家居日用套装,C04,家居日用,1,116.00,2026-05-29 11:38:00,douyin
O001632,U000525,P000069,云感运动户外日常款,C07,运动户外,1,268.00,2026-05-29 11:38:00,douyin
O001632,U000525,P000114,轻氧母婴用品日常款,C06,母婴用品,1,142.00,2026-05-29 11:38:00,douyin
O001633,U000298,P000047,轻盈服饰便携装,C03,服饰,1,154.00,2026-05-29 11:19:00,jd
O001633,U000298,P000033,云感美妆个护升级版,C01,美妆个护,1,88.00,2026-05-29 11:19:00,jd
O001633,U000298,P000004,原野旅行用品日常款,C10,旅行用品,1,271.00,2026-05-29 11:19:00,jd
O001633,U000298,P000050,臻选生鲜套装,C09,生鲜,1,108.00,2026-05-29 11:19:00,jd
O001634,U000705,P000161,轻盈家居日用旗舰款,C04,家居日用,1,160.00,2026-05-29 09:46:00,taobao
O001634,U000705,P000097,悦活母婴用品便携装,C06,母婴用品,1,123.00,2026-05-29 09:46:00,taobao
O001634,U000705,P000095,轻盈旅行用品套装,C10,旅行用品,1,577.00,2026-05-29 09:46:00,taobao
O001635,U000136,P000042,轻氧美妆个护便携装,C01,美妆个护,1,69.00,2026-05-29 11:06:00,douyin
O001635,U000136,P000096,轻氧数码配件旗舰款,C05,数码配件,1,88.00,2026-05-29 11:06:00,douyin
O001635,U000136,P000150,轻氧母婴用品套装,C06,母婴用品,1,76.00,2026-05-29 11:06:00,douyin
O001636,U000266,P000113,轻盈旅行用品升级版,C10,旅行用品,4,483.00,2026-05-29 11:05:00,taobao
O001636,U000266,P000098,臻选家居日用升级版,C04,家居日用,1,90.00,2026-05-29 11:05:00,taobao
O001637,U000481,P000044,臻选食品饮料日常款,C02,食品饮料,1,28.00,2026-05-29 13:24:00,taobao
O001637,U000481,P000090,轻氧旅行用品套装,C10,旅行用品,1,170.00,2026-05-29 13:24:00,taobao
O001638,U000608,P000077,轻盈服饰便携装,C03,服饰,1,279.00,2026-05-29 17:58:00,offline
O001638,U000608,P000111,云感宠物用品旗舰款,C08,宠物用品,1,117.00,2026-05-29 17:58:00,offline
O001638,U000608,P000017,轻盈食品饮料便携装,C02,食品饮料,4,71.00,2026-05-29 17:58:00,offline
O001639,U000642,P000093,云感生鲜升级版,C09,生鲜,1,39.00,2026-05-29 18:43:00,taobao
O001639,U000642,P000094,原野运动户外日常款,C07,运动户外,1,136.00,2026-05-29 18:43:00,taobao
O001639,U000642,P000019,悦活家居日用日常款,C04,家居日用,1,71.00,2026-05-29 18:43:00,taobao
O001639,U000642,P000043,悦活服饰升级版,C03,服饰,1,237.00,2026-05-29 18:43:00,taobao
O001640,U000108,P000110,臻选美妆个护套装,C01,美妆个护,1,81.00,2026-05-30 09:00:00,search
O001640,U000108,P000051,云感宠物用品旗舰款,C08,宠物用品,3,64.00,2026-05-30 09:00:00,search
O001640,U000108,P000065,轻盈生鲜套装,C09,生鲜,1,41.00,2026-05-30 09:00:00,search
O001641,U000805,P000025,悦活宠物用品套装,C08,宠物用品,1,105.00,2026-05-30 16:03:00,wechat
O001641,U000805,P000078,轻氧运动户外升级版,C07,运动户外,1,332.00,2026-05-30 16:03:00,wechat
O001642,U000429,P000162,轻氧食品饮料便携装,C02,食品饮料,1,73.00,2026-05-30 19:35:00,taobao
O001642,U000429,P000154,原野生鲜日常款,C09,生鲜,1,103.00,2026-05-30 19:35:00,taobao
O001642,U000429,P000066,轻氧母婴用品旗舰款,C06,母婴用品,1,76.00,2026-05-30 19:35:00,taobao
O001643,U000839,P000032,臻选生鲜便携装,C09,生鲜,1,71.00,2026-05-30 22:58:00,douyin
O001643,U000839,P000069,云感运动户外日常款,C07,运动户外,1,268.00,2026-05-30 22:58:00,douyin
O001643,U000839,P000114,轻氧母婴用品日常款,C06,母婴用品,1,142.00,2026-05-30 22:58:00,douyin
O001644,U000429,P000090,轻氧旅行用品套装,C10,旅行用品,3,170.00,2026-05-30 09:25:00,offline
O001644,U000429,P000011,轻盈旅行用品旗舰款,C10,旅行用品,1,224.00,2026-05-30 09:25:00,offline
O001644,U000429,P000172,原野宠物用品便携装,C08,宠物用品,1,99.00,2026-05-30 09:25:00,offline
O001644,U000429,P000162,轻氧食品饮料便携装,C02,食品饮料,1,73.00,2026-05-30 09:25:00,offline
O001645,U000560,P000082,原野旅行用品便携装,C10,旅行用品,1,253.00,2026-05-30 10:18:00,search
O001645,U000560,P000134,臻选数码配件日常款,C05,数码配件,1,120.00,2026-05-30 10:18:00,search
O001645,U000560,P000117,云感食品饮料便携装,C02,食品饮料,2,54.00,2026-05-30 10:18:00,search
O001646,U000229,P000078,轻氧运动户外升级版,C07,运动户外,1,332.00,2026-05-30 11:16:00,douyin
O001646,U000229,P000007,悦活服饰便携装,C03,服饰,1,344.00,2026-05-30 11:16:00,douyin
O001647,U000118,P000055,悦活宠物用品套装,C08,宠物用品,2,100.00,2026-05-30 22:56:00,taobao
O001647,U000118,P000102,轻氧母婴用品便携装,C06,母婴用品,2,104.00,2026-05-30 22:56:00,taobao
O001648,U000666,P000055,悦活宠物用品套装,C08,宠物用品,1,100.00,2026-05-30 18:23:00,jd
O001648,U000666,P000044,臻选食品饮料日常款,C02,食品饮料,1,28.00,2026-05-30 18:23:00,jd
O001649,U000834,P000112,原野生鲜便携装,C09,生鲜,1,113.00,2026-05-30 14:49:00,wechat
O001649,U000834,P000112,原野生鲜便携装,C09,生鲜,1,113.00,2026-05-30 14:49:00,wechat
O001649,U000834,P000117,云感食品饮料便携装,C02,食品饮料,1,54.00,2026-05-30 14:49:00,wechat
O001649,U000834,P000102,轻氧母婴用品便携装,C06,母婴用品,1,104.00,2026-05-30 14:49:00,wechat
O001650,U000728,P000102,轻氧母婴用品便携装,C06,母婴用品,4,104.00,2026-05-30 23:15:00,offline
O001650,U000728,P000115,悦活美妆个护套装,C01,美妆个护,2,86.00,2026-05-30 23:15:00,offline
O001651,U000042,P000149,轻盈家居日用日常款,C04,家居日用,1,110.00,2026-05-31 23:46:00,douyin
O001652,U000256,P000145,悦活宠物用品套装,C08,宠物用品,1,42.00,2026-05-31 09:38:00,search
O001652,U000256,P000104,臻选旅行用品日常款,C10,旅行用品,1,352.00,2026-05-31 09:38:00,search
O001652,U000256,P000118,原野美妆个护升级版,C01,美妆个护,4,133.00,2026-05-31 09:38:00,search
O001652,U000256,P000036,轻氧食品饮料旗舰款,C02,食品饮料,1,73.00,2026-05-31 09:38:00,search
O001653,U000585,P000015,云感母婴用品套装,C06,母婴用品,1,128.00,2026-05-31 20:07:00,jd
O001653,U000585,P000136,原野运动户外旗舰款,C07,运动户外,1,169.00,2026-05-31 20:07:00,jd
O001654,U000758,P000073,悦活家居日用升级版,C04,家居日用,1,147.00,2026-05-31 19:49:00,taobao
O001654,U000758,P000066,轻氧母婴用品旗舰款,C06,母婴用品,1,76.00,2026-05-31 19:49:00,taobao
O001654,U000758,P000097,悦活母婴用品便携装,C06,母婴用品,1,123.00,2026-05-31 19:49:00,taobao
O001654,U000758,P000163,悦活生鲜升级版,C09,生鲜,1,69.00,2026-05-31 19:49:00,taobao
O001655,U000850,P000141,云感数码配件旗舰款,C05,数码配件,1,220.00,2026-05-31 23:12:00,offline
O001655,U000850,P000005,轻盈数码配件套装,C05,数码配件,1,256.00,2026-05-31 23:12:00,offline
O001655,U000850,P000139,悦活运动户外日常款,C07,运动户外,4,358.00,2026-05-31 23:12:00,offline
O001655,U000850,P000090,轻氧旅行用品套装,C10,旅行用品,1,170.00,2026-05-31 23:12:00,offline
O001656,U000584,P000116,臻选数码配件旗舰款,C05,数码配件,2,228.00,2026-05-31 08:24:00,douyin
O001657,U000264,P000010,原野旅行用品套装,C10,旅行用品,1,302.00,2026-05-31 15:31:00,search
O001657,U000264,P000084,轻氧服饰日常款,C03,服饰,1,130.00,2026-05-31 15:31:00,search
O001657,U000264,P000038,臻选母婴用品升级版,C06,母婴用品,1,188.00,2026-05-31 15:31:00,search
O001657,U000264,P000022,原野母婴用品便携装,C06,母婴用品,1,190.00,2026-05-31 15:31:00,search
O001658,U000744,P000040,原野数码配件套装,C05,数码配件,3,162.00,2026-05-31 18:53:00,douyin
O001658,U000744,P000093,云感生鲜升级版,C09,生鲜,1,39.00,2026-05-31 18:53:00,douyin
O001659,U000585,P000109,悦活旅行用品日常款,C10,旅行用品,1,614.00,2026-05-31 10:26:00,wechat
O001660,U000256,P000024,轻氧食品饮料日常款,C02,食品饮料,2,55.00,2026-05-31 10:00:00,offline
O001660,U000256,P000153,云感美妆个护升级版,C01,美妆个护,1,48.00,2026-05-31 10:00:00,offline
O001660,U000256,P000029,轻盈食品饮料日常款,C02,食品饮料,1,91.00,2026-05-31 10:00:00,offline
O001661,U000456,P000015,云感母婴用品套装,C06,母婴用品,4,128.00,2026-05-31 11:32:00,offline
O001661,U000456,P000038,臻选母婴用品升级版,C06,母婴用品,1,188.00,2026-05-31 11:32:00,offline
O001661,U000456,P000140,臻选食品饮料套装,C02,食品饮料,1,71.00,2026-05-31 11:32:00,offline
O001662,U000189,P000040,原野数码配件套装,C05,数码配件,1,162.00,2026-06-01 17:01:00,offline
O001662,U000189,P000083,轻盈运动户外升级版,C07,运动户外,2,227.00,2026-06-01 17:01:00,offline
O001662,U000189,P000080,臻选家居日用套装,C04,家居日用,1,148.00,2026-06-01 17:01:00,offline
O001662,U000189,P000125,轻盈生鲜套装,C09,生鲜,1,62.00,2026-06-01 17:01:00,offline
O001663,U000451,P000064,原野宠物用品日常款,C08,宠物用品,1,140.00,2026-06-01 11:52:00,douyin
O001663,U000451,P000027,云感宠物用品便携装,C08,宠物用品,1,96.00,2026-06-01 11:52:00,douyin
O001663,U000451,P000098,臻选家居日用升级版,C04,家居日用,1,90.00,2026-06-01 11:52:00,douyin
O001663,U000451,P000073,悦活家居日用升级版,C04,家居日用,1,147.00,2026-06-01 11:52:00,douyin
O001664,U000480,P000062,臻选旅行用品便携装,C10,旅行用品,4,226.00,2026-06-01 21:30:00,jd
O001664,U000480,P000165,云感生鲜套装,C09,生鲜,1,43.00,2026-06-01 21:30:00,jd
O001664,U000480,P000051,云感宠物用品旗舰款,C08,宠物用品,1,64.00,2026-06-01 21:30:00,jd
O001664,U000480,P000023,轻盈食品饮料升级版,C02,食品饮料,1,79.00,2026-06-01 21:30:00,jd
O001665,U000744,P000071,轻盈宠物用品旗舰款,C08,宠物用品,1,144.00,2026-06-01 18:19:00,douyin
O001665,U000744,P000034,原野生鲜日常款,C09,生鲜,3,71.00,2026-06-01 18:19:00,douyin
O001665,U000744,P000021,云感宠物用品旗舰款,C08,宠物用品,2,160.00,2026-06-01 18:19:00,douyin
O001665,U000744,P000141,云感数码配件旗舰款,C05,数码配件,1,220.00,2026-06-01 18:19:00,douyin
O001666,U000189,P000012,轻氧母婴用品便携装,C06,母婴用品,1,128.00,2026-06-01 09:45:00,offline
O001667,U000231,P000003,云感生鲜升级版,C09,生鲜,1,73.00,2026-06-01 23:58:00,search
O001668,U000432,P000148,原野数码配件升级版,C05,数码配件,1,136.00,2026-06-01 12:40:00,douyin
O001669,U000601,P000106,原野母婴用品旗舰款,C06,母婴用品,1,102.00,2026-06-01 23:26:00,douyin
O001670,U000518,P000026,臻选生鲜旗舰款,C09,生鲜,3,88.00,2026-06-01 22:09:00,jd
O001670,U000518,P000128,臻选旅行用品升级版,C10,旅行用品,1,514.00,2026-06-01 22:09:00,jd
O001671,U000211,P000034,原野生鲜日常款,C09,生鲜,1,71.00,2026-06-01 17:45:00,jd
O001671,U000211,P000144,轻氧美妆个护日常款,C01,美妆个护,3,118.00,2026-06-01 17:45:00,jd
O001671,U000211,P000045,云感食品饮料套装,C02,食品饮料,1,67.00,2026-06-01 17:45:00,jd
O001672,U000580,P000147,云感数码配件便携装,C05,数码配件,1,281.00,2026-06-01 22:13:00,wechat
O001672,U000580,P000130,原野服饰套装,C03,服饰,1,194.00,2026-06-01 22:13:00,wechat
O001673,U000478,P000043,悦活服饰升级版,C03,服饰,3,237.00,2026-06-02 17:30:00,wechat
O001673,U000478,P000060,轻氧数码配件套装,C05,数码配件,1,269.00,2026-06-02 17:30:00,wechat
O001673,U000478,P000059,轻盈美妆个护日常款,C01,美妆个护,1,52.00,2026-06-02 17:30:00,wechat
O001674,U000899,P000008,臻选美妆个护升级版,C01,美妆个护,1,69.00,2026-06-02 18:13:00,douyin
O001674,U000899,P000121,悦活运动户外旗舰款,C07,运动户外,1,291.00,2026-06-02 18:13:00,douyin
O001674,U000899,P000161,轻盈家居日用旗舰款,C04,家居日用,1,160.00,2026-06-02 18:13:00,douyin
O001675,U000805,P000075,云感母婴用品套装,C06,母婴用品,1,82.00,2026-06-02 10:02:00,offline
O001675,U000805,P000083,轻盈运动户外升级版,C07,运动户外,1,227.00,2026-06-02 10:02:00,offline
O001676,U000401,P000046,原野食品饮料旗舰款,C02,食品饮料,1,69.00,2026-06-02 12:23:00,search
O001677,U000857,P000157,悦活旅行用品便携装,C10,旅行用品,1,436.00,2026-06-02 22:06:00,search
O001677,U000857,P000068,臻选旅行用品升级版,C10,旅行用品,1,202.00,2026-06-02 22:06:00,search
O001677,U000857,P000157,悦活旅行用品便携装,C10,旅行用品,1,436.00,2026-06-02 22:06:00,search
O001677,U000857,P000039,云感生鲜日常款,C09,生鲜,4,109.00,2026-06-02 22:06:00,search
O001678,U000113,P000006,轻氧母婴用品旗舰款,C06,母婴用品,1,161.00,2026-06-02 13:32:00,douyin
O001678,U000113,P000153,云感美妆个护升级版,C01,美妆个护,1,48.00,2026-06-02 13:32:00,douyin
O001678,U000113,P000071,轻盈宠物用品旗舰款,C08,宠物用品,2,144.00,2026-06-02 13:32:00,douyin
O001679,U000647,P000011,轻盈旅行用品旗舰款,C10,旅行用品,1,224.00,2026-06-02 10:12:00,douyin
O001679,U000647,P000108,轻氧母婴用品升级版,C06,母婴用品,1,86.00,2026-06-02 10:12:00,douyin
O001679,U000647,P000057,云感数码配件便携装,C05,数码配件,1,79.00,2026-06-02 10:12:00,douyin
O001679,U000647,P000163,悦活生鲜升级版,C09,生鲜,1,69.00,2026-06-02 10:12:00,douyin
O001680,U000672,P000160,原野旅行用品套装,C10,旅行用品,1,231.00,2026-06-02 08:30:00,search
O001681,U000800,P000126,轻氧旅行用品旗舰款,C10,旅行用品,1,248.00,2026-06-02 23:21:00,taobao
O001682,U000288,P000130,原野服饰套装,C03,服饰,1,194.00,2026-06-02 10:17:00,search
O001683,U000150,P000046,原野食品饮料旗舰款,C02,食品饮料,1,69.00,2026-06-02 12:20:00,jd
O001683,U000150,P000064,原野宠物用品日常款,C08,宠物用品,1,140.00,2026-06-02 12:20:00,jd
O001683,U000150,P000133,悦活美妆个护升级版,C01,美妆个护,1,47.00,2026-06-02 12:20:00,jd
O001683,U000150,P000023,轻盈食品饮料升级版,C02,食品饮料,1,79.00,2026-06-02 12:20:00,jd
O001684,U000862,P000014,臻选食品饮料日常款,C02,食品饮料,1,60.00,2026-06-03 20:11:00,search
O001684,U000862,P000091,悦活母婴用品旗舰款,C06,母婴用品,1,87.00,2026-06-03 20:11:00,search
O001684,U000862,P000041,轻盈家居日用旗舰款,C04,家居日用,1,166.00,2026-06-03 20:11:00,search
O001684,U000862,P000018,轻氧生鲜升级版,C09,生鲜,1,81.00,2026-06-03 20:11:00,search
O001685,U000277,P000166,原野服饰旗舰款,C03,服饰,4,378.00,2026-06-03 09:31:00,search
O001685,U000277,P000020,臻选数码配件套装,C05,数码配件,2,252.00,2026-06-03 09:31:00,search
O001685,U000277,P000042,轻氧美妆个护便携装,C01,美妆个护,1,69.00,2026-06-03 09:31:00,search
O001685,U000277,P000076,原野美妆个护旗舰款,C01,美妆个护,1,77.00,2026-06-03 09:31:00,search
O001686,U000440,P000131,轻盈生鲜旗舰款,C09,生鲜,2,85.00,2026-06-03 08:40:00,douyin
O001686,U000440,P000111,云感宠物用品旗舰款,C08,宠物用品,1,117.00,2026-06-03 08:40:00,douyin
O001687,U000498,P000143,轻盈美妆个护升级版,C01,美妆个护,1,53.00,2026-06-03 20:11:00,taobao
O001688,U000892,P000066,轻氧母婴用品旗舰款,C06,母婴用品,1,76.00,2026-06-03 10:28:00,douyin
O001688,U000892,P000002,臻选服饰便携装,C03,服饰,1,332.00,2026-06-03 10:28:00,douyin
O001688,U000892,P000151,悦活美妆个护旗舰款,C01,美妆个护,1,38.00,2026-06-03 10:28:00,douyin
O001689,U000520,P000007,悦活服饰便携装,C03,服饰,1,344.00,2026-06-03 17:43:00,taobao
O001689,U000520,P000049,悦活数码配件日常款,C05,数码配件,1,141.00,2026-06-03 17:43:00,taobao
O001689,U000520,P000162,轻氧食品饮料便携装,C02,食品饮料,1,73.00,2026-06-03 17:43:00,taobao
O001690,U000871,P000145,悦活宠物用品套装,C08,宠物用品,4,42.00,2026-06-03 08:22:00,search
O001690,U000871,P000157,悦活旅行用品便携装,C10,旅行用品,1,436.00,2026-06-03 08:22:00,search
O001691,U000842,P000172,原野宠物用品便携装,C08,宠物用品,3,99.00,2026-06-03 22:39:00,search
O001691,U000842,P000109,悦活旅行用品日常款,C10,旅行用品,1,614.00,2026-06-03 22:39:00,search
O001692,U000466,P000095,轻盈旅行用品套装,C10,旅行用品,1,577.00,2026-06-03 10:49:00,wechat
O001692,U000466,P000170,臻选生鲜套装,C09,生鲜,1,77.00,2026-06-03 10:49:00,wechat
O001693,U000777,P000063,云感母婴用品升级版,C06,母婴用品,1,165.00,2026-06-03 16:26:00,search
O001693,U000777,P000077,轻盈服饰便携装,C03,服饰,2,279.00,2026-06-03 16:26:00,search
O001694,U000327,P000092,臻选服饰便携装,C03,服饰,1,291.00,2026-06-03 15:14:00,jd
O001694,U000327,P000089,轻盈美妆个护日常款,C01,美妆个护,1,69.00,2026-06-03 15:14:00,jd
O001694,U000327,P000145,悦活宠物用品套装,C08,宠物用品,3,42.00,2026-06-03 15:14:00,jd
O001694,U000327,P000058,原野生鲜升级版,C09,生鲜,1,44.00,2026-06-03 15:14:00,jd
O001695,U000496,P000094,原野运动户外日常款,C07,运动户外,1,136.00,2026-06-04 17:04:00,jd
O001695,U000496,P000074,臻选美妆个护日常款,C01,美妆个护,1,71.00,2026-06-04 17:04:00,jd
O001695,U000496,P000005,轻盈数码配件套装,C05,数码配件,1,256.00,2026-06-04 17:04:00,jd
O001695,U000496,P000010,原野旅行用品套装,C10,旅行用品,1,302.00,2026-06-04 17:04:00,jd
O001696,U000750,P000145,悦活宠物用品套装,C08,宠物用品,1,42.00,2026-06-04 11:31:00,wechat
O001697,U000529,P000008,臻选美妆个护升级版,C01,美妆个护,1,69.00,2026-06-04 16:39:00,offline
O001697,U000529,P000129,云感服饰日常款,C03,服饰,1,307.00,2026-06-04 16:39:00,offline
O001698,U000336,P000159,云感旅行用品日常款,C10,旅行用品,1,514.00,2026-06-04 17:44:00,offline
O001698,U000336,P000043,悦活服饰升级版,C03,服饰,1,237.00,2026-06-04 17:44:00,offline
O001698,U000336,P000063,云感母婴用品升级版,C06,母婴用品,1,165.00,2026-06-04 17:44:00,offline
O001698,U000336,P000089,轻盈美妆个护日常款,C01,美妆个护,1,69.00,2026-06-04 17:44:00,offline
O001699,U000598,P000029,轻盈食品饮料日常款,C02,食品饮料,1,91.00,2026-06-04 13:48:00,taobao
O001699,U000598,P000028,原野数码配件升级版,C05,数码配件,1,158.00,2026-06-04 13:48:00,taobao
O001700,U000587,P000078,轻氧运动户外升级版,C07,运动户外,3,332.00,2026-06-04 08:39:00,wechat
O001701,U000167,P000127,悦活食品饮料便携装,C02,食品饮料,3,39.00,2026-06-04 14:52:00,wechat
O001701,U000167,P000170,臻选生鲜套装,C09,生鲜,1,77.00,2026-06-04 14:52:00,wechat
O001701,U000167,P000092,臻选服饰便携装,C03,服饰,3,291.00,2026-06-04 14:52:00,wechat
O001702,U000520,P000039,云感生鲜日常款,C09,生鲜,1,109.00,2026-06-04 10:21:00,douyin
O001703,U000838,P000040,原野数码配件套装,C05,数码配件,1,162.00,2026-06-04 21:34:00,jd
O001704,U000171,P000155,轻盈生鲜套装,C09,生鲜,3,106.00,2026-06-04 20:54:00,douyin
O001704,U000171,P000022,原野母婴用品便携装,C06,母婴用品,1,190.00,2026-06-04 20:54:00,douyin
O001704,U000171,P000111,云感宠物用品旗舰款,C08,宠物用品,1,117.00,2026-06-04 20:54:00,douyin
O001704,U000171,P000063,云感母婴用品升级版,C06,母婴用品,1,165.00,2026-06-04 20:54:00,douyin
O001705,U000734,P000021,云感宠物用品旗舰款,C08,宠物用品,4,160.00,2026-06-04 15:56:00,wechat
O001706,U000017,P000148,原野数码配件升级版,C05,数码配件,1,136.00,2026-06-05 14:19:00,offline
O001706,U000017,P000144,轻氧美妆个护日常款,C01,美妆个护,1,118.00,2026-06-05 14:19:00,offline
O001706,U000017,P000038,臻选母婴用品升级版,C06,母婴用品,1,188.00,2026-06-05 14:19:00,offline
O001706,U000017,P000113,轻盈旅行用品升级版,C10,旅行用品,1,483.00,2026-06-05 14:19:00,offline
O001707,U000478,P000009,云感数码配件日常款,C05,数码配件,1,295.00,2026-06-05 15:01:00,taobao
O001707,U000478,P000021,云感宠物用品旗舰款,C08,宠物用品,1,160.00,2026-06-05 15:01:00,taobao
O001707,U000478,P000054,轻氧美妆个护日常款,C01,美妆个护,1,138.00,2026-06-05 15:01:00,taobao
O001707,U000478,P000100,原野运动户外套装,C07,运动户外,1,235.00,2026-06-05 15:01:00,taobao
O001708,U000106,P000149,轻盈家居日用日常款,C04,家居日用,1,110.00,2026-06-05 11:21:00,search
O001708,U000106,P000011,轻盈旅行用品旗舰款,C10,旅行用品,1,224.00,2026-06-05 11:21:00,search
O001708,U000106,P000138,轻氧数码配件升级版,C05,数码配件,1,150.00,2026-06-05 11:21:00,search
O001708,U000106,P000131,轻盈生鲜旗舰款,C09,生鲜,1,85.00,2026-06-05 11:21:00,search
O001709,U000800,P000010,原野旅行用品套装,C10,旅行用品,3,302.00,2026-06-05 11:29:00,jd
O001709,U000800,P000103,悦活美妆个护升级版,C01,美妆个护,1,76.00,2026-06-05 11:29:00,jd
O001709,U000800,P000140,臻选食品饮料套装,C02,食品饮料,1,71.00,2026-06-05 11:29:00,jd
O001710,U000466,P000009,云感数码配件日常款,C05,数码配件,3,295.00,2026-06-05 18:18:00,wechat
O001710,U000466,P000002,臻选服饰便携装,C03,服饰,1,332.00,2026-06-05 18:18:00,wechat
O001710,U000466,P000015,云感母婴用品套装,C06,母婴用品,1,128.00,2026-06-05 18:18:00,wechat
O001710,U000466,P000098,臻选家居日用升级版,C04,家居日用,1,90.00,2026-06-05 18:18:00,wechat
O001711,U000170,P000003,云感生鲜升级版,C09,生鲜,1,73.00,2026-06-05 14:14:00,search
O001711,U000170,P000011,轻盈旅行用品旗舰款,C10,旅行用品,4,224.00,2026-06-05 14:14:00,search
O001712,U000039,P000144,轻氧美妆个护日常款,C01,美妆个护,2,118.00,2026-06-05 20:58:00,jd
O001712,U000039,P000069,云感运动户外日常款,C07,运动户外,1,268.00,2026-06-05 20:58:00,jd
O001713,U000659,P000156,轻氧母婴用品旗舰款,C06,母婴用品,1,153.00,2026-06-05 15:49:00,search
O001714,U000652,P000049,悦活数码配件日常款,C05,数码配件,1,141.00,2026-06-05 15:03:00,jd
O001714,U000652,P000163,悦活生鲜升级版,C09,生鲜,1,69.00,2026-06-05 15:03:00,jd
O001714,U000652,P000107,轻盈运动户外便携装,C07,运动户外,1,176.00,2026-06-05 15:03:00,jd
O001714,U000652,P000026,臻选生鲜旗舰款,C09,生鲜,1,88.00,2026-06-05 15:03:00,jd
O001715,U000792,P000093,云感生鲜升级版,C09,生鲜,1,39.00,2026-06-05 14:46:00,search
O001715,U000792,P000046,原野食品饮料旗舰款,C02,食品饮料,1,69.00,2026-06-05 14:46:00,search
O001716,U000661,P000105,云感运动户外套装,C07,运动户外,1,142.00,2026-06-05 08:33:00,search
O001716,U000661,P000105,云感运动户外套装,C07,运动户外,1,142.00,2026-06-05 08:33:00,search
O001716,U000661,P000147,云感数码配件便携装,C05,数码配件,1,281.00,2026-06-05 08:33:00,search
O001717,U000442,P000031,悦活运动户外旗舰款,C07,运动户外,1,98.00,2026-06-06 14:37:00,taobao
O001717,U000442,P000018,轻氧生鲜升级版,C09,生鲜,1,81.00,2026-06-06 14:37:00,taobao
O001718,U000263,P000053,轻盈服饰升级版,C03,服饰,1,262.00,2026-06-06 18:09:00,offline
O001718,U000263,P000012,轻氧母婴用品便携装,C06,母婴用品,3,128.00,2026-06-06 18:09:00,offline
O001719,U000821,P000154,原野生鲜日常款,C09,生鲜,1,103.00,2026-06-06 22:58:00,jd
O001719,U000821,P000153,云感美妆个护升级版,C01,美妆个护,1,48.00,2026-06-06 22:58:00,jd
O001720,U000206,P000107,轻盈运动户外便携装,C07,运动户外,1,176.00,2026-06-06 13:49:00,wechat
O001720,U000206,P000085,悦活家居日用套装,C04,家居日用,1,70.00,2026-06-06 13:49:00,wechat
O001720,U000206,P000145,悦活宠物用品套装,C08,宠物用品,1,42.00,2026-06-06 13:49:00,wechat
O001720,U000206,P000145,悦活宠物用品套装,C08,宠物用品,1,42.00,2026-06-06 13:49:00,wechat
O001721,U000687,P000104,臻选旅行用品日常款,C10,旅行用品,1,352.00,2026-06-06 18:20:00,douyin
O001721,U000687,P000163,悦活生鲜升级版,C09,生鲜,1,69.00,2026-06-06 18:20:00,douyin
O001722,U000537,P000171,云感生鲜旗舰款,C09,生鲜,2,30.00,2026-06-06 14:19:00,offline
O001722,U000537,P000072,轻氧美妆个护便携装,C01,美妆个护,1,122.00,2026-06-06 14:19:00,offline
O001722,U000537,P000079,悦活服饰日常款,C03,服饰,4,452.00,2026-06-06 14:19:00,offline
O001723,U000027,P000154,原野生鲜日常款,C09,生鲜,1,103.00,2026-06-06 12:50:00,jd
O001723,U000027,P000082,原野旅行用品便携装,C10,旅行用品,2,253.00,2026-06-06 12:50:00,jd
O001723,U000027,P000118,原野美妆个护升级版,C01,美妆个护,1,133.00,2026-06-06 12:50:00,jd
O001723,U000027,P000068,臻选旅行用品升级版,C10,旅行用品,1,202.00,2026-06-06 12:50:00,jd
O001724,U000110,P000028,原野数码配件升级版,C05,数码配件,1,158.00,2026-06-06 11:01:00,offline
O001724,U000110,P000032,臻选生鲜便携装,C09,生鲜,1,71.00,2026-06-06 11:01:00,offline
O001725,U000393,P000080,臻选家居日用套装,C04,家居日用,1,148.00,2026-06-06 14:53:00,offline
O001725,U000393,P000036,轻氧食品饮料旗舰款,C02,食品饮料,1,73.00,2026-06-06 14:53:00,offline
O001725,U000393,P000135,云感数码配件套装,C05,数码配件,1,182.00,2026-06-06 14:53:00,offline
O001726,U000538,P000137,轻盈数码配件便携装,C05,数码配件,1,216.00,2026-06-06 21:13:00,wechat
O001726,U000538,P000112,原野生鲜便携装,C09,生鲜,1,113.00,2026-06-06 21:13:00,wechat
O001726,U000538,P000039,云感生鲜日常款,C09,生鲜,1,109.00,2026-06-06 21:13:00,wechat
O001727,U000558,P000102,轻氧母婴用品便携装,C06,母婴用品,2,104.00,2026-06-06 08:54:00,offline
O001728,U000007,P000099,云感服饰日常款,C03,服饰,1,230.00,2026-06-07 13:40:00,offline
O001728,U000007,P000098,臻选家居日用升级版,C04,家居日用,4,90.00,2026-06-07 13:40:00,offline
O001729,U000489,P000029,轻盈食品饮料日常款,C02,食品饮料,1,91.00,2026-06-07 22:11:00,wechat
O001729,U000489,P000109,悦活旅行用品日常款,C10,旅行用品,1,614.00,2026-06-07 22:11:00,wechat
O001729,U000489,P000170,臻选生鲜套装,C09,生鲜,2,77.00,2026-06-07 22:11:00,wechat
O001730,U000898,P000143,轻盈美妆个护升级版,C01,美妆个护,1,53.00,2026-06-07 18:50:00,search
O001730,U000898,P000144,轻氧美妆个护日常款,C01,美妆个护,1,118.00,2026-06-07 18:50:00,search
O001731,U000120,P000115,悦活美妆个护套装,C01,美妆个护,1,86.00,2026-06-07 19:35:00,wechat
O001731,U000120,P000056,臻选旅行用品旗舰款,C10,旅行用品,1,443.00,2026-06-07 19:35:00,wechat
O001731,U000120,P000088,原野家居日用升级版,C04,家居日用,3,89.00,2026-06-07 19:35:00,wechat
O001731,U000120,P000094,原野运动户外日常款,C07,运动户外,1,136.00,2026-06-07 19:35:00,wechat
O001732,U000413,P000133,悦活美妆个护升级版,C01,美妆个护,4,47.00,2026-06-07 15:24:00,jd
O001732,U000413,P000051,云感宠物用品旗舰款,C08,宠物用品,3,64.00,2026-06-07 15:24:00,jd
O001732,U000413,P000152,臻选数码配件便携装,C05,数码配件,2,302.00,2026-06-07 15:24:00,jd
O001733,U000539,P000168,轻氧服饰升级版,C03,服饰,1,368.00,2026-06-07 18:53:00,taobao
O001734,U000344,P000143,轻盈美妆个护升级版,C01,美妆个护,4,53.00,2026-06-07 16:13:00,jd
O001734,U000344,P000021,云感宠物用品旗舰款,C08,宠物用品,1,160.00,2026-06-07 16:13:00,jd
O001735,U000464,P000065,轻盈生鲜套装,C09,生鲜,1,41.00,2026-06-07 20:16:00,jd
O001735,U000464,P000070,原野宠物用品套装,C08,宠物用品,1,147.00,2026-06-07 20:16:00,jd
O001735,U000464,P000092,臻选服饰便携装,C03,服饰,1,291.00,2026-06-07 20:16:00,jd
O001735,U000464,P000041,轻盈家居日用旗舰款,C04,家居日用,1,166.00,2026-06-07 20:16:00,jd
O001736,U000639,P000130,原野服饰套装,C03,服饰,1,194.00,2026-06-07 16:03:00,wechat
O001736,U000639,P000165,云感生鲜套装,C09,生鲜,4,43.00,2026-06-07 16:03:00,wechat
O001736,U000639,P000025,悦活宠物用品套装,C08,宠物用品,1,105.00,2026-06-07 16:03:00,wechat
O001736,U000639,P000010,原野旅行用品套装,C10,旅行用品,1,302.00,2026-06-07 16:03:00,wechat
O001737,U000666,P000137,轻盈数码配件便携装,C05,数码配件,1,216.00,2026-06-07 12:23:00,douyin
O001737,U000666,P000092,臻选服饰便携装,C03,服饰,1,291.00,2026-06-07 12:23:00,douyin
O001737,U000666,P000122,臻选运动户外便携装,C07,运动户外,1,212.00,2026-06-07 12:23:00,douyin
O001737,U000666,P000012,轻氧母婴用品便携装,C06,母婴用品,1,128.00,2026-06-07 12:23:00,douyin
O001738,U000334,P000104,臻选旅行用品日常款,C10,旅行用品,2,352.00,2026-06-07 19:34:00,offline
O001739,U000612,P000083,轻盈运动户外升级版,C07,运动户外,1,227.00,2026-06-08 11:31:00,jd
O001739,U000612,P000165,云感生鲜套装,C09,生鲜,1,43.00,2026-06-08 11:31:00,jd
O001740,U000271,P000083,轻盈运动户外升级版,C07,运动户外,1,227.00,2026-06-08 11:47:00,wechat
O001740,U000271,P000051,云感宠物用品旗舰款,C08,宠物用品,1,64.00,2026-06-08 11:47:00,wechat
O001740,U000271,P000008,臻选美妆个护升级版,C01,美妆个护,1,69.00,2026-06-08 11:47:00,wechat
O001740,U000271,P000054,轻氧美妆个护日常款,C01,美妆个护,1,138.00,2026-06-08 11:47:00,wechat
O001741,U000451,P000127,悦活食品饮料便携装,C02,食品饮料,1,39.00,2026-06-08 18:26:00,search
O001742,U000126,P000040,原野数码配件套装,C05,数码配件,1,162.00,2026-06-08 13:07:00,search
O001742,U000126,P000092,臻选服饰便携装,C03,服饰,1,291.00,2026-06-08 13:07:00,search
O001742,U000126,P000033,云感美妆个护升级版,C01,美妆个护,1,88.00,2026-06-08 13:07:00,search
O001743,U000384,P000145,悦活宠物用品套装,C08,宠物用品,1,42.00,2026-06-08 10:16:00,offline
O001743,U000384,P000165,云感生鲜套装,C09,生鲜,4,43.00,2026-06-08 10:16:00,offline
O001744,U000260,P000122,臻选运动户外便携装,C07,运动户外,1,212.00,2026-06-08 15:40:00,wechat
O001744,U000260,P000001,悦活家居日用旗舰款,C04,家居日用,1,141.00,2026-06-08 15:40:00,wechat
O001744,U000260,P000163,悦活生鲜升级版,C09,生鲜,1,69.00,2026-06-08 15:40:00,wechat
O001744,U000260,P000004,原野旅行用品日常款,C10,旅行用品,4,271.00,2026-06-08 15:40:00,wechat
O001745,U000067,P000123,云感宠物用品升级版,C08,宠物用品,1,83.00,2026-06-08 17:10:00,douyin
O001746,U000002,P000095,轻盈旅行用品套装,C10,旅行用品,1,577.00,2026-06-08 15:44:00,jd
O001747,U000246,P000042,轻氧美妆个护便携装,C01,美妆个护,1,69.00,2026-06-08 12:43:00,offline
O001747,U000246,P000076,原野美妆个护旗舰款,C01,美妆个护,1,77.00,2026-06-08 12:43:00,offline
O001747,U000246,P000060,轻氧数码配件套装,C05,数码配件,1,269.00,2026-06-08 12:43:00,offline
O001747,U000246,P000143,轻盈美妆个护升级版,C01,美妆个护,1,53.00,2026-06-08 12:43:00,offline
O001748,U000350,P000024,轻氧食品饮料日常款,C02,食品饮料,1,55.00,2026-06-08 17:33:00,search
O001748,U000350,P000169,悦活生鲜日常款,C09,生鲜,1,42.00,2026-06-08 17:33:00,search
O001749,U000266,P000124,原野食品饮料日常款,C02,食品饮料,1,60.00,2026-06-08 23:49:00,douyin
O001749,U000266,P000070,原野宠物用品套装,C08,宠物用品,1,147.00,2026-06-08 23:49:00,douyin
O001750,U000128,P000053,轻盈服饰升级版,C03,服饰,1,262.00,2026-06-09 12:50:00,jd
O001750,U000128,P000061,悦活家居日用旗舰款,C04,家居日用,1,157.00,2026-06-09 12:50:00,jd
O001750,U000128,P000104,臻选旅行用品日常款,C10,旅行用品,1,352.00,2026-06-09 12:50:00,jd
O001751,U000084,P000090,轻氧旅行用品套装,C10,旅行用品,1,170.00,2026-06-09 09:06:00,jd
O001751,U000084,P000101,轻盈生鲜旗舰款,C09,生鲜,1,111.00,2026-06-09 09:06:00,jd
O001751,U000084,P000080,臻选家居日用套装,C04,家居日用,1,148.00,2026-06-09 09:06:00,jd
O001752,U000748,P000128,臻选旅行用品升级版,C10,旅行用品,1,514.00,2026-06-09 20:22:00,search
O001752,U000748,P000105,云感运动户外套装,C07,运动户外,1,142.00,2026-06-09 20:22:00,search
O001752,U000748,P000146,臻选生鲜旗舰款,C09,生鲜,1,112.00,2026-06-09 20:22:00,search
O001752,U000748,P000164,臻选食品饮料日常款,C02,食品饮料,1,73.00,2026-06-09 20:22:00,search
O001753,U000526,P000127,悦活食品饮料便携装,C02,食品饮料,1,39.00,2026-06-09 17:18:00,douyin
O001753,U000526,P000101,轻盈生鲜旗舰款,C09,生鲜,1,111.00,2026-06-09 17:18:00,douyin
O001754,U000506,P000008,臻选美妆个护升级版,C01,美妆个护,1,69.00,2026-06-09 21:48:00,douyin
O001754,U000506,P000070,原野宠物用品套装,C08,宠物用品,1,147.00,2026-06-09 21:48:00,douyin
O001755,U000049,P000099,云感服饰日常款,C03,服饰,2,230.00,2026-06-09 20:52:00,douyin
O001755,U000049,P000134,臻选数码配件日常款,C05,数码配件,2,120.00,2026-06-09 20:52:00,douyin
O001755,U000049,P000151,悦活美妆个护旗舰款,C01,美妆个护,1,38.00,2026-06-09 20:52:00,douyin
O001755,U000049,P000052,原野数码配件便携装,C05,数码配件,1,173.00,2026-06-09 20:52:00,douyin
O001756,U000126,P000010,原野旅行用品套装,C10,旅行用品,1,302.00,2026-06-09 10:37:00,search
O001756,U000126,P000145,悦活宠物用品套装,C08,宠物用品,1,42.00,2026-06-09 10:37:00,search
O001756,U000126,P000169,悦活生鲜日常款,C09,生鲜,1,42.00,2026-06-09 10:37:00,search
O001757,U000889,P000065,轻盈生鲜套装,C09,生鲜,2,41.00,2026-06-09 10:53:00,offline
O001757,U000889,P000171,云感生鲜旗舰款,C09,生鲜,1,30.00,2026-06-09 10:53:00,offline
O001757,U000889,P000159,云感旅行用品日常款,C10,旅行用品,2,514.00,2026-06-09 10:53:00,offline
O001757,U000889,P000033,云感美妆个护升级版,C01,美妆个护,1,88.00,2026-06-09 10:53:00,offline
O001758,U000430,P000075,云感母婴用品套装,C06,母婴用品,1,82.00,2026-06-09 17:36:00,wechat
O001758,U000430,P000028,原野数码配件升级版,C05,数码配件,1,158.00,2026-06-09 17:36:00,wechat
O001759,U000661,P000158,臻选母婴用品升级版,C06,母婴用品,1,121.00,2026-06-09 18:54:00,douyin
O001759,U000661,P000023,轻盈食品饮料升级版,C02,食品饮料,1,79.00,2026-06-09 18:54:00,douyin
O001760,U000572,P000053,轻盈服饰升级版,C03,服饰,1,262.00,2026-06-09 20:43:00,jd
O001760,U000572,P000157,悦活旅行用品便携装,C10,旅行用品,1,436.00,2026-06-09 20:43:00,jd
O001760,U000572,P000068,臻选旅行用品升级版,C10,旅行用品,1,202.00,2026-06-09 20:43:00,jd
O001760,U000572,P000161,轻盈家居日用旗舰款,C04,家居日用,1,160.00,2026-06-09 20:43:00,jd
O001761,U000791,P000045,云感食品饮料套装,C02,食品饮料,1,67.00,2026-06-10 16:09:00,jd
O001762,U000494,P000154,原野生鲜日常款,C09,生鲜,1,103.00,2026-06-10 10:31:00,taobao
O001762,U000494,P000158,臻选母婴用品升级版,C06,母婴用品,1,121.00,2026-06-10 10:31:00,taobao
O001762,U000494,P000018,轻氧生鲜升级版,C09,生鲜,2,81.00,2026-06-10 10:31:00,taobao
O001763,U000445,P000114,轻氧母婴用品日常款,C06,母婴用品,1,142.00,2026-06-10 22:31:00,wechat
O001763,U000445,P000046,原野食品饮料旗舰款,C02,食品饮料,1,69.00,2026-06-10 22:31:00,wechat
O001764,U000124,P000003,云感生鲜升级版,C09,生鲜,1,73.00,2026-06-10 18:42:00,offline
O001764,U000124,P000069,云感运动户外日常款,C07,运动户外,1,268.00,2026-06-10 18:42:00,offline
O001764,U000124,P000048,轻氧宠物用品升级版,C08,宠物用品,1,142.00,2026-06-10 18:42:00,offline
O001764,U000124,P000092,臻选服饰便携装,C03,服饰,1,291.00,2026-06-10 18:42:00,offline
O001765,U000326,P000159,云感旅行用品日常款,C10,旅行用品,1,514.00,2026-06-10 21:48:00,offline
O001765,U000326,P000069,云感运动户外日常款,C07,运动户外,1,268.00,2026-06-10 21:48:00,offline
O001766,U000781,P000148,原野数码配件升级版,C05,数码配件,1,136.00,2026-06-10 23:49:00,douyin
O001766,U000781,P000113,轻盈旅行用品升级版,C10,旅行用品,1,483.00,2026-06-10 23:49:00,douyin
O001766,U000781,P000123,云感宠物用品升级版,C08,宠物用品,2,83.00,2026-06-10 23:49:00,douyin
O001767,U000431,P000024,轻氧食品饮料日常款,C02,食品饮料,1,55.00,2026-06-10 22:15:00,douyin
O001767,U000431,P000046,原野食品饮料旗舰款,C02,食品饮料,1,69.00,2026-06-10 22:15:00,douyin
O001767,U000431,P000016,原野运动户外旗舰款,C07,运动户外,1,164.00,2026-06-10 22:15:00,douyin
O001768,U000177,P000066,轻氧母婴用品旗舰款,C06,母婴用品,1,76.00,2026-06-10 18:22:00,search
O001768,U000177,P000152,臻选数码配件便携装,C05,数码配件,1,302.00,2026-06-10 18:22:00,search
O001768,U000177,P000049,悦活数码配件日常款,C05,数码配件,1,141.00,2026-06-10 18:22:00,search
O001768,U000177,P000145,悦活宠物用品套装,C08,宠物用品,1,42.00,2026-06-10 18:22:00,search
O001769,U000679,P000030,轻氧家居日用套装,C04,家居日用,1,106.00,2026-06-10 14:51:00,taobao
O001770,U000554,P000029,轻盈食品饮料日常款,C02,食品饮料,1,91.00,2026-06-10 14:19:00,wechat
O001770,U000554,P000151,悦活美妆个护旗舰款,C01,美妆个护,1,38.00,2026-06-10 14:19:00,wechat
O001770,U000554,P000001,悦活家居日用旗舰款,C04,家居日用,1,141.00,2026-06-10 14:19:00,wechat
O001771,U000236,P000154,原野生鲜日常款,C09,生鲜,2,103.00,2026-06-10 19:16:00,taobao
O001771,U000236,P000112,原野生鲜便携装,C09,生鲜,1,113.00,2026-06-10 19:16:00,taobao
O001771,U000236,P000156,轻氧母婴用品旗舰款,C06,母婴用品,1,153.00,2026-06-10 19:16:00,taobao
O001771,U000236,P000016,原野运动户外旗舰款,C07,运动户外,1,164.00,2026-06-10 19:16:00,taobao
O001772,U000530,P000006,轻氧母婴用品旗舰款,C06,母婴用品,4,161.00,2026-06-11 13:51:00,search
O001773,U000632,P000056,臻选旅行用品旗舰款,C10,旅行用品,1,443.00,2026-06-11 20:12:00,offline
O001773,U000632,P000022,原野母婴用品便携装,C06,母婴用品,1,190.00,2026-06-11 20:12:00,offline
O001773,U000632,P000060,轻氧数码配件套装,C05,数码配件,1,269.00,2026-06-11 20:12:00,offline
O001773,U000632,P000089,轻盈美妆个护日常款,C01,美妆个护,1,69.00,2026-06-11 20:12:00,offline
O001774,U000201,P000045,云感食品饮料套装,C02,食品饮料,1,67.00,2026-06-11 18:15:00,douyin
O001775,U000355,P000136,原野运动户外旗舰款,C07,运动户外,1,169.00,2026-06-11 18:24:00,search
O001775,U000355,P000152,臻选数码配件便携装,C05,数码配件,1,302.00,2026-06-11 18:24:00,search
O001775,U000355,P000033,云感美妆个护升级版,C01,美妆个护,1,88.00,2026-06-11 18:24:00,search
O001776,U000737,P000162,轻氧食品饮料便携装,C02,食品饮料,1,73.00,2026-06-11 11:30:00,douyin
O001776,U000737,P000100,原野运动户外套装,C07,运动户外,1,235.00,2026-06-11 11:30:00,douyin
O001776,U000737,P000057,云感数码配件便携装,C05,数码配件,1,79.00,2026-06-11 11:30:00,douyin
O001776,U000737,P000012,轻氧母婴用品便携装,C06,母婴用品,1,128.00,2026-06-11 11:30:00,douyin
O001777,U000310,P000003,云感生鲜升级版,C09,生鲜,1,73.00,2026-06-11 09:00:00,jd
O001778,U000694,P000116,臻选数码配件旗舰款,C05,数码配件,1,228.00,2026-06-11 11:38:00,search
O001778,U000694,P000163,悦活生鲜升级版,C09,生鲜,1,69.00,2026-06-11 11:38:00,search
O001778,U000694,P000156,轻氧母婴用品旗舰款,C06,母婴用品,1,153.00,2026-06-11 11:38:00,search
O001778,U000694,P000161,轻盈家居日用旗舰款,C04,家居日用,1,160.00,2026-06-11 11:38:00,search
O001779,U000126,P000164,臻选食品饮料日常款,C02,食品饮料,1,73.00,2026-06-11 18:59:00,jd
O001779,U000126,P000015,云感母婴用品套装,C06,母婴用品,1,128.00,2026-06-11 18:59:00,jd
O001779,U000126,P000138,轻氧数码配件升级版,C05,数码配件,1,150.00,2026-06-11 18:59:00,jd
O001779,U000126,P000136,原野运动户外旗舰款,C07,运动户外,1,169.00,2026-06-11 18:59:00,jd
O001780,U000539,P000145,悦活宠物用品套装,C08,宠物用品,4,42.00,2026-06-11 08:55:00,douyin
O001780,U000539,P000007,悦活服饰便携装,C03,服饰,4,344.00,2026-06-11 08:55:00,douyin
O001780,U000539,P000123,云感宠物用品升级版,C08,宠物用品,1,83.00,2026-06-11 08:55:00,douyin
O001781,U000381,P000155,轻盈生鲜套装,C09,生鲜,1,106.00,2026-06-11 18:11:00,search
O001782,U000768,P000068,臻选旅行用品升级版,C10,旅行用品,3,202.00,2026-06-11 21:44:00,offline
O001782,U000768,P000033,云感美妆个护升级版,C01,美妆个护,1,88.00,2026-06-11 21:44:00,offline
O001782,U000768,P000126,轻氧旅行用品旗舰款,C10,旅行用品,1,248.00,2026-06-11 21:44:00,offline
O001782,U000768,P000055,悦活宠物用品套装,C08,宠物用品,4,100.00,2026-06-11 21:44:00,offline
O001783,U000633,P000151,悦活美妆个护旗舰款,C01,美妆个护,1,38.00,2026-06-12 08:03:00,offline
O001783,U000633,P000118,原野美妆个护升级版,C01,美妆个护,1,133.00,2026-06-12 08:03:00,offline
O001784,U000804,P000126,轻氧旅行用品旗舰款,C10,旅行用品,1,248.00,2026-06-12 20:19:00,taobao
O001785,U000835,P000163,悦活生鲜升级版,C09,生鲜,2,69.00,2026-06-12 17:07:00,jd
O001785,U000835,P000082,原野旅行用品便携装,C10,旅行用品,1,253.00,2026-06-12 17:07:00,jd
O001786,U000067,P000159,云感旅行用品日常款,C10,旅行用品,1,514.00,2026-06-12 19:16:00,wechat
O001787,U000455,P000074,臻选美妆个护日常款,C01,美妆个护,1,71.00,2026-06-12 23:48:00,search
O001787,U000455,P000114,轻氧母婴用品日常款,C06,母婴用品,1,142.00,2026-06-12 23:48:00,search
O001787,U000455,P000138,轻氧数码配件升级版,C05,数码配件,1,150.00,2026-06-12 23:48:00,search
O001788,U000692,P000076,原野美妆个护旗舰款,C01,美妆个护,1,77.00,2026-06-12 10:13:00,taobao
O001788,U000692,P000155,轻盈生鲜套装,C09,生鲜,1,106.00,2026-06-12 10:13:00,taobao
O001789,U000337,P000069,云感运动户外日常款,C07,运动户外,3,268.00,2026-06-12 20:05:00,offline
O001789,U000337,P000026,臻选生鲜旗舰款,C09,生鲜,1,88.00,2026-06-12 20:05:00,offline
O001790,U000571,P000121,悦活运动户外旗舰款,C07,运动户外,2,291.00,2026-06-12 20:06:00,douyin
O001791,U000699,P000109,悦活旅行用品日常款,C10,旅行用品,1,614.00,2026-06-12 10:42:00,jd
O001791,U000699,P000027,云感宠物用品便携装,C08,宠物用品,4,96.00,2026-06-12 10:42:00,jd
O001791,U000699,P000072,轻氧美妆个护便携装,C01,美妆个护,1,122.00,2026-06-12 10:42:00,jd
O001791,U000699,P000039,云感生鲜日常款,C09,生鲜,1,109.00,2026-06-12 10:42:00,jd
O001792,U000578,P000031,悦活运动户外旗舰款,C07,运动户外,1,98.00,2026-06-12 14:31:00,search
O001792,U000578,P000105,云感运动户外套装,C07,运动户外,1,142.00,2026-06-12 14:31:00,search
O001792,U000578,P000127,悦活食品饮料便携装,C02,食品饮料,2,39.00,2026-06-12 14:31:00,search
O001792,U000578,P000071,轻盈宠物用品旗舰款,C08,宠物用品,2,144.00,2026-06-12 14:31:00,search
O001793,U000711,P000158,臻选母婴用品升级版,C06,母婴用品,2,121.00,2026-06-12 20:46:00,taobao
O001793,U000711,P000099,云感服饰日常款,C03,服饰,1,230.00,2026-06-12 20:46:00,taobao
O001794,U000452,P000004,原野旅行用品日常款,C10,旅行用品,1,271.00,2026-06-13 15:03:00,search
O001794,U000452,P000092,臻选服饰便携装,C03,服饰,1,291.00,2026-06-13 15:03:00,search
O001794,U000452,P000169,悦活生鲜日常款,C09,生鲜,1,42.00,2026-06-13 15:03:00,search
O001795,U000197,P000129,云感服饰日常款,C03,服饰,1,307.00,2026-06-13 09:22:00,jd
O001795,U000197,P000110,臻选美妆个护套装,C01,美妆个护,1,81.00,2026-06-13 09:22:00,jd
O001796,U000361,P000024,轻氧食品饮料日常款,C02,食品饮料,4,55.00,2026-06-13 13:21:00,douyin
O001796,U000361,P000103,悦活美妆个护升级版,C01,美妆个护,1,76.00,2026-06-13 13:21:00,douyin
O001797,U000024,P000013,悦活食品饮料升级版,C02,食品饮料,1,91.00,2026-06-13 15:43:00,search
O001797,U000024,P000036,轻氧食品饮料旗舰款,C02,食品饮料,1,73.00,2026-06-13 15:43:00,search
O001798,U000641,P000023,轻盈食品饮料升级版,C02,食品饮料,1,79.00,2026-06-13 19:19:00,jd
O001798,U000641,P000157,悦活旅行用品便携装,C10,旅行用品,4,436.00,2026-06-13 19:19:00,jd
O001799,U000040,P000117,云感食品饮料便携装,C02,食品饮料,4,54.00,2026-06-13 22:14:00,taobao
O001799,U000040,P000032,臻选生鲜便携装,C09,生鲜,1,71.00,2026-06-13 22:14:00,taobao
O001799,U000040,P000003,云感生鲜升级版,C09,生鲜,1,73.00,2026-06-13 22:14:00,taobao
O001799,U000040,P000115,悦活美妆个护套装,C01,美妆个护,1,86.00,2026-06-13 22:14:00,taobao
O001800,U000604,P000169,悦活生鲜日常款,C09,生鲜,1,42.00,2026-06-13 10:54:00,jd
O001800,U000604,P000021,云感宠物用品旗舰款,C08,宠物用品,4,160.00,2026-06-13 10:54:00,jd
O001800,U000604,P000064,原野宠物用品日常款,C08,宠物用品,1,140.00,2026-06-13 10:54:00,jd
O001800,U000604,P000106,原野母婴用品旗舰款,C06,母婴用品,1,102.00,2026-06-13 10:54:00,jd
O001801,U000883,P000036,轻氧食品饮料旗舰款,C02,食品饮料,1,73.00,2026-06-13 09:34:00,wechat
O001801,U000883,P000011,轻盈旅行用品旗舰款,C10,旅行用品,2,224.00,2026-06-13 09:34:00,wechat
O001801,U000883,P000011,轻盈旅行用品旗舰款,C10,旅行用品,1,224.00,2026-06-13 09:34:00,wechat
O001802,U000769,P000150,轻氧母婴用品套装,C06,母婴用品,1,76.00,2026-06-13 16:46:00,jd
O001802,U000769,P000163,悦活生鲜升级版,C09,生鲜,1,69.00,2026-06-13 16:46:00,jd
O001802,U000769,P000124,原野食品饮料日常款,C02,食品饮料,1,60.00,2026-06-13 16:46:00,jd
O001802,U000769,P000045,云感食品饮料套装,C02,食品饮料,1,67.00,2026-06-13 16:46:00,jd
O001803,U000613,P000154,原野生鲜日常款,C09,生鲜,1,103.00,2026-06-13 21:49:00,wechat
O001803,U000613,P000030,轻氧家居日用套装,C04,家居日用,1,106.00,2026-06-13 21:49:00,wechat
O001803,U000613,P000062,臻选旅行用品便携装,C10,旅行用品,1,226.00,2026-06-13 21:49:00,wechat
O001803,U000613,P000135,云感数码配件套装,C05,数码配件,4,182.00,2026-06-13 21:49:00,wechat
O001804,U000629,P000159,云感旅行用品日常款,C10,旅行用品,1,514.00,2026-06-13 22:32:00,wechat
O001804,U000629,P000159,云感旅行用品日常款,C10,旅行用品,1,514.00,2026-06-13 22:32:00,wechat
O001804,U000629,P000080,臻选家居日用套装,C04,家居日用,1,148.00,2026-06-13 22:32:00,wechat
O001804,U000629,P000005,轻盈数码配件套装,C05,数码配件,1,256.00,2026-06-13 22:32:00,wechat
O001805,U000216,P000059,轻盈美妆个护日常款,C01,美妆个护,1,52.00,2026-06-14 22:23:00,search
O001805,U000216,P000132,轻氧家居日用便携装,C04,家居日用,1,91.00,2026-06-14 22:23:00,search
O001805,U000216,P000036,轻氧食品饮料旗舰款,C02,食品饮料,2,73.00,2026-06-14 22:23:00,search
O001805,U000216,P000120,轻氧宠物用品套装,C08,宠物用品,1,58.00,2026-06-14 22:23:00,search
O001806,U000616,P000004,原野旅行用品日常款,C10,旅行用品,1,271.00,2026-06-14 18:39:00,wechat
O001806,U000616,P000122,臻选运动户外便携装,C07,运动户外,2,212.00,2026-06-14 18:39:00,wechat
O001806,U000616,P000159,云感旅行用品日常款,C10,旅行用品,3,514.00,2026-06-14 18:39:00,wechat
O001806,U000616,P000102,轻氧母婴用品便携装,C06,母婴用品,4,104.00,2026-06-14 18:39:00,wechat
O001807,U000207,P000019,悦活家居日用日常款,C04,家居日用,1,71.00,2026-06-14 09:23:00,jd
O001807,U000207,P000054,轻氧美妆个护日常款,C01,美妆个护,1,138.00,2026-06-14 09:23:00,jd
O001808,U000300,P000065,轻盈生鲜套装,C09,生鲜,1,41.00,2026-06-14 20:03:00,offline
O001809,U000204,P000170,臻选生鲜套装,C09,生鲜,1,77.00,2026-06-14 16:31:00,search
O001809,U000204,P000011,轻盈旅行用品旗舰款,C10,旅行用品,1,224.00,2026-06-14 16:31:00,search
O001809,U000204,P000036,轻氧食品饮料旗舰款,C02,食品饮料,1,73.00,2026-06-14 16:31:00,search
O001809,U000204,P000099,云感服饰日常款,C03,服饰,1,230.00,2026-06-14 16:31:00,search
O001810,U000589,P000029,轻盈食品饮料日常款,C02,食品饮料,2,91.00,2026-06-14 13:48:00,search
O001811,U000725,P000056,臻选旅行用品旗舰款,C10,旅行用品,1,443.00,2026-06-14 22:49:00,wechat
O001811,U000725,P000164,臻选食品饮料日常款,C02,食品饮料,1,73.00,2026-06-14 22:49:00,wechat
O001812,U000123,P000168,轻氧服饰升级版,C03,服饰,1,368.00,2026-06-14 19:06:00,taobao
O001812,U000123,P000091,悦活母婴用品旗舰款,C06,母婴用品,1,87.00,2026-06-14 19:06:00,taobao
O001812,U000123,P000152,臻选数码配件便携装,C05,数码配件,1,302.00,2026-06-14 19:06:00,taobao
O001812,U000123,P000096,轻氧数码配件旗舰款,C05,数码配件,1,88.00,2026-06-14 19:06:00,taobao
O001813,U000845,P000133,悦活美妆个护升级版,C01,美妆个护,1,47.00,2026-06-14 23:25:00,search
O001813,U000845,P000029,轻盈食品饮料日常款,C02,食品饮料,1,91.00,2026-06-14 23:25:00,search
O001813,U000845,P000168,轻氧服饰升级版,C03,服饰,3,368.00,2026-06-14 23:25:00,search
O001814,U000874,P000088,原野家居日用升级版,C04,家居日用,1,89.00,2026-06-14 10:33:00,jd
O001815,U000753,P000013,悦活食品饮料升级版,C02,食品饮料,1,91.00,2026-06-14 16:09:00,taobao
O001815,U000753,P000035,轻盈家居日用套装,C04,家居日用,1,116.00,2026-06-14 16:09:00,taobao
O001815,U000753,P000018,轻氧生鲜升级版,C09,生鲜,1,81.00,2026-06-14 16:09:00,taobao
O001815,U000753,P000157,悦活旅行用品便携装,C10,旅行用品,1,436.00,2026-06-14 16:09:00,taobao
O001816,U000629,P000160,原野旅行用品套装,C10,旅行用品,2,231.00,2026-06-15 15:18:00,jd
O001817,U000310,P000130,原野服饰套装,C03,服饰,1,194.00,2026-06-15 20:07:00,jd
O001817,U000310,P000124,原野食品饮料日常款,C02,食品饮料,1,60.00,2026-06-15 20:07:00,jd
O001817,U000310,P000139,悦活运动户外日常款,C07,运动户外,3,358.00,2026-06-15 20:07:00,jd
O001818,U000498,P000131,轻盈生鲜旗舰款,C09,生鲜,4,85.00,2026-06-15 12:06:00,offline
O001818,U000498,P000014,臻选食品饮料日常款,C02,食品饮料,1,60.00,2026-06-15 12:06:00,offline
O001819,U000024,P000014,臻选食品饮料日常款,C02,食品饮料,1,60.00,2026-06-15 11:27:00,douyin
O001819,U000024,P000064,原野宠物用品日常款,C08,宠物用品,1,140.00,2026-06-15 11:27:00,douyin
O001819,U000024,P000123,云感宠物用品升级版,C08,宠物用品,1,83.00,2026-06-15 11:27:00,douyin
O001819,U000024,P000086,臻选数码配件旗舰款,C05,数码配件,1,150.00,2026-06-15 11:27:00,douyin
O001820,U000078,P000106,原野母婴用品旗舰款,C06,母婴用品,1,102.00,2026-06-15 18:11:00,offline
O001820,U000078,P000016,原野运动户外旗舰款,C07,运动户外,1,164.00,2026-06-15 18:11:00,offline
O001820,U000078,P000120,轻氧宠物用品套装,C08,宠物用品,1,58.00,2026-06-15 18:11:00,offline
O001821,U000811,P000095,轻盈旅行用品套装,C10,旅行用品,1,577.00,2026-06-15 17:18:00,wechat
O001821,U000811,P000169,悦活生鲜日常款,C09,生鲜,1,42.00,2026-06-15 17:18:00,wechat
O001822,U000767,P000122,臻选运动户外便携装,C07,运动户外,1,212.00,2026-06-15 14:41:00,search
O001822,U000767,P000171,云感生鲜旗舰款,C09,生鲜,1,30.00,2026-06-15 14:41:00,search
O001822,U000767,P000088,原野家居日用升级版,C04,家居日用,1,89.00,2026-06-15 14:41:00,search
O001822,U000767,P000055,悦活宠物用品套装,C08,宠物用品,1,100.00,2026-06-15 14:41:00,search
O001823,U000578,P000152,臻选数码配件便携装,C05,数码配件,1,302.00,2026-06-15 12:14:00,douyin
O001823,U000578,P000054,轻氧美妆个护日常款,C01,美妆个护,1,138.00,2026-06-15 12:14:00,douyin
O001823,U000578,P000167,轻盈美妆个护便携装,C01,美妆个护,1,119.00,2026-06-15 12:14:00,douyin
O001824,U000581,P000089,轻盈美妆个护日常款,C01,美妆个护,1,69.00,2026-06-15 21:45:00,offline
O001824,U000581,P000092,臻选服饰便携装,C03,服饰,1,291.00,2026-06-15 21:45:00,offline
O001824,U000581,P000018,轻氧生鲜升级版,C09,生鲜,1,81.00,2026-06-15 21:45:00,offline
O001825,U000318,P000104,臻选旅行用品日常款,C10,旅行用品,3,352.00,2026-06-15 16:37:00,douyin
O001826,U000308,P000035,轻盈家居日用套装,C04,家居日用,1,116.00,2026-06-15 18:38:00,search
O001826,U000308,P000060,轻氧数码配件套装,C05,数码配件,1,269.00,2026-06-15 18:38:00,search
O001827,U000349,P000081,云感数码配件旗舰款,C05,数码配件,1,152.00,2026-06-16 13:43:00,douyin
O001828,U000588,P000156,轻氧母婴用品旗舰款,C06,母婴用品,1,153.00,2026-06-16 15:42:00,jd
O001829,U000293,P000160,原野旅行用品套装,C10,旅行用品,1,231.00,2026-06-16 13:31:00,taobao
O001829,U000293,P000061,悦活家居日用旗舰款,C04,家居日用,1,157.00,2026-06-16 13:31:00,taobao
O001829,U000293,P000016,原野运动户外旗舰款,C07,运动户外,1,164.00,2026-06-16 13:31:00,taobao
O001830,U000213,P000088,原野家居日用升级版,C04,家居日用,1,89.00,2026-06-16 23:30:00,offline
O001830,U000213,P000169,悦活生鲜日常款,C09,生鲜,1,42.00,2026-06-16 23:30:00,offline
O001830,U000213,P000032,臻选生鲜便携装,C09,生鲜,1,71.00,2026-06-16 23:30:00,offline
O001830,U000213,P000003,云感生鲜升级版,C09,生鲜,1,73.00,2026-06-16 23:30:00,offline
O001831,U000511,P000161,轻盈家居日用旗舰款,C04,家居日用,1,160.00,2026-06-16 17:31:00,search
O001831,U000511,P000152,臻选数码配件便携装,C05,数码配件,1,302.00,2026-06-16 17:31:00,search
O001831,U000511,P000068,臻选旅行用品升级版,C10,旅行用品,1,202.00,2026-06-16 17:31:00,search
O001832,U000879,P000043,悦活服饰升级版,C03,服饰,1,237.00,2026-06-16 19:21:00,search
O001832,U000879,P000160,原野旅行用品套装,C10,旅行用品,2,231.00,2026-06-16 19:21:00,search
O001833,U000876,P000131,轻盈生鲜旗舰款,C09,生鲜,1,85.00,2026-06-16 23:12:00,wechat
O001834,U000129,P000025,悦活宠物用品套装,C08,宠物用品,1,105.00,2026-06-16 10:20:00,offline
O001834,U000129,P000119,轻盈宠物用品日常款,C08,宠物用品,1,99.00,2026-06-16 10:20:00,offline
O001834,U000129,P000118,原野美妆个护升级版,C01,美妆个护,1,133.00,2026-06-16 10:20:00,offline
O001834,U000129,P000009,云感数码配件日常款,C05,数码配件,1,295.00,2026-06-16 10:20:00,offline
O001835,U000069,P000040,原野数码配件套装,C05,数码配件,1,162.00,2026-06-16 18:22:00,search
O001835,U000069,P000055,悦活宠物用品套装,C08,宠物用品,1,100.00,2026-06-16 18:22:00,search
O001836,U000849,P000134,臻选数码配件日常款,C05,数码配件,2,120.00,2026-06-16 15:20:00,taobao
O001837,U000374,P000039,云感生鲜日常款,C09,生鲜,1,109.00,2026-06-16 08:53:00,offline
O001837,U000374,P000138,轻氧数码配件升级版,C05,数码配件,1,150.00,2026-06-16 08:53:00,offline
O001838,U000239,P000099,云感服饰日常款,C03,服饰,1,230.00,2026-06-17 09:58:00,taobao
O001839,U000456,P000125,轻盈生鲜套装,C09,生鲜,1,62.00,2026-06-17 18:53:00,search
O001839,U000456,P000078,轻氧运动户外升级版,C07,运动户外,1,332.00,2026-06-17 18:53:00,search
O001840,U000858,P000070,原野宠物用品套装,C08,宠物用品,1,147.00,2026-06-17 15:10:00,taobao
O001841,U000329,P000010,原野旅行用品套装,C10,旅行用品,1,302.00,2026-06-17 14:31:00,search
O001841,U000329,P000039,云感生鲜日常款,C09,生鲜,1,109.00,2026-06-17 14:31:00,search
O001842,U000288,P000086,臻选数码配件旗舰款,C05,数码配件,1,150.00,2026-06-17 08:39:00,search
O001842,U000288,P000077,轻盈服饰便携装,C03,服饰,1,279.00,2026-06-17 08:39:00,search
O001842,U000288,P000049,悦活数码配件日常款,C05,数码配件,1,141.00,2026-06-17 08:39:00,search
O001843,U000341,P000127,悦活食品饮料便携装,C02,食品饮料,1,39.00,2026-06-17 09:04:00,search
O001844,U000155,P000024,轻氧食品饮料日常款,C02,食品饮料,3,55.00,2026-06-17 09:07:00,taobao
O001844,U000155,P000119,轻盈宠物用品日常款,C08,宠物用品,1,99.00,2026-06-17 09:07:00,taobao
O001844,U000155,P000093,云感生鲜升级版,C09,生鲜,1,39.00,2026-06-17 09:07:00,taobao
O001845,U000202,P000079,悦活服饰日常款,C03,服饰,1,452.00,2026-06-17 12:29:00,taobao
O001845,U000202,P000159,云感旅行用品日常款,C10,旅行用品,1,514.00,2026-06-17 12:29:00,taobao
O001845,U000202,P000003,云感生鲜升级版,C09,生鲜,4,73.00,2026-06-17 12:29:00,taobao
O001845,U000202,P000028,原野数码配件升级版,C05,数码配件,1,158.00,2026-06-17 12:29:00,taobao
O001846,U000654,P000140,臻选食品饮料套装,C02,食品饮料,1,71.00,2026-06-17 18:39:00,offline
O001846,U000654,P000122,臻选运动户外便携装,C07,运动户外,1,212.00,2026-06-17 18:39:00,offline
O001846,U000654,P000090,轻氧旅行用品套装,C10,旅行用品,1,170.00,2026-06-17 18:39:00,offline
O001847,U000718,P000028,原野数码配件升级版,C05,数码配件,1,158.00,2026-06-17 12:17:00,jd
O001848,U000332,P000106,原野母婴用品旗舰款,C06,母婴用品,1,102.00,2026-06-17 21:00:00,offline
O001848,U000332,P000044,臻选食品饮料日常款,C02,食品饮料,1,28.00,2026-06-17 21:00:00,offline
O001849,U000768,P000049,悦活数码配件日常款,C05,数码配件,1,141.00,2026-06-18 12:49:00,taobao
O001849,U000768,P000159,云感旅行用品日常款,C10,旅行用品,1,514.00,2026-06-18 12:49:00,taobao
O001849,U000768,P000123,云感宠物用品升级版,C08,宠物用品,2,83.00,2026-06-18 12:49:00,taobao
O001850,U000578,P000011,轻盈旅行用品旗舰款,C10,旅行用品,1,224.00,2026-06-18 21:19:00,wechat
O001850,U000578,P000003,云感生鲜升级版,C09,生鲜,4,73.00,2026-06-18 21:19:00,wechat
O001850,U000578,P000090,轻氧旅行用品套装,C10,旅行用品,1,170.00,2026-06-18 21:19:00,wechat
O001851,U000307,P000134,臻选数码配件日常款,C05,数码配件,1,120.00,2026-06-18 11:27:00,douyin
O001851,U000307,P000018,轻氧生鲜升级版,C09,生鲜,1,81.00,2026-06-18 11:27:00,douyin
O001851,U000307,P000052,原野数码配件便携装,C05,数码配件,1,173.00,2026-06-18 11:27:00,douyin
O001851,U000307,P000089,轻盈美妆个护日常款,C01,美妆个护,1,69.00,2026-06-18 11:27:00,douyin
O001852,U000550,P000078,轻氧运动户外升级版,C07,运动户外,1,332.00,2026-06-18 20:52:00,jd
O001852,U000550,P000050,臻选生鲜套装,C09,生鲜,1,108.00,2026-06-18 20:52:00,jd
O001853,U000402,P000150,轻氧母婴用品套装,C06,母婴用品,3,76.00,2026-06-18 12:43:00,jd
O001853,U000402,P000027,云感宠物用品便携装,C08,宠物用品,1,96.00,2026-06-18 12:43:00,jd
O001854,U000435,P000014,臻选食品饮料日常款,C02,食品饮料,1,60.00,2026-06-18 23:14:00,douyin
O001855,U000583,P000056,臻选旅行用品旗舰款,C10,旅行用品,1,443.00,2026-06-18 13:50:00,jd
O001856,U000480,P000088,原野家居日用升级版,C04,家居日用,1,89.00,2026-06-18 21:16:00,jd
O001856,U000480,P000092,臻选服饰便携装,C03,服饰,1,291.00,2026-06-18 21:16:00,jd
O001857,U000843,P000017,轻盈食品饮料便携装,C02,食品饮料,4,71.00,2026-06-18 22:47:00,jd
O001857,U000843,P000075,云感母婴用品套装,C06,母婴用品,1,82.00,2026-06-18 22:47:00,jd
O001857,U000843,P000040,原野数码配件套装,C05,数码配件,1,162.00,2026-06-18 22:47:00,jd
O001857,U000843,P000117,云感食品饮料便携装,C02,食品饮料,1,54.00,2026-06-18 22:47:00,jd
O001858,U000531,P000074,臻选美妆个护日常款,C01,美妆个护,1,71.00,2026-06-18 15:46:00,search
O001858,U000531,P000120,轻氧宠物用品套装,C08,宠物用品,1,58.00,2026-06-18 15:46:00,search
O001858,U000531,P000073,悦活家居日用升级版,C04,家居日用,3,147.00,2026-06-18 15:46:00,search
O001858,U000531,P000105,云感运动户外套装,C07,运动户外,1,142.00,2026-06-18 15:46:00,search
O001859,U000797,P000022,原野母婴用品便携装,C06,母婴用品,3,190.00,2026-06-18 18:24:00,taobao
O001859,U000797,P000020,臻选数码配件套装,C05,数码配件,1,252.00,2026-06-18 18:24:00,taobao
O001859,U000797,P000167,轻盈美妆个护便携装,C01,美妆个护,1,119.00,2026-06-18 18:24:00,taobao
O001859,U000797,P000004,原野旅行用品日常款,C10,旅行用品,3,271.00,2026-06-18 18:24:00,taobao
O001860,U000096,P000156,轻氧母婴用品旗舰款,C06,母婴用品,1,153.00,2026-06-19 16:09:00,douyin
O001860,U000096,P000119,轻盈宠物用品日常款,C08,宠物用品,1,99.00,2026-06-19 16:09:00,douyin
O001861,U000573,P000056,臻选旅行用品旗舰款,C10,旅行用品,1,443.00,2026-06-19 16:06:00,search
O001861,U000573,P000161,轻盈家居日用旗舰款,C04,家居日用,1,160.00,2026-06-19 16:06:00,search
O001861,U000573,P000011,轻盈旅行用品旗舰款,C10,旅行用品,1,224.00,2026-06-19 16:06:00,search
O001862,U000544,P000172,原野宠物用品便携装,C08,宠物用品,2,99.00,2026-06-19 13:45:00,offline
O001862,U000544,P000006,轻氧母婴用品旗舰款,C06,母婴用品,4,161.00,2026-06-19 13:45:00,offline
O001863,U000270,P000086,臻选数码配件旗舰款,C05,数码配件,1,150.00,2026-06-19 11:48:00,search
O001863,U000270,P000074,臻选美妆个护日常款,C01,美妆个护,1,71.00,2026-06-19 11:48:00,search
O001864,U000669,P000089,轻盈美妆个护日常款,C01,美妆个护,1,69.00,2026-06-19 21:57:00,taobao
O001865,U000806,P000054,轻氧美妆个护日常款,C01,美妆个护,1,138.00,2026-06-19 09:20:00,search
O001866,U000635,P000102,轻氧母婴用品便携装,C06,母婴用品,1,104.00,2026-06-19 20:04:00,search
O001866,U000635,P000101,轻盈生鲜旗舰款,C09,生鲜,1,111.00,2026-06-19 20:04:00,search
O001867,U000492,P000163,悦活生鲜升级版,C09,生鲜,1,69.00,2026-06-19 21:11:00,douyin
O001867,U000492,P000158,臻选母婴用品升级版,C06,母婴用品,1,121.00,2026-06-19 21:11:00,douyin
O001867,U000492,P000006,轻氧母婴用品旗舰款,C06,母婴用品,1,161.00,2026-06-19 21:11:00,douyin
O001868,U000722,P000002,臻选服饰便携装,C03,服饰,1,332.00,2026-06-19 18:27:00,offline
O001868,U000722,P000050,臻选生鲜套装,C09,生鲜,2,108.00,2026-06-19 18:27:00,offline
O001868,U000722,P000096,轻氧数码配件旗舰款,C05,数码配件,1,88.00,2026-06-19 18:27:00,offline
O001869,U000675,P000111,云感宠物用品旗舰款,C08,宠物用品,1,117.00,2026-06-19 14:01:00,wechat
O001869,U000675,P000020,臻选数码配件套装,C05,数码配件,1,252.00,2026-06-19 14:01:00,wechat
O001870,U000311,P000058,原野生鲜升级版,C09,生鲜,1,44.00,2026-06-19 19:54:00,offline
O001870,U000311,P000152,臻选数码配件便携装,C05,数码配件,3,302.00,2026-06-19 19:54:00,offline
O001871,U000871,P000133,悦活美妆个护升级版,C01,美妆个护,1,47.00,2026-06-20 11:28:00,taobao
O001871,U000871,P000140,臻选食品饮料套装,C02,食品饮料,1,71.00,2026-06-20 11:28:00,taobao
O001872,U000779,P000104,臻选旅行用品日常款,C10,旅行用品,1,352.00,2026-06-20 12:40:00,offline
O001872,U000779,P000154,原野生鲜日常款,C09,生鲜,1,103.00,2026-06-20 12:40:00,offline
O001873,U000497,P000097,悦活母婴用品便携装,C06,母婴用品,3,123.00,2026-06-20 22:45:00,taobao
O001874,U000170,P000066,轻氧母婴用品旗舰款,C06,母婴用品,1,76.00,2026-06-20 18:00:00,search
O001875,U000158,P000015,云感母婴用品套装,C06,母婴用品,1,128.00,2026-06-20 08:54:00,offline
O001875,U000158,P000097,悦活母婴用品便携装,C06,母婴用品,1,123.00,2026-06-20 08:54:00,offline
O001875,U000158,P000083,轻盈运动户外升级版,C07,运动户外,1,227.00,2026-06-20 08:54:00,offline
O001876,U000313,P000161,轻盈家居日用旗舰款,C04,家居日用,4,160.00,2026-06-20 09:43:00,offline
O001876,U000313,P000144,轻氧美妆个护日常款,C01,美妆个护,1,118.00,2026-06-20 09:43:00,offline
O001877,U000233,P000074,臻选美妆个护日常款,C01,美妆个护,1,71.00,2026-06-20 12:55:00,search
O001878,U000029,P000015,云感母婴用品套装,C06,母婴用品,1,128.00,2026-06-20 14:07:00,taobao
O001878,U000029,P000133,悦活美妆个护升级版,C01,美妆个护,1,47.00,2026-06-20 14:07:00,taobao
O001878,U000029,P000005,轻盈数码配件套装,C05,数码配件,1,256.00,2026-06-20 14:07:00,taobao
O001878,U000029,P000061,悦活家居日用旗舰款,C04,家居日用,1,157.00,2026-06-20 14:07:00,taobao
O001879,U000045,P000080,臻选家居日用套装,C04,家居日用,1,148.00,2026-06-20 12:13:00,search
O001879,U000045,P000100,原野运动户外套装,C07,运动户外,4,235.00,2026-06-20 12:13:00,search
O001879,U000045,P000153,云感美妆个护升级版,C01,美妆个护,1,48.00,2026-06-20 12:13:00,search
O001880,U000643,P000142,原野母婴用品便携装,C06,母婴用品,4,161.00,2026-06-20 11:09:00,search
O001880,U000643,P000054,轻氧美妆个护日常款,C01,美妆个护,1,138.00,2026-06-20 11:09:00,search
O001880,U000643,P000037,悦活运动户外便携装,C07,运动户外,2,152.00,2026-06-20 11:09:00,search
O001881,U000588,P000093,云感生鲜升级版,C09,生鲜,2,39.00,2026-06-20 08:19:00,jd
O001882,U000256,P000126,轻氧旅行用品旗舰款,C10,旅行用品,1,248.00,2026-06-21 17:06:00,offline
O001882,U000256,P000043,悦活服饰升级版,C03,服饰,1,237.00,2026-06-21 17:06:00,offline
O001883,U000601,P000152,臻选数码配件便携装,C05,数码配件,1,302.00,2026-06-21 15:53:00,search
O001884,U000242,P000024,轻氧食品饮料日常款,C02,食品饮料,1,55.00,2026-06-21 19:01:00,taobao
O001885,U000165,P000035,轻盈家居日用套装,C04,家居日用,2,116.00,2026-06-21 11:05:00,wechat
O001885,U000165,P000025,悦活宠物用品套装,C08,宠物用品,4,105.00,2026-06-21 11:05:00,wechat
O001885,U000165,P000059,轻盈美妆个护日常款,C01,美妆个护,1,52.00,2026-06-21 11:05:00,wechat
O001886,U000116,P000047,轻盈服饰便携装,C03,服饰,1,154.00,2026-06-21 12:39:00,jd
O001886,U000116,P000145,悦活宠物用品套装,C08,宠物用品,1,42.00,2026-06-21 12:39:00,jd
O001887,U000567,P000142,原野母婴用品便携装,C06,母婴用品,1,161.00,2026-06-21 08:39:00,wechat
O001887,U000567,P000094,原野运动户外日常款,C07,运动户外,1,136.00,2026-06-21 08:39:00,wechat
O001888,U000207,P000009,云感数码配件日常款,C05,数码配件,2,295.00,2026-06-21 20:22:00,douyin
O001888,U000207,P000123,云感宠物用品升级版,C08,宠物用品,1,83.00,2026-06-21 20:22:00,douyin
O001888,U000207,P000090,轻氧旅行用品套装,C10,旅行用品,1,170.00,2026-06-21 20:22:00,douyin
O001888,U000207,P000126,轻氧旅行用品旗舰款,C10,旅行用品,1,248.00,2026-06-21 20:22:00,douyin
O001889,U000838,P000017,轻盈食品饮料便携装,C02,食品饮料,2,71.00,2026-06-21 17:48:00,jd
O001890,U000379,P000074,臻选美妆个护日常款,C01,美妆个护,1,71.00,2026-06-21 20:50:00,search
O001891,U000324,P000091,悦活母婴用品旗舰款,C06,母婴用品,1,87.00,2026-06-21 15:40:00,search
O001891,U000324,P000095,轻盈旅行用品套装,C10,旅行用品,1,577.00,2026-06-21 15:40:00,search
O001891,U000324,P000056,臻选旅行用品旗舰款,C10,旅行用品,1,443.00,2026-06-21 15:40:00,search
O001892,U000389,P000088,原野家居日用升级版,C04,家居日用,1,89.00,2026-06-21 18:53:00,search
O001893,U000696,P000145,悦活宠物用品套装,C08,宠物用品,1,42.00,2026-06-22 12:50:00,jd
O001893,U000696,P000120,轻氧宠物用品套装,C08,宠物用品,1,58.00,2026-06-22 12:50:00,jd
O001893,U000696,P000130,原野服饰套装,C03,服饰,1,194.00,2026-06-22 12:50:00,jd
O001893,U000696,P000059,轻盈美妆个护日常款,C01,美妆个护,4,52.00,2026-06-22 12:50:00,jd
O001894,U000118,P000006,轻氧母婴用品旗舰款,C06,母婴用品,1,161.00,2026-06-22 08:08:00,jd
O001894,U000118,P000144,轻氧美妆个护日常款,C01,美妆个护,1,118.00,2026-06-22 08:08:00,jd
O001895,U000273,P000161,轻盈家居日用旗舰款,C04,家居日用,1,160.00,2026-06-22 14:16:00,offline
O001895,U000273,P000029,轻盈食品饮料日常款,C02,食品饮料,1,91.00,2026-06-22 14:16:00,offline
O001896,U000385,P000070,原野宠物用品套装,C08,宠物用品,1,147.00,2026-06-22 08:38:00,offline
O001896,U000385,P000130,原野服饰套装,C03,服饰,1,194.00,2026-06-22 08:38:00,offline
O001896,U000385,P000001,悦活家居日用旗舰款,C04,家居日用,1,141.00,2026-06-22 08:38:00,offline
O001897,U000226,P000023,轻盈食品饮料升级版,C02,食品饮料,1,79.00,2026-06-22 20:30:00,wechat
O001897,U000226,P000101,轻盈生鲜旗舰款,C09,生鲜,1,111.00,2026-06-22 20:30:00,wechat
O001898,U000363,P000083,轻盈运动户外升级版,C07,运动户外,1,227.00,2026-06-22 11:14:00,search
O001898,U000363,P000114,轻氧母婴用品日常款,C06,母婴用品,1,142.00,2026-06-22 11:14:00,search
O001898,U000363,P000134,臻选数码配件日常款,C05,数码配件,1,120.00,2026-06-22 11:14:00,search
O001898,U000363,P000093,云感生鲜升级版,C09,生鲜,1,39.00,2026-06-22 11:14:00,search
O001899,U000259,P000106,原野母婴用品旗舰款,C06,母婴用品,4,102.00,2026-06-22 23:11:00,taobao
O001899,U000259,P000052,原野数码配件便携装,C05,数码配件,2,173.00,2026-06-22 23:11:00,taobao
O001899,U000259,P000055,悦活宠物用品套装,C08,宠物用品,1,100.00,2026-06-22 23:11:00,taobao
O001899,U000259,P000002,臻选服饰便携装,C03,服饰,1,332.00,2026-06-22 23:11:00,taobao
O001900,U000122,P000051,云感宠物用品旗舰款,C08,宠物用品,1,64.00,2026-06-22 20:03:00,douyin
O001901,U000230,P000164,臻选食品饮料日常款,C02,食品饮料,2,73.00,2026-06-22 09:41:00,taobao
O001902,U000695,P000118,原野美妆个护升级版,C01,美妆个护,3,133.00,2026-06-22 08:33:00,douyin
O001902,U000695,P000156,轻氧母婴用品旗舰款,C06,母婴用品,1,153.00,2026-06-22 08:33:00,douyin
O001903,U000418,P000005,轻盈数码配件套装,C05,数码配件,1,256.00,2026-06-22 14:56:00,taobao
O001903,U000418,P000079,悦活服饰日常款,C03,服饰,1,452.00,2026-06-22 14:56:00,taobao
O001904,U000671,P000002,臻选服饰便携装,C03,服饰,1,332.00,2026-06-23 19:24:00,search
O001904,U000671,P000004,原野旅行用品日常款,C10,旅行用品,1,271.00,2026-06-23 19:24:00,search
O001904,U000671,P000079,悦活服饰日常款,C03,服饰,1,452.00,2026-06-23 19:24:00,search
O001905,U000589,P000001,悦活家居日用旗舰款,C04,家居日用,1,141.00,2026-06-23 18:26:00,search
O001905,U000589,P000095,轻盈旅行用品套装,C10,旅行用品,1,577.00,2026-06-23 18:26:00,search
O001905,U000589,P000129,云感服饰日常款,C03,服饰,1,307.00,2026-06-23 18:26:00,search
O001906,U000748,P000090,轻氧旅行用品套装,C10,旅行用品,1,170.00,2026-06-23 18:39:00,offline
O001907,U000321,P000026,臻选生鲜旗舰款,C09,生鲜,1,88.00,2026-06-23 22:16:00,search
O001907,U000321,P000095,轻盈旅行用品套装,C10,旅行用品,1,577.00,2026-06-23 22:16:00,search
O001908,U000467,P000035,轻盈家居日用套装,C04,家居日用,1,116.00,2026-06-23 10:57:00,jd
O001908,U000467,P000087,云感旅行用品便携装,C10,旅行用品,1,609.00,2026-06-23 10:57:00,jd
O001909,U000835,P000004,原野旅行用品日常款,C10,旅行用品,1,271.00,2026-06-23 22:33:00,jd
O001909,U000835,P000139,悦活运动户外日常款,C07,运动户外,1,358.00,2026-06-23 22:33:00,jd
O001910,U000762,P000143,轻盈美妆个护升级版,C01,美妆个护,1,53.00,2026-06-23 12:43:00,douyin
O001911,U000274,P000002,臻选服饰便携装,C03,服饰,1,332.00,2026-06-23 10:34:00,search
O001911,U000274,P000022,原野母婴用品便携装,C06,母婴用品,1,190.00,2026-06-23 10:34:00,search
O001911,U000274,P000109,悦活旅行用品日常款,C10,旅行用品,1,614.00,2026-06-23 10:34:00,search
O001912,U000113,P000002,臻选服饰便携装,C03,服饰,1,332.00,2026-06-23 20:49:00,search
O001912,U000113,P000048,轻氧宠物用品升级版,C08,宠物用品,1,142.00,2026-06-23 20:49:00,search
O001913,U000302,P000002,臻选服饰便携装,C03,服饰,1,332.00,2026-06-23 22:12:00,search
O001913,U000302,P000051,云感宠物用品旗舰款,C08,宠物用品,1,64.00,2026-06-23 22:12:00,search
O001914,U000820,P000009,云感数码配件日常款,C05,数码配件,1,295.00,2026-06-23 14:07:00,jd
O001914,U000820,P000141,云感数码配件旗舰款,C05,数码配件,1,220.00,2026-06-23 14:07:00,jd
O001915,U000407,P000001,悦活家居日用旗舰款,C04,家居日用,1,141.00,2026-06-24 14:54:00,taobao
O001915,U000407,P000106,原野母婴用品旗舰款,C06,母婴用品,1,102.00,2026-06-24 14:54:00,taobao
O001916,U000450,P000087,云感旅行用品便携装,C10,旅行用品,1,609.00,2026-06-24 14:32:00,wechat
O001916,U000450,P000095,轻盈旅行用品套装,C10,旅行用品,1,577.00,2026-06-24 14:32:00,wechat
O001916,U000450,P000128,臻选旅行用品升级版,C10,旅行用品,1,514.00,2026-06-24 14:32:00,wechat
O001916,U000450,P000166,原野服饰旗舰款,C03,服饰,1,378.00,2026-06-24 14:32:00,wechat
O001917,U000018,P000048,轻氧宠物用品升级版,C08,宠物用品,1,142.00,2026-06-24 20:01:00,offline
O001917,U000018,P000109,悦活旅行用品日常款,C10,旅行用品,1,614.00,2026-06-24 20:01:00,offline
O001918,U000837,P000006,轻氧母婴用品旗舰款,C06,母婴用品,1,161.00,2026-06-24 15:18:00,douyin
O001918,U000837,P000167,轻盈美妆个护便携装,C01,美妆个护,1,119.00,2026-06-24 15:18:00,douyin
O001919,U000222,P000128,臻选旅行用品升级版,C10,旅行用品,1,514.00,2026-06-24 08:56:00,taobao
O001920,U000506,P000040,原野数码配件套装,C05,数码配件,1,162.00,2026-06-24 17:57:00,wechat
O001920,U000506,P000157,悦活旅行用品便携装,C10,旅行用品,1,436.00,2026-06-24 17:57:00,wechat
O001921,U000362,P000002,臻选服饰便携装,C03,服饰,1,332.00,2026-06-24 09:36:00,taobao
O001921,U000362,P000108,轻氧母婴用品升级版,C06,母婴用品,1,86.00,2026-06-24 09:36:00,taobao
O001922,U000262,P000025,悦活宠物用品套装,C08,宠物用品,1,105.00,2026-06-24 10:49:00,taobao
O001922,U000262,P000128,臻选旅行用品升级版,C10,旅行用品,1,514.00,2026-06-24 10:49:00,taobao
O001923,U000726,P000076,原野美妆个护旗舰款,C01,美妆个护,1,77.00,2026-06-24 10:01:00,wechat
O001924,U000476,P000030,轻氧家居日用套装,C04,家居日用,1,106.00,2026-06-24 10:48:00,offline
O001924,U000476,P000087,云感旅行用品便携装,C10,旅行用品,1,609.00,2026-06-24 10:48:00,offline
O001925,U000492,P000056,臻选旅行用品旗舰款,C10,旅行用品,1,443.00,2026-06-24 18:54:00,douyin
O001925,U000492,P000067,悦活旅行用品便携装,C10,旅行用品,1,195.00,2026-06-24 18:54:00,douyin
O001926,U000730,P000095,轻盈旅行用品套装,C10,旅行用品,1,577.00,2026-06-25 22:28:00,jd
O001926,U000730,P000136,原野运动户外旗舰款,C07,运动户外,1,169.00,2026-06-25 22:28:00,jd
O001927,U000775,P000045,云感食品饮料套装,C02,食品饮料,1,67.00,2026-06-25 20:03:00,offline
O001927,U000775,P000109,悦活旅行用品日常款,C10,旅行用品,1,614.00,2026-06-25 20:03:00,offline
O001928,U000665,P000002,臻选服饰便携装,C03,服饰,1,332.00,2026-06-25 11:49:00,jd
O001929,U000571,P000004,原野旅行用品日常款,C10,旅行用品,1,271.00,2026-06-25 13:35:00,jd
O001929,U000571,P000053,轻盈服饰升级版,C03,服饰,1,262.00,2026-06-25 13:35:00,jd
O001930,U000110,P000004,原野旅行用品日常款,C10,旅行用品,1,271.00,2026-06-25 13:56:00,search
O001930,U000110,P000026,臻选生鲜旗舰款,C09,生鲜,1,88.00,2026-06-25 13:56:00,search
O001931,U000124,P000156,轻氧母婴用品旗舰款,C06,母婴用品,1,153.00,2026-06-25 20:11:00,search
O001932,U000872,P000001,悦活家居日用旗舰款,C04,家居日用,1,141.00,2026-06-25 21:20:00,offline
O001932,U000872,P000168,轻氧服饰升级版,C03,服饰,1,368.00,2026-06-25 21:20:00,offline
O001933,U000491,P000001,悦活家居日用旗舰款,C04,家居日用,1,141.00,2026-06-25 19:25:00,taobao
O001933,U000491,P000079,悦活服饰日常款,C03,服饰,1,452.00,2026-06-25 19:25:00,taobao
O001933,U000491,P000166,原野服饰旗舰款,C03,服饰,1,378.00,2026-06-25 19:25:00,taobao
O001934,U000613,P000008,臻选美妆个护升级版,C01,美妆个护,1,69.00,2026-06-25 09:02:00,wechat
O001934,U000613,P000109,悦活旅行用品日常款,C10,旅行用品,1,614.00,2026-06-25 09:02:00,wechat
O001935,U000636,P000167,轻盈美妆个护便携装,C01,美妆个护,1,119.00,2026-06-25 22:11:00,search
O001936,U000010,P000038,臻选母婴用品升级版,C06,母婴用品,1,188.00,2026-06-25 11:08:00,offline
O001936,U000010,P000109,悦活旅行用品日常款,C10,旅行用品,1,614.00,2026-06-25 11:08:00,offline
O001937,U000887,P000007,悦活服饰便携装,C03,服饰,1,344.00,2026-06-26 10:00:00,douyin
O001937,U000887,P000007,悦活服饰便携装,C03,服饰,1,344.00,2026-06-26 10:00:00,douyin
O001938,U000521,P000056,臻选旅行用品旗舰款,C10,旅行用品,1,443.00,2026-06-26 21:32:00,search
O001938,U000521,P000168,轻氧服饰升级版,C03,服饰,1,368.00,2026-06-26 21:32:00,search
O001939,U000190,P000002,臻选服饰便携装,C03,服饰,1,332.00,2026-06-26 14:30:00,douyin
O001939,U000190,P000047,轻盈服饰便携装,C03,服饰,1,154.00,2026-06-26 14:30:00,douyin
O001940,U000507,P000006,轻氧母婴用品旗舰款,C06,母婴用品,1,161.00,2026-06-26 12:39:00,douyin
O001940,U000507,P000102,轻氧母婴用品便携装,C06,母婴用品,1,104.00,2026-06-26 12:39:00,douyin
O001941,U000617,P000004,原野旅行用品日常款,C10,旅行用品,1,271.00,2026-06-26 13:09:00,search
O001941,U000617,P000133,悦活美妆个护升级版,C01,美妆个护,1,47.00,2026-06-26 13:09:00,search
O001942,U000730,P000002,臻选服饰便携装,C03,服饰,1,332.00,2026-06-26 21:56:00,douyin
O001942,U000730,P000107,轻盈运动户外便携装,C07,运动户外,1,176.00,2026-06-26 21:56:00,douyin
O001943,U000520,P000002,臻选服饰便携装,C03,服饰,1,332.00,2026-06-26 11:55:00,jd
O001943,U000520,P000028,原野数码配件升级版,C05,数码配件,1,158.00,2026-06-26 11:55:00,jd
O001943,U000520,P000109,悦活旅行用品日常款,C10,旅行用品,1,614.00,2026-06-26 11:55:00,jd
O001944,U000723,P000001,悦活家居日用旗舰款,C04,家居日用,1,141.00,2026-06-26 23:27:00,taobao
O001944,U000723,P000119,轻盈宠物用品日常款,C08,宠物用品,1,99.00,2026-06-26 23:27:00,taobao
O001945,U000353,P000005,轻盈数码配件套装,C05,数码配件,1,256.00,2026-06-26 21:28:00,douyin
O001945,U000353,P000018,轻氧生鲜升级版,C09,生鲜,1,81.00,2026-06-26 21:28:00,douyin
O001946,U000892,P000002,臻选服饰便携装,C03,服饰,1,332.00,2026-06-26 11:06:00,taobao
O001946,U000892,P000166,原野服饰旗舰款,C03,服饰,1,378.00,2026-06-26 11:06:00,taobao
O001947,U000112,P000004,原野旅行用品日常款,C10,旅行用品,1,271.00,2026-06-26 09:04:00,douyin
O001947,U000112,P000131,轻盈生鲜旗舰款,C09,生鲜,1,85.00,2026-06-26 09:04:00,douyin
O001948,U000183,P000041,轻盈家居日用旗舰款,C04,家居日用,1,166.00,2026-06-27 21:32:00,wechat
O001948,U000183,P000095,轻盈旅行用品套装,C10,旅行用品,1,577.00,2026-06-27 21:32:00,wechat
O001948,U000183,P000095,轻盈旅行用品套装,C10,旅行用品,1,577.00,2026-06-27 21:32:00,wechat
O001949,U000613,P000004,原野旅行用品日常款,C10,旅行用品,1,271.00,2026-06-27 20:38:00,taobao
O001949,U000613,P000143,轻盈美妆个护升级版,C01,美妆个护,1,53.00,2026-06-27 20:38:00,taobao
O001950,U000858,P000001,悦活家居日用旗舰款,C04,家居日用,1,141.00,2026-06-27 14:47:00,offline
O001950,U000858,P000014,臻选食品饮料日常款,C02,食品饮料,1,60.00,2026-06-27 14:47:00,offline
O001951,U000688,P000005,轻盈数码配件套装,C05,数码配件,1,256.00,2026-06-27 15:59:00,jd
O001951,U000688,P000044,臻选食品饮料日常款,C02,食品饮料,1,28.00,2026-06-27 15:59:00,jd
O001952,U000025,P000004,原野旅行用品日常款,C10,旅行用品,1,271.00,2026-06-27 16:10:00,douyin
O001952,U000025,P000129,云感服饰日常款,C03,服饰,1,307.00,2026-06-27 16:10:00,douyin
O001953,U000166,P000010,原野旅行用品套装,C10,旅行用品,1,302.00,2026-06-27 23:01:00,wechat
O001953,U000166,P000168,轻氧服饰升级版,C03,服饰,1,368.00,2026-06-27 23:01:00,wechat
O001954,U000754,P000007,悦活服饰便携装,C03,服饰,1,344.00,2026-06-27 16:25:00,search
O001954,U000754,P000099,云感服饰日常款,C03,服饰,1,230.00,2026-06-27 16:25:00,search
O001955,U000665,P000092,臻选服饰便携装,C03,服饰,1,291.00,2026-06-27 12:47:00,wechat
O001956,U000088,P000003,云感生鲜升级版,C09,生鲜,1,73.00,2026-06-27 23:43:00,offline
O001957,U000181,P000004,原野旅行用品日常款,C10,旅行用品,1,271.00,2026-06-27 22:44:00,douyin
O001957,U000181,P000040,原野数码配件套装,C05,数码配件,1,162.00,2026-06-27 22:44:00,douyin
O001958,U000234,P000083,轻盈运动户外升级版,C07,运动户外,1,227.00,2026-06-27 23:32:00,wechat
O001959,U000510,P000008,臻选美妆个护升级版,C01,美妆个护,1,69.00,2026-06-28 10:11:00,offline
O001959,U000510,P000031,悦活运动户外旗舰款,C07,运动户外,1,98.00,2026-06-28 10:11:00,offline
O001960,U000733,P000109,悦活旅行用品日常款,C10,旅行用品,1,614.00,2026-06-28 12:56:00,taobao
O001960,U000733,P000166,原野服饰旗舰款,C03,服饰,1,378.00,2026-06-28 12:56:00,taobao
O001961,U000065,P000004,原野旅行用品日常款,C10,旅行用品,1,271.00,2026-06-28 14:44:00,douyin
O001961,U000065,P000065,轻盈生鲜套装,C09,生鲜,1,41.00,2026-06-28 14:44:00,douyin
O001962,U000458,P000001,悦活家居日用旗舰款,C04,家居日用,1,141.00,2026-06-28 16:28:00,search
O001962,U000458,P000087,云感旅行用品便携装,C10,旅行用品,1,609.00,2026-06-28 16:28:00,search
O001962,U000458,P000167,轻盈美妆个护便携装,C01,美妆个护,1,119.00,2026-06-28 16:28:00,search
O001963,U000755,P000014,臻选食品饮料日常款,C02,食品饮料,1,60.00,2026-06-28 11:03:00,jd
O001964,U000637,P000001,悦活家居日用旗舰款,C04,家居日用,1,141.00,2026-06-28 20:30:00,taobao
O001964,U000637,P000053,轻盈服饰升级版,C03,服饰,1,262.00,2026-06-28 20:30:00,taobao
O001964,U000637,P000095,轻盈旅行用品套装,C10,旅行用品,1,577.00,2026-06-28 20:30:00,taobao
O001965,U000113,P000111,云感宠物用品旗舰款,C08,宠物用品,1,117.00,2026-06-28 18:55:00,wechat
O001966,U000035,P000070,原野宠物用品套装,C08,宠物用品,1,147.00,2026-06-28 12:16:00,taobao
O001967,U000810,P000007,悦活服饰便携装,C03,服饰,1,344.00,2026-06-28 21:18:00,taobao
O001967,U000810,P000053,轻盈服饰升级版,C03,服饰,1,262.00,2026-06-28 21:18:00,taobao
O001968,U000633,P000009,云感数码配件日常款,C05,数码配件,1,295.00,2026-06-28 12:00:00,douyin
O001968,U000633,P000092,臻选服饰便携装,C03,服饰,1,291.00,2026-06-28 12:00:00,douyin
O001969,U000621,P000002,臻选服饰便携装,C03,服饰,1,332.00,2026-06-28 23:31:00,jd
O001969,U000621,P000024,轻氧食品饮料日常款,C02,食品饮料,1,55.00,2026-06-28 23:31:00,jd
O001970,U000382,P000027,云感宠物用品便携装,C08,宠物用品,1,96.00,2026-06-29 12:35:00,jd
O001971,U000132,P000002,臻选服饰便携装,C03,服饰,1,332.00,2026-06-29 11:00:00,douyin
O001971,U000132,P000094,原野运动户外日常款,C07,运动户外,1,136.00,2026-06-29 11:00:00,douyin
O001972,U000011,P000001,悦活家居日用旗舰款,C04,家居日用,1,141.00,2026-06-29 11:43:00,wechat
O001972,U000011,P000069,云感运动户外日常款,C07,运动户外,1,268.00,2026-06-29 11:43:00,wechat
O001973,U000306,P000002,臻选服饰便携装,C03,服饰,1,332.00,2026-06-29 20:27:00,taobao
O001973,U000306,P000056,臻选旅行用品旗舰款,C10,旅行用品,1,443.00,2026-06-29 20:27:00,taobao
O001973,U000306,P000095,轻盈旅行用品套装,C10,旅行用品,1,577.00,2026-06-29 20:27:00,taobao
O001973,U000306,P000128,臻选旅行用品升级版,C10,旅行用品,1,514.00,2026-06-29 20:27:00,taobao
O001974,U000491,P000003,云感生鲜升级版,C09,生鲜,1,73.00,2026-06-29 08:59:00,douyin
O001974,U000491,P000095,轻盈旅行用品套装,C10,旅行用品,1,577.00,2026-06-29 08:59:00,douyin
O001974,U000491,P000128,臻选旅行用品升级版,C10,旅行用品,1,514.00,2026-06-29 08:59:00,douyin
O001975,U000591,P000002,臻选服饰便携装,C03,服饰,1,332.00,2026-06-29 23:54:00,douyin
O001975,U000591,P000079,悦活服饰日常款,C03,服饰,1,452.00,2026-06-29 23:54:00,douyin
O001975,U000591,P000147,云感数码配件便携装,C05,数码配件,1,281.00,2026-06-29 23:54:00,douyin
O001976,U000537,P000095,轻盈旅行用品套装,C10,旅行用品,1,577.00,2026-06-29 08:51:00,douyin
O001976,U000537,P000109,悦活旅行用品日常款,C10,旅行用品,1,614.00,2026-06-29 08:51:00,douyin
O001976,U000537,P000109,悦活旅行用品日常款,C10,旅行用品,1,614.00,2026-06-29 08:51:00,douyin
O001976,U000537,P000157,悦活旅行用品便携装,C10,旅行用品,1,436.00,2026-06-29 08:51:00,douyin
O001977,U000543,P000086,臻选数码配件旗舰款,C05,数码配件,1,150.00,2026-06-29 16:59:00,wechat
O001978,U000260,P000030,轻氧家居日用套装,C04,家居日用,1,106.00,2026-06-29 15:08:00,taobao
O001978,U000260,P000109,悦活旅行用品日常款,C10,旅行用品,1,614.00,2026-06-29 15:08:00,taobao
O001979,U000312,P000077,轻盈服饰便携装,C03,服饰,1,279.00,2026-06-29 12:05:00,douyin
O001980,U000390,P000003,云感生鲜升级版,C09,生鲜,1,73.00,2026-06-29 12:00:00,taobao
O001980,U000390,P000065,轻盈生鲜套装,C09,生鲜,1,41.00,2026-06-29 12:00:00,taobao
O001981,U000891,P000003,云感生鲜升级版,C09,生鲜,1,73.00,2026-06-30 18:39:00,jd
O001981,U000891,P000087,云感旅行用品便携装,C10,旅行用品,1,609.00,2026-06-30 18:39:00,jd
O001982,U000407,P000005,轻盈数码配件套装,C05,数码配件,1,256.00,2026-06-30 16:24:00,search
O001982,U000407,P000014,臻选食品饮料日常款,C02,食品饮料,1,60.00,2026-06-30 16:24:00,search
O001983,U000286,P000004,原野旅行用品日常款,C10,旅行用品,1,271.00,2026-06-30 18:50:00,jd
O001983,U000286,P000067,悦活旅行用品便携装,C10,旅行用品,1,195.00,2026-06-30 18:50:00,jd
O001984,U000499,P000004,原野旅行用品日常款,C10,旅行用品,1,271.00,2026-06-30 17:50:00,taobao
O001984,U000499,P000128,臻选旅行用品升级版,C10,旅行用品,1,514.00,2026-06-30 17:50:00,taobao
O001985,U000316,P000009,云感数码配件日常款,C05,数码配件,1,295.00,2026-06-30 14:30:00,douyin
O001985,U000316,P000087,云感旅行用品便携装,C10,旅行用品,1,609.00,2026-06-30 14:30:00,douyin
O001985,U000316,P000095,轻盈旅行用品套装,C10,旅行用品,1,577.00,2026-06-30 14:30:00,douyin
O001985,U000316,P000113,轻盈旅行用品升级版,C10,旅行用品,1,483.00,2026-06-30 14:30:00,douyin
O001986,U000651,P000004,原野旅行用品日常款,C10,旅行用品,1,271.00,2026-06-30 22:32:00,wechat
O001986,U000651,P000118,原野美妆个护升级版,C01,美妆个护,1,133.00,2026-06-30 22:32:00,wechat
O001987,U000099,P000098,臻选家居日用升级版,C04,家居日用,1,90.00,2026-06-30 09:08:00,douyin
O001988,U000841,P000037,悦活运动户外便携装,C07,运动户外,1,152.00,2026-06-30 12:01:00,taobao
O001989,U000261,P000023,轻盈食品饮料升级版,C02,食品饮料,1,79.00,2026-06-30 23:48:00,taobao
O001990,U000694,P000002,臻选服饰便携装,C03,服饰,1,332.00,2026-06-30 23:10:00,taobao
O001990,U000694,P000099,云感服饰日常款,C03,服饰,1,230.00,2026-06-30 23:10:00,taobao
O001991,U000442,P000087,云感旅行用品便携装,C10,旅行用品,1,609.00,2026-06-30 21:48:00,taobao
O001991,U000442,P000095,轻盈旅行用品套装,C10,旅行用品,1,577.00,2026-06-30 21:48:00,taobao
O001992,U000264,P000083,轻盈运动户外升级版,C07,运动户外,1,227.00,2026-07-01 17:25:00,offline
O001993,U000551,P000009,云感数码配件日常款,C05,数码配件,1,295.00,2026-07-01 16:44:00,wechat
O001993,U000551,P000129,云感服饰日常款,C03,服饰,1,307.00,2026-07-01 16:44:00,wechat
O001994,U000684,P000003,云感生鲜升级版,C09,生鲜,1,73.00,2026-07-01 13:34:00,wechat
O001994,U000684,P000066,轻氧母婴用品旗舰款,C06,母婴用品,1,76.00,2026-07-01 13:34:00,wechat
O001995,U000828,P000009,云感数码配件日常款,C05,数码配件,1,295.00,2026-07-01 16:26:00,jd
O001995,U000828,P000071,轻盈宠物用品旗舰款,C08,宠物用品,1,144.00,2026-07-01 16:26:00,jd
O001996,U000705,P000009,云感数码配件日常款,C05,数码配件,1,295.00,2026-07-01 09:39:00,taobao
O001996,U000705,P000087,云感旅行用品便携装,C10,旅行用品,1,609.00,2026-07-01 09:39:00,taobao
O001996,U000705,P000168,轻氧服饰升级版,C03,服饰,1,368.00,2026-07-01 09:39:00,taobao
O001997,U000892,P000009,云感数码配件日常款,C05,数码配件,1,295.00,2026-07-01 11:00:00,taobao
O001997,U000892,P000168,轻氧服饰升级版,C03,服饰,1,368.00,2026-07-01 11:00:00,taobao
O001998,U000428,P000066,轻氧母婴用品旗舰款,C06,母婴用品,1,76.00,2026-07-01 09:17:00,wechat
O001999,U000538,P000001,悦活家居日用旗舰款,C04,家居日用,1,141.00,2026-07-01 23:24:00,offline
O001999,U000538,P000069,云感运动户外日常款,C07,运动户外,1,268.00,2026-07-01 23:24:00,offline
O001999,U000538,P000168,轻氧服饰升级版,C03,服饰,1,368.00,2026-07-01 23:24:00,offline
O002000,U000713,P000021,云感宠物用品旗舰款,C08,宠物用品,1,160.00,2026-07-01 14:10:00,taobao
O002000,U000713,P000087,云感旅行用品便携装,C10,旅行用品,1,609.00,2026-07-01 14:10:00,taobao
O001902,U000695,P000037,悦活运动户外便携装,C07,运动户外,1,152.00,2026-06-22 08:33:00,douyin
