order_id,user_id,created_at,order_amount,status,channel,device,province,city,user_segment
O000001,U000038,2026-01-01 22:14:00,691.00,paid,jd,windows,四川省,成都市,high_value
O000002,U000075,2026-01-01 19:23:00,945.00,paid,search,mac,江苏省,南京市,high_value
O000003,U000112,2026-01-01 17:30:00,492.00,completed,douyin,ios,广东省,深圳市,high_value
O000004,U000149,2026-01-01 18:34:00,812.00,completed,douyin,windows,北京市,北京市,member
O000005,U000186,2026-01-01 08:06:00,456.00,completed,douyin,mac,上海市,上海市,member
O000006,U000223,2026-01-01 09:55:00,642.00,paid,offline,ios,北京市,北京市,member
O000007,U000260,2026-01-01 18:38:00,767.00,completed,offline,android,上海市,上海市,member
O000008,U000297,2026-01-01 18:43:00,873.00,paid,search,mac,江苏省,南京市,member
O000009,U000334,2026-01-01 16:55:00,729.00,paid,douyin,windows,福建省,厦门市,member
O000010,U000371,2026-01-01 20:35:00,210.00,paid,jd,windows,上海市,上海市,member
O000011,U000408,2026-01-01 23:12:00,109.00,paid,douyin,windows,北京市,北京市,member
O000012,U000445,2026-01-02 15:20:00,320.00,paid,jd,mac,福建省,厦门市,regular
O000013,U000482,2026-01-02 13:19:00,441.00,completed,taobao,ios,北京市,北京市,regular
O000014,U000519,2026-01-02 17:33:00,1019.00,paid,taobao,android,广东省,深圳市,regular
O000015,U000556,2026-01-02 13:09:00,626.00,paid,taobao,android,广东省,深圳市,regular
O000016,U000593,2026-01-02 08:17:00,88.00,paid,douyin,mac,湖北省,武汉市,regular
O000017,U000630,2026-01-02 23:36:00,363.00,completed,douyin,windows,湖北省,武汉市,regular
O000018,U000667,2026-01-02 19:52:00,475.00,paid,douyin,windows,江苏省,南京市,regular
O000019,U000704,2026-01-02 21:45:00,1028.00,paid,jd,mac,江苏省,南京市,regular
O000020,U000741,2026-01-02 08:59:00,374.00,completed,offline,android,福建省,厦门市,regular
O000021,U000778,2026-01-02 12:46:00,58.00,cancelled,wechat,windows,浙江省,杭州市,regular
O000022,U000815,2026-01-02 08:07:00,1235.00,paid,jd,mac,河南省,郑州市,regular
O000023,U000852,2026-01-03 12:52:00,741.00,paid,wechat,ios,四川省,成都市,new
O000024,U000889,2026-01-03 18:14:00,516.00,completed,wechat,android,广东省,深圳市,new
O000025,U000026,2026-01-03 09:44:00,702.00,paid,offline,windows,上海市,上海市,high_value
O000026,U000063,2026-01-03 18:16:00,926.00,completed,search,mac,湖北省,武汉市,high_value
O000027,U000100,2026-01-03 18:33:00,140.00,paid,offline,android,浙江省,杭州市,high_value
O000028,U000137,2026-01-03 18:48:00,224.00,paid,douyin,android,湖北省,武汉市,member
O000029,U000174,2026-01-03 09:05:00,356.00,paid,search,mac,上海市,上海市,member
O000030,U000211,2026-01-03 20:51:00,156.00,paid,wechat,windows,江苏省,南京市,member
O000031,U000248,2026-01-03 23:09:00,1659.00,paid,offline,windows,浙江省,杭州市,member
O000032,U000285,2026-01-03 12:27:00,592.00,paid,offline,mac,浙江省,杭州市,member
O000033,U000322,2026-01-03 14:36:00,678.00,paid,jd,ios,广东省,深圳市,member
O000034,U000359,2026-01-04 08:37:00,1019.00,paid,jd,android,山东省,青岛市,member
O000035,U000396,2026-01-04 23:14:00,373.00,paid,douyin,windows,浙江省,杭州市,member
O000036,U000433,2026-01-04 20:30:00,181.00,paid,douyin,android,北京市,北京市,regular
O000037,U000470,2026-01-04 18:30:00,412.00,paid,douyin,windows,湖北省,武汉市,regular
O000038,U000507,2026-01-04 19:15:00,554.00,completed,jd,windows,广东省,深圳市,regular
O000039,U000544,2026-01-04 14:40:00,548.00,paid,taobao,ios,江苏省,南京市,regular
O000040,U000581,2026-01-04 23:54:00,459.00,paid,taobao,windows,上海市,上海市,regular
O000041,U000618,2026-01-04 11:49:00,1096.00,cancelled,wechat,windows,福建省,厦门市,regular
O000042,U000655,2026-01-04 19:15:00,707.00,paid,jd,windows,福建省,厦门市,regular
O000043,U000692,2026-01-04 17:40:00,228.00,paid,search,android,河南省,郑州市,regular
O000044,U000729,2026-01-04 15:06:00,644.00,cancelled,search,mac,福建省,厦门市,regular
O000045,U000766,2026-01-05 17:30:00,550.00,paid,taobao,android,山东省,青岛市,regular
O000046,U000803,2026-01-05 17:13:00,743.00,paid,wechat,windows,广东省,深圳市,regular
O000047,U000840,2026-01-05 22:51:00,1078.00,paid,taobao,mac,江苏省,南京市,new
O000048,U000877,2026-01-05 08:51:00,379.00,cancelled,jd,windows,湖北省,武汉市,new
O000049,U000014,2026-01-05 10:45:00,585.00,completed,taobao,ios,湖北省,武汉市,high_value
O000050,U000051,2026-01-05 20:33:00,248.00,paid,search,windows,山东省,青岛市,high_value
O000051,U000088,2026-01-05 08:33:00,726.00,paid,douyin,mac,北京市,北京市,high_value
O000052,U000125,2026-01-05 14:26:00,801.00,cancelled,search,windows,四川省,成都市,member
O000053,U000162,2026-01-05 19:23:00,670.00,paid,search,mac,浙江省,杭州市,member
O000054,U000199,2026-01-05 23:30:00,425.00,paid,taobao,mac,山东省,青岛市,member
O000055,U000236,2026-01-05 20:35:00,67.00,paid,douyin,ios,湖北省,武汉市,member
O000056,U000273,2026-01-06 10:23:00,861.00,paid,douyin,android,湖北省,武汉市,member
O000057,U000310,2026-01-06 22:59:00,652.00,completed,taobao,mac,江苏省,南京市,member
O000058,U000347,2026-01-06 08:04:00,952.00,paid,taobao,mac,河南省,郑州市,member
O000059,U000384,2026-01-06 12:28:00,656.00,paid,search,ios,河南省,郑州市,member
O000060,U000421,2026-01-06 18:41:00,42.00,completed,offline,android,北京市,北京市,regular
O000061,U000458,2026-01-06 12:16:00,439.00,paid,search,android,湖北省,武汉市,regular
O000062,U000495,2026-01-06 08:40:00,1192.00,paid,search,android,北京市,北京市,regular
O000063,U000532,2026-01-06 19:23:00,235.00,paid,offline,android,山东省,青岛市,regular
O000064,U000569,2026-01-06 23:37:00,227.00,paid,wechat,windows,上海市,上海市,regular
O000065,U000606,2026-01-06 21:18:00,639.00,paid,jd,android,四川省,成都市,regular
O000066,U000643,2026-01-06 10:02:00,369.00,completed,search,mac,四川省,成都市,regular
O000067,U000680,2026-01-07 16:46:00,1138.00,paid,wechat,mac,福建省,厦门市,regular
O000068,U000717,2026-01-07 15:22:00,182.00,completed,douyin,mac,北京市,北京市,regular
O000069,U000754,2026-01-07 21:51:00,291.00,paid,wechat,mac,四川省,成都市,regular
O000070,U000791,2026-01-07 08:15:00,728.00,paid,search,windows,上海市,上海市,regular
O000071,U000828,2026-01-07 10:53:00,1036.00,completed,wechat,android,浙江省,杭州市,new
O000072,U000865,2026-01-07 19:31:00,120.00,paid,wechat,android,江苏省,南京市,new
O000073,U000002,2026-01-07 22:58:00,3117.00,paid,offline,android,浙江省,杭州市,high_value
O000074,U000039,2026-01-07 09:01:00,715.00,paid,taobao,mac,福建省,厦门市,high_value
O000075,U000076,2026-01-07 13:53:00,418.00,paid,offline,ios,河南省,郑州市,high_value
O000076,U000113,2026-01-07 13:15:00,282.00,completed,wechat,windows,江苏省,南京市,high_value
O000077,U000150,2026-01-07 21:52:00,148.00,cancelled,jd,windows,江苏省,南京市,member
O000078,U000187,2026-01-08 20:23:00,1026.00,completed,jd,windows,湖北省,武汉市,member
O000079,U000224,2026-01-08 08:39:00,154.00,paid,taobao,android,浙江省,杭州市,member
O000080,U000261,2026-01-08 11:16:00,421.00,paid,wechat,mac,浙江省,杭州市,member
O000081,U000298,2026-01-08 16:06:00,268.00,cancelled,jd,ios,江苏省,南京市,member
O000082,U000335,2026-01-08 09:45:00,138.00,paid,douyin,windows,北京市,北京市,member
O000083,U000372,2026-01-08 18:41:00,328.00,paid,wechat,ios,河南省,郑州市,member
O000084,U000409,2026-01-08 23:02:00,740.00,paid,offline,android,四川省,成都市,member
O000085,U000446,2026-01-08 11:31:00,2577.00,paid,taobao,ios,四川省,成都市,regular
O000086,U000483,2026-01-08 11:43:00,895.00,paid,taobao,android,浙江省,杭州市,regular
O000087,U000520,2026-01-08 22:15:00,830.00,paid,wechat,windows,山东省,青岛市,regular
O000088,U000557,2026-01-08 20:20:00,1226.00,paid,taobao,android,河南省,郑州市,regular
O000089,U000594,2026-01-09 10:05:00,374.00,paid,offline,ios,广东省,深圳市,regular
O000090,U000631,2026-01-09 13:28:00,535.00,completed,wechat,ios,浙江省,杭州市,regular
O000091,U000668,2026-01-09 20:07:00,168.00,paid,wechat,windows,上海市,上海市,regular
O000092,U000705,2026-01-09 09:00:00,744.00,paid,search,android,北京市,北京市,regular
O000093,U000742,2026-01-09 15:50:00,590.00,paid,douyin,ios,河南省,郑州市,regular
O000094,U000779,2026-01-09 16:26:00,194.00,paid,offline,windows,上海市,上海市,regular
O000095,U000816,2026-01-09 16:08:00,444.00,completed,jd,mac,上海市,上海市,regular
O000096,U000853,2026-01-09 18:59:00,1579.00,paid,taobao,android,北京市,北京市,new
O000097,U000890,2026-01-09 08:19:00,434.00,paid,search,windows,浙江省,杭州市,new
O000098,U000027,2026-01-09 17:35:00,165.00,paid,jd,mac,浙江省,杭州市,high_value
O000099,U000064,2026-01-09 12:40:00,779.00,completed,jd,windows,山东省,青岛市,high_value
O000100,U000101,2026-01-10 15:28:00,900.00,paid,taobao,windows,江苏省,南京市,high_value
O000101,U000138,2026-01-10 10:41:00,288.00,paid,offline,ios,湖北省,武汉市,member
O000102,U000175,2026-01-10 09:47:00,73.00,paid,taobao,android,福建省,厦门市,member
O000103,U000212,2026-01-10 12:02:00,69.00,paid,wechat,windows,四川省,成都市,member
O000104,U000249,2026-01-10 22:03:00,2629.00,paid,search,android,江苏省,南京市,member
O000105,U000286,2026-01-10 14:57:00,810.00,paid,search,mac,山东省,青岛市,member
O000106,U000323,2026-01-10 10:47:00,60.00,paid,douyin,android,湖北省,武汉市,member
O000107,U000360,2026-01-10 23:30:00,425.00,paid,wechat,android,山东省,青岛市,member
O000108,U000397,2026-01-10 21:05:00,818.00,paid,douyin,mac,江苏省,南京市,member
O000109,U000434,2026-01-10 09:56:00,608.00,paid,wechat,mac,北京市,北京市,regular
O000110,U000471,2026-01-10 19:33:00,214.00,paid,jd,mac,上海市,上海市,regular
O000111,U000508,2026-01-11 12:42:00,1159.00,paid,offline,android,河南省,郑州市,regular
O000112,U000545,2026-01-11 20:33:00,632.00,completed,douyin,windows,四川省,成都市,regular
O000113,U000582,2026-01-11 23:10:00,743.00,paid,taobao,windows,福建省,厦门市,regular
O000114,U000619,2026-01-11 18:28:00,286.00,paid,douyin,mac,上海市,上海市,regular
O000115,U000656,2026-01-11 16:15:00,452.00,paid,taobao,windows,四川省,成都市,regular
O000116,U000693,2026-01-11 20:55:00,352.00,paid,taobao,mac,浙江省,杭州市,regular
O000117,U000730,2026-01-11 10:18:00,844.00,paid,douyin,android,四川省,成都市,regular
O000118,U000767,2026-01-11 19:37:00,451.00,paid,jd,windows,湖北省,武汉市,regular
O000119,U000804,2026-01-11 13:46:00,544.00,paid,wechat,mac,上海市,上海市,regular
O000120,U000841,2026-01-11 08:12:00,464.00,paid,search,android,江苏省,南京市,new
O000121,U000878,2026-01-11 10:32:00,484.00,completed,douyin,mac,福建省,厦门市,new
O000122,U000015,2026-01-12 16:57:00,455.00,paid,search,mac,湖北省,武汉市,high_value
O000123,U000052,2026-01-12 18:46:00,266.00,paid,offline,android,北京市,北京市,high_value
O000124,U000089,2026-01-12 22:51:00,370.00,paid,jd,ios,湖北省,武汉市,high_value
O000125,U000126,2026-01-12 14:20:00,351.00,paid,search,android,浙江省,杭州市,member
O000126,U000163,2026-01-12 15:25:00,844.00,paid,wechat,mac,江苏省,南京市,member
O000127,U000200,2026-01-12 10:19:00,301.00,paid,search,ios,浙江省,杭州市,member
O000128,U000237,2026-01-12 10:28:00,867.00,paid,douyin,ios,江苏省,南京市,member
O000129,U000274,2026-01-12 08:14:00,248.00,cancelled,search,android,广东省,深圳市,member
O000130,U000311,2026-01-12 20:41:00,142.00,paid,jd,ios,上海市,上海市,member
O000131,U000348,2026-01-12 17:41:00,90.00,paid,jd,ios,北京市,北京市,member
O000132,U000385,2026-01-12 19:46:00,496.00,paid,search,ios,北京市,北京市,member
O000133,U000422,2026-01-13 22:28:00,649.00,paid,douyin,windows,湖北省,武汉市,regular
O000134,U000459,2026-01-13 20:05:00,709.00,completed,search,ios,湖北省,武汉市,regular
O000135,U000496,2026-01-13 19:38:00,1124.00,paid,jd,mac,湖北省,武汉市,regular
O000136,U000533,2026-01-13 10:24:00,1044.00,completed,wechat,ios,四川省,成都市,regular
O000137,U000570,2026-01-13 09:44:00,837.00,paid,offline,ios,江苏省,南京市,regular
O000138,U000607,2026-01-13 15:51:00,44.00,paid,jd,windows,湖北省,武汉市,regular
O000139,U000644,2026-01-13 17:03:00,248.00,paid,search,mac,山东省,青岛市,regular
O000140,U000681,2026-01-13 21:30:00,484.00,paid,search,windows,江苏省,南京市,regular
O000141,U000718,2026-01-13 13:30:00,469.00,paid,offline,mac,河南省,郑州市,regular
O000142,U000755,2026-01-13 17:56:00,226.00,cancelled,jd,windows,浙江省,杭州市,regular
O000143,U000792,2026-01-13 12:17:00,1356.00,paid,taobao,android,山东省,青岛市,regular
O000144,U000829,2026-01-14 14:31:00,269.00,paid,jd,windows,江苏省,南京市,new
O000145,U000866,2026-01-14 09:22:00,746.00,paid,jd,android,湖北省,武汉市,new
O000146,U000003,2026-01-14 08:16:00,890.00,completed,jd,ios,山东省,青岛市,high_value
O000147,U000040,2026-01-14 23:01:00,345.00,paid,wechat,windows,北京市,北京市,high_value
O000148,U000077,2026-01-14 22:12:00,674.00,paid,search,android,福建省,厦门市,high_value
O000149,U000114,2026-01-14 15:49:00,613.00,paid,wechat,windows,江苏省,南京市,high_value
O000150,U000151,2026-01-14 13:25:00,88.00,paid,jd,mac,福建省,厦门市,member
O000151,U000188,2026-01-14 08:54:00,384.00,paid,search,android,浙江省,杭州市,member
O000152,U000225,2026-01-14 11:08:00,534.00,paid,offline,ios,广东省,深圳市,member
O000153,U000262,2026-01-14 20:47:00,411.00,paid,search,mac,广东省,深圳市,member
O000154,U000299,2026-01-14 16:55:00,814.00,cancelled,taobao,ios,广东省,深圳市,member
O000155,U000336,2026-01-15 16:47:00,71.00,paid,search,mac,山东省,青岛市,member
O000156,U000373,2026-01-15 15:53:00,69.00,paid,douyin,ios,福建省,厦门市,member
O000157,U000410,2026-01-15 13:12:00,821.00,paid,douyin,mac,江苏省,南京市,member
O000158,U000447,2026-01-15 11:26:00,987.00,cancelled,search,ios,上海市,上海市,regular
O000159,U000484,2026-01-15 15:14:00,329.00,paid,jd,windows,河南省,郑州市,regular
O000160,U000521,2026-01-15 10:50:00,141.00,completed,taobao,mac,上海市,上海市,regular
O000161,U000558,2026-01-15 09:48:00,1207.00,paid,wechat,android,湖北省,武汉市,regular
O000162,U000595,2026-01-15 18:47:00,813.00,paid,taobao,mac,福建省,厦门市,regular
O000163,U000632,2026-01-15 19:51:00,153.00,paid,wechat,android,广东省,深圳市,regular
O000164,U000669,2026-01-15 10:56:00,108.00,completed,douyin,windows,北京市,北京市,regular
O000165,U000706,2026-01-15 21:33:00,158.00,cancelled,douyin,mac,福建省,厦门市,regular
O000166,U000743,2026-01-16 16:43:00,212.00,paid,jd,android,上海市,上海市,regular
O000167,U000780,2026-01-16 21:51:00,149.00,paid,search,android,浙江省,杭州市,regular
O000168,U000817,2026-01-16 20:58:00,1028.00,paid,offline,windows,四川省,成都市,regular
O000169,U000854,2026-01-16 14:07:00,422.00,completed,douyin,android,河南省,郑州市,new
O000170,U000891,2026-01-16 19:52:00,243.00,paid,jd,mac,北京市,北京市,new
O000171,U000028,2026-01-16 20:45:00,1529.00,completed,taobao,windows,四川省,成都市,high_value
O000172,U000065,2026-01-16 09:54:00,858.00,paid,offline,windows,北京市,北京市,high_value
O000173,U000102,2026-01-16 15:11:00,998.00,paid,douyin,mac,北京市,北京市,high_value
O000174,U000139,2026-01-16 20:50:00,1121.00,paid,wechat,windows,山东省,青岛市,member
O000175,U000176,2026-01-16 22:40:00,1230.00,paid,offline,android,湖北省,武汉市,member
O000176,U000213,2026-01-16 10:50:00,516.00,paid,douyin,ios,浙江省,杭州市,member
O000177,U000250,2026-01-17 08:42:00,258.00,completed,taobao,mac,上海市,上海市,member
O000178,U000287,2026-01-17 21:38:00,271.00,paid,taobao,ios,河南省,郑州市,member
O000179,U000324,2026-01-17 11:13:00,1119.00,paid,search,android,福建省,厦门市,member
O000180,U000361,2026-01-17 22:11:00,659.00,paid,search,windows,北京市,北京市,member
O000181,U000398,2026-01-17 19:59:00,196.00,paid,douyin,mac,河南省,郑州市,member
O000182,U000435,2026-01-17 09:42:00,162.00,paid,taobao,android,河南省,郑州市,regular
O000183,U000472,2026-01-17 16:14:00,1211.00,paid,douyin,ios,广东省,深圳市,regular
O000184,U000509,2026-01-17 21:15:00,106.00,cancelled,wechat,android,山东省,青岛市,regular
O000185,U000546,2026-01-17 14:35:00,3320.00,paid,wechat,mac,福建省,厦门市,regular
O000186,U000583,2026-01-17 15:21:00,309.00,completed,wechat,windows,江苏省,南京市,regular
O000187,U000620,2026-01-17 22:36:00,526.00,paid,taobao,windows,北京市,北京市,regular
O000188,U000657,2026-01-18 19:57:00,1788.00,paid,taobao,android,福建省,厦门市,regular
O000189,U000694,2026-01-18 23:41:00,732.00,paid,wechat,ios,浙江省,杭州市,regular
O000190,U000731,2026-01-18 22:30:00,141.00,completed,taobao,android,北京市,北京市,regular
O000191,U000768,2026-01-18 08:49:00,1144.00,completed,search,ios,河南省,郑州市,regular
O000192,U000805,2026-01-18 19:00:00,604.00,paid,search,mac,浙江省,杭州市,regular
O000193,U000842,2026-01-18 13:07:00,96.00,cancelled,taobao,windows,广东省,深圳市,new
O000194,U000879,2026-01-18 22:21:00,314.00,cancelled,douyin,android,广东省,深圳市,new
O000195,U000016,2026-01-18 23:21:00,38.00,completed,offline,ios,江苏省,南京市,high_value
O000196,U000053,2026-01-18 22:42:00,182.00,paid,search,ios,浙江省,杭州市,high_value
O000197,U000090,2026-01-18 22:41:00,967.00,paid,jd,android,北京市,北京市,high_value
O000198,U000127,2026-01-18 22:45:00,394.00,paid,wechat,windows,广东省,深圳市,member
O000199,U000164,2026-01-19 14:54:00,1132.00,paid,douyin,ios,上海市,上海市,member
O000200,U000201,2026-01-19 23:41:00,443.00,paid,wechat,mac,上海市,上海市,member
O000201,U000238,2026-01-19 19:25:00,1396.00,paid,douyin,ios,四川省,成都市,member
O000202,U000275,2026-01-19 08:18:00,632.00,paid,offline,windows,北京市,北京市,member
O000203,U000312,2026-01-19 16:27:00,451.00,completed,offline,android,湖北省,武汉市,member
O000204,U000349,2026-01-19 08:40:00,679.00,completed,offline,ios,浙江省,杭州市,member
O000205,U000386,2026-01-19 14:07:00,643.00,paid,taobao,windows,福建省,厦门市,member
O000206,U000423,2026-01-19 08:15:00,99.00,paid,taobao,windows,浙江省,杭州市,regular
O000207,U000460,2026-01-19 15:11:00,237.00,paid,douyin,ios,上海市,上海市,regular
O000208,U000497,2026-01-19 17:19:00,684.00,paid,taobao,android,江苏省,南京市,regular
O000209,U000534,2026-01-19 23:33:00,564.00,paid,search,ios,上海市,上海市,regular
O000210,U000571,2026-01-20 20:14:00,538.00,paid,douyin,mac,浙江省,杭州市,regular
O000211,U000608,2026-01-20 11:45:00,73.00,cancelled,wechat,android,河南省,郑州市,regular
O000212,U000645,2026-01-20 20:14:00,854.00,paid,wechat,android,山东省,青岛市,regular
O000213,U000682,2026-01-20 22:31:00,88.00,paid,search,windows,上海市,上海市,regular
O000214,U000719,2026-01-20 10:08:00,2745.00,paid,search,android,上海市,上海市,regular
O000215,U000756,2026-01-20 10:58:00,1027.00,paid,offline,windows,福建省,厦门市,regular
O000216,U000793,2026-01-20 14:51:00,1056.00,paid,jd,ios,河南省,郑州市,regular
O000217,U000830,2026-01-20 18:16:00,556.00,completed,jd,windows,浙江省,杭州市,new
O000218,U000867,2026-01-20 18:34:00,81.00,paid,douyin,android,江苏省,南京市,new
O000219,U000004,2026-01-20 18:33:00,923.00,paid,wechat,ios,四川省,成都市,high_value
O000220,U000041,2026-01-20 19:01:00,157.00,paid,taobao,mac,广东省,深圳市,high_value
O000221,U000078,2026-01-21 13:50:00,99.00,completed,search,mac,湖北省,武汉市,high_value
O000222,U000115,2026-01-21 19:36:00,446.00,paid,wechat,windows,江苏省,南京市,high_value
O000223,U000152,2026-01-21 21:43:00,385.00,paid,offline,mac,湖北省,武汉市,member
O000224,U000189,2026-01-21 15:51:00,554.00,paid,wechat,windows,上海市,上海市,member
O000225,U000226,2026-01-21 08:54:00,775.00,completed,search,mac,四川省,成都市,member
O000226,U000263,2026-01-21 18:23:00,128.00,paid,wechat,mac,山东省,青岛市,member
O000227,U000300,2026-01-21 12:05:00,967.00,paid,search,android,湖北省,武汉市,member
O000228,U000337,2026-01-21 09:59:00,477.00,paid,offline,mac,福建省,厦门市,member
O000229,U000374,2026-01-21 19:06:00,256.00,paid,douyin,android,山东省,青岛市,member
O000230,U000411,2026-01-21 08:26:00,728.00,completed,douyin,mac,江苏省,南京市,member
O000231,U000448,2026-01-21 10:39:00,448.00,paid,taobao,ios,江苏省,南京市,regular
O000232,U000485,2026-01-22 09:55:00,105.00,paid,search,windows,山东省,青岛市,regular
O000233,U000522,2026-01-22 10:27:00,169.00,paid,taobao,mac,河南省,郑州市,regular
O000234,U000559,2026-01-22 19:22:00,288.00,completed,search,mac,山东省,青岛市,regular
O000235,U000596,2026-01-22 10:32:00,415.00,cancelled,offline,mac,北京市,北京市,regular
O000236,U000633,2026-01-22 11:36:00,725.00,paid,search,ios,山东省,青岛市,regular
O000237,U000670,2026-01-22 13:20:00,369.00,paid,wechat,android,福建省,厦门市,regular
O000238,U000707,2026-01-22 22:04:00,258.00,paid,wechat,ios,浙江省,杭州市,regular
O000239,U000744,2026-01-22 23:16:00,304.00,completed,offline,windows,浙江省,杭州市,regular
O000240,U000781,2026-01-22 14:10:00,644.00,paid,wechat,android,广东省,深圳市,regular
O000241,U000818,2026-01-22 19:26:00,464.00,paid,jd,mac,河南省,郑州市,regular
O000242,U000855,2026-01-22 18:57:00,88.00,paid,douyin,mac,四川省,成都市,new
O000243,U000892,2026-01-23 22:59:00,228.00,paid,jd,windows,广东省,深圳市,new
O000244,U000029,2026-01-23 19:02:00,99.00,paid,wechat,windows,四川省,成都市,high_value
O000245,U000066,2026-01-23 15:47:00,88.00,paid,search,android,河南省,郑州市,high_value
O000246,U000103,2026-01-23 14:47:00,781.00,paid,wechat,ios,上海市,上海市,high_value
O000247,U000140,2026-01-23 22:16:00,421.00,paid,offline,ios,广东省,深圳市,member
O000248,U000177,2026-01-23 20:41:00,363.00,paid,offline,mac,北京市,北京市,member
O000249,U000214,2026-01-23 15:14:00,229.00,cancelled,douyin,ios,上海市,上海市,member
O000250,U000251,2026-01-23 09:32:00,77.00,paid,douyin,android,福建省,厦门市,member
O000251,U000288,2026-01-23 14:28:00,1821.00,paid,douyin,windows,湖北省,武汉市,member
O000252,U000325,2026-01-23 20:03:00,231.00,paid,taobao,mac,福建省,厦门市,member
O000253,U000362,2026-01-23 11:58:00,106.00,paid,taobao,ios,广东省,深圳市,member
O000254,U000399,2026-01-24 19:49:00,740.00,completed,offline,mac,江苏省,南京市,member
O000255,U000436,2026-01-24 19:30:00,833.00,paid,search,ios,河南省,郑州市,regular
O000256,U000473,2026-01-24 21:23:00,193.00,paid,douyin,android,河南省,郑州市,regular
O000257,U000510,2026-01-24 19:46:00,304.00,cancelled,douyin,ios,北京市,北京市,regular
O000258,U000547,2026-01-24 16:35:00,429.00,paid,search,android,湖北省,武汉市,regular
O000259,U000584,2026-01-24 17:31:00,442.00,paid,search,ios,江苏省,南京市,regular
O000260,U000621,2026-01-24 12:20:00,785.00,completed,jd,android,上海市,上海市,regular
O000261,U000658,2026-01-24 14:50:00,591.00,paid,search,android,江苏省,南京市,regular
O000262,U000695,2026-01-24 12:36:00,496.00,paid,wechat,mac,山东省,青岛市,regular
O000263,U000732,2026-01-24 17:36:00,716.00,paid,jd,android,河南省,郑州市,regular
O000264,U000769,2026-01-24 22:38:00,277.00,paid,taobao,ios,广东省,深圳市,regular
O000265,U000806,2026-01-25 13:51:00,1426.00,paid,jd,android,河南省,郑州市,regular
O000266,U000843,2026-01-25 13:06:00,1357.00,paid,wechat,mac,福建省,厦门市,new
O000267,U000880,2026-01-25 13:32:00,825.00,paid,search,windows,四川省,成都市,new
O000268,U000017,2026-01-25 18:38:00,592.00,cancelled,search,mac,河南省,郑州市,high_value
O000269,U000054,2026-01-25 23:17:00,144.00,paid,wechat,mac,福建省,厦门市,high_value
O000270,U000091,2026-01-25 22:08:00,191.00,paid,taobao,mac,福建省,厦门市,high_value
O000271,U000128,2026-01-25 14:37:00,378.00,paid,wechat,ios,江苏省,南京市,member
O000272,U000165,2026-01-25 15:59:00,302.00,paid,offline,ios,浙江省,杭州市,member
O000273,U000202,2026-01-25 19:30:00,471.00,paid,search,mac,山东省,青岛市,member
O000274,U000239,2026-01-25 15:21:00,142.00,paid,offline,windows,山东省,青岛市,member
O000275,U000276,2026-01-25 16:53:00,180.00,paid,taobao,ios,四川省,成都市,member
O000276,U000313,2026-01-26 20:22:00,499.00,paid,douyin,ios,上海市,上海市,member
O000277,U000350,2026-01-26 23:27:00,69.00,paid,taobao,windows,福建省,厦门市,member
O000278,U000387,2026-01-26 17:05:00,395.00,paid,jd,mac,河南省,郑州市,member
O000279,U000424,2026-01-26 13:09:00,188.00,completed,jd,mac,上海市,上海市,regular
O000280,U000461,2026-01-26 10:52:00,993.00,completed,offline,ios,福建省,厦门市,regular
O000281,U000498,2026-01-26 10:42:00,82.00,paid,jd,windows,山东省,青岛市,regular
O000282,U000535,2026-01-26 14:38:00,238.00,paid,offline,android,上海市,上海市,regular
O000283,U000572,2026-01-26 20:39:00,98.00,paid,search,ios,四川省,成都市,regular
O000284,U000609,2026-01-26 16:59:00,646.00,paid,offline,windows,浙江省,杭州市,regular
O000285,U000646,2026-01-26 23:38:00,302.00,paid,search,mac,浙江省,杭州市,regular
O000286,U000683,2026-01-26 13:48:00,288.00,paid,offline,windows,湖北省,武汉市,regular
O000287,U000720,2026-01-27 20:31:00,218.00,paid,wechat,ios,福建省,厦门市,regular
O000288,U000757,2026-01-27 22:41:00,805.00,paid,taobao,windows,广东省,深圳市,regular
O000289,U000794,2026-01-27 21:06:00,497.00,cancelled,taobao,ios,北京市,北京市,regular
O000290,U000831,2026-01-27 08:11:00,1401.00,cancelled,douyin,windows,浙江省,杭州市,new
O000291,U000868,2026-01-27 14:54:00,166.00,cancelled,wechat,android,上海市,上海市,new
O000292,U000005,2026-01-27 20:51:00,427.00,paid,wechat,mac,上海市,上海市,high_value
O000293,U000042,2026-01-27 21:52:00,592.00,completed,douyin,ios,湖北省,武汉市,high_value
O000294,U000079,2026-01-27 19:17:00,379.00,paid,douyin,ios,上海市,上海市,high_value
O000295,U000116,2026-01-27 22:56:00,307.00,paid,taobao,windows,河南省,郑州市,high_value
O000296,U000153,2026-01-27 21:35:00,88.00,paid,douyin,windows,河南省,郑州市,member
O000297,U000190,2026-01-27 22:18:00,323.00,paid,wechat,android,河南省,郑州市,member
O000298,U000227,2026-01-28 11:44:00,248.00,paid,offline,android,山东省,青岛市,member
O000299,U000264,2026-01-28 21:39:00,1145.00,paid,taobao,mac,江苏省,南京市,member
O000300,U000301,2026-01-28 14:00:00,618.00,paid,wechat,mac,湖北省,武汉市,member
O000301,U000338,2026-01-28 21:42:00,86.00,paid,taobao,android,上海市,上海市,member
O000302,U000375,2026-01-28 10:21:00,321.00,cancelled,taobao,ios,浙江省,杭州市,member
O000303,U000412,2026-01-28 12:50:00,379.00,paid,search,android,山东省,青岛市,member
O000304,U000449,2026-01-28 14:35:00,47.00,paid,wechat,android,上海市,上海市,regular
O000305,U000486,2026-01-28 16:59:00,395.00,paid,jd,android,山东省,青岛市,regular
O000306,U000523,2026-01-28 11:21:00,354.00,paid,taobao,windows,江苏省,南京市,regular
O000307,U000560,2026-01-28 14:45:00,87.00,paid,wechat,ios,山东省,青岛市,regular
O000308,U000597,2026-01-28 18:22:00,1099.00,paid,jd,ios,四川省,成都市,regular
O000309,U000634,2026-01-29 08:37:00,602.00,paid,taobao,mac,广东省,深圳市,regular
O000310,U000671,2026-01-29 21:23:00,1322.00,paid,jd,ios,河南省,郑州市,regular
O000311,U000708,2026-01-29 10:51:00,1075.00,paid,taobao,windows,北京市,北京市,regular
O000312,U000745,2026-01-29 19:31:00,58.00,completed,taobao,windows,四川省,成都市,regular
O000313,U000782,2026-01-29 23:57:00,649.00,paid,taobao,mac,湖北省,武汉市,regular
O000314,U000819,2026-01-29 21:48:00,496.00,paid,wechat,ios,广东省,深圳市,regular
O000315,U000856,2026-01-29 12:05:00,250.00,completed,wechat,windows,北京市,北京市,new
O000316,U000893,2026-01-29 16:13:00,125.00,paid,offline,windows,浙江省,杭州市,new
O000317,U000030,2026-01-29 18:57:00,604.00,completed,wechat,windows,福建省,厦门市,high_value
O000318,U000067,2026-01-29 19:23:00,70.00,paid,jd,mac,江苏省,南京市,high_value
O000319,U000104,2026-01-29 20:55:00,79.00,completed,wechat,android,福建省,厦门市,high_value
O000320,U000141,2026-01-30 12:13:00,1471.00,cancelled,taobao,ios,湖北省,武汉市,member
O000321,U000178,2026-01-30 10:59:00,368.00,paid,offline,android,浙江省,杭州市,member
O000322,U000215,2026-01-30 19:18:00,444.00,paid,taobao,mac,浙江省,杭州市,member
O000323,U000252,2026-01-30 10:53:00,860.00,completed,search,ios,湖北省,武汉市,member
O000324,U000289,2026-01-30 10:42:00,508.00,completed,douyin,mac,河南省,郑州市,member
O000325,U000326,2026-01-30 11:49:00,854.00,paid,search,windows,河南省,郑州市,member
O000326,U000363,2026-01-30 16:17:00,538.00,paid,wechat,ios,山东省,青岛市,member
O000327,U000400,2026-01-30 20:25:00,528.00,paid,wechat,mac,广东省,深圳市,member
O000328,U000437,2026-01-30 10:26:00,502.00,paid,wechat,windows,北京市,北京市,regular
O000329,U000474,2026-01-30 20:51:00,859.00,paid,search,ios,山东省,青岛市,regular
O000330,U000511,2026-01-30 10:19:00,60.00,cancelled,offline,ios,江苏省,南京市,regular
O000331,U000548,2026-01-31 14:47:00,691.00,paid,douyin,windows,浙江省,杭州市,regular
O000332,U000585,2026-01-31 18:36:00,88.00,paid,taobao,android,山东省,青岛市,regular
O000333,U000622,2026-01-31 12:03:00,86.00,paid,taobao,ios,河南省,郑州市,regular
O000334,U000659,2026-01-31 08:09:00,688.00,paid,taobao,mac,浙江省,杭州市,regular
O000335,U000696,2026-01-31 13:21:00,606.00,completed,search,ios,江苏省,南京市,regular
O000336,U000733,2026-01-31 15:07:00,217.00,paid,offline,mac,福建省,厦门市,regular
O000337,U000770,2026-01-31 20:08:00,102.00,paid,search,windows,江苏省,南京市,regular
O000338,U000807,2026-01-31 15:48:00,783.00,paid,wechat,windows,上海市,上海市,regular
O000339,U000844,2026-01-31 17:21:00,142.00,paid,taobao,ios,北京市,北京市,new
O000340,U000881,2026-01-31 19:21:00,388.00,paid,offline,android,北京市,北京市,new
O000341,U000018,2026-01-31 23:05:00,443.00,paid,wechat,android,山东省,青岛市,high_value
O000342,U000055,2026-02-01 15:07:00,482.00,completed,offline,windows,广东省,深圳市,high_value
O000343,U000092,2026-02-01 16:56:00,172.00,paid,search,mac,浙江省,杭州市,high_value
O000344,U000129,2026-02-01 22:35:00,759.00,paid,douyin,android,河南省,郑州市,member
O000345,U000166,2026-02-01 17:43:00,429.00,paid,taobao,mac,北京市,北京市,member
O000346,U000203,2026-02-01 17:02:00,650.00,paid,offline,windows,浙江省,杭州市,member
O000347,U000240,2026-02-01 17:26:00,1166.00,paid,taobao,windows,河南省,郑州市,member
O000348,U000277,2026-02-01 12:04:00,271.00,paid,taobao,ios,福建省,厦门市,member
O000349,U000314,2026-02-01 11:19:00,502.00,completed,douyin,android,浙江省,杭州市,member
O000350,U000351,2026-02-01 16:26:00,1434.00,paid,jd,windows,河南省,郑州市,member
O000351,U000388,2026-02-01 22:01:00,549.00,paid,offline,windows,河南省,郑州市,member
O000352,U000425,2026-02-01 11:18:00,216.00,paid,wechat,android,四川省,成都市,regular
O000353,U000462,2026-02-02 21:19:00,1267.00,paid,douyin,ios,北京市,北京市,regular
O000354,U000499,2026-02-02 23:12:00,794.00,completed,wechat,mac,河南省,郑州市,regular
O000355,U000536,2026-02-02 21:39:00,472.00,paid,taobao,windows,江苏省,南京市,regular
O000356,U000573,2026-02-02 20:46:00,362.00,completed,wechat,mac,北京市,北京市,regular
O000357,U000610,2026-02-02 20:03:00,91.00,cancelled,wechat,windows,湖北省,武汉市,regular
O000358,U000647,2026-02-02 21:12:00,1537.00,paid,taobao,android,北京市,北京市,regular
O000359,U000684,2026-02-02 12:04:00,594.00,completed,search,windows,浙江省,杭州市,regular
O000360,U000721,2026-02-02 11:24:00,1441.00,paid,douyin,android,四川省,成都市,regular
O000361,U000758,2026-02-02 08:33:00,827.00,completed,taobao,ios,四川省,成都市,regular
O000362,U000795,2026-02-02 08:18:00,1839.00,paid,taobao,windows,湖北省,武汉市,regular
O000363,U000832,2026-02-02 19:59:00,269.00,paid,jd,mac,四川省,成都市,new
O000364,U000869,2026-02-03 23:54:00,930.00,completed,offline,windows,四川省,成都市,new
O000365,U000006,2026-02-03 13:26:00,2673.00,paid,wechat,windows,江苏省,南京市,high_value
O000366,U000043,2026-02-03 19:16:00,598.00,cancelled,search,ios,河南省,郑州市,high_value
O000367,U000080,2026-02-03 20:32:00,230.00,paid,jd,android,广东省,深圳市,high_value
O000368,U000117,2026-02-03 21:48:00,751.00,paid,jd,mac,四川省,成都市,high_value
O000369,U000154,2026-02-03 10:03:00,2037.00,paid,taobao,android,浙江省,杭州市,member
O000370,U000191,2026-02-03 21:15:00,651.00,completed,taobao,ios,河南省,郑州市,member
O000371,U000228,2026-02-03 10:59:00,318.00,completed,search,mac,广东省,深圳市,member
O000372,U000265,2026-02-03 18:45:00,579.00,paid,taobao,android,山东省,青岛市,member
O000373,U000302,2026-02-03 23:55:00,380.00,paid,search,windows,浙江省,杭州市,member
O000374,U000339,2026-02-03 16:44:00,452.00,paid,wechat,mac,山东省,青岛市,member
O000375,U000376,2026-02-04 21:39:00,688.00,paid,wechat,windows,北京市,北京市,member
O000376,U000413,2026-02-04 11:06:00,302.00,paid,wechat,mac,四川省,成都市,member
O000377,U000450,2026-02-04 10:55:00,218.00,paid,wechat,windows,四川省,成都市,regular
O000378,U000487,2026-02-04 18:35:00,1261.00,paid,wechat,windows,广东省,深圳市,regular
O000379,U000524,2026-02-04 22:08:00,914.00,completed,offline,android,湖北省,武汉市,regular
O000380,U000561,2026-02-04 22:55:00,1005.00,paid,jd,windows,北京市,北京市,regular
O000381,U000598,2026-02-04 16:30:00,38.00,paid,taobao,windows,福建省,厦门市,regular
O000382,U000635,2026-02-04 17:23:00,470.00,completed,jd,windows,湖北省,武汉市,regular
O000383,U000672,2026-02-04 18:07:00,370.00,paid,search,windows,上海市,上海市,regular
O000384,U000709,2026-02-04 14:24:00,42.00,paid,offline,ios,江苏省,南京市,regular
O000385,U000746,2026-02-04 08:49:00,401.00,paid,taobao,windows,上海市,上海市,regular
O000386,U000783,2026-02-05 13:26:00,52.00,paid,search,windows,江苏省,南京市,regular
O000387,U000820,2026-02-05 08:24:00,291.00,paid,douyin,windows,上海市,上海市,regular
O000388,U000857,2026-02-05 18:10:00,341.00,paid,douyin,ios,山东省,青岛市,new
O000389,U000894,2026-02-05 21:42:00,423.00,cancelled,jd,windows,山东省,青岛市,new
O000390,U000031,2026-02-05 13:17:00,475.00,paid,douyin,mac,江苏省,南京市,high_value
O000391,U000068,2026-02-05 08:43:00,431.00,paid,taobao,windows,四川省,成都市,high_value
O000392,U000105,2026-02-05 22:35:00,291.00,paid,douyin,mac,四川省,成都市,high_value
O000393,U000142,2026-02-05 09:53:00,507.00,paid,wechat,ios,湖北省,武汉市,member
O000394,U000179,2026-02-05 14:32:00,505.00,paid,douyin,windows,四川省,成都市,member
O000395,U000216,2026-02-05 22:59:00,846.00,paid,jd,ios,山东省,青岛市,member
O000396,U000253,2026-02-05 21:00:00,332.00,paid,taobao,ios,上海市,上海市,member
O000397,U000290,2026-02-06 08:39:00,572.00,cancelled,offline,android,福建省,厦门市,member
O000398,U000327,2026-02-06 15:16:00,339.00,paid,wechat,mac,北京市,北京市,member
O000399,U000364,2026-02-06 10:38:00,664.00,paid,wechat,mac,江苏省,南京市,member
O000400,U000401,2026-02-06 18:30:00,642.00,paid,offline,android,浙江省,杭州市,member
O000401,U000438,2026-02-06 21:04:00,99.00,paid,douyin,windows,福建省,厦门市,regular
O000402,U000475,2026-02-06 20:21:00,479.00,paid,offline,ios,福建省,厦门市,regular
O000403,U000512,2026-02-06 15:31:00,486.00,paid,taobao,ios,浙江省,杭州市,regular
O000404,U000549,2026-02-06 09:20:00,103.00,paid,douyin,windows,福建省,厦门市,regular
O000405,U000586,2026-02-06 10:35:00,426.00,paid,jd,ios,山东省,青岛市,regular
O000406,U000623,2026-02-06 15:23:00,371.00,paid,wechat,android,江苏省,南京市,regular
O000407,U000660,2026-02-06 08:44:00,483.00,paid,jd,mac,上海市,上海市,regular
O000408,U000697,2026-02-07 15:53:00,142.00,paid,jd,ios,山东省,青岛市,regular
O000409,U000734,2026-02-07 19:13:00,1586.00,paid,jd,mac,江苏省,南京市,regular
O000410,U000771,2026-02-07 12:41:00,516.00,paid,offline,ios,四川省,成都市,regular
O000411,U000808,2026-02-07 19:01:00,171.00,completed,douyin,windows,江苏省,南京市,regular
O000412,U000845,2026-02-07 17:24:00,283.00,paid,search,mac,上海市,上海市,new
O000413,U000882,2026-02-07 10:09:00,432.00,paid,jd,mac,上海市,上海市,new
O000414,U000019,2026-02-07 19:13:00,905.00,paid,taobao,android,浙江省,杭州市,high_value
O000415,U000056,2026-02-07 16:13:00,152.00,paid,search,android,浙江省,杭州市,high_value
O000416,U000093,2026-02-07 19:36:00,260.00,paid,taobao,windows,湖北省,武汉市,high_value
O000417,U000130,2026-02-07 20:19:00,460.00,paid,douyin,android,北京市,北京市,member
O000418,U000167,2026-02-07 18:02:00,1359.00,paid,search,mac,广东省,深圳市,member
O000419,U000204,2026-02-08 22:36:00,421.00,paid,offline,ios,湖北省,武汉市,member
O000420,U000241,2026-02-08 21:46:00,650.00,paid,search,mac,江苏省,南京市,member
O000421,U000278,2026-02-08 17:23:00,565.00,completed,jd,android,湖北省,武汉市,member
O000422,U000315,2026-02-08 08:43:00,384.00,completed,douyin,android,江苏省,南京市,member
O000423,U000352,2026-02-08 23:01:00,432.00,paid,taobao,android,四川省,成都市,member
O000424,U000389,2026-02-08 13:46:00,1577.00,completed,jd,ios,广东省,深圳市,member
O000425,U000426,2026-02-08 14:07:00,994.00,paid,search,windows,广东省,深圳市,regular
O000426,U000463,2026-02-08 14:58:00,609.00,paid,offline,ios,浙江省,杭州市,regular
O000427,U000500,2026-02-08 15:14:00,586.00,completed,taobao,ios,河南省,郑州市,regular
O000428,U000537,2026-02-08 17:55:00,302.00,paid,taobao,android,山东省,青岛市,regular
O000429,U000574,2026-02-08 20:57:00,54.00,completed,search,ios,广东省,深圳市,regular
O000430,U000611,2026-02-09 21:09:00,519.00,paid,douyin,windows,河南省,郑州市,regular
O000431,U000648,2026-02-09 23:49:00,397.00,paid,search,mac,湖北省,武汉市,regular
O000432,U000685,2026-02-09 17:54:00,524.00,paid,offline,mac,山东省,青岛市,regular
O000433,U000722,2026-02-09 17:10:00,1047.00,paid,douyin,android,浙江省,杭州市,regular
O000434,U000759,2026-02-09 12:08:00,321.00,paid,search,windows,河南省,郑州市,regular
O000435,U000796,2026-02-09 10:20:00,370.00,cancelled,offline,android,浙江省,杭州市,regular
O000436,U000833,2026-02-09 11:38:00,806.00,paid,search,mac,福建省,厦门市,new
O000437,U000870,2026-02-09 13:54:00,1018.00,paid,wechat,ios,江苏省,南京市,new
O000438,U000007,2026-02-09 23:54:00,2090.00,paid,search,ios,江苏省,南京市,high_value
O000439,U000044,2026-02-09 23:10:00,73.00,completed,wechat,android,浙江省,杭州市,high_value
O000440,U000081,2026-02-09 12:38:00,69.00,paid,search,android,广东省,深圳市,high_value
O000441,U000118,2026-02-10 08:11:00,39.00,cancelled,offline,ios,广东省,深圳市,high_value
O000442,U000155,2026-02-10 11:25:00,629.00,paid,wechat,windows,四川省,成都市,member
O000443,U000192,2026-02-10 18:53:00,108.00,paid,jd,mac,山东省,青岛市,member
O000444,U000229,2026-02-10 14:47:00,128.00,paid,douyin,ios,江苏省,南京市,member
O000445,U000266,2026-02-10 11:05:00,1007.00,paid,search,windows,湖北省,武汉市,member
O000446,U000303,2026-02-10 18:21:00,1552.00,completed,offline,android,北京市,北京市,member
O000447,U000340,2026-02-10 14:17:00,42.00,paid,offline,windows,江苏省,南京市,member
O000448,U000377,2026-02-10 09:06:00,1063.00,cancelled,taobao,windows,四川省,成都市,member
O000449,U000414,2026-02-10 22:06:00,232.00,paid,douyin,android,四川省,成都市,member
O000450,U000451,2026-02-10 22:30:00,633.00,paid,jd,mac,湖北省,武汉市,regular
O000451,U000488,2026-02-10 09:18:00,748.00,paid,taobao,ios,北京市,北京市,regular
O000452,U000525,2026-02-11 20:11:00,157.00,paid,taobao,mac,广东省,深圳市,regular
O000453,U000562,2026-02-11 08:39:00,286.00,paid,offline,windows,四川省,成都市,regular
O000454,U000599,2026-02-11 12:07:00,128.00,paid,wechat,android,北京市,北京市,regular
O000455,U000636,2026-02-11 22:42:00,1321.00,paid,offline,ios,北京市,北京市,regular
O000456,U000673,2026-02-11 17:29:00,1499.00,paid,taobao,windows,广东省,深圳市,regular
O000457,U000710,2026-02-11 15:29:00,733.00,paid,search,mac,四川省,成都市,regular
O000458,U000747,2026-02-11 08:05:00,332.00,paid,search,windows,福建省,厦门市,regular
O000459,U000784,2026-02-11 20:20:00,271.00,completed,search,android,江苏省,南京市,regular
O000460,U000821,2026-02-11 12:45:00,157.00,paid,douyin,ios,山东省,青岛市,new
O000461,U000858,2026-02-11 13:36:00,837.00,paid,offline,android,上海市,上海市,new
O000462,U000895,2026-02-11 13:26:00,559.00,paid,douyin,windows,江苏省,南京市,new
O000463,U000032,2026-02-12 19:17:00,801.00,paid,offline,android,四川省,成都市,high_value
O000464,U000069,2026-02-12 21:40:00,981.00,cancelled,wechat,android,河南省,郑州市,high_value
O000465,U000106,2026-02-12 11:22:00,371.00,completed,offline,android,广东省,深圳市,high_value
O000466,U000143,2026-02-12 14:55:00,567.00,paid,offline,windows,北京市,北京市,member
O000467,U000180,2026-02-12 15:15:00,818.00,paid,taobao,windows,河南省,郑州市,member
O000468,U000217,2026-02-12 22:32:00,169.00,paid,offline,android,广东省,深圳市,member
O000469,U000254,2026-02-12 17:04:00,375.00,completed,jd,ios,上海市,上海市,member
O000470,U000291,2026-02-12 21:31:00,776.00,paid,jd,mac,四川省,成都市,member
O000471,U000328,2026-02-12 13:13:00,752.00,completed,jd,mac,湖北省,武汉市,member
O000472,U000365,2026-02-12 23:24:00,899.00,paid,wechat,ios,四川省,成都市,member
O000473,U000402,2026-02-12 08:55:00,1081.00,completed,search,mac,福建省,厦门市,member
O000474,U000439,2026-02-13 17:35:00,260.00,paid,wechat,mac,福建省,厦门市,regular
O000475,U000476,2026-02-13 13:15:00,1147.00,paid,jd,windows,浙江省,杭州市,regular
O000476,U000513,2026-02-13 23:46:00,995.00,paid,douyin,windows,四川省,成都市,regular
O000477,U000550,2026-02-13 16:25:00,280.00,paid,offline,android,河南省,郑州市,regular
O000478,U000587,2026-02-13 15:09:00,71.00,paid,wechat,ios,湖北省,武汉市,regular
O000479,U000624,2026-02-13 21:19:00,176.00,paid,taobao,mac,湖北省,武汉市,regular
O000480,U000661,2026-02-13 15:24:00,333.00,paid,search,windows,福建省,厦门市,regular
O000481,U000698,2026-02-13 21:58:00,84.00,paid,taobao,android,山东省,青岛市,regular
O000482,U000735,2026-02-13 13:23:00,676.00,paid,wechat,ios,山东省,青岛市,regular
O000483,U000772,2026-02-13 12:18:00,533.00,paid,search,windows,福建省,厦门市,regular
O000484,U000809,2026-02-13 14:26:00,1172.00,paid,douyin,ios,福建省,厦门市,regular
O000485,U000846,2026-02-14 18:35:00,856.00,paid,offline,mac,山东省,青岛市,new
O000486,U000883,2026-02-14 08:44:00,151.00,paid,jd,ios,湖北省,武汉市,new
O000487,U000020,2026-02-14 10:03:00,381.00,cancelled,douyin,ios,江苏省,南京市,high_value
O000488,U000057,2026-02-14 20:45:00,1009.00,paid,douyin,android,北京市,北京市,high_value
O000489,U000094,2026-02-14 13:41:00,787.00,paid,wechat,ios,上海市,上海市,high_value
O000490,U000131,2026-02-14 22:10:00,444.00,paid,taobao,mac,湖北省,武汉市,member
O000491,U000168,2026-02-14 22:45:00,233.00,completed,offline,android,上海市,上海市,member
O000492,U000205,2026-02-14 09:02:00,199.00,completed,search,windows,山东省,青岛市,member
O000493,U000242,2026-02-14 17:10:00,785.00,paid,offline,ios,山东省,青岛市,member
O000494,U000279,2026-02-14 10:56:00,346.00,paid,offline,android,浙江省,杭州市,member
O000495,U000316,2026-02-14 09:56:00,1017.00,paid,taobao,mac,河南省,郑州市,member
O000496,U000353,2026-02-15 09:28:00,279.00,completed,wechat,windows,河南省,郑州市,member
O000497,U000390,2026-02-15 13:20:00,303.00,completed,jd,android,上海市,上海市,member
O000498,U000427,2026-02-15 22:58:00,280.00,paid,search,ios,福建省,厦门市,regular
O000499,U000464,2026-02-15 12:19:00,804.00,paid,search,android,浙江省,杭州市,regular
O000500,U000501,2026-02-15 17:10:00,953.00,cancelled,wechat,ios,浙江省,杭州市,regular
O000501,U000538,2026-02-15 23:51:00,165.00,paid,offline,android,山东省,青岛市,regular
O000502,U000575,2026-02-15 16:35:00,70.00,completed,wechat,windows,上海市,上海市,regular
O000503,U000612,2026-02-15 15:17:00,696.00,paid,search,windows,四川省,成都市,regular
O000504,U000649,2026-02-15 22:56:00,794.00,completed,wechat,windows,福建省,厦门市,regular
O000505,U000686,2026-02-15 22:45:00,363.00,paid,taobao,windows,四川省,成都市,regular
O000506,U000723,2026-02-15 15:16:00,815.00,cancelled,taobao,mac,上海市,上海市,regular
O000507,U000760,2026-02-16 09:58:00,226.00,paid,search,windows,北京市,北京市,regular
O000508,U000797,2026-02-16 15:17:00,795.00,paid,taobao,windows,山东省,青岛市,regular
O000509,U000834,2026-02-16 18:39:00,364.00,paid,offline,mac,山东省,青岛市,new
O000510,U000871,2026-02-16 22:28:00,73.00,paid,wechat,windows,广东省,深圳市,new
O000511,U000008,2026-02-16 21:21:00,591.00,completed,wechat,mac,江苏省,南京市,high_value
O000512,U000045,2026-02-16 08:30:00,990.00,paid,search,windows,福建省,厦门市,high_value
O000513,U000082,2026-02-16 12:58:00,121.00,paid,offline,windows,上海市,上海市,high_value
O000514,U000119,2026-02-16 16:31:00,256.00,paid,wechat,windows,河南省,郑州市,high_value
O000515,U000156,2026-02-16 19:31:00,212.00,paid,douyin,mac,浙江省,杭州市,member
O000516,U000193,2026-02-16 23:48:00,200.00,paid,offline,ios,江苏省,南京市,member
O000517,U000230,2026-02-16 19:47:00,463.00,completed,search,ios,山东省,青岛市,member
O000518,U000267,2026-02-17 08:39:00,947.00,paid,jd,android,四川省,成都市,member
O000519,U000304,2026-02-17 18:45:00,865.00,paid,offline,mac,湖北省,武汉市,member
O000520,U000341,2026-02-17 20:18:00,404.00,paid,search,ios,江苏省,南京市,member
O000521,U000378,2026-02-17 10:33:00,971.00,completed,jd,ios,浙江省,杭州市,member
O000522,U000415,2026-02-17 11:04:00,155.00,paid,search,windows,浙江省,杭州市,member
O000523,U000452,2026-02-17 23:45:00,260.00,paid,douyin,mac,江苏省,南京市,regular
O000524,U000489,2026-02-17 21:19:00,2786.00,paid,search,mac,浙江省,杭州市,regular
O000525,U000526,2026-02-17 22:05:00,794.00,paid,search,android,浙江省,杭州市,regular
O000526,U000563,2026-02-17 23:18:00,1246.00,paid,taobao,android,山东省,青岛市,regular
O000527,U000600,2026-02-17 20:36:00,158.00,paid,offline,mac,上海市,上海市,regular
O000528,U000637,2026-02-17 22:11:00,266.00,completed,jd,windows,江苏省,南京市,regular
O000529,U000674,2026-02-18 17:25:00,870.00,paid,douyin,mac,江苏省,南京市,regular
O000530,U000711,2026-02-18 08:58:00,644.00,paid,douyin,windows,上海市,上海市,regular
O000531,U000748,2026-02-18 13:10:00,202.00,paid,search,windows,江苏省,南京市,regular
O000532,U000785,2026-02-18 10:21:00,769.00,paid,douyin,ios,江苏省,南京市,regular
O000533,U000822,2026-02-18 23:12:00,233.00,paid,taobao,mac,四川省,成都市,new
O000534,U000859,2026-02-18 08:57:00,76.00,paid,offline,ios,广东省,深圳市,new
O000535,U000896,2026-02-18 16:00:00,744.00,completed,search,android,湖北省,武汉市,new
O000536,U000033,2026-02-18 16:36:00,58.00,cancelled,offline,mac,北京市,北京市,high_value
O000537,U000070,2026-02-18 12:31:00,428.00,paid,search,ios,广东省,深圳市,high_value
O000538,U000107,2026-02-18 16:11:00,756.00,paid,douyin,android,北京市,北京市,high_value
O000539,U000144,2026-02-18 10:24:00,688.00,paid,search,windows,广东省,深圳市,member
O000540,U000181,2026-02-19 15:24:00,135.00,paid,taobao,android,四川省,成都市,member
O000541,U000218,2026-02-19 21:39:00,439.00,paid,search,android,湖北省,武汉市,member
O000542,U000255,2026-02-19 13:34:00,534.00,paid,taobao,mac,湖北省,武汉市,member
O000543,U000292,2026-02-19 22:22:00,818.00,paid,douyin,android,福建省,厦门市,member
O000544,U000329,2026-02-19 16:03:00,69.00,paid,wechat,ios,上海市,上海市,member
O000545,U000366,2026-02-19 11:29:00,601.00,completed,taobao,android,上海市,上海市,member
O000546,U000403,2026-02-19 19:06:00,1585.00,paid,search,windows,湖北省,武汉市,member
O000547,U000440,2026-02-19 17:40:00,1333.00,paid,offline,android,河南省,郑州市,regular
O000548,U000477,2026-02-19 20:02:00,956.00,cancelled,search,windows,广东省,深圳市,regular
O000549,U000514,2026-02-19 10:33:00,173.00,paid,taobao,mac,山东省,青岛市,regular
O000550,U000551,2026-02-19 12:13:00,662.00,completed,search,android,湖北省,武汉市,regular
O000551,U000588,2026-02-20 22:08:00,933.00,completed,search,android,上海市,上海市,regular
O000552,U000625,2026-02-20 23:05:00,661.00,completed,search,android,上海市,上海市,regular
O000553,U000662,2026-02-20 16:35:00,270.00,paid,offline,mac,湖北省,武汉市,regular
O000554,U000699,2026-02-20 18:52:00,112.00,completed,douyin,android,北京市,北京市,regular
O000555,U000736,2026-02-20 15:56:00,232.00,cancelled,taobao,android,河南省,郑州市,regular
O000556,U000773,2026-02-20 12:58:00,638.00,completed,jd,android,上海市,上海市,regular
O000557,U000810,2026-02-20 10:03:00,53.00,cancelled,taobao,ios,四川省,成都市,regular
O000558,U000847,2026-02-20 13:45:00,486.00,paid,wechat,android,浙江省,杭州市,new
O000559,U000884,2026-02-20 22:11:00,398.00,paid,jd,mac,福建省,厦门市,new
O000560,U000021,2026-02-20 23:14:00,160.00,paid,wechat,ios,山东省,青岛市,high_value
O000561,U000058,2026-02-20 12:46:00,462.00,paid,offline,windows,四川省,成都市,high_value
O000562,U000095,2026-02-21 10:45:00,121.00,paid,douyin,ios,广东省,深圳市,high_value
O000563,U000132,2026-02-21 21:05:00,816.00,paid,search,android,广东省,深圳市,member
O000564,U000169,2026-02-21 14:14:00,2934.00,paid,wechat,ios,福建省,厦门市,member
O000565,U000206,2026-02-21 20:14:00,284.00,paid,douyin,mac,江苏省,南京市,member
O000566,U000243,2026-02-21 16:24:00,41.00,paid,taobao,ios,广东省,深圳市,member
O000567,U000280,2026-02-21 18:45:00,1550.00,paid,wechat,windows,江苏省,南京市,member
O000568,U000317,2026-02-21 18:39:00,416.00,paid,offline,ios,广东省,深圳市,member
O000569,U000354,2026-02-21 18:35:00,890.00,completed,douyin,mac,上海市,上海市,member
O000570,U000391,2026-02-21 14:00:00,636.00,paid,search,mac,江苏省,南京市,member
O000571,U000428,2026-02-21 15:42:00,173.00,paid,search,mac,浙江省,杭州市,regular
O000572,U000465,2026-02-21 15:21:00,227.00,completed,search,android,山东省,青岛市,regular
O000573,U000502,2026-02-22 19:51:00,613.00,completed,offline,android,浙江省,杭州市,regular
O000574,U000539,2026-02-22 16:38:00,515.00,completed,taobao,ios,北京市,北京市,regular
O000575,U000576,2026-02-22 09:58:00,571.00,completed,offline,android,福建省,厦门市,regular
O000576,U000613,2026-02-22 17:36:00,1172.00,completed,search,windows,江苏省,南京市,regular
O000577,U000650,2026-02-22 15:48:00,441.00,paid,search,android,上海市,上海市,regular
O000578,U000687,2026-02-22 23:30:00,695.00,paid,taobao,android,北京市,北京市,regular
O000579,U000724,2026-02-22 16:40:00,614.00,cancelled,douyin,mac,河南省,郑州市,regular
O000580,U000761,2026-02-22 15:43:00,359.00,completed,jd,windows,福建省,厦门市,regular
O000581,U000798,2026-02-22 18:13:00,91.00,completed,douyin,ios,江苏省,南京市,regular
O000582,U000835,2026-02-22 12:14:00,1233.00,paid,search,ios,四川省,成都市,new
O000583,U000872,2026-02-22 13:47:00,436.00,paid,jd,android,浙江省,杭州市,new
O000584,U000009,2026-02-23 18:46:00,792.00,paid,taobao,ios,江苏省,南京市,high_value
O000585,U000046,2026-02-23 10:52:00,437.00,paid,search,mac,湖北省,武汉市,high_value
O000586,U000083,2026-02-23 12:35:00,361.00,paid,douyin,windows,浙江省,杭州市,high_value
O000587,U000120,2026-02-23 13:28:00,377.00,paid,jd,windows,广东省,深圳市,high_value
O000588,U000157,2026-02-23 22:22:00,368.00,completed,wechat,ios,上海市,上海市,member
O000589,U000194,2026-02-23 21:10:00,720.00,paid,wechat,mac,河南省,郑州市,member
O000590,U000231,2026-02-23 21:58:00,660.00,paid,taobao,android,福建省,厦门市,member
O000591,U000268,2026-02-23 12:21:00,768.00,paid,douyin,android,江苏省,南京市,member
O000592,U000305,2026-02-23 10:45:00,516.00,completed,douyin,ios,上海市,上海市,member
O000593,U000342,2026-02-23 20:17:00,593.00,paid,wechat,mac,福建省,厦门市,member
O000594,U000379,2026-02-23 09:55:00,501.00,paid,search,mac,江苏省,南京市,member
O000595,U000416,2026-02-24 14:30:00,112.00,paid,search,ios,浙江省,杭州市,member
O000596,U000453,2026-02-24 21:37:00,39.00,cancelled,douyin,android,四川省,成都市,regular
O000597,U000490,2026-02-24 16:21:00,513.00,paid,search,mac,山东省,青岛市,regular
O000598,U000527,2026-02-24 09:55:00,136.00,paid,wechat,android,江苏省,南京市,regular
O000599,U000564,2026-02-24 17:59:00,577.00,cancelled,search,ios,北京市,北京市,regular
O000600,U000601,2026-02-24 14:41:00,481.00,paid,douyin,ios,江苏省,南京市,regular
O000601,U000638,2026-02-24 14:32:00,905.00,paid,search,windows,上海市,上海市,regular
O000602,U000675,2026-02-24 13:38:00,166.00,completed,search,windows,北京市,北京市,regular
O000603,U000712,2026-02-24 12:04:00,511.00,paid,search,mac,江苏省,南京市,regular
O000604,U000749,2026-02-24 10:37:00,581.00,cancelled,offline,windows,山东省,青岛市,regular
O000605,U000786,2026-02-24 18:34:00,176.00,paid,douyin,windows,浙江省,杭州市,regular
O000606,U000823,2026-02-25 18:26:00,161.00,completed,search,ios,广东省,深圳市,new
O000607,U000860,2026-02-25 18:24:00,452.00,paid,wechat,android,江苏省,南京市,new
O000608,U000897,2026-02-25 20:38:00,568.00,paid,jd,mac,福建省,厦门市,new
O000609,U000034,2026-02-25 17:25:00,651.00,completed,taobao,windows,北京市,北京市,high_value
O000610,U000071,2026-02-25 18:52:00,963.00,paid,search,android,北京市,北京市,high_value
O000611,U000108,2026-02-25 08:12:00,1076.00,completed,douyin,mac,福建省,厦门市,high_value
O000612,U000145,2026-02-25 15:47:00,642.00,paid,jd,ios,江苏省,南京市,member
O000613,U000182,2026-02-25 17:18:00,922.00,paid,taobao,android,河南省,郑州市,member
O000614,U000219,2026-02-25 09:51:00,421.00,paid,offline,mac,湖北省,武汉市,member
O000615,U000256,2026-02-25 12:09:00,737.00,paid,search,android,湖北省,武汉市,member
O000616,U000293,2026-02-25 15:37:00,571.00,paid,wechat,android,广东省,深圳市,member
O000617,U000330,2026-02-26 08:23:00,451.00,cancelled,offline,ios,河南省,郑州市,member
O000618,U000367,2026-02-26 09:50:00,350.00,paid,douyin,ios,江苏省,南京市,member
O000619,U000404,2026-02-26 13:49:00,328.00,paid,taobao,mac,广东省,深圳市,member
O000620,U000441,2026-02-26 10:22:00,736.00,paid,taobao,android,江苏省,南京市,regular
O000621,U000478,2026-02-26 16:38:00,73.00,paid,jd,android,北京市,北京市,regular
O000622,U000515,2026-02-26 14:59:00,826.00,paid,taobao,ios,上海市,上海市,regular
O000623,U000552,2026-02-26 14:10:00,83.00,paid,taobao,windows,四川省,成都市,regular
O000624,U000589,2026-02-26 20:59:00,1598.00,paid,taobao,windows,河南省,郑州市,regular
O000625,U000626,2026-02-26 17:41:00,296.00,paid,taobao,windows,上海市,上海市,regular
O000626,U000663,2026-02-26 16:18:00,336.00,paid,jd,mac,上海市,上海市,regular
O000627,U000700,2026-02-26 11:45:00,351.00,paid,taobao,ios,广东省,深圳市,regular
O000628,U000737,2026-02-27 13:27:00,2388.00,paid,taobao,ios,上海市,上海市,regular
O000629,U000774,2026-02-27 13:33:00,477.00,completed,search,mac,湖北省,武汉市,regular
O000630,U000811,2026-02-27 08:05:00,534.00,paid,taobao,mac,四川省,成都市,regular
O000631,U000848,2026-02-27 09:21:00,239.00,paid,wechat,android,江苏省,南京市,new
O000632,U000885,2026-02-27 22:09:00,73.00,paid,taobao,mac,江苏省,南京市,new
O000633,U000022,2026-02-27 23:35:00,289.00,paid,jd,ios,江苏省,南京市,high_value
O000634,U000059,2026-02-27 13:01:00,246.00,completed,search,mac,湖北省,武汉市,high_value
O000635,U000096,2026-02-27 08:35:00,778.00,paid,douyin,mac,四川省,成都市,high_value
O000636,U000133,2026-02-27 14:07:00,664.00,completed,douyin,ios,广东省,深圳市,member
O000637,U000170,2026-02-27 11:10:00,123.00,completed,jd,android,山东省,青岛市,member
O000638,U000207,2026-02-27 19:54:00,430.00,paid,taobao,mac,四川省,成都市,member
O000639,U000244,2026-02-28 10:56:00,511.00,paid,douyin,mac,河南省,郑州市,member
O000640,U000281,2026-02-28 15:05:00,148.00,paid,wechat,android,湖北省,武汉市,member
O000641,U000318,2026-02-28 08:04:00,197.00,paid,douyin,windows,四川省,成都市,member
O000642,U000355,2026-02-28 14:46:00,160.00,completed,taobao,windows,浙江省,杭州市,member
O000643,U000392,2026-02-28 17:59:00,740.00,paid,offline,mac,河南省,郑州市,member
O000644,U000429,2026-02-28 23:51:00,828.00,paid,jd,mac,四川省,成都市,regular
O000645,U000466,2026-02-28 08:49:00,452.00,paid,offline,mac,河南省,郑州市,regular
O000646,U000503,2026-02-28 14:18:00,154.00,paid,douyin,windows,浙江省,杭州市,regular
O000647,U000540,2026-02-28 18:46:00,1007.00,paid,search,android,河南省,郑州市,regular
O000648,U000577,2026-02-28 09:41:00,632.00,paid,search,android,湖北省,武汉市,regular
O000649,U000614,2026-02-28 23:16:00,1033.00,paid,jd,android,北京市,北京市,regular
O000650,U000651,2026-03-01 16:21:00,73.00,completed,jd,android,江苏省,南京市,regular
O000651,U000688,2026-03-01 08:47:00,150.00,completed,wechat,ios,福建省,厦门市,regular
O000652,U000725,2026-03-01 12:15:00,71.00,paid,offline,ios,山东省,青岛市,regular
O000653,U000762,2026-03-01 15:05:00,736.00,cancelled,taobao,windows,湖北省,武汉市,regular
O000654,U000799,2026-03-01 12:59:00,480.00,paid,douyin,mac,湖北省,武汉市,regular
O000655,U000836,2026-03-01 22:48:00,290.00,paid,taobao,windows,上海市,上海市,new
O000656,U000873,2026-03-01 19:26:00,55.00,paid,wechat,ios,四川省,成都市,new
O000657,U000010,2026-03-01 18:59:00,2922.00,paid,taobao,android,浙江省,杭州市,high_value
O000658,U000047,2026-03-01 23:40:00,377.00,paid,search,ios,河南省,郑州市,high_value
O000659,U000084,2026-03-01 08:54:00,330.00,paid,taobao,windows,河南省,郑州市,high_value
O000660,U000121,2026-03-01 09:03:00,966.00,paid,jd,windows,上海市,上海市,member
O000661,U000158,2026-03-02 19:28:00,64.00,paid,taobao,windows,四川省,成都市,member
O000662,U000195,2026-03-02 13:09:00,326.00,paid,offline,android,四川省,成都市,member
O000663,U000232,2026-03-02 21:51:00,352.00,paid,jd,ios,江苏省,南京市,member
O000664,U000269,2026-03-02 13:09:00,527.00,paid,douyin,windows,山东省,青岛市,member
O000665,U000306,2026-03-02 09:44:00,242.00,paid,douyin,ios,福建省,厦门市,member
O000666,U000343,2026-03-02 16:20:00,81.00,paid,offline,android,江苏省,南京市,member
O000667,U000380,2026-03-02 18:02:00,443.00,paid,offline,windows,湖北省,武汉市,member
O000668,U000417,2026-03-02 22:20:00,592.00,paid,wechat,ios,北京市,北京市,member
O000669,U000454,2026-03-02 10:31:00,230.00,paid,douyin,mac,河南省,郑州市,regular
O000670,U000491,2026-03-02 12:46:00,499.00,paid,offline,windows,浙江省,杭州市,regular
O000671,U000528,2026-03-02 14:11:00,1348.00,paid,offline,mac,广东省,深圳市,regular
O000672,U000565,2026-03-03 10:10:00,344.00,paid,wechat,windows,河南省,郑州市,regular
O000673,U000602,2026-03-03 13:45:00,1092.00,paid,jd,windows,湖北省,武汉市,regular
O000674,U000639,2026-03-03 23:45:00,560.00,paid,offline,ios,上海市,上海市,regular
O000675,U000676,2026-03-03 22:15:00,664.00,paid,jd,android,河南省,郑州市,regular
O000676,U000713,2026-03-03 11:37:00,437.00,paid,taobao,android,广东省,深圳市,regular
O000677,U000750,2026-03-03 10:22:00,83.00,paid,search,windows,福建省,厦门市,regular
O000678,U000787,2026-03-03 23:16:00,133.00,paid,taobao,mac,江苏省,南京市,regular
O000679,U000824,2026-03-03 17:49:00,161.00,completed,offline,windows,上海市,上海市,new
O000680,U000861,2026-03-03 21:23:00,503.00,paid,jd,android,湖北省,武汉市,new
O000681,U000898,2026-03-03 17:58:00,333.00,cancelled,offline,ios,山东省,青岛市,new
O000682,U000035,2026-03-03 11:47:00,105.00,paid,wechat,android,山东省,青岛市,high_value
O000683,U000072,2026-03-04 23:00:00,629.00,completed,wechat,ios,四川省,成都市,high_value
O000684,U000109,2026-03-04 19:59:00,1806.00,paid,search,mac,上海市,上海市,high_value
O000685,U000146,2026-03-04 22:09:00,548.00,paid,search,mac,浙江省,杭州市,member
O000686,U000183,2026-03-04 20:44:00,362.00,paid,taobao,android,山东省,青岛市,member
O000687,U000220,2026-03-04 15:05:00,582.00,paid,douyin,mac,广东省,深圳市,member
O000688,U000257,2026-03-04 08:07:00,332.00,paid,taobao,mac,河南省,郑州市,member
O000689,U000294,2026-03-04 18:12:00,120.00,completed,taobao,android,广东省,深圳市,member
O000690,U000331,2026-03-04 11:26:00,1061.00,paid,search,ios,福建省,厦门市,member
O000691,U000368,2026-03-04 09:06:00,480.00,cancelled,taobao,mac,广东省,深圳市,member
O000692,U000405,2026-03-04 22:56:00,405.00,paid,jd,windows,福建省,厦门市,member
O000693,U000442,2026-03-04 23:40:00,928.00,paid,wechat,ios,湖北省,武汉市,regular
O000694,U000479,2026-03-05 09:08:00,428.00,completed,taobao,windows,湖北省,武汉市,regular
O000695,U000516,2026-03-05 15:53:00,1392.00,completed,wechat,windows,广东省,深圳市,regular
O000696,U000553,2026-03-05 18:21:00,940.00,paid,search,windows,四川省,成都市,regular
O000697,U000590,2026-03-05 17:50:00,288.00,paid,search,windows,江苏省,南京市,regular
O000698,U000627,2026-03-05 19:39:00,619.00,paid,taobao,android,福建省,厦门市,regular
O000699,U000664,2026-03-05 11:54:00,96.00,paid,offline,mac,山东省,青岛市,regular
O000700,U000701,2026-03-05 20:00:00,812.00,paid,jd,ios,福建省,厦门市,regular
O000701,U000738,2026-03-05 20:22:00,73.00,paid,wechat,mac,浙江省,杭州市,regular
O000702,U000775,2026-03-05 12:08:00,357.00,paid,taobao,mac,江苏省,南京市,regular
O000703,U000812,2026-03-05 12:50:00,1180.00,paid,douyin,android,湖北省,武汉市,regular
O000704,U000849,2026-03-05 19:33:00,217.00,paid,taobao,windows,四川省,成都市,new
O000705,U000886,2026-03-06 10:33:00,47.00,paid,offline,android,山东省,青岛市,new
O000706,U000023,2026-03-06 10:07:00,369.00,paid,jd,windows,湖北省,武汉市,high_value
O000707,U000060,2026-03-06 16:05:00,223.00,completed,wechat,android,上海市,上海市,high_value
O000708,U000097,2026-03-06 21:37:00,154.00,paid,taobao,ios,福建省,厦门市,high_value
O000709,U000134,2026-03-06 14:27:00,516.00,paid,jd,ios,山东省,青岛市,member
O000710,U000171,2026-03-06 19:59:00,79.00,paid,offline,mac,四川省,成都市,member
O000711,U000208,2026-03-06 22:48:00,775.00,completed,offline,ios,山东省,青岛市,member
O000712,U000245,2026-03-06 21:44:00,2042.00,paid,search,mac,北京市,北京市,member
O000713,U000282,2026-03-06 13:14:00,694.00,paid,taobao,windows,湖北省,武汉市,member
O000714,U000319,2026-03-06 22:58:00,620.00,paid,wechat,mac,四川省,成都市,member
O000715,U000356,2026-03-06 22:32:00,1661.00,paid,offline,ios,福建省,厦门市,member
O000716,U000393,2026-03-07 20:33:00,1006.00,paid,douyin,mac,湖北省,武汉市,member
O000717,U000430,2026-03-07 16:15:00,971.00,paid,taobao,ios,福建省,厦门市,regular
O000718,U000467,2026-03-07 18:37:00,364.00,paid,wechat,mac,湖北省,武汉市,regular
O000719,U000504,2026-03-07 20:51:00,164.00,paid,offline,mac,四川省,成都市,regular
O000720,U000541,2026-03-07 19:01:00,367.00,paid,jd,ios,浙江省,杭州市,regular
O000721,U000578,2026-03-07 21:35:00,990.00,paid,offline,windows,浙江省,杭州市,regular
O000722,U000615,2026-03-07 08:50:00,224.00,paid,jd,windows,浙江省,杭州市,regular
O000723,U000652,2026-03-07 18:24:00,728.00,paid,search,mac,河南省,郑州市,regular
O000724,U000689,2026-03-07 09:59:00,719.00,paid,douyin,windows,北京市,北京市,regular
O000725,U000726,2026-03-07 11:09:00,425.00,paid,jd,windows,江苏省,南京市,regular
O000726,U000763,2026-03-07 23:59:00,401.00,completed,offline,windows,山东省,青岛市,regular
O000727,U000800,2026-03-08 08:43:00,106.00,paid,search,android,上海市,上海市,regular
O000728,U000837,2026-03-08 12:39:00,964.00,paid,taobao,android,上海市,上海市,new
O000729,U000874,2026-03-08 20:51:00,302.00,cancelled,wechat,windows,上海市,上海市,new
O000730,U000011,2026-03-08 13:03:00,820.00,paid,douyin,mac,浙江省,杭州市,high_value
O000731,U000048,2026-03-08 10:08:00,591.00,cancelled,offline,ios,河南省,郑州市,high_value
O000732,U000085,2026-03-08 13:32:00,462.00,paid,wechat,ios,四川省,成都市,high_value
O000733,U000122,2026-03-08 14:03:00,619.00,paid,search,mac,四川省,成都市,member
O000734,U000159,2026-03-08 12:01:00,1771.00,paid,search,windows,河南省,郑州市,member
O000735,U000196,2026-03-08 16:12:00,1092.00,paid,douyin,ios,河南省,郑州市,member
O000736,U000233,2026-03-08 17:07:00,192.00,paid,taobao,mac,四川省,成都市,member
O000737,U000270,2026-03-08 23:44:00,362.00,paid,douyin,ios,山东省,青岛市,member
O000738,U000307,2026-03-09 18:02:00,660.00,paid,taobao,windows,四川省,成都市,member
O000739,U000344,2026-03-09 09:39:00,616.00,paid,taobao,windows,湖北省,武汉市,member
O000740,U000381,2026-03-09 08:21:00,570.00,completed,offline,windows,广东省,深圳市,member
O000741,U000418,2026-03-09 17:03:00,2087.00,completed,offline,android,山东省,青岛市,member
O000742,U000455,2026-03-09 15:23:00,846.00,paid,jd,android,湖北省,武汉市,regular
O000743,U000492,2026-03-09 20:20:00,188.00,paid,taobao,android,北京市,北京市,regular
O000744,U000529,2026-03-09 19:01:00,772.00,paid,douyin,android,北京市,北京市,regular
O000745,U000566,2026-03-09 11:53:00,510.00,paid,jd,android,福建省,厦门市,regular
O000746,U000603,2026-03-09 08:09:00,2904.00,paid,jd,windows,上海市,上海市,regular
O000747,U000640,2026-03-09 13:20:00,397.00,completed,jd,android,浙江省,杭州市,regular
O000748,U000677,2026-03-09 21:01:00,2164.00,paid,offline,android,上海市,上海市,regular
O000749,U000714,2026-03-10 17:37:00,428.00,paid,jd,android,江苏省,南京市,regular
O000750,U000751,2026-03-10 20:14:00,1139.00,paid,jd,android,福建省,厦门市,regular
O000751,U000788,2026-03-10 10:24:00,1116.00,paid,taobao,windows,河南省,郑州市,regular
O000752,U000825,2026-03-10 21:16:00,90.00,paid,douyin,windows,北京市,北京市,new
O000753,U000862,2026-03-10 11:04:00,120.00,paid,search,windows,北京市,北京市,new
O000754,U000899,2026-03-10 14:47:00,609.00,paid,douyin,windows,北京市,北京市,new
O000755,U000036,2026-03-10 10:53:00,224.00,completed,taobao,ios,北京市,北京市,high_value
O000756,U000073,2026-03-10 14:20:00,498.00,paid,douyin,android,广东省,深圳市,high_value
O000757,U000110,2026-03-10 15:00:00,1590.00,cancelled,douyin,mac,福建省,厦门市,high_value
O000758,U000147,2026-03-10 20:57:00,279.00,paid,wechat,windows,湖北省,武汉市,member
O000759,U000184,2026-03-10 23:26:00,597.00,paid,wechat,android,浙江省,杭州市,member
O000760,U000221,2026-03-11 08:53:00,1085.00,paid,taobao,windows,河南省,郑州市,member
O000761,U000258,2026-03-11 10:58:00,1030.00,paid,taobao,windows,浙江省,杭州市,member
O000762,U000295,2026-03-11 18:21:00,697.00,paid,search,android,福建省,厦门市,member
O000763,U000332,2026-03-11 21:47:00,443.00,cancelled,taobao,windows,广东省,深圳市,member
O000764,U000369,2026-03-11 15:43:00,588.00,paid,jd,ios,江苏省,南京市,member
O000765,U000406,2026-03-11 11:19:00,271.00,paid,douyin,ios,上海市,上海市,member
O000766,U000443,2026-03-11 23:39:00,380.00,completed,douyin,android,上海市,上海市,regular
O000767,U000480,2026-03-11 16:43:00,194.00,paid,offline,windows,福建省,厦门市,regular
O000768,U000517,2026-03-11 22:05:00,721.00,paid,search,ios,北京市,北京市,regular
O000769,U000554,2026-03-11 21:36:00,111.00,completed,offline,mac,四川省,成都市,regular
O000770,U000591,2026-03-11 09:00:00,992.00,paid,wechat,android,上海市,上海市,regular
O000771,U000628,2026-03-12 17:41:00,102.00,paid,wechat,android,河南省,郑州市,regular
O000772,U000665,2026-03-12 09:46:00,642.00,paid,douyin,mac,广东省,深圳市,regular
O000773,U000702,2026-03-12 10:35:00,426.00,paid,wechat,ios,上海市,上海市,regular
O000774,U000739,2026-03-12 15:59:00,801.00,paid,douyin,ios,湖北省,武汉市,regular
O000775,U000776,2026-03-12 11:30:00,295.00,paid,douyin,windows,湖北省,武汉市,regular
O000776,U000813,2026-03-12 12:27:00,487.00,paid,taobao,ios,河南省,郑州市,regular
O000777,U000850,2026-03-12 20:52:00,637.00,paid,taobao,windows,湖北省,武汉市,new
O000778,U000887,2026-03-12 22:29:00,352.00,paid,offline,android,福建省,厦门市,new
O000779,U000024,2026-03-12 19:10:00,757.00,completed,jd,ios,湖北省,武汉市,high_value
O000780,U000061,2026-03-12 19:18:00,100.00,paid,search,windows,北京市,北京市,high_value
O000781,U000098,2026-03-12 20:09:00,759.00,completed,taobao,windows,福建省,厦门市,high_value
O000782,U000135,2026-03-13 18:46:00,77.00,paid,douyin,windows,山东省,青岛市,member
O000783,U000172,2026-03-13 23:31:00,784.00,paid,taobao,android,河南省,郑州市,member
O000784,U000209,2026-03-13 17:00:00,275.00,paid,jd,ios,河南省,郑州市,member
O000785,U000246,2026-03-13 13:25:00,152.00,paid,offline,ios,福建省,厦门市,member
O000786,U000283,2026-03-13 13:24:00,301.00,paid,search,windows,湖北省,武汉市,member
O000787,U000320,2026-03-13 13:23:00,318.00,paid,wechat,android,四川省,成都市,member
O000788,U000357,2026-03-13 21:35:00,1045.00,paid,wechat,ios,北京市,北京市,member
O000789,U000394,2026-03-13 14:51:00,961.00,completed,taobao,mac,广东省,深圳市,member
O000790,U000431,2026-03-13 17:01:00,371.00,completed,taobao,ios,山东省,青岛市,regular
O000791,U000468,2026-03-13 22:16:00,705.00,paid,offline,mac,福建省,厦门市,regular
O000792,U000505,2026-03-13 15:41:00,604.00,paid,search,mac,浙江省,杭州市,regular
O000793,U000542,2026-03-14 08:00:00,649.00,paid,taobao,android,河南省,郑州市,regular
O000794,U000579,2026-03-14 20:56:00,899.00,paid,wechat,windows,北京市,北京市,regular
O000795,U000616,2026-03-14 18:13:00,73.00,completed,jd,windows,广东省,深圳市,regular
O000796,U000653,2026-03-14 12:15:00,475.00,paid,offline,windows,北京市,北京市,regular
O000797,U000690,2026-03-14 17:48:00,239.00,paid,wechat,ios,北京市,北京市,regular
O000798,U000727,2026-03-14 16:06:00,456.00,paid,jd,ios,四川省,成都市,regular
O000799,U000764,2026-03-14 20:49:00,934.00,paid,offline,android,广东省,深圳市,regular
O000800,U000801,2026-03-14 18:41:00,549.00,paid,jd,mac,江苏省,南京市,regular
O000801,U000838,2026-03-14 16:51:00,111.00,paid,search,mac,浙江省,杭州市,new
O000802,U000875,2026-03-14 22:47:00,820.00,paid,taobao,android,上海市,上海市,new
O000803,U000012,2026-03-14 10:37:00,43.00,cancelled,jd,android,山东省,青岛市,high_value
O000804,U000049,2026-03-15 16:31:00,458.00,paid,jd,windows,北京市,北京市,high_value
O000805,U000086,2026-03-15 19:59:00,579.00,paid,jd,windows,浙江省,杭州市,high_value
O000806,U000123,2026-03-15 13:11:00,677.00,paid,search,ios,浙江省,杭州市,member
O000807,U000160,2026-03-15 16:56:00,759.00,completed,douyin,android,广东省,深圳市,member
O000808,U000197,2026-03-15 09:31:00,91.00,paid,douyin,mac,上海市,上海市,member
O000809,U000234,2026-03-15 22:14:00,537.00,paid,search,mac,河南省,郑州市,member
O000810,U000271,2026-03-15 19:39:00,357.00,paid,jd,android,河南省,郑州市,member
O000811,U000308,2026-03-15 16:54:00,697.00,paid,douyin,mac,北京市,北京市,member
O000812,U000345,2026-03-15 12:34:00,590.00,paid,search,mac,河南省,郑州市,member
O000813,U000382,2026-03-15 11:15:00,457.00,paid,douyin,mac,浙江省,杭州市,member
O000814,U000419,2026-03-15 15:07:00,1176.00,completed,taobao,android,湖北省,武汉市,member
O000815,U000456,2026-03-16 11:19:00,1072.00,paid,douyin,ios,北京市,北京市,regular
O000816,U000493,2026-03-16 11:52:00,190.00,paid,offline,mac,江苏省,南京市,regular
O000817,U000530,2026-03-16 16:36:00,924.00,paid,search,ios,江苏省,南京市,regular
O000818,U000567,2026-03-16 19:18:00,233.00,paid,wechat,mac,上海市,上海市,regular
O000819,U000604,2026-03-16 14:33:00,227.00,paid,offline,android,福建省,厦门市,regular
O000820,U000641,2026-03-16 17:49:00,30.00,paid,douyin,windows,浙江省,杭州市,regular
O000821,U000678,2026-03-16 09:23:00,337.00,paid,search,windows,浙江省,杭州市,regular
O000822,U000715,2026-03-16 13:22:00,573.00,completed,taobao,windows,湖北省,武汉市,regular
O000823,U000752,2026-03-16 15:16:00,276.00,paid,taobao,mac,福建省,厦门市,regular
O000824,U000789,2026-03-16 11:38:00,771.00,completed,jd,android,山东省,青岛市,regular
O000825,U000826,2026-03-16 14:43:00,665.00,paid,jd,windows,江苏省,南京市,new
O000826,U000863,2026-03-17 16:50:00,768.00,paid,taobao,ios,广东省,深圳市,new
O000827,U000900,2026-03-17 14:44:00,182.00,paid,taobao,ios,北京市,北京市,new
O000828,U000037,2026-03-17 18:13:00,378.00,paid,douyin,android,广东省,深圳市,high_value
O000829,U000074,2026-03-17 10:21:00,397.00,paid,wechat,ios,福建省,厦门市,high_value
O000830,U000111,2026-03-17 12:17:00,522.00,paid,douyin,ios,浙江省,杭州市,high_value
O000831,U000148,2026-03-17 16:55:00,1059.00,paid,jd,windows,福建省,厦门市,member
O000832,U000185,2026-03-17 11:02:00,542.00,paid,wechat,ios,山东省,青岛市,member
O000833,U000222,2026-03-17 22:22:00,941.00,paid,jd,android,福建省,厦门市,member
O000834,U000259,2026-03-17 08:35:00,447.00,paid,jd,android,上海市,上海市,member
O000835,U000296,2026-03-17 18:35:00,452.00,paid,search,mac,江苏省,南京市,member
O000836,U000333,2026-03-17 11:52:00,383.00,paid,search,android,广东省,深圳市,member
O000837,U000370,2026-03-18 13:53:00,485.00,cancelled,taobao,android,河南省,郑州市,member
O000838,U000407,2026-03-18 16:53:00,772.00,paid,wechat,windows,广东省,深圳市,member
O000839,U000444,2026-03-18 10:39:00,822.00,completed,offline,android,广东省,深圳市,regular
O000840,U000481,2026-03-18 19:15:00,464.00,paid,wechat,android,江苏省,南京市,regular
O000841,U000518,2026-03-18 21:43:00,675.00,paid,offline,ios,上海市,上海市,regular
O000842,U000555,2026-03-18 17:35:00,269.00,completed,douyin,ios,山东省,青岛市,regular
O000843,U000592,2026-03-18 13:02:00,334.00,paid,jd,mac,山东省,青岛市,regular
O000844,U000629,2026-03-18 13:22:00,138.00,paid,taobao,android,山东省,青岛市,regular
O000845,U000666,2026-03-18 16:34:00,668.00,paid,douyin,ios,浙江省,杭州市,regular
O000846,U000703,2026-03-18 09:58:00,407.00,paid,offline,android,湖北省,武汉市,regular
O000847,U000740,2026-03-18 12:02:00,496.00,paid,search,android,山东省,青岛市,regular
O000848,U000777,2026-03-19 23:23:00,468.00,paid,wechat,ios,浙江省,杭州市,regular
O000849,U000814,2026-03-19 13:24:00,763.00,paid,jd,windows,北京市,北京市,regular
O000850,U000851,2026-03-19 23:30:00,511.00,paid,search,mac,江苏省,南京市,new
O000851,U000888,2026-03-19 18:18:00,495.00,paid,jd,android,上海市,上海市,new
O000852,U000025,2026-03-19 08:19:00,662.00,completed,douyin,mac,四川省,成都市,high_value
O000853,U000062,2026-03-19 13:46:00,372.00,cancelled,douyin,windows,浙江省,杭州市,high_value
O000854,U000099,2026-03-19 21:14:00,1606.00,completed,offline,windows,上海市,上海市,high_value
O000855,U000136,2026-03-19 19:02:00,571.00,paid,search,windows,湖北省,武汉市,member
O000856,U000173,2026-03-19 17:20:00,599.00,completed,search,mac,浙江省,杭州市,member
O000857,U000210,2026-03-19 09:04:00,874.00,paid,search,ios,四川省,成都市,member
O000858,U000247,2026-03-19 16:23:00,438.00,paid,wechat,mac,浙江省,杭州市,member
O000859,U000284,2026-03-20 08:59:00,920.00,paid,search,android,山东省,青岛市,member
O000860,U000321,2026-03-20 14:01:00,262.00,completed,douyin,ios,四川省,成都市,member
O000861,U000358,2026-03-20 10:45:00,184.00,paid,wechat,ios,福建省,厦门市,member
O000862,U000395,2026-03-20 19:27:00,263.00,paid,taobao,windows,上海市,上海市,member
O000863,U000432,2026-03-20 10:04:00,722.00,paid,wechat,ios,河南省,郑州市,regular
O000864,U000469,2026-03-20 21:21:00,451.00,paid,offline,ios,广东省,深圳市,regular
O000865,U000506,2026-03-20 17:04:00,308.00,paid,search,android,湖北省,武汉市,regular
O000866,U000543,2026-03-20 09:13:00,307.00,completed,jd,windows,上海市,上海市,regular
O000867,U000580,2026-03-20 17:23:00,479.00,paid,wechat,ios,广东省,深圳市,regular
O000868,U000617,2026-03-20 20:10:00,708.00,completed,offline,ios,北京市,北京市,regular
O000869,U000654,2026-03-20 16:28:00,778.00,paid,wechat,windows,上海市,上海市,regular
O000870,U000691,2026-03-21 08:26:00,423.00,completed,taobao,android,山东省,青岛市,regular
O000871,U000728,2026-03-21 22:43:00,120.00,paid,taobao,windows,浙江省,杭州市,regular
O000872,U000765,2026-03-21 12:03:00,1679.00,paid,jd,ios,山东省,青岛市,regular
O000873,U000802,2026-03-21 11:44:00,230.00,completed,search,ios,湖北省,武汉市,regular
O000874,U000839,2026-03-21 17:50:00,1303.00,paid,jd,ios,福建省,厦门市,new
O000875,U000876,2026-03-21 17:09:00,98.00,completed,taobao,android,山东省,青岛市,new
O000876,U000013,2026-03-21 20:46:00,1298.00,paid,jd,android,河南省,郑州市,high_value
O000877,U000050,2026-03-21 09:56:00,199.00,paid,taobao,windows,河南省,郑州市,high_value
O000878,U000087,2026-03-21 10:30:00,1014.00,paid,taobao,windows,福建省,厦门市,high_value
O000879,U000124,2026-03-21 22:27:00,601.00,paid,jd,ios,福建省,厦门市,member
O000880,U000161,2026-03-21 15:36:00,643.00,completed,jd,android,河南省,郑州市,member
O000881,U000198,2026-03-22 16:26:00,463.00,completed,taobao,ios,湖北省,武汉市,member
O000882,U000235,2026-03-22 22:38:00,587.00,paid,wechat,android,四川省,成都市,member
O000883,U000272,2026-03-22 17:24:00,164.00,paid,jd,windows,北京市,北京市,member
O000884,U000309,2026-03-22 15:17:00,499.00,paid,wechat,android,湖北省,武汉市,member
O000885,U000346,2026-03-22 14:04:00,281.00,paid,jd,windows,山东省,青岛市,member
O000886,U000383,2026-03-22 13:23:00,998.00,paid,douyin,android,上海市,上海市,member
O000887,U000420,2026-03-22 11:29:00,452.00,cancelled,douyin,android,湖北省,武汉市,member
O000888,U000457,2026-03-22 09:18:00,422.00,paid,wechat,mac,广东省,深圳市,regular
O000889,U000494,2026-03-22 12:33:00,1497.00,paid,jd,android,广东省,深圳市,regular
O000890,U000531,2026-03-22 08:06:00,457.00,paid,jd,mac,广东省,深圳市,regular
O000891,U000568,2026-03-22 15:27:00,538.00,paid,taobao,windows,山东省,青岛市,regular
O000892,U000605,2026-03-23 20:16:00,560.00,paid,search,windows,浙江省,杭州市,regular
O000893,U000642,2026-03-23 11:51:00,333.00,paid,taobao,android,河南省,郑州市,regular
O000894,U000679,2026-03-23 21:19:00,452.00,completed,jd,windows,山东省,青岛市,regular
O000895,U000716,2026-03-23 13:44:00,734.00,paid,jd,android,浙江省,杭州市,regular
O000896,U000753,2026-03-23 10:49:00,771.00,paid,taobao,android,上海市,上海市,regular
O000897,U000790,2026-03-23 12:04:00,682.00,paid,wechat,mac,江苏省,南京市,regular
O000898,U000827,2026-03-23 21:40:00,240.00,paid,search,ios,上海市,上海市,new
O000899,U000864,2026-03-23 12:36:00,380.00,paid,wechat,mac,福建省,厦门市,new
O000900,U000001,2026-03-23 13:55:00,169.00,paid,jd,mac,北京市,北京市,high_value
O000901,U000698,2026-03-23 18:45:00,760.00,paid,wechat,android,山东省,青岛市,regular
O000902,U000263,2026-03-23 16:00:00,228.00,paid,taobao,mac,山东省,青岛市,member
O000903,U000063,2026-03-24 22:29:00,599.00,cancelled,wechat,mac,湖北省,武汉市,high_value
O000904,U000774,2026-03-24 11:20:00,1257.00,paid,taobao,mac,湖北省,武汉市,regular
O000905,U000140,2026-03-24 18:03:00,485.00,paid,jd,ios,广东省,深圳市,member
O000906,U000157,2026-03-24 14:44:00,186.00,paid,jd,ios,上海市,上海市,member
O000907,U000031,2026-03-24 14:47:00,310.00,completed,jd,mac,江苏省,南京市,high_value
O000908,U000027,2026-03-24 16:44:00,368.00,cancelled,wechat,mac,浙江省,杭州市,high_value
O000909,U000584,2026-03-24 19:01:00,516.00,paid,taobao,ios,江苏省,南京市,regular
O000910,U000700,2026-03-24 09:00:00,450.00,cancelled,wechat,ios,广东省,深圳市,regular
O000911,U000359,2026-03-24 17:37:00,671.00,paid,jd,android,山东省,青岛市,member
O000912,U000426,2026-03-24 20:33:00,1274.00,paid,taobao,windows,广东省,深圳市,regular
O000913,U000740,2026-03-24 08:56:00,156.00,paid,douyin,android,山东省,青岛市,regular
O000914,U000262,2026-03-25 14:37:00,174.00,completed,jd,mac,广东省,深圳市,member
O000915,U000662,2026-03-25 22:01:00,412.00,paid,jd,mac,湖北省,武汉市,regular
O000916,U000387,2026-03-25 10:07:00,752.00,completed,jd,mac,河南省,郑州市,member
O000917,U000606,2026-03-25 21:35:00,235.00,completed,taobao,android,四川省,成都市,regular
O000918,U000823,2026-03-25 09:23:00,466.00,completed,taobao,ios,广东省,深圳市,new
O000919,U000639,2026-03-25 19:33:00,71.00,paid,offline,ios,上海市,上海市,regular
O000920,U000285,2026-03-25 18:33:00,1630.00,completed,taobao,mac,浙江省,杭州市,member
O000921,U000298,2026-03-25 23:32:00,938.00,paid,douyin,ios,江苏省,南京市,member
O000922,U000886,2026-03-25 17:01:00,239.00,completed,douyin,android,山东省,青岛市,new
O000923,U000063,2026-03-25 08:46:00,516.00,paid,wechat,mac,湖北省,武汉市,high_value
O000924,U000750,2026-03-25 20:43:00,507.00,completed,wechat,windows,福建省,厦门市,regular
O000925,U000344,2026-03-26 15:44:00,455.00,paid,offline,windows,湖北省,武汉市,member
O000926,U000617,2026-03-26 20:57:00,1891.00,paid,taobao,ios,北京市,北京市,regular
O000927,U000192,2026-03-26 19:01:00,672.00,paid,search,mac,山东省,青岛市,member
O000928,U000652,2026-03-26 16:51:00,168.00,paid,search,mac,河南省,郑州市,regular
O000929,U000807,2026-03-26 09:00:00,238.00,paid,search,windows,上海市,上海市,regular
O000930,U000348,2026-03-26 09:31:00,417.00,paid,wechat,ios,北京市,北京市,member
O000931,U000732,2026-03-26 08:23:00,55.00,paid,douyin,android,河南省,郑州市,regular
O000932,U000794,2026-03-26 13:13:00,279.00,paid,taobao,ios,北京市,北京市,regular
O000933,U000301,2026-03-26 08:43:00,239.00,paid,offline,mac,湖北省,武汉市,member
O000934,U000361,2026-03-26 13:39:00,723.00,paid,douyin,windows,北京市,北京市,member
O000935,U000509,2026-03-26 20:47:00,199.00,paid,douyin,android,山东省,青岛市,regular
O000936,U000884,2026-03-27 10:10:00,60.00,paid,offline,mac,福建省,厦门市,new
O000937,U000357,2026-03-27 23:45:00,89.00,paid,wechat,ios,北京市,北京市,member
O000938,U000229,2026-03-27 15:08:00,257.00,paid,search,ios,江苏省,南京市,member
O000939,U000757,2026-03-27 19:43:00,88.00,paid,wechat,windows,广东省,深圳市,regular
O000940,U000426,2026-03-27 11:48:00,357.00,paid,taobao,windows,广东省,深圳市,regular
O000941,U000775,2026-03-27 11:53:00,773.00,paid,jd,mac,江苏省,南京市,regular
O000942,U000053,2026-03-27 16:36:00,213.00,cancelled,jd,ios,浙江省,杭州市,high_value
O000943,U000569,2026-03-27 10:34:00,1012.00,paid,wechat,windows,上海市,上海市,regular
O000944,U000438,2026-03-27 21:50:00,1291.00,paid,wechat,windows,福建省,厦门市,regular
O000945,U000879,2026-03-27 22:53:00,291.00,paid,taobao,android,广东省,深圳市,new
O000946,U000803,2026-03-27 08:09:00,683.00,paid,jd,windows,广东省,深圳市,regular
O000947,U000287,2026-03-28 09:45:00,332.00,completed,offline,ios,河南省,郑州市,member
O000948,U000671,2026-03-28 19:05:00,426.00,paid,offline,ios,河南省,郑州市,regular
O000949,U000872,2026-03-28 18:17:00,454.00,paid,offline,android,浙江省,杭州市,new
O000950,U000797,2026-03-28 18:00:00,1534.00,completed,wechat,windows,山东省,青岛市,regular
O000951,U000695,2026-03-28 10:55:00,1560.00,paid,search,mac,山东省,青岛市,regular
O000952,U000710,2026-03-28 21:24:00,227.00,paid,wechat,mac,四川省,成都市,regular
O000953,U000435,2026-03-28 11:57:00,1232.00,paid,offline,android,河南省,郑州市,regular
O000954,U000279,2026-03-28 21:57:00,117.00,paid,jd,android,浙江省,杭州市,member
O000955,U000889,2026-03-28 21:04:00,216.00,paid,douyin,android,广东省,深圳市,new
O000956,U000082,2026-03-28 11:22:00,568.00,completed,taobao,windows,上海市,上海市,high_value
O000957,U000237,2026-03-28 21:08:00,138.00,paid,taobao,ios,江苏省,南京市,member
O000958,U000757,2026-03-29 16:33:00,476.00,paid,jd,windows,广东省,深圳市,regular
O000959,U000570,2026-03-29 19:07:00,1001.00,paid,wechat,ios,江苏省,南京市,regular
O000960,U000860,2026-03-29 14:14:00,624.00,paid,search,android,江苏省,南京市,new
O000961,U000737,2026-03-29 13:16:00,587.00,paid,taobao,ios,上海市,上海市,regular
O000962,U000343,2026-03-29 23:14:00,596.00,paid,offline,android,江苏省,南京市,member
O000963,U000441,2026-03-29 12:00:00,218.00,paid,taobao,android,江苏省,南京市,regular
O000964,U000135,2026-03-29 20:05:00,233.00,paid,jd,windows,山东省,青岛市,member
O000965,U000009,2026-03-29 16:29:00,651.00,paid,jd,ios,江苏省,南京市,high_value
O000966,U000449,2026-03-29 19:22:00,307.00,paid,jd,android,上海市,上海市,regular
O000967,U000615,2026-03-29 22:24:00,772.00,paid,douyin,windows,浙江省,杭州市,regular
O000968,U000333,2026-03-29 09:21:00,129.00,paid,search,android,广东省,深圳市,member
O000969,U000111,2026-03-30 08:08:00,138.00,paid,search,ios,浙江省,杭州市,high_value
O000970,U000863,2026-03-30 09:44:00,982.00,paid,taobao,ios,广东省,深圳市,new
O000971,U000864,2026-03-30 09:44:00,277.00,completed,douyin,mac,福建省,厦门市,new
O000972,U000441,2026-03-30 12:03:00,205.00,cancelled,search,android,江苏省,南京市,regular
O000973,U000497,2026-03-30 11:18:00,340.00,paid,search,android,江苏省,南京市,regular
O000974,U000528,2026-03-30 21:40:00,368.00,paid,douyin,mac,广东省,深圳市,regular
O000975,U000181,2026-03-30 22:27:00,397.00,paid,offline,android,四川省,成都市,member
O000976,U000576,2026-03-30 09:17:00,526.00,paid,offline,android,福建省,厦门市,regular
O000977,U000877,2026-03-30 11:45:00,149.00,paid,wechat,windows,湖北省,武汉市,new
O000978,U000125,2026-03-30 23:13:00,71.00,paid,jd,windows,四川省,成都市,member
O000979,U000143,2026-03-30 19:35:00,574.00,paid,taobao,windows,北京市,北京市,member
O000980,U000746,2026-03-31 16:11:00,365.00,completed,douyin,windows,上海市,上海市,regular
O000981,U000270,2026-03-31 23:07:00,261.00,paid,search,ios,山东省,青岛市,member
O000982,U000198,2026-03-31 16:04:00,1002.00,paid,douyin,ios,湖北省,武汉市,member
O000983,U000366,2026-03-31 22:33:00,56.00,cancelled,taobao,android,上海市,上海市,member
O000984,U000656,2026-03-31 20:25:00,190.00,completed,search,windows,四川省,成都市,regular
O000985,U000596,2026-03-31 22:34:00,376.00,paid,offline,mac,北京市,北京市,regular
O000986,U000266,2026-03-31 11:55:00,146.00,paid,search,windows,湖北省,武汉市,member
O000987,U000844,2026-03-31 20:53:00,894.00,paid,douyin,ios,北京市,北京市,new
O000988,U000339,2026-03-31 13:34:00,445.00,paid,offline,mac,山东省,青岛市,member
O000989,U000093,2026-03-31 21:37:00,131.00,paid,jd,windows,湖北省,武汉市,high_value
O000990,U000632,2026-03-31 14:08:00,761.00,paid,taobao,android,广东省,深圳市,regular
O000991,U000292,2026-04-01 13:00:00,604.00,cancelled,search,android,福建省,厦门市,member
O000992,U000714,2026-04-01 23:22:00,281.00,paid,douyin,android,江苏省,南京市,regular
O000993,U000150,2026-04-01 19:49:00,1383.00,paid,search,windows,江苏省,南京市,member
O000994,U000265,2026-04-01 17:04:00,268.00,paid,taobao,android,山东省,青岛市,member
O000995,U000346,2026-04-01 11:50:00,775.00,paid,jd,windows,山东省,青岛市,member
O000996,U000337,2026-04-01 10:31:00,966.00,paid,wechat,mac,福建省,厦门市,member
O000997,U000167,2026-04-01 15:15:00,796.00,paid,douyin,mac,广东省,深圳市,member
O000998,U000857,2026-04-01 21:22:00,526.00,cancelled,douyin,ios,山东省,青岛市,new
O000999,U000288,2026-04-01 22:13:00,410.00,paid,offline,windows,湖北省,武汉市,member
O001000,U000009,2026-04-01 16:47:00,87.00,paid,douyin,ios,江苏省,南京市,high_value
O001001,U000452,2026-04-01 08:09:00,328.00,paid,offline,mac,江苏省,南京市,regular
O001002,U000504,2026-04-02 10:52:00,625.00,completed,taobao,mac,四川省,成都市,regular
O001003,U000095,2026-04-02 22:28:00,673.00,paid,jd,ios,广东省,深圳市,high_value
O001004,U000037,2026-04-02 08:44:00,318.00,paid,wechat,android,广东省,深圳市,high_value
O001005,U000870,2026-04-02 20:32:00,927.00,paid,jd,ios,江苏省,南京市,new
O001006,U000136,2026-04-02 13:46:00,516.00,paid,wechat,windows,湖北省,武汉市,member
O001007,U000881,2026-04-02 10:42:00,1235.00,paid,taobao,android,北京市,北京市,new
O001008,U000425,2026-04-02 16:36:00,212.00,paid,douyin,android,四川省,成都市,regular
O001009,U000222,2026-04-02 18:57:00,1009.00,paid,taobao,android,福建省,厦门市,member
O001010,U000198,2026-04-02 09:12:00,713.00,paid,search,ios,湖北省,武汉市,member
O001011,U000337,2026-04-02 17:40:00,268.00,paid,taobao,mac,福建省,厦门市,member
O001012,U000859,2026-04-02 19:21:00,687.00,paid,offline,ios,广东省,深圳市,new
O001013,U000686,2026-04-03 12:27:00,622.00,paid,jd,windows,四川省,成都市,regular
O001014,U000672,2026-04-03 17:32:00,918.00,paid,search,windows,上海市,上海市,regular
O001015,U000788,2026-04-03 20:45:00,1260.00,completed,offline,windows,河南省,郑州市,regular
O001016,U000181,2026-04-03 14:07:00,157.00,cancelled,wechat,android,四川省,成都市,member
O001017,U000420,2026-04-03 19:59:00,321.00,paid,offline,android,湖北省,武汉市,member
O001018,U000035,2026-04-03 21:45:00,231.00,paid,wechat,android,山东省,青岛市,high_value
O001019,U000738,2026-04-03 09:53:00,572.00,paid,search,mac,浙江省,杭州市,regular
O001020,U000509,2026-04-03 09:48:00,304.00,paid,search,android,山东省,青岛市,regular
O001021,U000350,2026-04-03 13:18:00,207.00,paid,taobao,windows,福建省,厦门市,member
O001022,U000026,2026-04-03 15:38:00,475.00,paid,taobao,windows,上海市,上海市,high_value
O001023,U000241,2026-04-03 10:47:00,81.00,paid,jd,mac,江苏省,南京市,member
O001024,U000411,2026-04-04 20:46:00,775.00,paid,douyin,mac,江苏省,南京市,member
O001025,U000597,2026-04-04 09:39:00,397.00,paid,taobao,ios,四川省,成都市,regular
O001026,U000248,2026-04-04 18:54:00,137.00,completed,jd,windows,浙江省,杭州市,member
O001027,U000856,2026-04-04 17:26:00,498.00,paid,jd,windows,北京市,北京市,new
O001028,U000885,2026-04-04 17:31:00,350.00,completed,offline,mac,江苏省,南京市,new
O001029,U000350,2026-04-04 20:08:00,2456.00,paid,wechat,windows,福建省,厦门市,member
O001030,U000738,2026-04-04 18:05:00,1485.00,paid,offline,mac,浙江省,杭州市,regular
O001031,U000213,2026-04-04 17:32:00,519.00,paid,offline,ios,浙江省,杭州市,member
O001032,U000078,2026-04-04 20:50:00,67.00,completed,douyin,mac,湖北省,武汉市,high_value
O001033,U000602,2026-04-04 18:36:00,242.00,paid,jd,windows,湖北省,武汉市,regular
O001034,U000339,2026-04-04 19:55:00,209.00,paid,douyin,mac,山东省,青岛市,member
O001035,U000700,2026-04-05 18:00:00,179.00,paid,offline,ios,广东省,深圳市,regular
O001036,U000033,2026-04-05 15:18:00,377.00,completed,douyin,mac,北京市,北京市,high_value
O001037,U000122,2026-04-05 19:00:00,317.00,paid,search,mac,四川省,成都市,member
O001038,U000785,2026-04-05 11:50:00,931.00,paid,taobao,ios,江苏省,南京市,regular
O001039,U000730,2026-04-05 13:07:00,110.00,paid,wechat,android,四川省,成都市,regular
O001040,U000222,2026-04-05 09:03:00,302.00,paid,search,android,福建省,厦门市,member
O001041,U000187,2026-04-05 12:48:00,317.00,paid,search,windows,湖北省,武汉市,member
O001042,U000290,2026-04-05 23:51:00,609.00,paid,jd,android,福建省,厦门市,member
O001043,U000321,2026-04-05 23:25:00,554.00,paid,jd,ios,四川省,成都市,member
O001044,U000716,2026-04-05 10:11:00,147.00,paid,jd,android,浙江省,杭州市,regular
O001045,U000127,2026-04-05 20:22:00,705.00,paid,douyin,windows,广东省,深圳市,member
O001046,U000674,2026-04-06 16:28:00,299.00,paid,offline,mac,江苏省,南京市,regular
O001047,U000747,2026-04-06 22:10:00,461.00,cancelled,jd,windows,福建省,厦门市,regular
O001048,U000028,2026-04-06 20:34:00,269.00,paid,taobao,windows,四川省,成都市,high_value
O001049,U000215,2026-04-06 12:24:00,720.00,paid,douyin,mac,浙江省,杭州市,member
O001050,U000601,2026-04-06 23:03:00,280.00,paid,wechat,ios,江苏省,南京市,regular
O001051,U000483,2026-04-06 16:06:00,160.00,paid,search,android,浙江省,杭州市,regular
O001052,U000049,2026-04-06 15:04:00,99.00,cancelled,douyin,windows,北京市,北京市,high_value
O001053,U000036,2026-04-06 13:38:00,344.00,paid,offline,ios,北京市,北京市,high_value
O001054,U000629,2026-04-06 20:30:00,140.00,completed,jd,android,山东省,青岛市,regular
O001055,U000366,2026-04-06 22:59:00,76.00,paid,taobao,android,上海市,上海市,member
O001056,U000110,2026-04-06 09:23:00,128.00,paid,wechat,mac,福建省,厦门市,high_value
O001057,U000213,2026-04-07 12:47:00,150.00,completed,taobao,ios,浙江省,杭州市,member
O001058,U000096,2026-04-07 21:45:00,356.00,completed,wechat,mac,四川省,成都市,high_value
O001059,U000896,2026-04-07 21:35:00,368.00,paid,search,android,湖北省,武汉市,new
O001060,U000756,2026-04-07 20:35:00,152.00,paid,jd,windows,福建省,厦门市,regular
O001061,U000308,2026-04-07 09:37:00,448.00,paid,offline,mac,北京市,北京市,member
O001062,U000409,2026-04-07 20:00:00,1914.00,completed,jd,android,四川省,成都市,member
O001063,U000740,2026-04-07 22:18:00,967.00,cancelled,offline,android,山东省,青岛市,regular
O001064,U000849,2026-04-07 20:24:00,423.00,paid,wechat,windows,四川省,成都市,new
O001065,U000015,2026-04-07 23:06:00,504.00,paid,douyin,mac,湖北省,武汉市,high_value
O001066,U000368,2026-04-07 13:15:00,109.00,paid,taobao,mac,广东省,深圳市,member
O001067,U000827,2026-04-07 17:21:00,1201.00,paid,jd,ios,上海市,上海市,new
O001068,U000098,2026-04-08 15:28:00,641.00,cancelled,wechat,windows,福建省,厦门市,high_value
O001069,U000648,2026-04-08 18:42:00,507.00,completed,offline,mac,湖北省,武汉市,regular
O001070,U000793,2026-04-08 11:24:00,71.00,paid,jd,ios,河南省,郑州市,regular
O001071,U000798,2026-04-08 18:49:00,1475.00,paid,wechat,ios,江苏省,南京市,regular
O001072,U000881,2026-04-08 23:49:00,448.00,paid,jd,android,北京市,北京市,new
O001073,U000129,2026-04-08 09:20:00,117.00,paid,offline,android,河南省,郑州市,member
O001074,U000864,2026-04-08 20:47:00,298.00,paid,search,mac,福建省,厦门市,new
O001075,U000858,2026-04-08 16:43:00,432.00,completed,jd,android,上海市,上海市,new
O001076,U000220,2026-04-08 22:02:00,275.00,paid,douyin,mac,广东省,深圳市,member
O001077,U000428,2026-04-08 23:35:00,533.00,paid,search,mac,浙江省,杭州市,regular
O001078,U000454,2026-04-08 16:34:00,489.00,completed,wechat,mac,河南省,郑州市,regular
O001079,U000806,2026-04-09 13:59:00,774.00,paid,offline,android,河南省,郑州市,regular
O001080,U000070,2026-04-09 08:21:00,73.00,paid,taobao,ios,广东省,深圳市,high_value
O001081,U000497,2026-04-09 20:33:00,545.00,completed,search,android,江苏省,南京市,regular
O001082,U000568,2026-04-09 09:27:00,490.00,completed,taobao,windows,山东省,青岛市,regular
O001083,U000574,2026-04-09 22:42:00,144.00,cancelled,offline,ios,广东省,深圳市,regular
O001084,U000160,2026-04-09 20:44:00,194.00,completed,taobao,android,广东省,深圳市,member
O001085,U000749,2026-04-09 16:51:00,978.00,paid,offline,windows,山东省,青岛市,regular
O001086,U000186,2026-04-09 23:33:00,1880.00,paid,jd,mac,上海市,上海市,member
O001087,U000635,2026-04-09 13:49:00,1512.00,paid,taobao,windows,湖北省,武汉市,regular
O001088,U000524,2026-04-09 20:04:00,901.00,paid,offline,android,湖北省,武汉市,regular
O001089,U000167,2026-04-09 17:40:00,76.00,paid,wechat,mac,广东省,深圳市,member
O001090,U000123,2026-04-10 19:27:00,1396.00,paid,douyin,ios,浙江省,杭州市,member
O001091,U000077,2026-04-10 14:11:00,1795.00,paid,jd,android,福建省,厦门市,high_value
O001092,U000101,2026-04-10 12:51:00,554.00,paid,wechat,windows,江苏省,南京市,high_value
O001093,U000811,2026-04-10 09:25:00,1238.00,paid,wechat,mac,四川省,成都市,regular
O001094,U000699,2026-04-10 08:42:00,502.00,paid,offline,android,北京市,北京市,regular
O001095,U000141,2026-04-10 23:11:00,900.00,completed,douyin,ios,湖北省,武汉市,member
O001096,U000194,2026-04-10 10:59:00,1561.00,paid,jd,mac,河南省,郑州市,member
O001097,U000655,2026-04-10 18:09:00,423.00,completed,taobao,windows,福建省,厦门市,regular
O001098,U000638,2026-04-10 18:08:00,302.00,paid,wechat,windows,上海市,上海市,regular
O001099,U000525,2026-04-10 10:43:00,425.00,paid,search,mac,广东省,深圳市,regular
O001100,U000083,2026-04-10 08:11:00,768.00,paid,wechat,windows,浙江省,杭州市,high_value
O001101,U000747,2026-04-11 14:42:00,168.00,completed,offline,windows,福建省,厦门市,regular
O001102,U000234,2026-04-11 14:11:00,917.00,paid,offline,mac,河南省,郑州市,member
O001103,U000843,2026-04-11 10:13:00,568.00,paid,wechat,mac,福建省,厦门市,new
O001104,U000046,2026-04-11 10:44:00,724.00,paid,taobao,mac,湖北省,武汉市,high_value
O001105,U000702,2026-04-11 16:24:00,41.00,paid,jd,ios,上海市,上海市,regular
O001106,U000231,2026-04-11 22:13:00,406.00,paid,offline,android,福建省,厦门市,member
O001107,U000759,2026-04-11 22:12:00,170.00,paid,jd,windows,河南省,郑州市,regular
O001108,U000538,2026-04-11 15:57:00,598.00,paid,taobao,android,山东省,青岛市,regular
O001109,U000761,2026-04-11 08:39:00,462.00,paid,douyin,windows,福建省,厦门市,regular
O001110,U000087,2026-04-11 09:41:00,750.00,paid,jd,windows,福建省,厦门市,high_value
O001111,U000058,2026-04-11 20:51:00,377.00,paid,wechat,windows,四川省,成都市,high_value
O001112,U000371,2026-04-12 14:08:00,430.00,paid,search,windows,上海市,上海市,member
O001113,U000186,2026-04-12 22:01:00,485.00,paid,offline,mac,上海市,上海市,member
O001114,U000880,2026-04-12 08:59:00,313.00,paid,jd,windows,四川省,成都市,new
O001115,U000847,2026-04-12 21:53:00,79.00,paid,search,android,浙江省,杭州市,new
O001116,U000455,2026-04-12 12:01:00,369.00,paid,jd,android,湖北省,武汉市,regular
O001117,U000578,2026-04-12 19:54:00,269.00,paid,jd,windows,浙江省,杭州市,regular
O001118,U000713,2026-04-12 10:57:00,508.00,paid,search,android,广东省,深圳市,regular
O001119,U000704,2026-04-12 22:13:00,489.00,paid,offline,mac,江苏省,南京市,regular
O001120,U000172,2026-04-12 17:26:00,587.00,paid,wechat,android,河南省,郑州市,member
O001121,U000137,2026-04-12 23:52:00,152.00,paid,jd,android,湖北省,武汉市,member
O001122,U000394,2026-04-12 10:41:00,81.00,paid,jd,mac,广东省,深圳市,member
O001123,U000899,2026-04-13 14:13:00,378.00,paid,offline,windows,北京市,北京市,new
O001124,U000134,2026-04-13 14:32:00,662.00,completed,wechat,ios,山东省,青岛市,member
O001125,U000492,2026-04-13 21:56:00,790.00,paid,wechat,android,北京市,北京市,regular
O001126,U000847,2026-04-13 14:54:00,1202.00,completed,offline,android,浙江省,杭州市,new
O001127,U000638,2026-04-13 18:02:00,43.00,completed,wechat,windows,上海市,上海市,regular
O001128,U000599,2026-04-13 19:58:00,147.00,paid,taobao,android,北京市,北京市,regular
O001129,U000541,2026-04-13 18:33:00,683.00,paid,wechat,ios,浙江省,杭州市,regular
O001130,U000149,2026-04-13 12:31:00,525.00,paid,douyin,windows,北京市,北京市,member
O001131,U000402,2026-04-13 20:27:00,500.00,cancelled,jd,mac,福建省,厦门市,member
O001132,U000783,2026-04-13 15:53:00,910.00,paid,offline,windows,江苏省,南京市,regular
O001133,U000468,2026-04-13 14:27:00,191.00,paid,taobao,mac,福建省,厦门市,regular
O001134,U000054,2026-04-14 23:17:00,729.00,paid,wechat,mac,福建省,厦门市,high_value
O001135,U000444,2026-04-14 08:22:00,633.00,paid,douyin,android,广东省,深圳市,regular
O001136,U000500,2026-04-14 08:27:00,1287.00,paid,douyin,ios,河南省,郑州市,regular
O001137,U000312,2026-04-14 15:52:00,399.00,completed,jd,android,湖北省,武汉市,member
O001138,U000349,2026-04-14 13:16:00,58.00,paid,douyin,ios,浙江省,杭州市,member
O001139,U000339,2026-04-14 08:59:00,102.00,paid,jd,mac,山东省,青岛市,member
O001140,U000623,2026-04-14 14:36:00,64.00,completed,taobao,android,江苏省,南京市,regular
O001141,U000151,2026-04-14 22:21:00,628.00,paid,search,mac,福建省,厦门市,member
O001142,U000320,2026-04-14 23:35:00,755.00,completed,douyin,android,四川省,成都市,member
O001143,U000017,2026-04-14 19:40:00,213.00,paid,taobao,mac,河南省,郑州市,high_value
O001144,U000495,2026-04-14 16:28:00,79.00,cancelled,wechat,android,北京市,北京市,regular
O001145,U000524,2026-04-15 17:34:00,469.00,cancelled,wechat,android,湖北省,武汉市,regular
O001146,U000882,2026-04-15 16:25:00,596.00,paid,offline,mac,上海市,上海市,new
O001147,U000855,2026-04-15 08:05:00,136.00,completed,douyin,mac,四川省,成都市,new
O001148,U000481,2026-04-15 21:36:00,883.00,paid,jd,android,江苏省,南京市,regular
O001149,U000516,2026-04-15 22:55:00,1364.00,paid,search,windows,广东省,深圳市,regular
O001150,U000310,2026-04-15 19:01:00,522.00,paid,search,mac,江苏省,南京市,member
O001151,U000134,2026-04-15 09:26:00,518.00,paid,jd,ios,山东省,青岛市,member
O001152,U000626,2026-04-15 19:35:00,353.00,paid,search,windows,上海市,上海市,regular
O001153,U000525,2026-04-15 22:38:00,482.00,paid,search,mac,广东省,深圳市,regular
O001154,U000046,2026-04-15 16:11:00,440.00,paid,search,mac,湖北省,武汉市,high_value
O001155,U000278,2026-04-15 21:29:00,483.00,paid,douyin,android,湖北省,武汉市,member
O001156,U000047,2026-04-16 18:36:00,38.00,completed,search,ios,河南省,郑州市,high_value
O001157,U000116,2026-04-16 18:52:00,86.00,paid,search,windows,河南省,郑州市,high_value
O001158,U000373,2026-04-16 22:17:00,861.00,paid,wechat,ios,福建省,厦门市,member
O001159,U000713,2026-04-16 19:08:00,108.00,paid,jd,android,广东省,深圳市,regular
O001160,U000271,2026-04-16 23:18:00,1578.00,paid,jd,android,河南省,郑州市,member
O001161,U000869,2026-04-16 14:42:00,159.00,paid,jd,windows,四川省,成都市,new
O001162,U000715,2026-04-16 18:28:00,701.00,completed,taobao,windows,湖北省,武汉市,regular
O001163,U000801,2026-04-16 22:22:00,299.00,cancelled,search,mac,江苏省,南京市,regular
O001164,U000058,2026-04-16 10:34:00,310.00,paid,wechat,windows,四川省,成都市,high_value
O001165,U000738,2026-04-16 15:56:00,352.00,paid,search,mac,浙江省,杭州市,regular
O001166,U000783,2026-04-16 10:05:00,120.00,paid,jd,windows,江苏省,南京市,regular
O001167,U000600,2026-04-17 08:03:00,884.00,completed,offline,mac,上海市,上海市,regular
O001168,U000818,2026-04-17 11:03:00,241.00,paid,taobao,mac,河南省,郑州市,regular
O001169,U000066,2026-04-17 13:47:00,570.00,paid,taobao,android,河南省,郑州市,high_value
O001170,U000693,2026-04-17 18:29:00,466.00,paid,search,mac,浙江省,杭州市,regular
O001171,U000412,2026-04-17 15:45:00,71.00,paid,douyin,android,山东省,青岛市,member
O001172,U000515,2026-04-17 13:31:00,487.00,paid,search,ios,上海市,上海市,regular
O001173,U000407,2026-04-17 14:31:00,321.00,completed,taobao,windows,广东省,深圳市,member
O001174,U000852,2026-04-17 19:19:00,737.00,paid,search,ios,四川省,成都市,new
O001175,U000390,2026-04-17 11:36:00,464.00,completed,search,android,上海市,上海市,member
O001176,U000135,2026-04-17 12:00:00,915.00,completed,offline,windows,山东省,青岛市,member
O001177,U000890,2026-04-17 09:06:00,639.00,paid,offline,windows,浙江省,杭州市,new
O001178,U000198,2026-04-18 11:06:00,835.00,completed,wechat,ios,湖北省,武汉市,member
O001179,U000079,2026-04-18 23:27:00,162.00,completed,taobao,ios,上海市,上海市,high_value
O001180,U000500,2026-04-18 16:55:00,1700.00,paid,jd,ios,河南省,郑州市,regular
O001181,U000801,2026-04-18 17:16:00,176.00,paid,douyin,mac,江苏省,南京市,regular
O001182,U000586,2026-04-18 22:35:00,1136.00,paid,wechat,ios,山东省,青岛市,regular
O001183,U000373,2026-04-18 12:05:00,544.00,cancelled,search,ios,福建省,厦门市,member
O001184,U000187,2026-04-18 13:26:00,148.00,paid,wechat,windows,湖北省,武汉市,member
O001185,U000338,2026-04-18 20:19:00,891.00,paid,douyin,android,上海市,上海市,member
O001186,U000472,2026-04-18 20:31:00,828.00,paid,offline,ios,广东省,深圳市,regular
O001187,U000614,2026-04-18 17:18:00,91.00,paid,wechat,android,北京市,北京市,regular
O001188,U000820,2026-04-18 13:53:00,472.00,paid,taobao,windows,上海市,上海市,regular
O001189,U000185,2026-04-19 11:55:00,590.00,paid,search,ios,山东省,青岛市,member
O001190,U000352,2026-04-19 14:32:00,248.00,paid,douyin,android,四川省,成都市,member
O001191,U000553,2026-04-19 10:06:00,230.00,completed,douyin,windows,四川省,成都市,regular
O001192,U000665,2026-04-19 22:14:00,402.00,paid,douyin,mac,广东省,深圳市,regular
O001193,U000589,2026-04-19 09:18:00,583.00,paid,jd,windows,河南省,郑州市,regular
O001194,U000462,2026-04-19 16:02:00,328.00,paid,search,ios,北京市,北京市,regular
O001195,U000679,2026-04-19 13:54:00,182.00,paid,taobao,windows,山东省,青岛市,regular
O001196,U000676,2026-04-19 11:05:00,548.00,paid,wechat,android,河南省,郑州市,regular
O001197,U000621,2026-04-19 10:32:00,295.00,paid,jd,android,上海市,上海市,regular
O001198,U000508,2026-04-19 10:53:00,1375.00,paid,offline,android,河南省,郑州市,regular
O001199,U000375,2026-04-19 18:50:00,564.00,paid,wechat,ios,浙江省,杭州市,member
O001200,U000053,2026-04-20 20:02:00,376.00,paid,jd,ios,浙江省,杭州市,high_value
O001201,U000077,2026-04-20 08:04:00,635.00,paid,douyin,android,福建省,厦门市,high_value
O001202,U000345,2026-04-20 16:55:00,276.00,paid,search,mac,河南省,郑州市,member
O001203,U000103,2026-04-20 10:13:00,73.00,paid,taobao,ios,上海市,上海市,high_value
O001204,U000633,2026-04-20 15:19:00,1388.00,completed,offline,ios,山东省,青岛市,regular
O001205,U000856,2026-04-20 14:42:00,210.00,paid,offline,windows,北京市,北京市,new
O001206,U000807,2026-04-20 23:33:00,129.00,paid,offline,windows,上海市,上海市,regular
O001207,U000021,2026-04-20 12:25:00,609.00,completed,search,ios,山东省,青岛市,high_value
O001208,U000892,2026-04-20 20:15:00,820.00,completed,douyin,windows,广东省,深圳市,new
O001209,U000696,2026-04-20 23:10:00,467.00,paid,wechat,ios,江苏省,南京市,regular
O001210,U000398,2026-04-20 11:37:00,414.00,paid,search,mac,河南省,郑州市,member
O001211,U000657,2026-04-21 19:13:00,550.00,paid,offline,android,福建省,厦门市,regular
O001212,U000832,2026-04-21 16:08:00,957.00,paid,wechat,mac,四川省,成都市,new
O001213,U000472,2026-04-21 12:39:00,504.00,paid,search,ios,广东省,深圳市,regular
O001214,U000029,2026-04-21 16:29:00,760.00,paid,search,windows,四川省,成都市,high_value
O001215,U000189,2026-04-21 20:44:00,564.00,paid,search,windows,上海市,上海市,member
O001216,U000624,2026-04-21 09:16:00,116.00,cancelled,search,mac,湖北省,武汉市,regular
O001217,U000625,2026-04-21 16:57:00,82.00,paid,taobao,android,上海市,上海市,regular
O001218,U000883,2026-04-21 18:05:00,452.00,cancelled,taobao,ios,湖北省,武汉市,new
O001219,U000646,2026-04-21 14:18:00,233.00,paid,wechat,mac,浙江省,杭州市,regular
O001220,U000027,2026-04-21 14:06:00,903.00,paid,taobao,mac,浙江省,杭州市,high_value
O001221,U000639,2026-04-21 08:14:00,755.00,paid,jd,ios,上海市,上海市,regular
O001222,U000736,2026-04-22 08:50:00,332.00,paid,wechat,android,河南省,郑州市,regular
O001223,U000692,2026-04-22 17:51:00,1882.00,paid,offline,android,河南省,郑州市,regular
O001224,U000281,2026-04-22 11:33:00,199.00,paid,douyin,android,湖北省,武汉市,member
O001225,U000769,2026-04-22 10:16:00,679.00,paid,wechat,ios,广东省,深圳市,regular
O001226,U000760,2026-04-22 16:56:00,794.00,paid,jd,windows,北京市,北京市,regular
O001227,U000292,2026-04-22 09:41:00,227.00,paid,taobao,android,福建省,厦门市,member
O001228,U000023,2026-04-22 20:47:00,1002.00,paid,douyin,windows,湖北省,武汉市,high_value
O001229,U000446,2026-04-22 12:28:00,209.00,paid,search,ios,四川省,成都市,regular
O001230,U000636,2026-04-22 11:15:00,326.00,completed,wechat,ios,北京市,北京市,regular
O001231,U000816,2026-04-22 09:59:00,223.00,paid,search,mac,上海市,上海市,regular
O001232,U000424,2026-04-22 09:58:00,518.00,paid,wechat,mac,上海市,上海市,regular
O001233,U000021,2026-04-23 08:34:00,1300.00,paid,douyin,ios,山东省,青岛市,high_value
O001234,U000607,2026-04-23 22:20:00,69.00,paid,taobao,windows,湖北省,武汉市,regular
O001235,U000080,2026-04-23 21:15:00,514.00,paid,taobao,android,广东省,深圳市,high_value
O001236,U000127,2026-04-23 22:21:00,684.00,completed,jd,windows,广东省,深圳市,member
O001237,U000192,2026-04-23 15:02:00,499.00,paid,search,mac,山东省,青岛市,member
O001238,U000814,2026-04-23 15:00:00,347.00,completed,search,windows,北京市,北京市,regular
O001239,U000150,2026-04-23 08:12:00,571.00,completed,douyin,windows,江苏省,南京市,member
O001240,U000750,2026-04-23 18:46:00,28.00,paid,douyin,windows,福建省,厦门市,regular
O001241,U000816,2026-04-23 15:28:00,162.00,paid,wechat,mac,上海市,上海市,regular
O001242,U000791,2026-04-23 13:19:00,382.00,completed,jd,windows,上海市,上海市,regular
O001243,U000562,2026-04-23 11:04:00,1515.00,paid,search,windows,四川省,成都市,regular
O001244,U000067,2026-04-24 09:48:00,76.00,paid,offline,mac,江苏省,南京市,high_value
O001245,U000126,2026-04-24 13:36:00,800.00,paid,taobao,android,浙江省,杭州市,member
O001246,U000380,2026-04-24 18:05:00,256.00,completed,offline,windows,湖北省,武汉市,member
O001247,U000035,2026-04-24 13:39:00,845.00,paid,taobao,android,山东省,青岛市,high_value
O001248,U000528,2026-04-24 13:35:00,1000.00,cancelled,search,mac,广东省,深圳市,regular
O001249,U000044,2026-04-24 10:44:00,76.00,completed,taobao,android,浙江省,杭州市,high_value
O001250,U000732,2026-04-24 08:49:00,202.00,paid,offline,android,河南省,郑州市,regular
O001251,U000895,2026-04-24 14:51:00,496.00,paid,douyin,windows,江苏省,南京市,new
O001252,U000896,2026-04-24 10:03:00,378.00,paid,jd,android,湖北省,武汉市,new
O001253,U000813,2026-04-24 16:16:00,514.00,completed,taobao,ios,河南省,郑州市,regular
O001254,U000867,2026-04-24 13:27:00,302.00,paid,jd,android,江苏省,南京市,new
O001255,U000606,2026-04-25 10:11:00,98.00,paid,search,android,四川省,成都市,regular
O001256,U000366,2026-04-25 14:40:00,489.00,completed,jd,android,上海市,上海市,member
O001257,U000771,2026-04-25 18:09:00,82.00,paid,douyin,ios,四川省,成都市,regular
O001258,U000811,2026-04-25 14:04:00,531.00,paid,wechat,mac,四川省,成都市,regular
O001259,U000647,2026-04-25 16:00:00,122.00,paid,search,android,北京市,北京市,regular
O001260,U000232,2026-04-25 22:18:00,749.00,completed,jd,ios,江苏省,南京市,member
O001261,U000407,2026-04-25 08:46:00,233.00,paid,search,windows,广东省,深圳市,member
O001262,U000473,2026-04-25 16:12:00,243.00,paid,offline,android,河南省,郑州市,regular
O001263,U000034,2026-04-25 12:11:00,318.00,paid,offline,windows,北京市,北京市,high_value
O001264,U000314,2026-04-25 22:53:00,325.00,paid,taobao,android,浙江省,杭州市,member
O001265,U000891,2026-04-25 14:03:00,79.00,paid,wechat,mac,北京市,北京市,new
O001266,U000211,2026-04-26 15:08:00,1055.00,cancelled,taobao,windows,江苏省,南京市,member
O001267,U000319,2026-04-26 22:07:00,577.00,completed,jd,mac,四川省,成都市,member
O001268,U000007,2026-04-26 19:36:00,77.00,paid,search,ios,江苏省,南京市,high_value
O001269,U000845,2026-04-26 08:58:00,1574.00,paid,jd,mac,上海市,上海市,new
O001270,U000167,2026-04-26 10:31:00,989.00,paid,offline,mac,广东省,深圳市,member
O001271,U000233,2026-04-26 17:51:00,759.00,paid,taobao,mac,四川省,成都市,member
O001272,U000591,2026-04-26 08:55:00,269.00,completed,offline,android,上海市,上海市,regular
O001273,U000781,2026-04-26 11:06:00,224.00,paid,douyin,android,广东省,深圳市,regular
O001274,U000834,2026-04-26 21:42:00,138.00,completed,taobao,mac,山东省,青岛市,new
O001275,U000755,2026-04-26 09:41:00,467.00,cancelled,jd,windows,浙江省,杭州市,regular
O001276,U000288,2026-04-26 09:04:00,827.00,paid,jd,windows,湖北省,武汉市,member
O001277,U000516,2026-04-27 17:54:00,320.00,paid,wechat,windows,广东省,深圳市,regular
O001278,U000363,2026-04-27 23:41:00,279.00,paid,taobao,ios,山东省,青岛市,member
O001279,U000007,2026-04-27 12:33:00,711.00,paid,offline,ios,江苏省,南京市,high_value
O001280,U000096,2026-04-27 15:24:00,771.00,paid,search,mac,四川省,成都市,high_value
O001281,U000860,2026-04-27 08:28:00,408.00,cancelled,taobao,android,江苏省,南京市,new
O001282,U000400,2026-04-27 17:40:00,546.00,completed,offline,mac,广东省,深圳市,member
O001283,U000161,2026-04-27 14:50:00,117.00,paid,jd,android,河南省,郑州市,member
O001284,U000680,2026-04-27 13:55:00,71.00,paid,douyin,mac,福建省,厦门市,regular
O001285,U000486,2026-04-27 21:31:00,64.00,cancelled,taobao,android,山东省,青岛市,regular
O001286,U000510,2026-04-27 23:54:00,333.00,paid,offline,ios,北京市,北京市,regular
O001287,U000154,2026-04-27 09:01:00,656.00,cancelled,douyin,android,浙江省,杭州市,member
O001288,U000602,2026-04-28 09:26:00,318.00,completed,wechat,windows,湖北省,武汉市,regular
O001289,U000363,2026-04-28 10:16:00,208.00,paid,jd,ios,山东省,青岛市,member
O001290,U000429,2026-04-28 20:48:00,552.00,paid,taobao,mac,四川省,成都市,regular
O001291,U000448,2026-04-28 15:35:00,169.00,paid,jd,ios,江苏省,南京市,regular
O001292,U000891,2026-04-28 12:53:00,236.00,completed,jd,mac,北京市,北京市,new
O001293,U000765,2026-04-28 14:22:00,546.00,paid,douyin,ios,山东省,青岛市,regular
O001294,U000895,2026-04-28 22:29:00,152.00,completed,wechat,windows,江苏省,南京市,new
O001295,U000747,2026-04-28 13:22:00,224.00,paid,jd,windows,福建省,厦门市,regular
O001296,U000255,2026-04-28 15:00:00,291.00,paid,search,mac,湖北省,武汉市,member
O001297,U000443,2026-04-28 12:01:00,291.00,paid,taobao,android,上海市,上海市,regular
O001298,U000337,2026-04-28 14:49:00,551.00,completed,offline,mac,福建省,厦门市,member
O001299,U000459,2026-04-29 17:54:00,133.00,paid,search,ios,湖北省,武汉市,regular
O001300,U000131,2026-04-29 11:10:00,591.00,paid,douyin,mac,湖北省,武汉市,member
O001301,U000011,2026-04-29 23:10:00,444.00,completed,douyin,mac,浙江省,杭州市,high_value
O001302,U000739,2026-04-29 17:13:00,354.00,paid,search,ios,湖北省,武汉市,regular
O001303,U000389,2026-04-29 14:15:00,609.00,paid,douyin,ios,广东省,深圳市,member
O001304,U000192,2026-04-29 12:46:00,252.00,paid,douyin,mac,山东省,青岛市,member
O001305,U000032,2026-04-29 11:15:00,727.00,paid,douyin,android,四川省,成都市,high_value
O001306,U000084,2026-04-29 15:03:00,73.00,completed,douyin,windows,河南省,郑州市,high_value
O001307,U000348,2026-04-29 16:45:00,369.00,completed,douyin,ios,北京市,北京市,member
O001308,U000355,2026-04-29 09:12:00,347.00,paid,search,windows,浙江省,杭州市,member
O001309,U000454,2026-04-29 12:21:00,772.00,paid,taobao,mac,河南省,郑州市,regular
O001310,U000381,2026-04-30 11:00:00,665.00,paid,search,windows,广东省,深圳市,member
O001311,U000431,2026-04-30 08:55:00,1245.00,paid,jd,ios,山东省,青岛市,regular
O001312,U000265,2026-04-30 20:17:00,1405.00,paid,douyin,android,山东省,青岛市,member
O001313,U000617,2026-04-30 19:30:00,303.00,paid,jd,ios,北京市,北京市,regular
O001314,U000164,2026-04-30 10:22:00,678.00,paid,search,ios,上海市,上海市,member
O001315,U000262,2026-04-30 12:15:00,527.00,paid,taobao,mac,广东省,深圳市,member
O001316,U000175,2026-04-30 18:53:00,452.00,paid,offline,android,福建省,厦门市,member
O001317,U000404,2026-04-30 17:20:00,222.00,cancelled,wechat,mac,广东省,深圳市,member
O001318,U000199,2026-04-30 10:36:00,509.00,paid,offline,mac,山东省,青岛市,member
O001319,U000609,2026-04-30 13:07:00,832.00,paid,taobao,windows,浙江省,杭州市,regular
O001320,U000412,2026-04-30 18:56:00,318.00,paid,douyin,android,山东省,青岛市,member
O001321,U000401,2026-05-01 09:30:00,1313.00,paid,jd,android,浙江省,杭州市,member
O001322,U000824,2026-05-01 15:17:00,170.00,paid,douyin,windows,上海市,上海市,new
O001323,U000878,2026-05-01 11:26:00,141.00,paid,taobao,mac,福建省,厦门市,new
O001324,U000287,2026-05-01 19:18:00,126.00,paid,offline,ios,河南省,郑州市,member
O001325,U000548,2026-05-01 12:30:00,268.00,completed,wechat,windows,浙江省,杭州市,regular
O001326,U000050,2026-05-01 20:08:00,509.00,paid,jd,windows,河南省,郑州市,high_value
O001327,U000607,2026-05-01 08:23:00,782.00,paid,wechat,windows,湖北省,武汉市,regular
O001328,U000116,2026-05-01 15:16:00,231.00,paid,taobao,windows,河南省,郑州市,high_value
O001329,U000563,2026-05-01 15:49:00,515.00,cancelled,search,android,山东省,青岛市,regular
O001330,U000686,2026-05-01 20:40:00,284.00,paid,taobao,windows,四川省,成都市,regular
O001331,U000795,2026-05-01 20:17:00,77.00,completed,search,windows,湖北省,武汉市,regular
O001332,U000761,2026-05-02 18:50:00,441.00,paid,douyin,windows,福建省,厦门市,regular
O001333,U000739,2026-05-02 12:21:00,315.00,paid,douyin,ios,湖北省,武汉市,regular
O001334,U000121,2026-05-02 09:46:00,409.00,paid,offline,windows,上海市,上海市,member
O001335,U000339,2026-05-02 13:54:00,519.00,paid,jd,mac,山东省,青岛市,member
O001336,U000219,2026-05-02 13:32:00,386.00,paid,search,mac,湖北省,武汉市,member
O001337,U000052,2026-05-02 20:16:00,618.00,completed,search,android,北京市,北京市,high_value
O001338,U000604,2026-05-02 21:37:00,354.00,completed,douyin,android,福建省,厦门市,regular
O001339,U000636,2026-05-02 12:14:00,421.00,paid,wechat,ios,北京市,北京市,regular
O001340,U000533,2026-05-02 10:18:00,1300.00,paid,search,ios,四川省,成都市,regular
O001341,U000482,2026-05-02 10:10:00,573.00,paid,taobao,ios,北京市,北京市,regular
O001342,U000014,2026-05-02 11:58:00,432.00,completed,taobao,ios,湖北省,武汉市,high_value
O001343,U000893,2026-05-03 18:37:00,1383.00,paid,taobao,windows,浙江省,杭州市,new
O001344,U000094,2026-05-03 10:09:00,370.00,paid,offline,ios,上海市,上海市,high_value
O001345,U000734,2026-05-03 11:14:00,573.00,completed,taobao,mac,江苏省,南京市,regular
O001346,U000756,2026-05-03 20:58:00,639.00,paid,wechat,windows,福建省,厦门市,regular
O001347,U000197,2026-05-03 13:10:00,245.00,paid,wechat,mac,上海市,上海市,member
O001348,U000396,2026-05-03 18:11:00,640.00,paid,douyin,windows,浙江省,杭州市,member
O001349,U000336,2026-05-03 20:13:00,684.00,paid,taobao,mac,山东省,青岛市,member
O001350,U000695,2026-05-03 20:56:00,1032.00,paid,search,mac,山东省,青岛市,regular
O001351,U000890,2026-05-03 17:03:00,312.00,paid,taobao,windows,浙江省,杭州市,new
O001352,U000617,2026-05-03 20:22:00,69.00,paid,wechat,ios,北京市,北京市,regular
O001353,U000866,2026-05-03 21:30:00,620.00,paid,taobao,android,湖北省,武汉市,new
O001354,U000054,2026-05-04 17:51:00,2600.00,paid,offline,mac,福建省,厦门市,high_value
O001355,U000128,2026-05-04 22:39:00,248.00,paid,search,ios,江苏省,南京市,member
O001356,U000303,2026-05-04 17:48:00,1063.00,paid,taobao,android,北京市,北京市,member
O001357,U000568,2026-05-04 20:35:00,475.00,paid,offline,windows,山东省,青岛市,regular
O001358,U000553,2026-05-04 17:48:00,1151.00,paid,douyin,windows,四川省,成都市,regular
O001359,U000027,2026-05-04 09:22:00,868.00,paid,jd,mac,浙江省,杭州市,high_value
O001360,U000013,2026-05-04 14:59:00,169.00,paid,offline,android,河南省,郑州市,high_value
O001361,U000600,2026-05-04 08:46:00,162.00,paid,offline,mac,上海市,上海市,regular
O001362,U000474,2026-05-04 15:19:00,456.00,paid,taobao,ios,山东省,青岛市,regular
O001363,U000588,2026-05-04 18:10:00,230.00,paid,taobao,android,上海市,上海市,regular
O001364,U000798,2026-05-04 21:42:00,2492.00,paid,jd,ios,江苏省,南京市,regular
O001365,U000155,2026-05-05 13:52:00,878.00,completed,jd,windows,四川省,成都市,member
O001366,U000632,2026-05-05 09:00:00,656.00,paid,douyin,android,广东省,深圳市,regular
O001367,U000726,2026-05-05 19:02:00,742.00,paid,jd,windows,江苏省,南京市,regular
O001368,U000457,2026-05-05 11:59:00,158.00,paid,search,mac,广东省,深圳市,regular
O001369,U000782,2026-05-05 23:51:00,562.00,paid,search,mac,湖北省,武汉市,regular
O001370,U000795,2026-05-05 15:11:00,699.00,paid,offline,windows,湖北省,武汉市,regular
O001371,U000014,2026-05-05 22:56:00,362.00,paid,douyin,ios,湖北省,武汉市,high_value
O001372,U000135,2026-05-05 11:55:00,344.00,paid,search,windows,山东省,青岛市,member
O001373,U000029,2026-05-05 09:39:00,44.00,paid,jd,windows,四川省,成都市,high_value
O001374,U000115,2026-05-05 17:37:00,157.00,paid,jd,windows,江苏省,南京市,high_value
O001375,U000488,2026-05-05 22:18:00,536.00,paid,taobao,ios,北京市,北京市,regular
O001376,U000634,2026-05-06 16:33:00,164.00,paid,search,mac,广东省,深圳市,regular
O001377,U000070,2026-05-06 15:59:00,99.00,paid,taobao,ios,广东省,深圳市,high_value
O001378,U000540,2026-05-06 09:12:00,648.00,completed,wechat,android,河南省,郑州市,regular
O001379,U000287,2026-05-06 15:04:00,803.00,paid,taobao,ios,河南省,郑州市,member
O001380,U000078,2026-05-06 10:53:00,611.00,paid,jd,mac,湖北省,武汉市,high_value
O001381,U000843,2026-05-06 09:28:00,1421.00,paid,douyin,mac,福建省,厦门市,new
O001382,U000528,2026-05-06 20:08:00,431.00,paid,wechat,mac,广东省,深圳市,regular
O001383,U000584,2026-05-06 15:22:00,1348.00,completed,offline,ios,江苏省,南京市,regular
O001384,U000134,2026-05-06 19:16:00,60.00,paid,offline,ios,山东省,青岛市,member
O001385,U000377,2026-05-06 14:22:00,48.00,paid,douyin,windows,四川省,成都市,member
O001386,U000400,2026-05-06 08:28:00,201.00,completed,taobao,mac,广东省,深圳市,member
O001387,U000317,2026-05-07 08:51:00,902.00,paid,search,ios,广东省,深圳市,member
O001388,U000718,2026-05-07 12:18:00,468.00,paid,offline,mac,河南省,郑州市,regular
O001389,U000087,2026-05-07 09:16:00,713.00,paid,jd,windows,福建省,厦门市,high_value
O001390,U000814,2026-05-07 20:38:00,234.00,paid,taobao,windows,北京市,北京市,regular
O001391,U000476,2026-05-07 09:15:00,205.00,paid,offline,windows,浙江省,杭州市,regular
O001392,U000155,2026-05-07 08:44:00,705.00,completed,search,windows,四川省,成都市,member
O001393,U000881,2026-05-07 17:42:00,870.00,completed,taobao,android,北京市,北京市,new
O001394,U000346,2026-05-07 12:31:00,863.00,paid,douyin,windows,山东省,青岛市,member
O001395,U000689,2026-05-07 13:04:00,696.00,paid,jd,windows,北京市,北京市,regular
O001396,U000681,2026-05-07 14:23:00,2490.00,paid,douyin,windows,江苏省,南京市,regular
O001397,U000873,2026-05-07 13:09:00,986.00,paid,taobao,ios,四川省,成都市,new
O001398,U000248,2026-05-08 11:06:00,169.00,paid,jd,windows,浙江省,杭州市,member
O001399,U000307,2026-05-08 21:50:00,339.00,paid,search,windows,四川省,成都市,member
O001400,U000555,2026-05-08 17:43:00,142.00,paid,wechat,ios,山东省,青岛市,regular
O001401,U000621,2026-05-08 13:19:00,387.00,paid,taobao,android,上海市,上海市,regular
O001402,U000586,2026-05-08 08:03:00,383.00,completed,taobao,ios,山东省,青岛市,regular
O001403,U000469,2026-05-08 09:34:00,443.00,paid,wechat,ios,广东省,深圳市,regular
O001404,U000432,2026-05-08 15:15:00,142.00,paid,offline,ios,河南省,郑州市,regular
O001405,U000019,2026-05-08 20:32:00,165.00,cancelled,wechat,android,浙江省,杭州市,high_value
O001406,U000077,2026-05-08 15:46:00,76.00,paid,offline,android,福建省,厦门市,high_value
O001407,U000629,2026-05-08 17:43:00,240.00,paid,taobao,android,山东省,青岛市,regular
O001408,U000459,2026-05-08 14:44:00,444.00,paid,taobao,ios,湖北省,武汉市,regular
O001409,U000013,2026-05-09 12:09:00,106.00,paid,taobao,android,河南省,郑州市,high_value
O001410,U000430,2026-05-09 23:39:00,596.00,cancelled,taobao,ios,福建省,厦门市,regular
O001411,U000748,2026-05-09 17:43:00,411.00,completed,wechat,windows,江苏省,南京市,regular
O001412,U000736,2026-05-09 12:40:00,258.00,paid,offline,android,河南省,郑州市,regular
O001413,U000422,2026-05-09 10:11:00,228.00,cancelled,search,windows,湖北省,武汉市,regular
O001414,U000855,2026-05-09 17:12:00,465.00,completed,douyin,mac,四川省,成都市,new
O001415,U000477,2026-05-09 14:28:00,677.00,paid,jd,windows,广东省,深圳市,regular
O001416,U000340,2026-05-09 12:56:00,176.00,completed,jd,windows,江苏省,南京市,member
O001417,U000526,2026-05-09 08:46:00,145.00,paid,douyin,android,浙江省,杭州市,regular
O001418,U000782,2026-05-09 20:01:00,986.00,paid,search,mac,湖北省,武汉市,regular
O001419,U000774,2026-05-09 16:42:00,2021.00,paid,offline,mac,湖北省,武汉市,regular
O001420,U000070,2026-05-10 08:45:00,311.00,completed,offline,ios,广东省,深圳市,high_value
O001421,U000039,2026-05-10 15:35:00,507.00,paid,search,mac,福建省,厦门市,high_value
O001422,U000754,2026-05-10 12:29:00,210.00,completed,taobao,mac,四川省,成都市,regular
O001423,U000320,2026-05-10 17:01:00,583.00,cancelled,wechat,android,四川省,成都市,member
O001424,U000835,2026-05-10 10:07:00,687.00,paid,jd,ios,四川省,成都市,new
O001425,U000132,2026-05-10 20:20:00,430.00,completed,jd,android,广东省,深圳市,member
O001426,U000683,2026-05-10 16:24:00,979.00,paid,wechat,windows,湖北省,武汉市,regular
O001427,U000078,2026-05-10 21:07:00,248.00,completed,wechat,mac,湖北省,武汉市,high_value
O001428,U000328,2026-05-10 11:56:00,166.00,paid,douyin,mac,湖北省,武汉市,member
O001429,U000675,2026-05-10 11:26:00,654.00,completed,offline,windows,北京市,北京市,regular
O001430,U000308,2026-05-10 09:23:00,164.00,completed,wechat,mac,北京市,北京市,member
O001431,U000509,2026-05-11 18:50:00,504.00,paid,search,android,山东省,青岛市,regular
O001432,U000810,2026-05-11 19:55:00,805.00,paid,douyin,ios,四川省,成都市,regular
O001433,U000667,2026-05-11 15:29:00,372.00,paid,offline,windows,江苏省,南京市,regular
O001434,U000437,2026-05-11 19:23:00,657.00,completed,wechat,windows,北京市,北京市,regular
O001435,U000587,2026-05-11 17:11:00,237.00,paid,jd,ios,湖北省,武汉市,regular
O001436,U000363,2026-05-11 19:47:00,608.00,paid,taobao,ios,山东省,青岛市,member
O001437,U000840,2026-05-11 19:53:00,561.00,paid,wechat,mac,江苏省,南京市,new
O001438,U000357,2026-05-11 19:36:00,112.00,completed,offline,ios,北京市,北京市,member
O001439,U000343,2026-05-11 22:16:00,172.00,paid,douyin,android,江苏省,南京市,member
O001440,U000608,2026-05-11 09:13:00,635.00,paid,offline,android,河南省,郑州市,regular
O001441,U000105,2026-05-11 20:56:00,192.00,completed,wechat,mac,四川省,成都市,high_value
O001442,U000868,2026-05-12 12:43:00,86.00,paid,wechat,android,上海市,上海市,new
O001443,U000555,2026-05-12 10:38:00,1249.00,paid,search,ios,山东省,青岛市,regular
O001444,U000667,2026-05-12 21:46:00,681.00,paid,search,windows,江苏省,南京市,regular
O001445,U000708,2026-05-12 13:43:00,559.00,paid,wechat,windows,北京市,北京市,regular
O001446,U000841,2026-05-12 15:54:00,433.00,completed,search,android,江苏省,南京市,new
O001447,U000108,2026-05-12 10:17:00,982.00,completed,offline,mac,福建省,厦门市,high_value
O001448,U000500,2026-05-12 11:21:00,60.00,paid,wechat,ios,河南省,郑州市,regular
O001449,U000254,2026-05-12 08:57:00,262.00,paid,jd,ios,上海市,上海市,member
O001450,U000074,2026-05-12 12:43:00,766.00,cancelled,taobao,ios,福建省,厦门市,high_value
O001451,U000742,2026-05-12 23:11:00,42.00,paid,offline,ios,河南省,郑州市,regular
O001452,U000071,2026-05-12 19:32:00,426.00,cancelled,jd,android,北京市,北京市,high_value
O001453,U000260,2026-05-13 08:09:00,143.00,paid,jd,android,上海市,上海市,member
O001454,U000131,2026-05-13 12:24:00,624.00,paid,offline,mac,湖北省,武汉市,member
O001455,U000222,2026-05-13 13:44:00,152.00,paid,search,android,福建省,厦门市,member
O001456,U000460,2026-05-13 15:25:00,1757.00,completed,douyin,ios,上海市,上海市,regular
O001457,U000680,2026-05-13 13:21:00,1104.00,paid,wechat,mac,福建省,厦门市,regular
O001458,U000557,2026-05-13 08:26:00,99.00,paid,jd,android,河南省,郑州市,regular
O001459,U000786,2026-05-13 16:00:00,747.00,completed,douyin,windows,浙江省,杭州市,regular
O001460,U000307,2026-05-13 15:48:00,1186.00,paid,jd,windows,四川省,成都市,member
O001461,U000599,2026-05-13 10:30:00,44.00,completed,douyin,android,北京市,北京市,regular
O001462,U000335,2026-05-13 22:54:00,287.00,paid,taobao,windows,北京市,北京市,member
O001463,U000195,2026-05-13 14:38:00,655.00,paid,offline,android,四川省,成都市,member
O001464,U000530,2026-05-14 12:00:00,462.00,paid,wechat,ios,江苏省,南京市,regular
O001465,U000686,2026-05-14 11:31:00,851.00,paid,douyin,windows,四川省,成都市,regular
O001466,U000265,2026-05-14 15:51:00,856.00,completed,search,android,山东省,青岛市,member
O001467,U000657,2026-05-14 22:13:00,512.00,paid,offline,android,福建省,厦门市,regular
O001468,U000023,2026-05-14 20:49:00,728.00,completed,wechat,windows,湖北省,武汉市,high_value
O001469,U000576,2026-05-14 09:06:00,212.00,paid,taobao,android,福建省,厦门市,regular
O001470,U000551,2026-05-14 15:23:00,446.00,paid,search,android,湖北省,武汉市,regular
O001471,U000143,2026-05-14 18:19:00,859.00,completed,offline,windows,北京市,北京市,member
O001472,U000744,2026-05-14 14:16:00,250.00,completed,search,windows,浙江省,杭州市,regular
O001473,U000688,2026-05-14 09:08:00,851.00,paid,douyin,ios,福建省,厦门市,regular
O001474,U000195,2026-05-14 11:42:00,609.00,paid,taobao,android,四川省,成都市,member
O001475,U000421,2026-05-15 14:03:00,71.00,paid,search,android,北京市,北京市,regular
O001476,U000655,2026-05-15 20:38:00,836.00,completed,jd,windows,福建省,厦门市,regular
O001477,U000427,2026-05-15 11:36:00,323.00,cancelled,search,ios,福建省,厦门市,regular
O001478,U000420,2026-05-15 12:16:00,359.00,completed,taobao,android,湖北省,武汉市,member
O001479,U000286,2026-05-15 13:23:00,118.00,paid,search,mac,山东省,青岛市,member
O001480,U000895,2026-05-15 15:39:00,1036.00,paid,offline,windows,江苏省,南京市,new
O001481,U000645,2026-05-15 14:40:00,130.00,paid,douyin,android,山东省,青岛市,regular
O001482,U000871,2026-05-15 22:23:00,60.00,paid,taobao,windows,广东省,深圳市,new
O001483,U000887,2026-05-15 22:25:00,359.00,paid,search,android,福建省,厦门市,new
O001484,U000858,2026-05-15 21:44:00,388.00,paid,douyin,android,上海市,上海市,new
O001485,U000177,2026-05-15 16:57:00,264.00,paid,offline,mac,北京市,北京市,member
O001486,U000199,2026-05-16 20:09:00,190.00,paid,offline,mac,山东省,青岛市,member
O001487,U000270,2026-05-16 21:59:00,252.00,paid,search,ios,山东省,青岛市,member
O001488,U000884,2026-05-16 13:44:00,86.00,cancelled,douyin,mac,福建省,厦门市,new
O001489,U000270,2026-05-16 08:17:00,1005.00,paid,wechat,ios,山东省,青岛市,member
O001490,U000803,2026-05-16 14:06:00,778.00,paid,jd,windows,广东省,深圳市,regular
O001491,U000459,2026-05-16 08:23:00,663.00,paid,search,ios,湖北省,武汉市,regular
O001492,U000001,2026-05-16 23:23:00,190.00,paid,wechat,mac,北京市,北京市,high_value
O001493,U000707,2026-05-16 09:37:00,614.00,paid,offline,ios,浙江省,杭州市,regular
O001494,U000244,2026-05-16 18:35:00,1113.00,paid,wechat,mac,河南省,郑州市,member
O001495,U000699,2026-05-16 21:26:00,582.00,completed,wechat,android,北京市,北京市,regular
O001496,U000786,2026-05-16 12:48:00,212.00,paid,wechat,windows,浙江省,杭州市,regular
O001497,U000591,2026-05-17 20:19:00,546.00,paid,search,android,上海市,上海市,regular
O001498,U000825,2026-05-17 19:35:00,362.00,paid,offline,windows,北京市,北京市,new
O001499,U000032,2026-05-17 12:22:00,753.00,paid,jd,android,四川省,成都市,high_value
O001500,U000188,2026-05-17 23:01:00,600.00,paid,wechat,android,浙江省,杭州市,member
O001501,U000653,2026-05-17 23:51:00,528.00,paid,search,windows,北京市,北京市,regular
O001502,U000762,2026-05-17 16:49:00,240.00,completed,search,windows,湖北省,武汉市,regular
O001503,U000188,2026-05-17 14:36:00,998.00,paid,taobao,android,浙江省,杭州市,member
O001504,U000493,2026-05-17 20:52:00,667.00,cancelled,wechat,mac,江苏省,南京市,regular
O001505,U000530,2026-05-17 19:23:00,120.00,paid,wechat,ios,江苏省,南京市,regular
O001506,U000009,2026-05-17 14:57:00,1401.00,paid,offline,ios,江苏省,南京市,high_value
O001507,U000737,2026-05-17 12:36:00,743.00,paid,jd,ios,上海市,上海市,regular
O001508,U000689,2026-05-18 10:39:00,773.00,completed,wechat,windows,北京市,北京市,regular
O001509,U000480,2026-05-18 12:21:00,1066.00,completed,taobao,windows,福建省,厦门市,regular
O001510,U000064,2026-05-18 08:09:00,227.00,paid,douyin,windows,山东省,青岛市,high_value
O001511,U000779,2026-05-18 20:29:00,539.00,paid,search,windows,上海市,上海市,regular
O001512,U000630,2026-05-18 09:27:00,764.00,paid,wechat,windows,湖北省,武汉市,regular
O001513,U000012,2026-05-18 16:51:00,53.00,paid,wechat,android,山东省,青岛市,high_value
O001514,U000608,2026-05-18 14:04:00,1104.00,cancelled,offline,android,河南省,郑州市,regular
O001515,U000713,2026-05-18 13:23:00,136.00,paid,douyin,android,广东省,深圳市,regular
O001516,U000682,2026-05-18 16:27:00,446.00,paid,jd,windows,上海市,上海市,regular
O001517,U000462,2026-05-18 16:07:00,562.00,paid,taobao,ios,北京市,北京市,regular
O001518,U000272,2026-05-18 12:06:00,600.00,completed,search,windows,北京市,北京市,member
O001519,U000582,2026-05-19 14:51:00,270.00,cancelled,wechat,windows,福建省,厦门市,regular
O001520,U000222,2026-05-19 19:46:00,818.00,paid,douyin,android,福建省,厦门市,member
O001521,U000339,2026-05-19 15:37:00,1741.00,paid,wechat,mac,山东省,青岛市,member
O001522,U000369,2026-05-19 08:13:00,162.00,paid,jd,ios,江苏省,南京市,member
O001523,U000813,2026-05-19 19:14:00,1401.00,completed,offline,ios,河南省,郑州市,regular
O001524,U000896,2026-05-19 10:59:00,169.00,completed,jd,android,湖北省,武汉市,new
O001525,U000611,2026-05-19 15:13:00,231.00,paid,douyin,windows,河南省,郑州市,regular
O001526,U000335,2026-05-19 21:09:00,372.00,paid,search,windows,北京市,北京市,member
O001527,U000678,2026-05-19 08:38:00,485.00,paid,offline,windows,浙江省,杭州市,regular
O001528,U000506,2026-05-19 22:35:00,361.00,completed,jd,android,湖北省,武汉市,regular
O001529,U000717,2026-05-19 23:38:00,780.00,paid,offline,mac,北京市,北京市,regular
O001530,U000559,2026-05-20 08:05:00,570.00,paid,jd,mac,山东省,青岛市,regular
O001531,U000079,2026-05-20 22:09:00,618.00,completed,offline,ios,上海市,上海市,high_value
O001532,U000149,2026-05-20 16:56:00,901.00,paid,douyin,windows,北京市,北京市,member
O001533,U000561,2026-05-20 22:35:00,133.00,cancelled,taobao,windows,北京市,北京市,regular
O001534,U000367,2026-05-20 20:58:00,432.00,completed,douyin,ios,江苏省,南京市,member
O001535,U000102,2026-05-20 08:58:00,398.00,completed,jd,mac,北京市,北京市,high_value
O001536,U000122,2026-05-20 14:20:00,664.00,paid,offline,mac,四川省,成都市,member
O001537,U000665,2026-05-20 21:18:00,206.00,paid,jd,mac,广东省,深圳市,regular
O001538,U000673,2026-05-20 12:06:00,576.00,paid,offline,windows,广东省,深圳市,regular
O001539,U000213,2026-05-20 08:43:00,1474.00,cancelled,taobao,ios,浙江省,杭州市,member
O001540,U000352,2026-05-20 18:18:00,103.00,paid,search,android,四川省,成都市,member
O001541,U000255,2026-05-21 15:02:00,276.00,paid,taobao,mac,湖北省,武汉市,member
O001542,U000816,2026-05-21 20:55:00,105.00,paid,wechat,mac,上海市,上海市,regular
O001543,U000551,2026-05-21 08:21:00,494.00,paid,taobao,android,湖北省,武汉市,regular
O001544,U000898,2026-05-21 19:05:00,38.00,paid,search,ios,山东省,青岛市,new
O001545,U000894,2026-05-21 08:49:00,609.00,paid,taobao,windows,山东省,青岛市,new
O001546,U000674,2026-05-21 22:04:00,102.00,paid,douyin,mac,江苏省,南京市,regular
O001547,U000871,2026-05-21 20:45:00,1437.00,paid,jd,windows,广东省,深圳市,new
O001548,U000074,2026-05-21 20:29:00,244.00,paid,douyin,ios,福建省,厦门市,high_value
O001549,U000789,2026-05-21 15:29:00,521.00,paid,taobao,android,山东省,青岛市,regular
O001550,U000032,2026-05-21 13:08:00,1515.00,cancelled,douyin,android,四川省,成都市,high_value
O001551,U000846,2026-05-21 19:11:00,940.00,paid,jd,mac,山东省,青岛市,new
O001552,U000731,2026-05-22 18:21:00,459.00,paid,search,android,北京市,北京市,regular
O001553,U000203,2026-05-22 09:34:00,194.00,paid,taobao,windows,浙江省,杭州市,member
O001554,U000125,2026-05-22 09:35:00,346.00,paid,jd,windows,四川省,成都市,member
O001555,U000194,2026-05-22 16:33:00,468.00,paid,douyin,mac,河南省,郑州市,member
O001556,U000193,2026-05-22 16:12:00,165.00,paid,taobao,ios,江苏省,南京市,member
O001557,U000399,2026-05-22 18:23:00,640.00,paid,taobao,mac,江苏省,南京市,member
O001558,U000615,2026-05-22 17:12:00,439.00,completed,wechat,windows,浙江省,杭州市,regular
O001559,U000064,2026-05-22 16:29:00,549.00,paid,taobao,windows,山东省,青岛市,high_value
O001560,U000665,2026-05-22 15:27:00,429.00,completed,offline,mac,广东省,深圳市,regular
O001561,U000018,2026-05-22 22:06:00,1286.00,paid,taobao,android,山东省,青岛市,high_value
O001562,U000001,2026-05-22 16:08:00,701.00,paid,taobao,mac,北京市,北京市,high_value
O001563,U000023,2026-05-23 20:53:00,187.00,paid,taobao,windows,湖北省,武汉市,high_value
O001564,U000035,2026-05-23 15:36:00,382.00,completed,wechat,android,山东省,青岛市,high_value
O001565,U000522,2026-05-23 20:43:00,304.00,paid,douyin,mac,河南省,郑州市,regular
O001566,U000878,2026-05-23 09:13:00,378.00,paid,wechat,mac,福建省,厦门市,new
O001567,U000273,2026-05-23 23:09:00,69.00,completed,search,android,湖北省,武汉市,member
O001568,U000192,2026-05-23 11:02:00,522.00,paid,search,mac,山东省,青岛市,member
O001569,U000564,2026-05-23 13:18:00,906.00,paid,wechat,ios,北京市,北京市,regular
O001570,U000303,2026-05-23 20:06:00,58.00,paid,offline,android,北京市,北京市,member
O001571,U000613,2026-05-23 10:20:00,505.00,paid,wechat,windows,江苏省,南京市,regular
O001572,U000475,2026-05-23 22:52:00,230.00,paid,taobao,ios,福建省,厦门市,regular
O001573,U000437,2026-05-23 16:26:00,576.00,paid,search,windows,北京市,北京市,regular
O001574,U000449,2026-05-24 14:00:00,484.00,cancelled,wechat,android,上海市,上海市,regular
O001575,U000532,2026-05-24 19:30:00,149.00,paid,douyin,android,山东省,青岛市,regular
O001576,U000769,2026-05-24 16:32:00,70.00,paid,taobao,ios,广东省,深圳市,regular
O001577,U000895,2026-05-24 14:13:00,387.00,paid,douyin,windows,江苏省,南京市,new
O001578,U000659,2026-05-24 19:49:00,414.00,paid,search,mac,浙江省,杭州市,regular
O001579,U000687,2026-05-24 22:11:00,295.00,paid,offline,android,北京市,北京市,regular
O001580,U000513,2026-05-24 14:03:00,478.00,paid,offline,windows,四川省,成都市,regular
O001581,U000038,2026-05-24 22:58:00,1437.00,paid,offline,windows,四川省,成都市,high_value
O001582,U000806,2026-05-24 17:54:00,89.00,paid,douyin,android,河南省,郑州市,regular
O001583,U000208,2026-05-24 20:11:00,861.00,paid,douyin,ios,山东省,青岛市,member
O001584,U000218,2026-05-24 15:41:00,685.00,paid,wechat,android,湖北省,武汉市,member
O001585,U000060,2026-05-25 09:09:00,213.00,paid,wechat,android,上海市,上海市,high_value
O001586,U000600,2026-05-25 15:28:00,532.00,paid,wechat,mac,上海市,上海市,regular
O001587,U000828,2026-05-25 08:05:00,73.00,paid,taobao,android,浙江省,杭州市,new
O001588,U000495,2026-05-25 10:03:00,864.00,paid,taobao,android,北京市,北京市,regular
O001589,U000393,2026-05-25 17:03:00,194.00,paid,jd,mac,湖北省,武汉市,member
O001590,U000619,2026-05-25 08:55:00,557.00,completed,search,mac,上海市,上海市,regular
O001591,U000847,2026-05-25 16:05:00,692.00,paid,douyin,android,浙江省,杭州市,new
O001592,U000195,2026-05-25 13:46:00,797.00,paid,search,android,四川省,成都市,member
O001593,U000556,2026-05-25 22:49:00,991.00,paid,offline,android,广东省,深圳市,regular
O001594,U000666,2026-05-25 19:56:00,1376.00,paid,wechat,ios,浙江省,杭州市,regular
O001595,U000507,2026-05-25 22:59:00,55.00,paid,jd,windows,广东省,深圳市,regular
O001596,U000070,2026-05-26 08:40:00,264.00,paid,jd,ios,广东省,深圳市,high_value
O001597,U000600,2026-05-26 19:19:00,2019.00,paid,taobao,mac,上海市,上海市,regular
O001598,U000566,2026-05-26 11:05:00,340.00,paid,offline,android,福建省,厦门市,regular
O001599,U000239,2026-05-26 18:13:00,526.00,paid,offline,windows,山东省,青岛市,member
O001600,U000087,2026-05-26 12:50:00,360.00,paid,taobao,windows,福建省,厦门市,high_value
O001601,U000377,2026-05-26 19:22:00,147.00,paid,wechat,windows,四川省,成都市,member
O001602,U000869,2026-05-26 18:34:00,394.00,cancelled,search,windows,四川省,成都市,new
O001603,U000640,2026-05-26 10:30:00,932.00,paid,search,android,浙江省,杭州市,regular
O001604,U000715,2026-05-26 13:08:00,604.00,completed,jd,windows,湖北省,武汉市,regular
O001605,U000593,2026-05-26 20:04:00,1356.00,paid,search,mac,湖北省,武汉市,regular
O001606,U000624,2026-05-26 11:52:00,848.00,completed,wechat,mac,湖北省,武汉市,regular
O001607,U000152,2026-05-27 18:11:00,1364.00,paid,wechat,mac,湖北省,武汉市,member
O001608,U000859,2026-05-27 20:22:00,168.00,cancelled,jd,ios,广东省,深圳市,new
O001609,U000048,2026-05-27 08:00:00,171.00,paid,douyin,ios,河南省,郑州市,high_value
O001610,U000805,2026-05-27 08:22:00,646.00,paid,jd,mac,浙江省,杭州市,regular
O001611,U000809,2026-05-27 22:11:00,563.00,completed,taobao,ios,福建省,厦门市,regular
O001612,U000346,2026-05-27 20:03:00,1906.00,paid,wechat,windows,山东省,青岛市,member
O001613,U000806,2026-05-27 10:23:00,395.00,paid,offline,android,河南省,郑州市,regular
O001614,U000284,2026-05-27 10:55:00,307.00,cancelled,offline,android,山东省,青岛市,member
O001615,U000152,2026-05-27 19:39:00,617.00,completed,wechat,mac,湖北省,武汉市,member
O001616,U000771,2026-05-27 23:23:00,236.00,paid,taobao,ios,四川省,成都市,regular
O001617,U000648,2026-05-27 21:01:00,368.00,paid,jd,mac,湖北省,武汉市,regular
O001618,U000001,2026-05-28 08:57:00,130.00,completed,wechat,mac,北京市,北京市,high_value
O001619,U000392,2026-05-28 19:03:00,220.00,paid,douyin,mac,河南省,郑州市,member
O001620,U000830,2026-05-28 08:55:00,1576.00,completed,jd,windows,浙江省,杭州市,new
O001621,U000378,2026-05-28 22:34:00,350.00,paid,taobao,ios,浙江省,杭州市,member
O001622,U000361,2026-05-28 19:20:00,279.00,paid,taobao,windows,北京市,北京市,member
O001623,U000721,2026-05-28 23:23:00,705.00,paid,offline,android,四川省,成都市,regular
O001624,U000428,2026-05-28 18:20:00,941.00,paid,douyin,mac,浙江省,杭州市,regular
O001625,U000338,2026-05-28 17:42:00,147.00,paid,offline,android,上海市,上海市,member
O001626,U000630,2026-05-28 08:36:00,911.00,cancelled,douyin,windows,湖北省,武汉市,regular
O001627,U000182,2026-05-28 08:09:00,949.00,completed,douyin,android,河南省,郑州市,member
O001628,U000375,2026-05-28 12:05:00,448.00,completed,offline,ios,浙江省,杭州市,member
O001629,U000542,2026-05-29 12:39:00,315.00,paid,taobao,android,河南省,郑州市,regular
O001630,U000140,2026-05-29 19:00:00,1386.00,paid,search,ios,广东省,深圳市,member
O001631,U000395,2026-05-29 09:49:00,472.00,paid,douyin,windows,上海市,上海市,member
O001632,U000525,2026-05-29 11:38:00,742.00,paid,douyin,mac,广东省,深圳市,regular
O001633,U000298,2026-05-29 11:19:00,621.00,paid,jd,ios,江苏省,南京市,member
O001634,U000705,2026-05-29 09:46:00,860.00,paid,taobao,android,北京市,北京市,regular
O001635,U000136,2026-05-29 11:06:00,233.00,paid,douyin,windows,湖北省,武汉市,member
O001636,U000266,2026-05-29 11:05:00,2022.00,paid,taobao,windows,湖北省,武汉市,member
O001637,U000481,2026-05-29 13:24:00,198.00,paid,taobao,android,江苏省,南京市,regular
O001638,U000608,2026-05-29 17:58:00,680.00,paid,offline,android,河南省,郑州市,regular
O001639,U000642,2026-05-29 18:43:00,483.00,completed,taobao,android,河南省,郑州市,regular
O001640,U000108,2026-05-30 09:00:00,314.00,paid,search,mac,福建省,厦门市,high_value
O001641,U000805,2026-05-30 16:03:00,437.00,paid,wechat,mac,浙江省,杭州市,regular
O001642,U000429,2026-05-30 19:35:00,252.00,paid,taobao,mac,四川省,成都市,regular
O001643,U000839,2026-05-30 22:58:00,481.00,paid,douyin,ios,福建省,厦门市,new
O001644,U000429,2026-05-30 09:25:00,906.00,paid,offline,mac,四川省,成都市,regular
O001645,U000560,2026-05-30 10:18:00,481.00,paid,search,ios,山东省,青岛市,regular
O001646,U000229,2026-05-30 11:16:00,676.00,paid,douyin,ios,江苏省,南京市,member
O001647,U000118,2026-05-30 22:56:00,408.00,paid,taobao,ios,广东省,深圳市,high_value
O001648,U000666,2026-05-30 18:23:00,128.00,paid,jd,ios,浙江省,杭州市,regular
O001649,U000834,2026-05-30 14:49:00,384.00,paid,wechat,mac,山东省,青岛市,new
O001650,U000728,2026-05-30 23:15:00,588.00,paid,offline,windows,浙江省,杭州市,regular
O001651,U000042,2026-05-31 23:46:00,110.00,paid,douyin,ios,湖北省,武汉市,high_value
O001652,U000256,2026-05-31 09:38:00,999.00,paid,search,android,湖北省,武汉市,member
O001653,U000585,2026-05-31 20:07:00,297.00,paid,jd,android,山东省,青岛市,regular
O001654,U000758,2026-05-31 19:49:00,415.00,paid,taobao,ios,四川省,成都市,regular
O001655,U000850,2026-05-31 23:12:00,2078.00,paid,offline,windows,湖北省,武汉市,new
O001656,U000584,2026-05-31 08:24:00,456.00,paid,douyin,ios,江苏省,南京市,regular
O001657,U000264,2026-05-31 15:31:00,810.00,cancelled,search,mac,江苏省,南京市,member
O001658,U000744,2026-05-31 18:53:00,525.00,paid,douyin,windows,浙江省,杭州市,regular
O001659,U000585,2026-05-31 10:26:00,614.00,paid,wechat,android,山东省,青岛市,regular
O001660,U000256,2026-05-31 10:00:00,249.00,paid,offline,android,湖北省,武汉市,member
O001661,U000456,2026-05-31 11:32:00,771.00,paid,offline,ios,北京市,北京市,regular
O001662,U000189,2026-06-01 17:01:00,826.00,paid,offline,windows,上海市,上海市,member
O001663,U000451,2026-06-01 11:52:00,473.00,paid,douyin,mac,湖北省,武汉市,regular
O001664,U000480,2026-06-01 21:30:00,1090.00,paid,jd,windows,福建省,厦门市,regular
O001665,U000744,2026-06-01 18:19:00,897.00,paid,douyin,windows,浙江省,杭州市,regular
O001666,U000189,2026-06-01 09:45:00,128.00,completed,offline,windows,上海市,上海市,member
O001667,U000231,2026-06-01 23:58:00,73.00,paid,search,android,福建省,厦门市,member
O001668,U000432,2026-06-01 12:40:00,136.00,paid,douyin,ios,河南省,郑州市,regular
O001669,U000601,2026-06-01 23:26:00,102.00,paid,douyin,ios,江苏省,南京市,regular
O001670,U000518,2026-06-01 22:09:00,778.00,paid,jd,ios,上海市,上海市,regular
O001671,U000211,2026-06-01 17:45:00,492.00,completed,jd,windows,江苏省,南京市,member
O001672,U000580,2026-06-01 22:13:00,475.00,paid,wechat,ios,广东省,深圳市,regular
O001673,U000478,2026-06-02 17:30:00,1032.00,paid,wechat,android,北京市,北京市,regular
O001674,U000899,2026-06-02 18:13:00,520.00,paid,douyin,windows,北京市,北京市,new
O001675,U000805,2026-06-02 10:02:00,309.00,paid,offline,mac,浙江省,杭州市,regular
O001676,U000401,2026-06-02 12:23:00,69.00,paid,search,android,浙江省,杭州市,member
O001677,U000857,2026-06-02 22:06:00,1510.00,completed,search,ios,山东省,青岛市,new
O001678,U000113,2026-06-02 13:32:00,497.00,paid,douyin,windows,江苏省,南京市,high_value
O001679,U000647,2026-06-02 10:12:00,458.00,paid,douyin,android,北京市,北京市,regular
O001680,U000672,2026-06-02 08:30:00,231.00,cancelled,search,windows,上海市,上海市,regular
O001681,U000800,2026-06-02 23:21:00,248.00,paid,taobao,android,上海市,上海市,regular
O001682,U000288,2026-06-02 10:17:00,194.00,completed,search,windows,湖北省,武汉市,member
O001683,U000150,2026-06-02 12:20:00,335.00,paid,jd,windows,江苏省,南京市,member
O001684,U000862,2026-06-03 20:11:00,394.00,paid,search,windows,北京市,北京市,new
O001685,U000277,2026-06-03 09:31:00,2162.00,paid,search,ios,福建省,厦门市,member
O001686,U000440,2026-06-03 08:40:00,287.00,completed,douyin,android,河南省,郑州市,regular
O001687,U000498,2026-06-03 20:11:00,53.00,paid,taobao,windows,山东省,青岛市,regular
O001688,U000892,2026-06-03 10:28:00,446.00,paid,douyin,windows,广东省,深圳市,new
O001689,U000520,2026-06-03 17:43:00,558.00,paid,taobao,windows,山东省,青岛市,regular
O001690,U000871,2026-06-03 08:22:00,604.00,paid,search,windows,广东省,深圳市,new
O001691,U000842,2026-06-03 22:39:00,911.00,paid,search,windows,广东省,深圳市,new
O001692,U000466,2026-06-03 10:49:00,654.00,paid,wechat,mac,河南省,郑州市,regular
O001693,U000777,2026-06-03 16:26:00,723.00,paid,search,ios,浙江省,杭州市,regular
O001694,U000327,2026-06-03 15:14:00,530.00,paid,jd,mac,北京市,北京市,member
O001695,U000496,2026-06-04 17:04:00,765.00,paid,jd,mac,湖北省,武汉市,regular
O001696,U000750,2026-06-04 11:31:00,42.00,paid,wechat,windows,福建省,厦门市,regular
O001697,U000529,2026-06-04 16:39:00,376.00,cancelled,offline,android,北京市,北京市,regular
O001698,U000336,2026-06-04 17:44:00,985.00,completed,offline,mac,山东省,青岛市,member
O001699,U000598,2026-06-04 13:48:00,249.00,paid,taobao,windows,福建省,厦门市,regular
O001700,U000587,2026-06-04 08:39:00,996.00,completed,wechat,ios,湖北省,武汉市,regular
O001701,U000167,2026-06-04 14:52:00,1067.00,completed,wechat,mac,广东省,深圳市,member
O001702,U000520,2026-06-04 10:21:00,109.00,paid,douyin,windows,山东省,青岛市,regular
O001703,U000838,2026-06-04 21:34:00,162.00,paid,jd,mac,浙江省,杭州市,new
O001704,U000171,2026-06-04 20:54:00,790.00,paid,douyin,mac,四川省,成都市,member
O001705,U000734,2026-06-04 15:56:00,640.00,paid,wechat,mac,江苏省,南京市,regular
O001706,U000017,2026-06-05 14:19:00,925.00,paid,offline,mac,河南省,郑州市,high_value
O001707,U000478,2026-06-05 15:01:00,828.00,paid,taobao,android,北京市,北京市,regular
O001708,U000106,2026-06-05 11:21:00,569.00,paid,search,android,广东省,深圳市,high_value
O001709,U000800,2026-06-05 11:29:00,1053.00,completed,jd,android,上海市,上海市,regular
O001710,U000466,2026-06-05 18:18:00,1435.00,paid,wechat,mac,河南省,郑州市,regular
O001711,U000170,2026-06-05 14:14:00,969.00,paid,search,android,山东省,青岛市,member
O001712,U000039,2026-06-05 20:58:00,504.00,completed,jd,mac,福建省,厦门市,high_value
O001713,U000659,2026-06-05 15:49:00,153.00,paid,search,mac,浙江省,杭州市,regular
O001714,U000652,2026-06-05 15:03:00,474.00,paid,jd,mac,河南省,郑州市,regular
O001715,U000792,2026-06-05 14:46:00,108.00,paid,search,android,山东省,青岛市,regular
O001716,U000661,2026-06-05 08:33:00,565.00,paid,search,windows,福建省,厦门市,regular
O001717,U000442,2026-06-06 14:37:00,179.00,paid,taobao,ios,湖北省,武汉市,regular
O001718,U000263,2026-06-06 18:09:00,646.00,cancelled,offline,mac,山东省,青岛市,member
O001719,U000821,2026-06-06 22:58:00,151.00,paid,jd,ios,山东省,青岛市,new
O001720,U000206,2026-06-06 13:49:00,330.00,paid,wechat,mac,江苏省,南京市,member
O001721,U000687,2026-06-06 18:20:00,421.00,paid,douyin,android,北京市,北京市,regular
O001722,U000537,2026-06-06 14:19:00,1990.00,paid,offline,android,山东省,青岛市,regular
O001723,U000027,2026-06-06 12:50:00,944.00,paid,jd,mac,浙江省,杭州市,high_value
O001724,U000110,2026-06-06 11:01:00,229.00,paid,offline,mac,福建省,厦门市,high_value
O001725,U000393,2026-06-06 14:53:00,403.00,paid,offline,mac,湖北省,武汉市,member
O001726,U000538,2026-06-06 21:13:00,438.00,completed,wechat,android,山东省,青岛市,regular
O001727,U000558,2026-06-06 08:54:00,208.00,paid,offline,android,湖北省,武汉市,regular
O001728,U000007,2026-06-07 13:40:00,590.00,completed,offline,ios,江苏省,南京市,high_value
O001729,U000489,2026-06-07 22:11:00,859.00,paid,wechat,mac,浙江省,杭州市,regular
O001730,U000898,2026-06-07 18:50:00,171.00,paid,search,ios,山东省,青岛市,new
O001731,U000120,2026-06-07 19:35:00,932.00,paid,wechat,windows,广东省,深圳市,high_value
O001732,U000413,2026-06-07 15:24:00,984.00,paid,jd,mac,四川省,成都市,member
O001733,U000539,2026-06-07 18:53:00,368.00,paid,taobao,ios,北京市,北京市,regular
O001734,U000344,2026-06-07 16:13:00,372.00,paid,jd,windows,湖北省,武汉市,member
O001735,U000464,2026-06-07 20:16:00,645.00,paid,jd,android,浙江省,杭州市,regular
O001736,U000639,2026-06-07 16:03:00,773.00,paid,wechat,ios,上海市,上海市,regular
O001737,U000666,2026-06-07 12:23:00,847.00,completed,douyin,ios,浙江省,杭州市,regular
O001738,U000334,2026-06-07 19:34:00,704.00,completed,offline,windows,福建省,厦门市,member
O001739,U000612,2026-06-08 11:31:00,270.00,completed,jd,windows,四川省,成都市,regular
O001740,U000271,2026-06-08 11:47:00,498.00,paid,wechat,android,河南省,郑州市,member
O001741,U000451,2026-06-08 18:26:00,39.00,paid,search,mac,湖北省,武汉市,regular
O001742,U000126,2026-06-08 13:07:00,541.00,completed,search,android,浙江省,杭州市,member
O001743,U000384,2026-06-08 10:16:00,214.00,paid,offline,ios,河南省,郑州市,member
O001744,U000260,2026-06-08 15:40:00,1506.00,paid,wechat,android,上海市,上海市,member
O001745,U000067,2026-06-08 17:10:00,83.00,paid,douyin,mac,江苏省,南京市,high_value
O001746,U000002,2026-06-08 15:44:00,577.00,paid,jd,android,浙江省,杭州市,high_value
O001747,U000246,2026-06-08 12:43:00,468.00,paid,offline,ios,福建省,厦门市,member
O001748,U000350,2026-06-08 17:33:00,97.00,completed,search,windows,福建省,厦门市,member
O001749,U000266,2026-06-08 23:49:00,207.00,paid,douyin,windows,湖北省,武汉市,member
O001750,U000128,2026-06-09 12:50:00,771.00,paid,jd,ios,江苏省,南京市,member
O001751,U000084,2026-06-09 09:06:00,429.00,completed,jd,windows,河南省,郑州市,high_value
O001752,U000748,2026-06-09 20:22:00,841.00,paid,search,windows,江苏省,南京市,regular
O001753,U000526,2026-06-09 17:18:00,150.00,paid,douyin,android,浙江省,杭州市,regular
O001754,U000506,2026-06-09 21:48:00,216.00,paid,douyin,android,湖北省,武汉市,regular
O001755,U000049,2026-06-09 20:52:00,911.00,paid,douyin,windows,北京市,北京市,high_value
O001756,U000126,2026-06-09 10:37:00,386.00,completed,search,android,浙江省,杭州市,member
O001757,U000889,2026-06-09 10:53:00,1228.00,paid,offline,android,广东省,深圳市,new
O001758,U000430,2026-06-09 17:36:00,240.00,completed,wechat,ios,福建省,厦门市,regular
O001759,U000661,2026-06-09 18:54:00,200.00,paid,douyin,windows,福建省,厦门市,regular
O001760,U000572,2026-06-09 20:43:00,1060.00,paid,jd,ios,四川省,成都市,regular
O001761,U000791,2026-06-10 16:09:00,67.00,paid,jd,windows,上海市,上海市,regular
O001762,U000494,2026-06-10 10:31:00,386.00,paid,taobao,android,广东省,深圳市,regular
O001763,U000445,2026-06-10 22:31:00,211.00,paid,wechat,mac,福建省,厦门市,regular
O001764,U000124,2026-06-10 18:42:00,774.00,paid,offline,ios,福建省,厦门市,member
O001765,U000326,2026-06-10 21:48:00,782.00,completed,offline,windows,河南省,郑州市,member
O001766,U000781,2026-06-10 23:49:00,785.00,paid,douyin,android,广东省,深圳市,regular
O001767,U000431,2026-06-10 22:15:00,288.00,paid,douyin,ios,山东省,青岛市,regular
O001768,U000177,2026-06-10 18:22:00,561.00,cancelled,search,mac,北京市,北京市,member
O001769,U000679,2026-06-10 14:51:00,106.00,paid,taobao,windows,山东省,青岛市,regular
O001770,U000554,2026-06-10 14:19:00,270.00,paid,wechat,mac,四川省,成都市,regular
O001771,U000236,2026-06-10 19:16:00,636.00,paid,taobao,ios,湖北省,武汉市,member
O001772,U000530,2026-06-11 13:51:00,644.00,paid,search,ios,江苏省,南京市,regular
O001773,U000632,2026-06-11 20:12:00,971.00,completed,offline,android,广东省,深圳市,regular
O001774,U000201,2026-06-11 18:15:00,67.00,paid,douyin,mac,上海市,上海市,member
O001775,U000355,2026-06-11 18:24:00,559.00,completed,search,windows,浙江省,杭州市,member
O001776,U000737,2026-06-11 11:30:00,515.00,paid,douyin,ios,上海市,上海市,regular
O001777,U000310,2026-06-11 09:00:00,73.00,paid,jd,mac,江苏省,南京市,member
O001778,U000694,2026-06-11 11:38:00,610.00,cancelled,search,ios,浙江省,杭州市,regular
O001779,U000126,2026-06-11 18:59:00,520.00,paid,jd,android,浙江省,杭州市,member
O001780,U000539,2026-06-11 08:55:00,1627.00,paid,douyin,ios,北京市,北京市,regular
O001781,U000381,2026-06-11 18:11:00,106.00,paid,search,windows,广东省,深圳市,member
O001782,U000768,2026-06-11 21:44:00,1342.00,completed,offline,ios,河南省,郑州市,regular
O001783,U000633,2026-06-12 08:03:00,171.00,paid,offline,ios,山东省,青岛市,regular
O001784,U000804,2026-06-12 20:19:00,248.00,paid,taobao,mac,上海市,上海市,regular
O001785,U000835,2026-06-12 17:07:00,391.00,paid,jd,ios,四川省,成都市,new
O001786,U000067,2026-06-12 19:16:00,514.00,paid,wechat,mac,江苏省,南京市,high_value
O001787,U000455,2026-06-12 23:48:00,363.00,completed,search,android,湖北省,武汉市,regular
O001788,U000692,2026-06-12 10:13:00,183.00,completed,taobao,android,河南省,郑州市,regular
O001789,U000337,2026-06-12 20:05:00,892.00,paid,offline,mac,福建省,厦门市,member
O001790,U000571,2026-06-12 20:06:00,582.00,paid,douyin,mac,浙江省,杭州市,regular
O001791,U000699,2026-06-12 10:42:00,1229.00,paid,jd,android,北京市,北京市,regular
O001792,U000578,2026-06-12 14:31:00,606.00,paid,search,windows,浙江省,杭州市,regular
O001793,U000711,2026-06-12 20:46:00,472.00,paid,taobao,windows,上海市,上海市,regular
O001794,U000452,2026-06-13 15:03:00,604.00,completed,search,mac,江苏省,南京市,regular
O001795,U000197,2026-06-13 09:22:00,388.00,completed,jd,mac,上海市,上海市,member
O001796,U000361,2026-06-13 13:21:00,296.00,paid,douyin,windows,北京市,北京市,member
O001797,U000024,2026-06-13 15:43:00,164.00,paid,search,ios,湖北省,武汉市,high_value
O001798,U000641,2026-06-13 19:19:00,1823.00,paid,jd,windows,浙江省,杭州市,regular
O001799,U000040,2026-06-13 22:14:00,446.00,completed,taobao,windows,北京市,北京市,high_value
O001800,U000604,2026-06-13 10:54:00,924.00,cancelled,jd,android,福建省,厦门市,regular
O001801,U000883,2026-06-13 09:34:00,745.00,paid,wechat,ios,湖北省,武汉市,new
O001802,U000769,2026-06-13 16:46:00,272.00,paid,jd,ios,广东省,深圳市,regular
O001803,U000613,2026-06-13 21:49:00,1163.00,paid,wechat,windows,江苏省,南京市,regular
O001804,U000629,2026-06-13 22:32:00,1432.00,paid,wechat,android,山东省,青岛市,regular
O001805,U000216,2026-06-14 22:23:00,347.00,paid,search,ios,山东省,青岛市,member
O001806,U000616,2026-06-14 18:39:00,2653.00,paid,wechat,windows,广东省,深圳市,regular
O001807,U000207,2026-06-14 09:23:00,209.00,paid,jd,mac,四川省,成都市,member
O001808,U000300,2026-06-14 20:03:00,41.00,paid,offline,android,湖北省,武汉市,member
O001809,U000204,2026-06-14 16:31:00,604.00,completed,search,ios,湖北省,武汉市,member
O001810,U000589,2026-06-14 13:48:00,182.00,paid,search,windows,河南省,郑州市,regular
O001811,U000725,2026-06-14 22:49:00,516.00,paid,wechat,ios,山东省,青岛市,regular
O001812,U000123,2026-06-14 19:06:00,845.00,paid,taobao,ios,浙江省,杭州市,member
O001813,U000845,2026-06-14 23:25:00,1242.00,completed,search,mac,上海市,上海市,new
O001814,U000874,2026-06-14 10:33:00,89.00,completed,jd,windows,上海市,上海市,new
O001815,U000753,2026-06-14 16:09:00,724.00,paid,taobao,android,上海市,上海市,regular
O001816,U000629,2026-06-15 15:18:00,462.00,paid,jd,android,山东省,青岛市,regular
O001817,U000310,2026-06-15 20:07:00,1328.00,completed,jd,mac,江苏省,南京市,member
O001818,U000498,2026-06-15 12:06:00,400.00,paid,offline,windows,山东省,青岛市,regular
O001819,U000024,2026-06-15 11:27:00,433.00,paid,douyin,ios,湖北省,武汉市,high_value
O001820,U000078,2026-06-15 18:11:00,324.00,paid,offline,mac,湖北省,武汉市,high_value
O001821,U000811,2026-06-15 17:18:00,619.00,paid,wechat,mac,四川省,成都市,regular
O001822,U000767,2026-06-15 14:41:00,431.00,paid,search,windows,湖北省,武汉市,regular
O001823,U000578,2026-06-15 12:14:00,559.00,paid,douyin,windows,浙江省,杭州市,regular
O001824,U000581,2026-06-15 21:45:00,441.00,paid,offline,windows,上海市,上海市,regular
O001825,U000318,2026-06-15 16:37:00,1056.00,completed,douyin,windows,四川省,成都市,member
O001826,U000308,2026-06-15 18:38:00,385.00,completed,search,mac,北京市,北京市,member
O001827,U000349,2026-06-16 13:43:00,152.00,paid,douyin,ios,浙江省,杭州市,member
O001828,U000588,2026-06-16 15:42:00,153.00,paid,jd,android,上海市,上海市,regular
O001829,U000293,2026-06-16 13:31:00,552.00,paid,taobao,android,广东省,深圳市,member
O001830,U000213,2026-06-16 23:30:00,275.00,completed,offline,ios,浙江省,杭州市,member
O001831,U000511,2026-06-16 17:31:00,664.00,completed,search,ios,江苏省,南京市,regular
O001832,U000879,2026-06-16 19:21:00,699.00,paid,search,android,广东省,深圳市,new
O001833,U000876,2026-06-16 23:12:00,85.00,paid,wechat,android,山东省,青岛市,new
O001834,U000129,2026-06-16 10:20:00,632.00,paid,offline,android,河南省,郑州市,member
O001835,U000069,2026-06-16 18:22:00,262.00,completed,search,android,河南省,郑州市,high_value
O001836,U000849,2026-06-16 15:20:00,240.00,completed,taobao,windows,四川省,成都市,new
O001837,U000374,2026-06-16 08:53:00,259.00,completed,offline,android,山东省,青岛市,member
O001838,U000239,2026-06-17 09:58:00,230.00,paid,taobao,windows,山东省,青岛市,member
O001839,U000456,2026-06-17 18:53:00,394.00,cancelled,search,ios,北京市,北京市,regular
O001840,U000858,2026-06-17 15:10:00,147.00,paid,taobao,android,上海市,上海市,new
O001841,U000329,2026-06-17 14:31:00,411.00,paid,search,ios,上海市,上海市,member
O001842,U000288,2026-06-17 08:39:00,570.00,paid,search,windows,湖北省,武汉市,member
O001843,U000341,2026-06-17 09:04:00,39.00,paid,search,ios,江苏省,南京市,member
O001844,U000155,2026-06-17 09:07:00,303.00,paid,taobao,windows,四川省,成都市,member
O001845,U000202,2026-06-17 12:29:00,1416.00,paid,taobao,mac,山东省,青岛市,member
O001846,U000654,2026-06-17 18:39:00,453.00,paid,offline,windows,上海市,上海市,regular
O001847,U000718,2026-06-17 12:17:00,158.00,completed,jd,mac,河南省,郑州市,regular
O001848,U000332,2026-06-17 21:00:00,130.00,completed,offline,windows,广东省,深圳市,member
O001849,U000768,2026-06-18 12:49:00,821.00,paid,taobao,ios,河南省,郑州市,regular
O001850,U000578,2026-06-18 21:19:00,686.00,completed,wechat,windows,浙江省,杭州市,regular
O001851,U000307,2026-06-18 11:27:00,443.00,paid,douyin,windows,四川省,成都市,member
O001852,U000550,2026-06-18 20:52:00,440.00,paid,jd,android,河南省,郑州市,regular
O001853,U000402,2026-06-18 12:43:00,324.00,completed,jd,mac,福建省,厦门市,member
O001854,U000435,2026-06-18 23:14:00,60.00,paid,douyin,android,河南省,郑州市,regular
O001855,U000583,2026-06-18 13:50:00,443.00,paid,jd,windows,江苏省,南京市,regular
O001856,U000480,2026-06-18 21:16:00,380.00,paid,jd,windows,福建省,厦门市,regular
O001857,U000843,2026-06-18 22:47:00,582.00,paid,jd,mac,福建省,厦门市,new
O001858,U000531,2026-06-18 15:46:00,712.00,paid,search,mac,广东省,深圳市,regular
O001859,U000797,2026-06-18 18:24:00,1754.00,completed,taobao,windows,山东省,青岛市,regular
O001860,U000096,2026-06-19 16:09:00,252.00,completed,douyin,mac,四川省,成都市,high_value
O001861,U000573,2026-06-19 16:06:00,827.00,paid,search,mac,北京市,北京市,regular
O001862,U000544,2026-06-19 13:45:00,842.00,completed,offline,ios,江苏省,南京市,regular
O001863,U000270,2026-06-19 11:48:00,221.00,cancelled,search,ios,山东省,青岛市,member
O001864,U000669,2026-06-19 21:57:00,69.00,completed,taobao,windows,北京市,北京市,regular
O001865,U000806,2026-06-19 09:20:00,138.00,paid,search,android,河南省,郑州市,regular
O001866,U000635,2026-06-19 20:04:00,215.00,paid,search,windows,湖北省,武汉市,regular
O001867,U000492,2026-06-19 21:11:00,351.00,paid,douyin,android,北京市,北京市,regular
O001868,U000722,2026-06-19 18:27:00,636.00,completed,offline,android,浙江省,杭州市,regular
O001869,U000675,2026-06-19 14:01:00,369.00,paid,wechat,windows,北京市,北京市,regular
O001870,U000311,2026-06-19 19:54:00,950.00,paid,offline,ios,上海市,上海市,member
O001871,U000871,2026-06-20 11:28:00,118.00,paid,taobao,windows,广东省,深圳市,new
O001872,U000779,2026-06-20 12:40:00,455.00,paid,offline,windows,上海市,上海市,regular
O001873,U000497,2026-06-20 22:45:00,369.00,cancelled,taobao,android,江苏省,南京市,regular
O001874,U000170,2026-06-20 18:00:00,76.00,paid,search,android,山东省,青岛市,member
O001875,U000158,2026-06-20 08:54:00,478.00,paid,offline,windows,四川省,成都市,member
O001876,U000313,2026-06-20 09:43:00,758.00,cancelled,offline,ios,上海市,上海市,member
O001877,U000233,2026-06-20 12:55:00,71.00,paid,search,mac,四川省,成都市,member
O001878,U000029,2026-06-20 14:07:00,588.00,completed,taobao,windows,四川省,成都市,high_value
O001879,U000045,2026-06-20 12:13:00,1136.00,completed,search,windows,福建省,厦门市,high_value
O001880,U000643,2026-06-20 11:09:00,1086.00,completed,search,mac,四川省,成都市,regular
O001881,U000588,2026-06-20 08:19:00,78.00,paid,jd,android,上海市,上海市,regular
O001882,U000256,2026-06-21 17:06:00,485.00,paid,offline,android,湖北省,武汉市,member
O001883,U000601,2026-06-21 15:53:00,302.00,paid,search,ios,江苏省,南京市,regular
O001884,U000242,2026-06-21 19:01:00,55.00,paid,taobao,ios,山东省,青岛市,member
O001885,U000165,2026-06-21 11:05:00,704.00,cancelled,wechat,ios,浙江省,杭州市,member
O001886,U000116,2026-06-21 12:39:00,196.00,completed,jd,windows,河南省,郑州市,high_value
O001887,U000567,2026-06-21 08:39:00,297.00,completed,wechat,mac,上海市,上海市,regular
O001888,U000207,2026-06-21 20:22:00,1091.00,completed,douyin,mac,四川省,成都市,member
O001889,U000838,2026-06-21 17:48:00,142.00,paid,jd,mac,浙江省,杭州市,new
O001890,U000379,2026-06-21 20:50:00,71.00,paid,search,mac,江苏省,南京市,member
O001891,U000324,2026-06-21 15:40:00,1107.00,paid,search,android,福建省,厦门市,member
O001892,U000389,2026-06-21 18:53:00,89.00,paid,search,ios,广东省,深圳市,member
O001893,U000696,2026-06-22 12:50:00,502.00,completed,jd,ios,江苏省,南京市,regular
O001894,U000118,2026-06-22 08:08:00,279.00,paid,jd,ios,广东省,深圳市,high_value
O001895,U000273,2026-06-22 14:16:00,251.00,paid,offline,android,湖北省,武汉市,member
O001896,U000385,2026-06-22 08:38:00,482.00,cancelled,offline,ios,北京市,北京市,member
O001897,U000226,2026-06-22 20:30:00,190.00,paid,wechat,mac,四川省,成都市,member
O001898,U000363,2026-06-22 11:14:00,528.00,paid,search,ios,山东省,青岛市,member
O001899,U000259,2026-06-22 23:11:00,1186.00,completed,taobao,android,上海市,上海市,member
O001900,U000122,2026-06-22 20:03:00,64.00,paid,douyin,mac,四川省,成都市,member
O001901,U000230,2026-06-22 09:41:00,146.00,paid,taobao,ios,山东省,青岛市,member
O001902,U000695,2026-06-22 08:33:00,704.00,paid,douyin,mac,山东省,青岛市,regular
O001903,U000418,2026-06-22 14:56:00,708.00,paid,taobao,android,山东省,青岛市,member
O001904,U000671,2026-06-23 19:24:00,1055.00,paid,search,ios,河南省,郑州市,regular
O001905,U000589,2026-06-23 18:26:00,1025.00,paid,search,windows,河南省,郑州市,regular
O001906,U000748,2026-06-23 18:39:00,170.00,paid,offline,windows,江苏省,南京市,regular
O001907,U000321,2026-06-23 22:16:00,665.00,paid,search,ios,四川省,成都市,member
O001908,U000467,2026-06-23 10:57:00,725.00,paid,jd,mac,湖北省,武汉市,regular
O001909,U000835,2026-06-23 22:33:00,629.00,paid,jd,ios,四川省,成都市,new
O001910,U000762,2026-06-23 12:43:00,53.00,paid,douyin,windows,湖北省,武汉市,regular
O001911,U000274,2026-06-23 10:34:00,1136.00,cancelled,search,android,广东省,深圳市,member
O001912,U000113,2026-06-23 20:49:00,474.00,completed,search,windows,江苏省,南京市,high_value
O001913,U000302,2026-06-23 22:12:00,396.00,paid,search,windows,浙江省,杭州市,member
O001914,U000820,2026-06-23 14:07:00,515.00,completed,jd,windows,上海市,上海市,regular
O001915,U000407,2026-06-24 14:54:00,243.00,paid,taobao,windows,广东省,深圳市,member
O001916,U000450,2026-06-24 14:32:00,2078.00,paid,wechat,windows,四川省,成都市,regular
O001917,U000018,2026-06-24 20:01:00,756.00,completed,offline,android,山东省,青岛市,high_value
O001918,U000837,2026-06-24 15:18:00,280.00,paid,douyin,android,上海市,上海市,new
O001919,U000222,2026-06-24 08:56:00,514.00,paid,taobao,android,福建省,厦门市,member
O001920,U000506,2026-06-24 17:57:00,598.00,paid,wechat,android,湖北省,武汉市,regular
O001921,U000362,2026-06-24 09:36:00,418.00,paid,taobao,ios,广东省,深圳市,member
O001922,U000262,2026-06-24 10:49:00,619.00,paid,taobao,mac,广东省,深圳市,member
O001923,U000726,2026-06-24 10:01:00,77.00,paid,wechat,windows,江苏省,南京市,regular
O001924,U000476,2026-06-24 10:48:00,715.00,paid,offline,windows,浙江省,杭州市,regular
O001925,U000492,2026-06-24 18:54:00,638.00,paid,douyin,android,北京市,北京市,regular
O001926,U000730,2026-06-25 22:28:00,746.00,paid,jd,android,四川省,成都市,regular
O001927,U000775,2026-06-25 20:03:00,681.00,paid,offline,mac,江苏省,南京市,regular
O001928,U000665,2026-06-25 11:49:00,332.00,paid,jd,mac,广东省,深圳市,regular
O001929,U000571,2026-06-25 13:35:00,533.00,cancelled,jd,mac,浙江省,杭州市,regular
O001930,U000110,2026-06-25 13:56:00,359.00,paid,search,mac,福建省,厦门市,high_value
O001931,U000124,2026-06-25 20:11:00,153.00,paid,search,ios,福建省,厦门市,member
O001932,U000872,2026-06-25 21:20:00,509.00,paid,offline,android,浙江省,杭州市,new
O001933,U000491,2026-06-25 19:25:00,971.00,paid,taobao,windows,浙江省,杭州市,regular
O001934,U000613,2026-06-25 09:02:00,683.00,paid,wechat,windows,江苏省,南京市,regular
O001935,U000636,2026-06-25 22:11:00,119.00,paid,search,ios,北京市,北京市,regular
O001936,U000010,2026-06-25 11:08:00,802.00,paid,offline,android,浙江省,杭州市,high_value
O001937,U000887,2026-06-26 10:00:00,688.00,paid,douyin,android,福建省,厦门市,new
O001938,U000521,2026-06-26 21:32:00,811.00,paid,search,mac,上海市,上海市,regular
O001939,U000190,2026-06-26 14:30:00,486.00,paid,douyin,android,河南省,郑州市,member
O001940,U000507,2026-06-26 12:39:00,265.00,paid,douyin,windows,广东省,深圳市,regular
O001941,U000617,2026-06-26 13:09:00,318.00,paid,search,ios,北京市,北京市,regular
O001942,U000730,2026-06-26 21:56:00,508.00,paid,douyin,android,四川省,成都市,regular
O001943,U000520,2026-06-26 11:55:00,1104.00,completed,jd,windows,山东省,青岛市,regular
O001944,U000723,2026-06-26 23:27:00,240.00,completed,taobao,mac,上海市,上海市,regular
O001945,U000353,2026-06-26 21:28:00,337.00,paid,douyin,windows,河南省,郑州市,member
O001946,U000892,2026-06-26 11:06:00,710.00,paid,taobao,windows,广东省,深圳市,new
O001947,U000112,2026-06-26 09:04:00,356.00,paid,douyin,ios,广东省,深圳市,high_value
O001948,U000183,2026-06-27 21:32:00,1320.00,completed,wechat,android,山东省,青岛市,member
O001949,U000613,2026-06-27 20:38:00,324.00,completed,taobao,windows,江苏省,南京市,regular
O001950,U000858,2026-06-27 14:47:00,201.00,paid,offline,android,上海市,上海市,new
O001951,U000688,2026-06-27 15:59:00,284.00,completed,jd,ios,福建省,厦门市,regular
O001952,U000025,2026-06-27 16:10:00,578.00,completed,douyin,mac,四川省,成都市,high_value
O001953,U000166,2026-06-27 23:01:00,670.00,paid,wechat,mac,北京市,北京市,member
O001954,U000754,2026-06-27 16:25:00,574.00,paid,search,mac,四川省,成都市,regular
O001955,U000665,2026-06-27 12:47:00,291.00,paid,wechat,mac,广东省,深圳市,regular
O001956,U000088,2026-06-27 23:43:00,73.00,paid,offline,mac,北京市,北京市,high_value
O001957,U000181,2026-06-27 22:44:00,433.00,paid,douyin,android,四川省,成都市,member
O001958,U000234,2026-06-27 23:32:00,227.00,paid,wechat,mac,河南省,郑州市,member
O001959,U000510,2026-06-28 10:11:00,167.00,paid,offline,ios,北京市,北京市,regular
O001960,U000733,2026-06-28 12:56:00,992.00,completed,taobao,mac,福建省,厦门市,regular
O001961,U000065,2026-06-28 14:44:00,312.00,completed,douyin,windows,北京市,北京市,high_value
O001962,U000458,2026-06-28 16:28:00,869.00,paid,search,android,湖北省,武汉市,regular
O001963,U000755,2026-06-28 11:03:00,60.00,paid,jd,windows,浙江省,杭州市,regular
O001964,U000637,2026-06-28 20:30:00,980.00,paid,taobao,windows,江苏省,南京市,regular
O001965,U000113,2026-06-28 18:55:00,117.00,paid,wechat,windows,江苏省,南京市,high_value
O001966,U000035,2026-06-28 12:16:00,147.00,paid,taobao,android,山东省,青岛市,high_value
O001967,U000810,2026-06-28 21:18:00,606.00,paid,taobao,ios,四川省,成都市,regular
O001968,U000633,2026-06-28 12:00:00,586.00,paid,douyin,ios,山东省,青岛市,regular
O001969,U000621,2026-06-28 23:31:00,387.00,paid,jd,android,上海市,上海市,regular
O001970,U000382,2026-06-29 12:35:00,96.00,completed,jd,mac,浙江省,杭州市,member
O001971,U000132,2026-06-29 11:00:00,468.00,paid,douyin,android,广东省,深圳市,member
O001972,U000011,2026-06-29 11:43:00,409.00,paid,wechat,mac,浙江省,杭州市,high_value
O001973,U000306,2026-06-29 20:27:00,1866.00,completed,taobao,ios,福建省,厦门市,member
O001974,U000491,2026-06-29 08:59:00,1164.00,cancelled,douyin,windows,浙江省,杭州市,regular
O001975,U000591,2026-06-29 23:54:00,1065.00,completed,douyin,android,上海市,上海市,regular
O001976,U000537,2026-06-29 08:51:00,2241.00,paid,douyin,android,山东省,青岛市,regular
O001977,U000543,2026-06-29 16:59:00,150.00,paid,wechat,windows,上海市,上海市,regular
O001978,U000260,2026-06-29 15:08:00,720.00,paid,taobao,android,上海市,上海市,member
O001979,U000312,2026-06-29 12:05:00,279.00,paid,douyin,android,湖北省,武汉市,member
O001980,U000390,2026-06-29 12:00:00,114.00,paid,taobao,android,上海市,上海市,member
O001981,U000891,2026-06-30 18:39:00,682.00,paid,jd,mac,北京市,北京市,new
O001982,U000407,2026-06-30 16:24:00,316.00,completed,search,windows,广东省,深圳市,member
O001983,U000286,2026-06-30 18:50:00,466.00,paid,jd,mac,山东省,青岛市,member
O001984,U000499,2026-06-30 17:50:00,785.00,completed,taobao,mac,河南省,郑州市,regular
O001985,U000316,2026-06-30 14:30:00,1964.00,paid,douyin,mac,河南省,郑州市,member
O001986,U000651,2026-06-30 22:32:00,404.00,paid,wechat,android,江苏省,南京市,regular
O001987,U000099,2026-06-30 09:08:00,90.00,cancelled,douyin,windows,上海市,上海市,high_value
O001988,U000841,2026-06-30 12:01:00,152.00,paid,taobao,android,江苏省,南京市,new
O001989,U000261,2026-06-30 23:48:00,79.00,paid,taobao,mac,浙江省,杭州市,member
O001990,U000694,2026-06-30 23:10:00,562.00,paid,taobao,ios,浙江省,杭州市,regular
O001991,U000442,2026-06-30 21:48:00,1186.00,paid,taobao,ios,湖北省,武汉市,regular
O001992,U000264,2026-07-01 17:25:00,227.00,paid,offline,mac,江苏省,南京市,member
O001993,U000551,2026-07-01 16:44:00,602.00,completed,wechat,android,湖北省,武汉市,regular
O001994,U000684,2026-07-01 13:34:00,149.00,paid,wechat,windows,浙江省,杭州市,regular
O001995,U000828,2026-07-01 16:26:00,439.00,paid,jd,android,浙江省,杭州市,new
O001996,U000705,2026-07-01 09:39:00,1272.00,completed,taobao,android,北京市,北京市,regular
O001997,U000892,2026-07-01 11:00:00,663.00,paid,taobao,windows,广东省,深圳市,new
O001998,U000428,2026-07-01 09:17:00,76.00,paid,wechat,mac,浙江省,杭州市,regular
O001999,U000538,2026-07-01 23:24:00,777.00,paid,offline,android,山东省,青岛市,regular
O002000,U000713,2026-07-01 14:10:00,769.00,paid,taobao,android,广东省,深圳市,regular
